<?xml version="1.0" encoding="UTF-8" standalone="yes"?>
<addon id="plugin.video.atraf" name="אטרף - מוזיקה מזרחית" version="1.0.1" provider-name="Abeksis">
  <requires>
    <import addon="xbmc.python" version="2.1.0"/>
    <import addon="script.module.addon.common" version="2.0.0"/>
    <import addon="plugin.video.youtube" version="5.0.0"/>
  </requires>
  <extension point="xbmc.python.pluginsource" library="default.py">
    <provides>audio</provides>
  </extension>
  <extension point="xbmc.addon.metadata">
    <summary lang="en">Vod Atraf</summary>
    <summary lang="he">אטרף VOD</summary>
    <description lang="en">Oriental music - Eyal Golan Shlomi Shabbat Lior Narkis, Ofer Levy, and a huge variety of singers ..</description>
    <description lang="he">מוזיקה מזרחית - אייל גולן, שלומי שבת, ליאור נרקיס, עופר לוי, ועוד מגוון עצום של זמרים..</description>
    <platform>all</platform>
    <forum>n/a</forum>
    <website>n/a</website>
  </extension>
</addon>