<?xml version="1.0" encoding="UTF-8" standalone="yes"?>
<addon id="plugin.video.mdluckytv" name="LUCKY-TV" version="1.0.0" provider-name="Mucky Duck">
  <requires>
    <import addon="xbmc.python" version="2.1.0"/>
	<import addon="script.module.addon.common" />
	<import addon="script.module.metahandler" version="2.5.1"/>
	<import addon="script.module.requests" />
	<import addon="repository.mdrepo" />
  </requires>
  <extension point="xbmc.python.pluginsource" library="default.py">
        <provides>video</provides>
  </extension>
  <extension point="xbmc.addon.metadata">
    <summary lang="en">Stream Free content From The Web</summary>
    <description lang="en">There are 700+ of the latest TV shows to watch for free. Please share lucktv.net with your family and friends. This Addon Will Delete Itself Unless You Have http://muckys.mediaportal4kodi.ml As A Source In File Manager.  Special Thanks Go Out To @McWaine For Spending The Time To Create The Icons For Each Individual Section.</description>
	<disclaimer lang="en">The author does not host or distribute any of the content displayed by this addon or have any affiliation with the website owners</disclaimer>
    <platform>all</platform>
  </extension>
</addon>
