<?xml version="1.0" encoding="UTF-8" standalone="yes"?>
<addon id="service.tvheadend42" name="Tvheadend 4.2" version="7.0.102"  provider-name="openelec.tv">
  <requires>
    <import addon="os.openelec.tv" version="7.0"/>
    <import addon="xbmc.python" version="2.1.0"/>

  </requires>
  <extension point="xbmc.service" library="default.py">
    <provides></provides>
  </extension>
  <extension point="xbmc.addon.metadata">
    <summary>Tvheadend: a TV streaming server for Linux</summary>
    <description>
Tvheadend(4.1.1945): is a TV streaming server for Linux supporting DVB-S/S2, DVB-C, DVB-T/T2, IPTV, SAT>IP, ATSC and ISDB-T
    </description>
    <disclaimer>

    </disclaimer>
    <platform>all</platform>
  </extension>
</addon>
