<?xml version="1.0" encoding="UTF-8" standalone="yes"?>
<addon id="plugin.program.jollyroger" name="Jolly Roger Cookbook" version="1.0.0" provider-name="MetalKettle">
  <requires>
    <import addon="xbmc.python" version="2.1.0"/>
  </requires>
  <extension point="xbmc.python.pluginsource" library="default.py">
        <provides>executable</provides>
  </extension>
  <extension point="xbmc.addon.metadata">
    <summary lang="en">Before you waste one entire second even considering mixing, creating, or otherwise implementing the instructions in these files, be aware that people have died from some of these very texts</summary>
    <description lang="en">Before you waste one entire second even considering mixing, creating, or otherwise implementing the instructions in these files, be aware that people have died from some of these very texts </description>
    <platform>all</platform>
  </extension>
</addon>
