<?xml version="1.0" encoding="utf-8"?>
<window>    
    <allowoverlay>no</allowoverlay>
    <coordinates>
        <system>1</system>
        <posx>0</posx>
        <posy>0</posy>
    </coordinates>
   <defaultcontrol always="true">59</defaultcontrol>

    <controls>
        <control type="image">
            <description>Background Image</description>
            <posx>0</posx>
            <posy>0</posy>
            <width>1280</width>
            <height>720</height>
            <texture>lb_background.jpg</texture>
            <fadetime>500</fadetime>
        </control> 
		
		<control type="image">
            <description>Floor Image</description>
            <posx>0</posx>
            <posy>620</posy>
            <width>1280</width>
            <height>100</height>
            <texture>lb_floor.png</texture>
            <fadetime>250</fadetime>
        </control> 
		
		<control type="group">
		    <posx>20</posx>
			<posy>40</posy> 
			<control type="image">
  				<description>Box Background Image</description>
				<posx>0</posx>
				<posy>0</posy>
				<width>1240</width>
				<height>610</height>
				<texture>lb_background.png</texture>
			 </control>
			 
			 <control type="image">
  				<description>Fanart Image</description>
				<posx>0</posx>
				<posy>88</posy>
				<width>1240</width>
				<height>520</height>
				<fadetime>500</fadetime>					
				<texture>$INFO[ListItem.Property(Fanart)]</texture>
			 </control>
			 			 
			 <control type="image">
				<description>Main Box</description>
				<posx>0</posx>
				<posy>0</posy>
				<width>1240</width>
				<height>610</height>
				<texture border="4">lb_box.png</texture>
			 </control>
			 
			 <control type="textbox">
					<description>Description Text</description>
					<posx>355</posx>
					<posy>5</posy>
					<width>880</width>
					<height>75</height>
					<textcolor>FFFFFFFF</textcolor>
					<font>font13</font>
					<wrapmultiline>true</wrapmultiline>
					<autoscroll time="1200" delay="2500" repeat="2500">true</autoscroll>    
					<label>$INFO[ListItem.Property(Description)]</label>
				</control>
				
				<control type="textbox">
					<description>Title Text</description>
					<posx>10</posx>
					<posy>620</posy>
					<width>1260</width>
					<height>75</height>
					<textcolor>FFFFFFFF</textcolor>
					<align>center</align>
					<font>font13</font>
					<wrapmultiline>true</wrapmultiline>
					<autoscroll time="1200" delay="2500" repeat="2500">true</autoscroll>    
					<label>$INFO[ListItem.Label]</label>
				</control>
			 
			 <control type="image">
     			<description>Upper Line</description>
				<posx>0</posx>
				<posy>87</posy>
				<width>1240</width>
				<height>3</height>
				<texture>lb_hLine.png</texture>
			 </control>	
			 
			 <control type="button" id="3010">
			<description>Video Mode</description>
			<posx>1</posx>
			<posy>0</posy>
			<width>89</width>
			<height>89</height>
			<texturenofocus border="4">video.png</texturenofocus>  
			<texturefocus border="4">video_fo.png</texturefocus> 
			<onleft>3040</onleft> 
			<onright>3020</onright> 
			<ondown>59</ondown> 
			<onup>59</onup> 
		 </control>
		 
		 <control type="button" id="3020">
			<description>Audio Mode</description>
			<posx>88</posx>
			<posy>0</posy>
			<width>89</width>
			<height>89</height>
			<texturenofocus border="4">audio.png</texturenofocus>  
			<texturefocus border="4">audio_fo.png</texturefocus>  
			<onleft>3010</onleft> 
			<onright>3030</onright> 
			<ondown>59</ondown> 
			<onup>59</onup> 
		 </control>
		 
		 <control type="button" id="3030">
			<description>Program Mode</description>
			<posx>175</posx>
			<posy>0</posy>
			<width>89</width>
			<height>89</height>
			<texturenofocus border="4">exec.png</texturenofocus>  
			<texturefocus border="4">exec_fo.png</texturefocus> 
			<onleft>3020</onleft> 
			<onright>3040</onright> 
			<ondown>59</ondown> 
			<onup>59</onup>  
		 </control>
		 
		 <control type="button" id="3040">
			<description>Picture Mode</description>
			<posx>262</posx>
			<posy>0</posy>
			<width>89</width>
			<height>89</height>
			<texturenofocus border="4">picture.png</texturenofocus>  
			<texturefocus border="4">picture_fo.png</texturefocus> 
			<onleft>3030</onleft> 
			<onright>3010</onright> 
			<ondown>59</ondown> 
			<onup>59</onup>  
		 </control>
		 
		 <control type="image" id="4100">
			<posx>1</posx>
			<posy>0</posy>
			<width>89</width>
			<height>89</height>
			<texture border="4">lb_whitebox.png</texture>
		</control> 
		<control type="image" id="4200">
			<posx>88</posx>
			<posy>00</posy>
			<width>89</width>
			<height>89</height>
			<texture border="4">lb_whitebox.png</texture>
		</control>    
		 <control type="image" id="4300">
			<posx>175</posx>
			<posy>0</posy>
			<width>89</width>
			<height>89</height>
			<texture border="4">lb_whitebox.png</texture>
		</control>
		<control type="image" id="4400">
			<posx>262</posx>
			<posy>0</posy>
			<width>89</width>
			<height>89</height>
			<texture border="4">lb_whitebox.png</texture>
		</control>
			 
			<control type="group">
				<description>MainList Group</description>
				<posx>15</posx>
				<posy>95</posy>
				
				<control type="image">
					<posx>0</posx>
					<posy>0</posy>
					<width>1210</width>
					<height>500</height>
					<texture border="20">lb_ContentPanel.png</texture>
					<visible>False</visible>
				</control>
				
				<control type="panel" id="59">
					<description>MainList</description>
					<posx>40</posx>
					<posy>10</posy>
					<width>1190</width>
					<height>480</height>
					<pagecontrol>159</pagecontrol>
					<onright>159</onright>
					<onup>3010</onup>
					<itemwidth>600</itemwidth>
					<scrolltime>200</scrolltime> 
	  
					<itemlayout width="160" height="160">
						<control type="image">
							<posx>2</posx>
							<posy>2</posy>
							<width>156</width>
							<height>156</height>
							<aspectratio>stretch</aspectratio>
							<texture fallback="missing.png" diffuse="poster_matte.png">$INFO[ListItem.Property(Thumb)]</texture>
						</control>
					</itemlayout>

					<focusedlayout width="160" height="160">               
						<control type="image">
							<posx>2</posx>
							<posy>2</posy>
							<width>156</width>
							<height>156</height>
							<aspectratio>stretch</aspectratio>
							<animation center="78,78" effect="zoom" end="140" time="200">Focus</animation>
							<texture fallback="missing.png" diffuse="poster_matte.png">$INFO[ListItem.Property(Thumb)]</texture>
						</control> 
					</focusedlayout>
				</control> <!-- id="59" -->
			
				<control type="scrollbar" id="159">
					<posx>1168</posx>
					<posy>5</posy>
					<width>25</width>
					<height>495</height>
					<texturesliderbackground border="0,14,0,14">lb_ScrollBarV.png</texturesliderbackground>
					<texturesliderbar border="0,14,0,14">lb_ScrollBarV_bar.png</texturesliderbar>
					<texturesliderbarfocus border="0,14,0,14">lb_ScrollBarV_bar_focus.png</texturesliderbarfocus>
					<textureslidernib>lb_ScrollBarNib.png</textureslidernib>
					<textureslidernibfocus>lb_ScrollBarNib.png</textureslidernibfocus>
					<onleft>59</onleft>
					<onright>3010</onright>                
					<showonepage>false</showonepage>
					<orientation>vertical</orientation>
				</control> 
			</control> <!-- MainList Group -->
		</control>
		
		<control type="button" id="3000">
			<description>Logo</description>
			<posx>0</posx>
			<posy>638</posy>
			<width>100</width>
			<height>80</height>
			<texturenofocus>icon.png</texturenofocus>
			<texturefocus>icon.png</texturefocus>				
		 </control>
		
		<control type="label">
			<description>footer</description>		
			<posx>5</posx>
			<posy>695</posy>
			<width>1270</width>
			<height>10</height>
			<font>font10</font>
			<textcolor>FFFFFFFF</textcolor>
			<aligny>center</aligny>
			<align>center</align>
			<label>$INFO[Window(10000).Property(LB_FOOTER)]</label>
		</control>
		
		<control type="label">
			<description>time label</description>
			<posx>20r</posx>
			<posy>5</posy>
			<width>200</width>
			<height>30</height>
			<align>right</align>
			<aligny>center</aligny>
			<font>font28_title</font>
			<textcolor>white</textcolor>
			<shadowcolor>black</shadowcolor>
			<label>$INFO[System.Time]</label>
		</control> 
    </controls>
</window>