﻿<?xml version="1.0" encoding="UTF-8" standalone="yes"?>
<addon id="metadata.themusicvideodb.org" name="The MusicVideoDB MQ" version="3.0.8" provider-name="Team XBMC / MarcosQui">
  <requires>
    <import addon="xbmc.metadata" version="1.0"/>
    <import addon="metadata.common.themoviedb.org" version="2.1.2"/>
    <import addon="metadata.common.imdb.com" version="2.1.9"/>
  </requires>
  <extension point="xbmc.metadata.scraper.musicvideos" language="en" library="tmvdb.xml"/>
  <extension point="xbmc.addon.metadata">
    <summary lang="en">TMVDB MQ MusicVideos Scraper</summary>
    <summary lang="pt">Scraper de Videos Musicais TMVDB MQ</summary>
    <description lang="en">themoviedb.org is a free and open media database. It's completely user driven by people like you. TMVDB is currently used by millions of people every month and with their powerful API, it is also used by many popular media centers like XBMC to retrieve Movie Metadata, Posters and Fanart to enrich the user's experience.</description>
    <description lang="pt">O themoviedb.org é uma base de dados de mídia livre e aberta. É completamente atualizado por pessoas como você e usado por milhões todos os meses. Com o poderoso motor de busca disponível se tornou o favorito de muitos softwares media center, como o popular XBMC, para obter informação, posters e fanart que enriquecem a experiência do usuário.</description>
    <platform>all</platform>
  </extension>
</addon>
