﻿<?xml version="1.0" encoding="UTF-8" standalone="yes"?>
<addon id="resource.images.skinbackgrounds.zigzag.he" name="Skin Backgrounds - ZigZag Design (Hebrew)" version="1.0.3" provider-name="Orna Post, Benny Buchnik">
	<extension point="kodi.resource.images" compile="false" type="skinbackgrounds" />
	<requires>
		<import addon="kodi.resource" version="1.0.0"/>
	</requires>
	<extension point="xbmc.addon.metadata">
		<summary lang="en">Skin Backgrounds Pack - ZigZag Design</summary>
		<description lang="en">Skin Backgrounds Pack - ZigZag Design</description>
		<summary lang="he">חבילת רקעים - סגנון זיגזג</summary>
		<description lang="he">חבילת רקעים - סגנון זיגזג</description>
		<platform>all</platform>
	</extension>
</addon>
