﻿<?xml version="1.0" encoding="UTF-8" standalone="yes"?>
<addon id="repository.GhostRider" name="..Ghost Rider Kodi Repository" version="1.0" provider-name="Ghost Rider">
  <extension point="xbmc.addon.repository" name="..Ghost Rider Kodi Repository">
    <info compressed="false">https://github.com/KodiGhostRider/GhostRiderRepo/raw/master/addons.xml</info>
    <checksum>https://github.com/KodiGhostRider/GhostRiderRepo/raw/master/addons.xml.md5</checksum>
    <datadir zip="true">https://github.com/KodiGhostRider/GhostRiderRepo/raw/master/repo/</datadir>
  </extension>
  <extension point="xbmc.addon.metadata">
    <summary>Ghost Rider Kodi Repository</summary>
    <description>Ghost Rider Kodi Repository</description>
    <platform>all</platform>
  </extension>
</addon>
