<?xml version="1.0" encoding="UTF-8" standalone="yes"?>
<addon id="plugin.program.tvos_themes" name="tvOS-X Hebrew themes " version="1.0.1" provider-name="senyor wizard">
  <requires>
    <import addon="xbmc.python" version="2.1.0"/>
  </requires>
  <extension point="xbmc.python.pluginsource" library="default.py">
        <provides>executable</provides>
  </extension>
  <extension point="xbmc.addon.metadata">
    <summary lang="en">tvOS-X Hebrew themes</summary>
    <description lang="en">tvOS-X Hebrew themes</description>
	<description lang="he">ערכות נושא המכילות אייקונים ורקעים לסקין tvOS-X Hebrew</description>
	<disclaimer lang="en">The author does not host or distribute any of the content displayed by this addon or have any affiliation with the website owners</disclaimer>
    <platform>all</platform>
  </extension>
</addon>
