<?xml version="1.0" encoding="UTF-8" standalone="yes"?>
<addon id="plugin.video.mdpubfilm" name="PubFilm" version="2.0.5" provider-name="Mucky Duck">
  <requires>
    <import addon="xbmc.python" version="2.1.0"/>
	<import addon="script.module.muckys.common"/>
	<import addon="script.module.metahandler"/>
	<import addon="repository.mdrepo" />
  </requires>
  <extension point="xbmc.python.pluginsource" library="default.py">
        <provides>video</provides>
  </extension>
  <extension point="xbmc.addon.metadata">
    <summary lang="en">Stream Movies And TV-Shows From pubfilm.com</summary>
    <description lang="en">This Addon Will Delete Itself Unless You Have http://muckys.mediaportal4kodi.ml In File Manager. Stream Movies And TV-Shows From pubfilm.com</description>
	<disclaimer lang="en">The author does not host or distribute any of the content displayed by this addon or have any affiliation with the website owners.</disclaimer>
    <platform>all</platform>
  </extension>
</addon>
