﻿<?xml version="1.0" encoding="UTF-8" standalone="yes"?>
<addon id="resource.images.skinbackgrounds.clear.he" name="Skin Backgrounds - Clear Design (Hebrew)" version="1.0.4" provider-name="Orna Post, Benny Buchnik">
	<extension point="kodi.resource.images" compile="false" type="skinbackgrounds" />
	<requires>
		<import addon="kodi.resource" version="1.0.0"/>
	</requires>
	<extension point="xbmc.addon.metadata">
		<summary lang="en">Skin backgrounds Pack - Clear Design</summary>
		<description lang="en">Skin backgrounds Pack - Clear Design</description>
		<summary lang="he">חבילת רקעים - סגנון נקי</summary>
		<description lang="he">חבילת רקעים - סגנון נקי</description>
		<platform>all</platform>
	</extension>
</addon>
