<?xml version="1.0" encoding="utf-8"?>
<window type="dialog">
    <allowoverlay>no</allowoverlay>
    <defaultcontrol always="true">7004</defaultcontrol>
    <coordinates>
        <system>1</system>
        <posx>0</posx>
        <posy>0</posy>
    </coordinates>

    <controls>

        <control type="image" id="7000">
            <posx>0</posx>
            <posy>100</posy>
            <width>258</width>
            <height>585</height>
            <texture>cat.png</texture>
            <visible>true</visible>
			<animation type="WindowOpen">
				<effect type="fade" start="0" end="100" time="500" tween="sine" easing="out"/>
				<effect type="slide" start="-200,0" end="0,0" time="300"/>
			</animation>
			<animation type="WindowClose">
				<effect type="fade" start="100" end="0" time="500" tween="sine" easing="out"/>
				<effect type="slide" start="0,0" end="-200,0" time="300"/>
			</animation>
		</control>
			
        <control type="button" id="7003">
            <description>quit</description>
            <posx>0</posx>
            <posy>0</posy>
            <width>1280</width>
            <height>720</height>
            <label></label>
            <font>font13</font>
            <aligny>center</aligny>
            <align>center</align>
            <textcolor></textcolor>
            <focusedcolor>blue</focusedcolor>
            <texturefocus>tvg-transparent.png</texturefocus>
            <texturenofocus>tvg-transparent.png</texturenofocus>
			<animation type="WindowOpen">
				<effect type="fade" start="0" end="100" time="500" tween="sine" easing="out"/>
				<effect type="slide" start="0,50" end="0,0" time="300"/>
			</animation>
			<animation type="WindowClose">
				<effect type="fade" start="100" end="0" time="500" tween="sine" easing="out"/>
				<effect type="slide" start="0,0" end="0,50" time="300"/>
			</animation>
		</control>

        <control type="list" id="7004">
            <description>categories</description>
            <left>20</left>
            <top>160</top>
            <width>220</width>
            <height>659</height>
            <visible>true</visible>
            <onup></onup>
            <ondown></ondown>
            <onleft></onleft>
            <onright></onright>
            <viewtype label="3D list">list</viewtype>
            <orientation>vertical</orientation>
			<animation type="WindowOpen">
				<effect type="fade" start="0" end="100" time="500" tween="sine" easing="out"/>
				<effect type="slide" start="-200,0" end="0,0" time="300"/>
			</animation>
			<animation type="WindowClose">
				<effect type="fade" start="100" end="0" time="500" tween="sine" easing="out"/>
				<effect type="slide" start="0,0" end="-500,0" time="300"/>
			</animation>
            <itemlayout width="160" height="30">
                <control type="image">
                    <posx>1</posx>
                    <posy>2</posy>
                    <width>165</width>
                    <height>30</height>
                    <texture>catnon.png</texture>
                    <visible>true</visible>
					
                </control>
                <control type="label">
                    <left>0</left>
                    <top>2</top>
                    <width>160</width>
                    <height>26</height>
                    <font>font13</font>
                    <align>center</align>
                    <aligny>center</aligny>
                    <textcolor>white</textcolor>
                    <selectedcolor>blue</selectedcolor>
                    <info>ListItem.Label</info>
                </control>
            </itemlayout>
            <focusedlayout width="160" height="30">
                <control type="image">
                    <posx>1</posx>
                    <posy>2</posy>
                    <width>165</width>
                    <height>30</height>
                    <texture>catf.png</texture>
                    <visible>true</visible>
                </control>
                <control type="label">
                    <left>0</left>
                    <top>2</top>
                    <width>160</width>
                    <height>26</height>
                    <font>font13</font>
                    <align>center</align>
                    <aligny>center</aligny>
                    <textcolor>black</textcolor>
                    <selectedcolor>yellow</selectedcolor>
                    <info>ListItem.Label</info>
                </control>
            </focusedlayout>
        </control>


    </controls>
</window>
