<?xml version="1.0" encoding="UTF-8"?>
<scraper framework="1.0" date="2010-05-26" >
	<CreateSearchUrl dest="3">
		<RegExp input="$$1" output="&lt;url post=&quot;yes&quot;&gt;http://www.sratim.co.il/browse.php?q=\1|User-Agent=Mozilla%2F4.0%20(compatible%3B%20MSIE%207.0%3B%20Windows%20NT%206.0)&lt;/url&gt;" dest="3">
			<expression noclean="1" />
		</RegExp>
	</CreateSearchUrl>
	<GetSearchResults dest="8">
		<RegExp input="$$5" output="&lt;?xml version=&quot;1.0&quot; encoding=&quot;iso-8859-1&quot; standalone=&quot;yes&quot;?&gt;&lt;results&gt;\1&lt;/results&gt;" dest="8">
			<RegExp input="$$1" output="&lt;entity&gt;&lt;title&gt;\2&lt;/title&gt;&lt;url&gt;http://www.sratim.co.il/view.php?id=\1|User-Agent=Mozilla%2F4.0%20(compatible%3B%20MSIE%207.0%3B%20Windows%20NT%206.0)&lt;/url&gt;&lt;/entity&gt;" dest="5">
				<expression repeat="yes" clear="yes" noclean="1">12px;"&gt;&lt;a href="view.php\?id=([0-9]*).*?" title="(.+?)"&gt;</expression>
			</RegExp>
			<expression clear="yes" noclean="1" />
		</RegExp>
	</GetSearchResults>
	<GetDetails dest="3">
		<RegExp input="$$5" output="&lt;details&gt;\1&lt;/details&gt;" dest="3">
			<!-- imdb ID -->
			<RegExp input="$$1" output="&lt;id&gt;\1&lt;/id&gt;" dest="5+">
				<expression clear="yes" noclean="1">(tt\d{1,10})</expression>
			</RegExp>
			<!-- Hebrew Title -->
			<RegExp input="$$1" output="&lt;title&gt;\1&lt;/title&gt;" dest="5+">
				<expression trim="1" noclean="1">&lt;h1 class="subtext_view".*?&gt;(.*?)&lt;</expression>
			</RegExp>
			<!-- Original Title -->
			<RegExp input="$$1" output="&lt;originaltitle&gt;\1&lt;/originaltitle&gt;" dest="5+">
				<expression trim="1" noclean="1">&lt;span class="Gray"&gt;In English:&lt;/span&gt;(.*?)&lt;</expression>
			</RegExp>
			<!-- Year -->
			<RegExp input="$$1" output="&lt;year&gt;\1&lt;/year&gt;" dest="5+">
				<expression trim="1">&amp;fy=(\d+)"</expression>
			</RegExp>
			<!-- Director -->
			<RegExp input="$$1" output="\1" dest="7">
				<expression noclean="1">בימוי:(.*?)&lt;/tr&gt;</expression>
			</RegExp>	
			<RegExp input="$$7" output="&lt;director&gt;\1&lt;/director&gt;" dest="5+">
					<expression noclean="1">profileview.php.*?&gt;(.*?)&lt;/a&gt;</expression>
			</RegExp>		
			<!-- Actors -->
			<RegExp conditional="!fullcredits" input="$$1" output="\1" dest="8">
				<expression noclean="1">שחקנים:(.*?)&lt;/tr&gt;</expression>
			</RegExp>
			<RegExp conditional="!fullcredits" input="$$8" output="&lt;actor&gt;&lt;name&gt;\1&lt;/name&gt;&lt;/actor&gt;" dest="5+">
				<expression noclean="1" repeat="yes">profileview.php.*?&gt;(.+?)&lt;/a&gt;</expression>
			</RegExp>
			<!--
			<RegExp conditional="fullcredits" input="$$8" output="&lt;url function=&quot;GetActorDetails&quot;&gt;http://www.sratim.co.il/profileview.php?id=\1&lt;/url&gt;" dest="5+">
				<expression repeat="yes">profileview.php\?id=(\d+)"</expression>
			</RegExp>
			-->
			<RegExp conditional="fullcredits" input="$$1" output="&lt;chain function=&quot;GetIMDBScaledFullCastById&quot;&gt;\1&lt;/chain&gt;" dest="5+">
				<!-- <expression repeat="yes" trim="1">(?&lt;="&gt;)(.*?)(?=&lt;\/a&gt;)</expression> -->
				<expression trim="1">http://www.imdb.com/title/(tt[^"]+)</expression>
			</RegExp>
			<!-- Plot -->
			<RegExp input="$$1" output="&lt;plot&gt;\1&lt;/plot&gt;" dest="5+">
				<expression>id="profilememo".*?&gt;(.+?)&lt;</expression>
			</RegExp>
			<!-- Genre -->
			<RegExp input="$$1" output="&lt;genre&gt;\1&lt;/genre&gt;" dest="5+">
				<expression repeat="yes">\?g=\d*?">(.*?)&lt;/a&gt;</expression>
			</RegExp>
			<!-- Studio -->
			<RegExp input="$$1" output="&lt;studio&gt;\1&lt;/studio&gt;" dest="5+">
				<expression>הפקה:&lt;/td&gt;&lt;td&gt;(.*?)&lt;</expression>
			</RegExp>
			<!-- Rating -->
			<RegExp input="$$1" output="&lt;rating&gt;\1&lt;/rating&gt;&lt;votes&gt;\2&lt;/votes&gt;" dest="5+">
				<expression trim="1">class="rank_imdbtext"&gt;(.+?)&lt;.*?title=".*?,\s(.*?)\s</expression>
			</RegExp>
			<!-- Runtim -->
			<RegExp input="$$1" output="&lt;runtime&gt;\1&lt;/runtime&gt;" dest="5+">
				<expression trim="1">(\d+)\sדק</expression>
			</RegExp>
			<!-- Thumb (Cover) -->
			<RegExp input="$INFO[thumb]" output="$$9" dest="5+">
				<RegExp input="$$1" output="&lt;thumb&gt;http://www.sratim.co.il\1&lt;/thumb&gt;" dest="9">
					<expression trim="1">&lt;img src="([^"]*)" class="lrg_cover"</expression>
				</RegExp>
				<expression>Sratim</expression>
			</RegExp>
			<RegExp input="$INFO[thumb]" output="&lt;chain function=&quot;GetIMDBThumbsById&quot;&gt;$$9&lt;/chain&gt;" dest="5+">
				<RegExp input="$$1" output="\1" dest="9">
					<expression trim="1">http://www.imdb.com/title/(tt[^"]+)</expression>
				</RegExp>
				<expression>IMDB</expression>
			</RegExp>
			<!-- Fan Art -->
			<RegExp input="$INFO[fanart]" output="&lt;chain function=&quot;GetTMDBFanartByIdChain&quot;&gt;$$9&lt;/chain&gt;" dest="5+">
				<RegExp input="$$1" output="\1" dest="9">
					<expression trim="1">http://www.imdb.com/title/(tt[^"]+)</expression>
				</RegExp>
				<expression>MovieDB</expression>
			</RegExp>
			<RegExp input="$INFO[fanart]" output="&lt;chain function=&quot;GetGoogleFanart&quot;&gt;$$8&lt;/chain&gt;" dest="5+">
				<RegExp input="$$1" output="\1" dest="8">
					<expression trim="1">&lt;span class="Gray"&gt;In English:&lt;/span&gt;(.*?)&lt;</expression>
				</RegExp>
				<expression>Google</expression>
			</RegExp>
			<!-- Trailers -->			
			<RegExp input="$INFO[TrailerQ]" output="&lt;chain function=&quot;GetHDTrailersnet480p&quot;&gt;$$6&lt;/chain&gt;" dest="5+">
				<RegExp input="$$1" output="\1" dest="6">
					<expression noclean="1">&lt;span class="Gray"&gt;In English:&lt;/span&gt;(.*?)&lt;</expression>
				</RegExp>
				<expression>480p</expression>
			</RegExp>
			<RegExp input="$INFO[TrailerQ]" output="&lt;chain function=&quot;GetHDTrailersnet720p&quot;&gt;$$6&lt;/chain&gt;" dest="5+">
				<RegExp input="$$1" output="\1" dest="6">
					<expression noclean="1">&lt;span class="Gray"&gt;In English:&lt;/span&gt;(.*?)&lt;</expression>
				</RegExp>
				<expression>720p</expression>
			</RegExp>
			<RegExp input="$INFO[TrailerQ]" output="&lt;chain function=&quot;GetHDTrailersnet1080p&quot;&gt;$$6&lt;/chain&gt;" dest="5+">
				<RegExp input="$$1" output="\1" dest="6">
					<expression noclean="1">&lt;span class="Gray"&gt;In English:&lt;/span&gt;(.*?)&lt;</expression>
				</RegExp>
				<expression>1080p</expression>
			</RegExp>
			<expression noclean="1" />
		</RegExp>
	</GetDetails>
	<!-- Get Actor With pictures -->
	<GetActorDetails dest="3">
		<RegExp input="$$2" output="&lt;details&gt;\1&lt;/details&gt;" dest="3">
			<RegExp input="$$1" output="&lt;actor&gt;&lt;name&gt;\2&lt;/name&gt;&lt;thumb&gt;http://www.sratim.co.il\1&lt;/thumb&gt;&lt;/actor&gt;" dest="2">
				<expression clear="yes">&lt;img src="(/contents/Actors/Images/.+?)".+?&lt;b&gt;(.+?)&lt;</expression>
			</RegExp>
			<expression noclean="1" />
		</RegExp>
	</GetActorDetails>
	<!-- Get fan art from google -->
	<GetGoogleFanart dest="3">
		<RegExp input="$$5" output="&lt;details&gt;\1&lt;/details&gt;" dest="3">
			<RegExp input="$$6" output="&lt;url function=&quot;ParseGoogleFanart&quot; cache=&quot;google-images-\1.xml&quot;&gt;http://www.google.com/images?as_q=\1poster&amp;hl=en&amp;sout=1&amp;biw=1920&amp;bih=1075&amp;output=search&amp;tbm=isch&amp;btnG=Google+Search&amp;as_epq=&amp;as_oq=&amp;as_eq=&amp;as_sitesearch=&amp;safe=images&amp;as_st=y&amp;tbs=isz:l,itp:ic:color,iar:w&lt;/url&gt;" dest="5">
				<RegExp input="$$1" output="\1+" dest="6">
					<expression repeat="yes" fixchars="1" trim="1">([\w]+)</expression>
				</RegExp>
				<expression noclean="1"/>
			</RegExp>
			<expression noclean="1"/>
		</RegExp>
	</GetGoogleFanart>
	<ParseGoogleFanart dest="4">
		<RegExp input="$$2" output="&lt;details&gt;&lt;fanart&gt;\1&lt;/fanart&gt;&lt;/details&gt;" dest="4">
			<RegExp input="$$1" output="&lt;thumb preview=&quot;\2&quot;&gt;\2&lt;/thumb&gt;" dest="2">
				<expression noclean="1" repeat="yes">(imgurl\\x3d)(.*?)\\x</expression>
			</RegExp>
			<expression noclean="1"></expression>
		</RegExp>
	</ParseGoogleFanart>
	<!-- 480p trailers -->
	<GetHDTrailersnet480p dest="3">
		<RegExp input="$$6" output="&lt;details&gt;&lt;url function=&quot;Parse480pTrailer&quot; cache=&quot;hd-trailers-\1.xml&quot;&gt;http://www.hd-trailers.net/movie/\1&lt;/url&gt;&lt;/details&gt;" dest="3">
			<RegExp input="$$1" output="\1-" dest="6">
				<expression repeat="yes" fixchars="1" trim="1">([\w]+)</expression>
			</RegExp>
			<expression noclean="1" />
		</RegExp>
	</GetHDTrailersnet480p>
	<Parse480pTrailer dest="4">
		<!--Fetch 480p trailer link from hdtrailers.net-->
		<RegExp input="$$1" output="&lt;details&gt;&lt;trailer&gt;\1&lt;/trailer&gt;&lt;/details&gt;" dest="4">
			<expression noclean="1">&lt;td class="bottomTableResolution"&gt;&lt;a href="(.*?)".*?&gt;480p&lt;</expression>
		</RegExp>
	</Parse480pTrailer>
	<!-- 720p trailers -->
	<GetHDTrailersnet720p dest="3">
		<RegExp input="$$6" output="&lt;details&gt;&lt;url function=&quot;Parse720pTrailer&quot; cache=&quot;hd-trailers-\1.xml&quot;&gt;http://www.hd-trailers.net/movie/\1&lt;/url&gt;&lt;/details&gt;" dest="3">
			<RegExp input="$$1" output="\1-" dest="6">
				<expression repeat="yes" fixchars="1" trim="1">([\w]+)</expression>
			</RegExp>
			<expression noclean="1" />
		</RegExp>
	</GetHDTrailersnet720p>
	<Parse720pTrailer dest="4">
		<!--Fetch 720p trailer link from hdtrailers.net-->
		<RegExp input="$$1" output="&lt;details&gt;&lt;trailer&gt;\1&lt;/trailer&gt;&lt;/details&gt;" dest="4">
			<expression noclean="1">&lt;td class="bottomTableResolution"&gt;&lt;a href="(.*?)".*?&gt;720p&lt;</expression>
		</RegExp>
	</Parse720pTrailer>
	<!-- 1080p trailers -->
	<GetHDTrailersnet1080p dest="3">
		<RegExp input="$$6" output="&lt;details&gt;&lt;url function=&quot;Parse1080pTrailer&quot; cache=&quot;hd-trailers-\1.xml&quot;&gt;http://www.hd-trailers.net/movie/\1&lt;/url&gt;&lt;/details&gt;" dest="3">
			<RegExp input="$$1" output="\1-" dest="6">
				<expression repeat="yes" fixchars="1" trim="1">([\w]+)</expression>
			</RegExp>
			<expression noclean="1" />
		</RegExp>
	</GetHDTrailersnet1080p>
	<Parse1080pTrailer dest="4">
		<!--Fetch 1080p trailer link from hdtrailers.net-->
		<RegExp input="$$1" output="&lt;details&gt;&lt;trailer&gt;\4&lt;/trailer&gt;&lt;/details&gt;" dest="4">
			<expression noclean="1">&lt;td class="bottomTableResolution"&gt;&lt;a href="(.*?)".*?&gt;1080p&lt;</expression>
		</RegExp>
	</Parse1080pTrailer>
</scraper>