<?xml version="1.0" encoding="UTF-8" standalone="yes"?>
<addon id="plugin.video.documented.hd"
       name="Documented.HD"
       version="2.2"
       provider-name="frenchdj">
  <requires>
    <import addon="xbmc.python" version="2.1.0"/>
    <import addon="script.module.beautifulsoup" />
    <import addon="script.module.simple.downloader" />
    <import addon="script.module.beautifulsoup4" />
    <import addon="script.module.requests" />
    <import addon="script.module.httplib2" />
    <import addon="script.module.youtube.dl" />
    <import addon="plugin.video.youtube" />
    <import addon="script.module.simplejson" />    
     <import addon="script.module.livestreamer" optional="true"/>
     <import addon="script.module.pyamf" optional="true"/>
  </requires>
  <extension point="xbmc.python.pluginsource" library="default.py">
    <provides>video</provides>
  </extension>
  <extension point="xbmc.addon.metadata">
    <summary lang="en">Colossus Edition</summary>
    <description>Alternative documentaries in HD quality. 
Playlists organized by categories and any source comes from Youtube users. 
[B][COLOR lime]Advised the latest version of youtube 5.*.*[/B][/COLOR]</description>
    <platform>all</platform>
  </extension>
</addon>