<item>
<old>bt Sport europe</old>
<new>bt sport 3</new>
</item>

<item>
<old>bbc one</old>
<new>bbc1</new>
</item>

<item>
<old>bbc 1</old>
<new>bbc1</new>
</item>

<item>
<old>bbc two</old>
<new>bbc2</new>
</item>

<item>
<old>bbc 2</old>
<new>bbc2</new>
</item>

<item>
<old>itv 1</old>
<new>itv1</new>
</item>

<item>
<old>itv 4</old>
<new>itv4</new>
</item>

<item>
<old>itv four</old>
<new>itv4</new>
</item>

<item>
<old>itv one</old>
<new>itv1</new>
</item>

<item>
<old>bbcalba</old>
<new>bbc alba</new>
</item>

<item>
<old>bbc_alba</old>
<new>bbc alba</new>
</item>

<item>
<old>s4 c</old>
<new>s4c</new>
</item>

<item>
<old>s 4 c</old>
<new>s4c</new>
</item>

<item>
<old>rte 2</old>
<new>rte two</new>
</item>

<item>
<old>rte 1</old>
<new>rte two</new>
</item>

<item>
<old>alba</old>
<new>bbc alba</new>
</item>

<item>
<old>sky sport 1</old>
<new>sky sports 1</new>
</item>

<item>
<old>skysports1</old>
<new>sky sports 1</new>
</item>

<item>
<old>ss1</old>
<new>sky sports 1</new>
</item>

<item>
<old>sky sport 2</old>
<new>sky sports 2</new>
</item>

<item>
<old>skysports2</old>
<new>sky sports 2</new>
</item>

<item>
<old>ss2</old>
<new>sky sports 2</new>
</item>

<item>
<old>sky sport 3</old>
<new>sky sports 3</new>
</item>

<item>
<old>skysports3</old>
<new>sky sports 3</new>
</item>

<item>
<old>ss3</old>
<new>sky sports 3</new>
</item>

<item>
<old>sky sport 4</old>
<new>sky sports 4</new>
</item>

<item>
<old>skysports4</old>
<new>sky sports 4</new>
</item>

<item>
<old>ss4</old>
<new>sky sports 4</new>
</item>

<item>
<old>sky sport 5</old>
<new>sky sports 5</new>
</item>

<item>
<old>skysports5</old>
<new>sky sports 5</new>
</item>

<item>
<old>ss5</old>
<new>sky sports 5</new>
</item>

<item>
<old>sky sport f1</old>
<new>sky sports f1</new>
</item>

<item>
<old>skysportsf1</old>
<new>sky sports f1</new>
</item>

<item>
<old>ssf1</old>
<new>sky sports f1</new>
</item>

<item>
<old>bt sports 1</old>
<new>bt sport 1</new>
</item>

<item>
<old>bt sport1</old>
<new>bt sport 1</new>
</item>

<item>
<old>bt sports 2</old>
<new>bt sport 2</new>
</item>

<item>
<old>bt sport2</old>
<new>bt sport 2</new>
</item>

<item>
<old>bt sports 2</old>
<new>bt sport 2</new>
</item>

<item>
<old>bt sport2</old>
<new>bt sport 2</new>
</item>

<item>
<old>bt sports 3</old>
<new>bt sport 3</new>
</item>

<item>
<old>bt sport3</old>
<new>bt sport 3</new>
</item>

<item>
<old>bt sports europe</old>
<new>bt sport 3</new>
</item>

<item>
<old>bt sporteurope</old>
<new>bt sport 3</new>
</item>

<item>
<old>bt sports espn</old>
<new>bt sport espn</new>
</item>

<item>
<old>bt sportespn</old>
<new>bt sport espn</new>
</item>

<item>
<old>box nation</old>
<new>boxnation</new>
</item>

<item>
<old>liverpool tv</old>
<new>lfc tv</new>
</item>

<item>
<old>lfctv</old>
<new>lfc tv</new>
</item>

<item>
<old>manchester united tv</old>
<new>mutv</new>
</item>

<item>
<old>mio stadium</old>
<new>mio</new>
</item>

<item>
<old>mio stadium 101</old>
<new>mio 101</new>
</item>

<item>
<old>mio stadium 102</old>
<new>mio 102</new>
</item>

<item>
<old>mio stadium 103</old>
<new>mio 103</new>
</item>

<item>
<old>mio stadium 104</old>
<new>mio 104</new>
</item>

<item>
<old>mio stadium 105</old>
<new>mio 105</new>
</item>
<item>
<old>mio stadium hd 101</old>
<new>mio 101</new>
</item>

<item>
<old>mio stadium hd 102</old>
<new>mio 102</new>
</item>

<item>
<old>mio stadium hd 103</old>
<new>mio 103</new>
</item>

<item>
<old>mio stadium hd 104</old>
<new>mio 104</new>
</item>

<item>
<old>mio stadium hd 105</old>
<new>mio 105</new>
</item>

<item>
<old>MIO Stadium Eleven</old>
<new>eleven</new>
</item>

<item>
<old>Eleven 103</old>
<new>mio 103</new>
</item>

<item>
<old>premiere sport</old>
<new>premier sports</new>
</item>

<item>
<old>premiere sports</old>
<new>premier sports</new>
</item>

<item>
<old>premier sport</old>
<new>premier sports</new>
</item>

<item>
<old>sports net</old>
<new>sportsnet</new>
</item>

<item>
<old>tsn 1</old>
<new>tsn1</new>
</item>

<item>
<old>tsn 2</old>
<new>tsn2</new>
</item>

<item>
<old>tsn 3</old>
<new>tsn3</new>
</item>

<item>
<old>tsn 4</old>
<new>tsn4</new>
</item>

<item>
<old>tsn 5</old>
<new>tsn5</new>
</item>

<item>
<old>sky box office</old>
<new>sky sports box office</new>
</item>

<item>
<old>br fox sports</old>
<new>fox sports</new>
</item>

<item>
<old>la fox sports</old>
<new>fox sports</new>
</item>

<item>
<old>us fox sports</old>
<new>fox sports</new>
</item>