<?xml version="1.0" encoding="UTF-8" standalone="yes" ?>
#
<item>
<plugin>plugin.video.A.S.K</plugin>
<name>ASK</name>
<dev>NA<dev>
</item>
#
<item>
<plugin>plugin.video.sportie</plugin>
<name>Sportie</name>
<dev>Twitter @EchoCoder @Sportiestreams<dev>
</item>
#
<item>
<plugin>plugin.video.mic</plugin>
<name>Made In Canada</name>
<dev>Twitter @TheKrazy0ne<dev>
</item>
#
<item>
<plugin>plugin.video.reaper</plugin>
<name>Reaper</name>
<dev>Twitter @reaperaddons<dev>
</item>
#
<item>
<plugin>plugin.video.bbciplayer</plugin>
<name>BBC iPlayer</name>
<dev>BBC - Kodi Repo<dev>
</item>
#
<item>
<plugin>plugin.video.itv</plugin>
<name>ITV Player</name>
<dev>ITV - Kodi Repo<dev>
</item>
#
<item>
<plugin>plugin.video.uiptv</plugin>
<name>Ultimate IPTV</name>
<dev>Twitter @Whitecream_UWC<dev>
</item>
#
<item>
<plugin>plugin.video.adriansports</plugin>
<name>Adrian Sports</name>
<dev>Twitter @projectadrian17<dev>
</item>
#
<item>
<plugin>plugin.video.Tigensworld</plugin>
<name>Tigens World</name>
<dev>Twtter Lily Sports @bwfc1510<dev>
</item>
#
<item>
<plugin>plugin.video.freeview</plugin>
<name>Freeview</name>
<dev>none<dev>
</item>
#
<item>
<plugin>plugin.video.iplayerwww</plugin>
<name>BBC iPlayer WWW</name>
<dev>none<dev>
</item>
#
