<?xml version="1.0" encoding="UTF-8"?>
    <addon id="repository.thgiliwt" name="Thgiliwt Repository" version="1.4.0" provider-name="Thgiliwt">
        <extension point="xbmc.addon.repository" name="Thgiliwt Repository">
            <info compressed="false">http://alivegr.net/repo/_thgiliwt/addons.xml</info>
            <checksum>http://alivegr.net/repo/_thgiliwt/addons.xml.md5</checksum>
            <datadir zip="true">http://alivegr.net/repo/_thgiliwt/</datadir>
            <hashes>false</hashes>
            <dir>
                <info compressed="false">https://raw.githubusercontent.com/Colossal1/repository.colossus.common/master/addons.xml</info>
                <checksum>https://raw.githubusercontent.com/Colossal1/repository.colossus.common/master/addons.xml.md5</checksum>
                <datadir zip="true">https://raw.githubusercontent.com/Colossal1/repository.colossus.common/master/</datadir>
            </dir>
            <dir>
                <info compressed="false">https://raw.githubusercontent.com/Twilight0/repo.twilight0/master/_zips/addons.xml</info>
                <checksum>https://raw.githubusercontent.com/Twilight0/repo.twilight0/master/_zips/addons.xml.md5</checksum>
                <datadir zip="true">https://raw.githubusercontent.com/Twilight0/repo.twilight0/master/_zips/</datadir>
            </dir>
            <dir>
                <info compressed="false">https://raw.githubusercontent.com/Twilight0/repo.twilight0.libs/master/_zips/addons.xml</info>
                <checksum>https://raw.githubusercontent.com/Twilight0/repo.twilight0.libs/master/_zips/addons.xml.md5</checksum>
                <datadir zip="true">https://raw.githubusercontent.com/Twilight0/repo.twilight0.libs/master/_zips/</datadir>
            </dir>
        </extension>
        <extension point="xbmc.addon.metadata">
            <summary>Thgiliwt's repository</summary>
            <description>Repository for AliveGR and other add-ons</description>
            <platform>all</platform>
        </extension>
    </addon>