<?xml version="1.0" encoding="UTF-8" standalone="yes"?>
<addon id="plugin.audio.anfieldindex" 
         name="Anfield Index Podcast" 
         version="1.03"
         provider-name="Echo Coder">
  <requires>
    <import addon="xbmc.python" version="2.1.0"/>
  </requires>
  <extension point="xbmc.python.pluginsource" library="default.py">
        <provides>audio</provides>
  </extension> 
  <extension point="xbmc.addon.metadata">
    <platform>all</platform>
    <summary lang="en"></summary>
    <description lang="en">A selection of podcasts from the Anfield Index website at anfieldindex.com/podcasts</description>
    <disclaimer lang="en">We are in no way affiliated with Liverpool Football Club and are an independent Liverpool supporters site.</disclaimer>
    <language></language>
    <platform>all</platform>
    <license>GNU GENERAL PUBLIC LICENSE. Version 2, June 1991</license>
    <forum></forum>
    <website></website>
    <email></email>
  </extension>
</addon>