<?xml version="1.0" encoding="UTF-8" standalone="yes"?>
<addon id="plugin.video.md123movies" name="123Movies" version="2.0.9" provider-name="Mucky Duck">
  <requires>
    <import addon="xbmc.python" version="2.1.0"/>
	<import addon="script.module.metahandler" version="2.5.1"/>
	<import addon="script.module.muckys.common"/>
	<import addon="repository.mdrepo" />
  </requires>
  <extension point="xbmc.python.pluginsource" library="default.py">
        <provides>video</provides>
  </extension>
  <extension point="xbmc.addon.metadata">
    <summary lang="en">Stream Movies From The 123movies WebSite</summary>
    <description lang="en">This Addon Will Delete Itself Unless You Have http://muckys.mediaportal4kodi.ml As A Source In File Manager.</description>
	<disclaimer lang="en">The author does not host or distribute any of the content displayed by this addon</disclaimer>
    <platform>all</platform>
  </extension>
</addon>
