<?xml version="1.0" encoding="UTF-8" standalone="yes"?>
<addon id="plugin.program.meta_search" name="Meta Search" version="1.1.3" provider-name="Kodi Senyor">
  <requires>
    <import addon="xbmc.python" version="2.1.0"/>
	<import addon="script.globalsearch"/>
  </requires>
  <extension point="xbmc.python.pluginsource" library="resources/art/default.py">
        <provides>video executable</provides>
  </extension>
  <extension point="xbmc.addon.metadata">
    <summary lang="en">metasearch</summary>
    <description lang="en">meta_search</description>
	<description lang="he">תפריט עזר לחיפוש בהרחבה מטא ובספריות הקודי</description>
	<disclaimer lang="en">The author does not host or distribute any of the content displayed by this addon or have any affiliation with the website owners</disclaimer>
    <platform>all</platform>
  </extension>
</addon>
