<?xml version="1.0" encoding="UTF-8" standalone="yes"?>
<addon id="script.extendedinfo" name="ExtendedInfo Script" version="5.6.1" provider-name="phil65 (Philipp Temminghoff)">
	<requires>
		<import addon="xbmc.python" version="2.25.0"/>
		<import addon="resource.images.studios.white" version="0.0.5"/>
		<import addon="script.module.kodi65" version="1.0.0"/>
		<import addon="script.module.routing" version="0.1.0"/>
		<!-- 		<import addon="script.module.buggalo" version="1.1.6"/>-->
	</requires>
	<extension point="xbmc.python.script" library="default.py">
		<provides>executable</provides>
	</extension>
	<extension point="xbmc.python.pluginsource" library="plugin.py">
		<provides>video</provides>
	</extension>
	<extension point="xbmc.addon.metadata">
		<language/>
		<summary lang="en">ExtendedInfo Script</summary>
		<description lang="en">This script offers various possibilities to display online content inside skins as well as a complete MovieDB browser including info dialogs for various media types. Used services are themoviedb.org, theaudiodb.org, Trakt.TV, omdbapi.com and a lot more. Needs skin implementation for lot of functions.</description>
		<platform>all</platform>
		<license>GNU GENERAL PUBLIC LICENSE Version 2, June 1991</license>
		<forum>http://forum.kodi.tv/showthread.php?tid=160558</forum>
		<source>https://github.com/phil65/script.extendedinfo</source>
		<email>phil65@kodi.tv</email>
		<news>Fix support for Kodi L* nightlies[CR]Browser window improvements[CR]Fixes for TADB/LastFM</news>
		<assets>
			<icon>resources/icon.png</icon>
			<fanart>resources/fanart.jpg</fanart>
			<screenshot>resources/screenshot-01.jpg</screenshot>
			<screenshot>resources/screenshot-02.jpg</screenshot>
			<screenshot>resources/screenshot-03.jpg</screenshot>
			<screenshot>resources/screenshot-04.jpg</screenshot>
			<screenshot>resources/screenshot-05.jpg</screenshot>
		</assets>
	</extension>
</addon>
