<?xml version="1.0" encoding="UTF-8" standalone="yes"?>
<addon id="script.xbmc.debug.log" name="Kodi Log Uploader" version="14.2.0" provider-name="Tristan Fischer (sphere@dersphere.de)">
    <requires>
        <import addon="xbmc.python" version="2.12.0"/>
    </requires>
    <extension point="xbmc.python.script" library="addon.py"/>
    <extension point="xbmc.addon.metadata">
        <language></language>
        <platform>all</platform>
        <website>http://xbmcLogs.com</website>
        <source>https://github.com/dersphere/script.xbmc.debug.log</source>
        <forum>http://forum.xbmc.org/showthread.php?tid=127108</forum>
        <email>sphere@dersphere.de</email>
        <license>GNU GENERAL PUBLIC LICENSE. Version 2, June 1991</license>
        <summary lang="be">Uploads your logs to Kodilogs.com</summary>
        <summary lang="bg">Качва дебъг дневници в www.Kodilogs.com</summary>
        <summary lang="ca">Puja els vostres registres a Kodilogs.com</summary>
        <summary lang="cs">Nahraje vaše logy na </summary>
        <summary lang="da">Indsender dine logfiler til Kodilogs.com</summary>
        <summary lang="de">Lädt logs zu Kodilogs.com hoch</summary>
        <summary lang="el">Ανεβάστε τα αρχεία καταγραφής σας στο Kodilogs.com</summary>
        <summary lang="en">Uploads your logs to Kodilogs.com</summary>
        <summary lang="en_NZ">Uploads your logs to Kodilogs.com</summary>
        <summary lang="en_US">Uploads your logs to Kodilogs.com</summary>
        <summary lang="es">Envia tus logs a Kodilogs.com</summary>
        <summary lang="fr">Envoie vos logs vers Kodilogs.com</summary>
        <summary lang="fr_CA">Téléverse vos journaux vers Kodilogs.com</summary>
        <summary lang="gl">Subir os seus rexistros a Kodilogs.com</summary>
        <summary lang="he">העלה יומני הרישום שלך ל-Kodilogs.com</summary>
        <summary lang="hr">Pošaljite vaše zapise na Kodilogs.com</summary>
        <summary lang="hu">Feltölti a naplófájljait az Kodilogs.com-ra</summary>
        <summary lang="id">Unggah log Anda ke Kodilogs.com</summary>
        <summary lang="it">Carica i tuoi log su Kodilogs.com</summary>
        <summary lang="ko">로그를 Kodilogs.com에 업로드</summary>
        <summary lang="lt">Galite atsiusti žurnalus iš Kodilogs.com</summary>
        <summary lang="nl">Upload je logs naar Kodilogs.com</summary>
        <summary lang="no">Last opp dine logger til Kodilogs.com</summary>
        <summary lang="pl">Przesyła plik dziennika diagnostycznego do serwisu Kodilogs.com </summary>
        <summary lang="pt">Envia os seus registos para Kodilogs.com</summary>
        <summary lang="pt_BR">Upload seus logs para Kodilogs.com</summary>
        <summary lang="ru">Выгружает Ваши логи на Kodilogs.com</summary>
        <summary lang="sk">Odosiela Vaše logy na Kodilogs.com</summary>
        <summary lang="sv">Laddar upp dina loggar till Kodilogs.com</summary>
        <summary lang="tr">Kayıt defterlerinizi Kodilogs.com a gönderir</summary>
        <summary lang="zh">上传日志到 Kodilogs.com</summary>
        <description lang="be">This Addon uploads your logs to Kodilogs.com[CR]You will receive an email with seperate links to the uploaded logfiles</description>
        <description lang="bg">Добавката качва дебъг дневници на www.Kodilogs.com[CR]Може да получавате имейл с препратки към отделните дневници, качени на сайта.</description>
        <description lang="ca">Aquest afegitó puja els vostres registres a Kodilogs.com[CR]Rebreu un correu amb diferents enllaços als registres pujats</description>
        <description lang="cs">Tento doplněk nahraje vaše logy Kodilogs.com[CR]Následně obdržítě mail s odkazy na přenesené logy.</description>
        <description lang="da">Denne addon indsender dine logfiler til Kodilogs.com[CR]Du vil modtage en email med direkte links til de indsendte logfiler.</description>
        <description lang="de">Dieses Add-on lädt deine Logfiles auf www.Kodilogs.com hoch[CR]Du wirst eine Email mit Links zu deinen Logfiles erhalten.</description>
        <description lang="el">Αυτό το Πρόσθετο ανεβάζει τα αρχεία καταγραφής σας στο Kodilogs.com[CR]Θα λάβετε ένα email με ξεχωριστούς συνδέσμους για τα ανεβασμένα αρχεία</description>
        <description lang="en">This Addon uploads your logs to Kodilogs.com[CR]You will receive an email with seperate links to the uploaded logfiles</description>
        <description lang="en_NZ">This Addon uploads your logs to Kodilogs.com[CR]You will receive an email with seperate links to the uploaded logfiles</description>
        <description lang="en_US">This Addon uploads your logs to Kodilogs.com[CR]You will receive an email with seperate links to the uploaded logfiles</description>
        <description lang="es">Este complemento envía tus logs a Kodilogs.com[CR]Recibirás un email con los diferentes enlaces a tus logs enviados</description>
        <description lang="fr">Cette extension envoie vos logs vers Kodilogs.com[CR]Vous recevrez un email avec les liens pour les fichiers de log.</description>
        <description lang="fr_CA">Cet addiciel téléverse vos journaux vers Kodilogs.com[CR]Vous recevrez un courriel avec des liens individuels vers les journaux téléversés</description>
        <description lang="gl">Este complemento sube os seus rexistros a Kodilogs.com[CR]Recibirá un correo electrónico cas ligazóns aos ficheiros de rexistro subidos</description>
        <description lang="he">הרחבה זו מעלה את יומני הרישום שלך אל Kodilogs.com[CR] אתה תקבל דואר עם קישורים נפרדים אל קבצי הרישום שהועלו</description>
        <description lang="hr">Ovaj dodatak šalje vaše zapise na Kodilogs.com[CR]Primiti ćete e-poštu s odvojenim poveznicama na poslanu datoteku zapisa</description>
        <description lang="hu">Ez a kiegészítő feltölti a naplófájljait az Kodilogs.com-ra[CR]Kapni fog egy levelet külön-külön linkekkel a feltöltött naplókra.</description>
        <description lang="id">Addon ini mengunggah log Anda ke Kodilogs.com[CR]Anda akan menerima surel dengan tautan terpisah ke berkas-berkas log yang diunggah.</description>
        <description lang="it">Questo Addon carica i tuoi log su Kodilogos.com [CR] Riceverai una email con il link per caricare il file di log</description>
        <description lang="ko">이 애드온은 로그를 Kodilogs.com에 업로드 합니다.[CR]업로드된 로그파일들의 각 링크를 이메일로 받게 됩니다.</description>
        <description lang="lt">Šis priedas įkelia/atsiunčia žurnalus iš Kodilogs.com[Cr]Jūs gausite elektroninį laišką su nuorodomis į (-at)nusiųstų žurnalų rinkmenas</description>
        <description lang="nl">Deze addon upload je logs naar Kodilogs.com [CR] U ontvangt een e-mail met verschillende links naar de geuploade bestanden</description>
        <description lang="no">Dette tillegget laster opp dine logger til Kodilogs.com[CR]Du vil motta en epost med separate lenker til de opplastete loggfilene</description>
        <description lang="pl">Dodatek ten pozwala przesyłać pliki dziennika do serwisu Kodilogs.com[CR]Otrzymasz wiadomość pocztową z odnośnikami do przesłanych plików dziennika</description>
        <description lang="pt">Este add-on envia os seus registos para Kodilogs.com[CR]Irá receber um e-mail com os endereços separados para os ficheiros de registos enviados.</description>
        <description lang="pt_BR">Este Addon envia seus registros para Kodilogs.com [CR] Você receberá um e-mail com os links separados para os arquivos de log enviados</description>
        <description lang="ru">Этот плагин выгрузит Ваши логи на Kodilogs.com[CR]Вы получите по почте раздельные ссылки на загруженные лог-файлы</description>
        <description lang="sk">Tento doplnok odosiela Vaše logy na Kodilogs.com&#10;Dostanete email so separátnymi linkami na nahraté súbory</description>
        <description lang="sv">Detta tillägg laddar upp dina loggar till Kodilogs.com[CR]DU får ett epostmeddelande med separata länkar till dom uppladdade loggfilerna</description>
        <description lang="tr">Bu eklenti kayıt defterinizi Kodilogs.com a gönderir[CR]Gönderilen kayıt defterlerine linklenen adreslerin bulunduğu bir email alacaksınız</description>
        <description lang="zh">此插件将上传日志到 Kodilogs.com[CR]你会收到一份含上传日志文件链接的邮件</description>
        <broken>Upload website is no longer functional</broken>
    </extension>
</addon>
