﻿<?xml version="1.0" encoding="UTF-8" standalone="yes"?>
<addon id="plugin.video.kodiviko" name="[COLOR white]*Viko Super Wizard*[/COLOR]" version="2.0.6" provider-name="The Vibe Team">
  <requires>
    <import addon="xbmc.python" version="2.1.0"/>
    <import addon="script.module.requests" version="2.9.1"/>
  </requires>
  <extension point="xbmc.python.pluginsource" library="default.py">
    <provides>executable</provides>
  </extension>
  <extension point="xbmc.addon.metadata">
    <summary lang="en">*Viko Super Wizard*</summary>
    <description lang="he">В данном дополнение Вы найдёте всё что надо для настройки Коди, а так же можно установить полностью рабочую и настроенную Коди[CR]Первый и единственный русский пакет установки[CR]Пакет был собран и настроен для пользователей группы facebook - THE-VIBE.CO.IL/RU[CR][COLOR red]https://www.facebook.com/groups/vibe.ru/[/COLOR][CR]</description>
    <description lang="ru">В данном дополнение Вы найдёте всё что надо для настройки Коди, а так же можно установить полностью рабочую и настроенную Коди[CR]Первый и единственный русский пакет установки[CR]Пакет был собран и настроен для пользователей группы facebook - THE-VIBE.CO.IL/RU[CR][COLOR red]https://www.facebook.com/groups/vibe.ru/[/COLOR][CR]</description>
    <description lang="en">В данном дополнение Вы найдёте всё что надо для настройки Коди, а так же можно установить полностью рабочую и настроенную Коди[CR]Первый и единственный русский пакет установки[CR]Пакет был собран и настроен для пользователей группы facebook - THE-VIBE.CO.IL/RU[CR][COLOR red]https://www.facebook.com/groups/vibe.ru/[/COLOR][CR]</description>
    <disclaimer lang="ru">Наш сайт  http://www.the-vibe.co.il</disclaimer>
    <source>http://www.the-vibe.co.il</source>
    <website>http://www.the-vibe.co.il</website>
    <repo>http://repo.the-vibe.co.il</repo>
    <blog>http://blog.the-vibe.co.il</blog>
    <platform>all</platform>
  </extension>
</addon>