<?xml version="1.0" encoding="utf-8"?>
<includes>

    <!-- THUMBS LAYOUT (SMALL LANDSCAPE) -->
    <include name="ThumbsViewLayout">
        <control type="image">
            <!--Panel Normal-->
            <posx>0</posx>
            <posy>0</posy>
            <texture background="true">home/home_matte2.png</texture>
            <colordiffuse>$VAR[ViewDetailsPanelColor]</colordiffuse>
            <include condition="Skin.String(thumbsborder_unfocused, 0)">thumbborder_0</include>
            <include condition="Skin.String(thumbsborder_unfocused, 2)">thumbborder_2</include>
            <include condition="Skin.String(thumbsborder_unfocused, 4)">thumbborder_4</include>
            <include condition="Skin.String(thumbsborder_unfocused, 6)">thumbborder_6</include>
            <visible>![Window.IsActive(Home) + Skin.HasSetting(Home_TransParentTiles)]</visible>
        </control>
        <include>ThumbsViewItemLayout</include>
     </include>
    <include name="ThumbsViewLayoutFocus">
        <control type="image">
            <!--Panel Normal-->
            <posx>0</posx>
            <posy>0</posy>
            <texture background="true">home/home_matte2.png</texture>
            <colordiffuse>$VAR[ViewDetailsFocusColor]</colordiffuse>
            <include condition="Skin.String(thumbsborder_focused, 2)">thumbborder_2</include>
            <include condition="Skin.String(thumbsborder_focused, 4)">thumbborder_4</include>
            <include condition="Skin.String(thumbsborder_focused, 6)">thumbborder_6</include>
            <visible>![Window.IsActive(Home) + Skin.HasSetting(Home_TransParentTiles)]</visible>
        </control>
        <control type="image">
            <!--focus image-->
            <texture border="5">home/home_focus.png</texture>
            <colordiffuse>$VAR[ViewDetailsFocusColor]</colordiffuse>
            <aspectratio>stretch</aspectratio>
            <visible>[Window.IsActive(Home) + Skin.HasSetting(Home_TransParentTiles)]</visible>
            <bordersize>-4</bordersize>
        </control>
        <include>ThumbsViewItemLayout</include>
    </include>
    <include name="ThumbsViewItemLayout">
        <control type="image">
            <!--thumb image-->
            <posx>0</posx>
            <posy>0</posy>
            <bordersize>8</bordersize>
            <texture background="true" diffuse="home/home_matte2.png" fallback="colors/color_keyboard.png">$VAR[LandscapeImage]</texture>
            <aspectratio scalediffuse="false" align="center" aligny="center">stretch</aspectratio>
            <visible>![!IsEmpty(ListItem.Thumb) + StringCompare(ListItem.Thumb,ListItem.Property(channellogo))]</visible>
        </control>
        <control type="image">
            <!--fallback logo image-->
            <posx>0</posx>
            <posy>0</posy>
            <bordersize>30</bordersize>
            <texture background="true">$VAR[ClearLogoFallback]</texture>
            <aspectratio scalediffuse="false" align="center" aligny="bottom">keep</aspectratio>
            <visible>IsEmpty(Listitem.Art(landscape)) + IsEmpty(ListItem.Property(landscape)) + !StringCompare(ListItem.DBTYPE,episode) + !StringCompare(ListItem.Property(DBTYPE),episode) + !Container.Content(episodes)</visible>
        </control>
        <include condition="!Window.IsActive(Home)">ThumbsTagOverlay</include>
        <control type="group">
            <!--Watched Overlay-->
            <right>8</right>
            <top>8</top>
            <animation effect="slide" end="-1,1" time="0" condition="!Skin.HasTheme(skindefault)">Conditional</animation>
            <include name="WatchedIndicatorLayout" content="WatchedIndicatorLayout">
                <param name="width" value="60" />
                <param name="height" value="60" />
                <param name="font" value="indicator_small" />
                <param name="overlay" value="normal" />
                <param name="overlay_texture" value="diffuse/icon_overlay_landscape.png" />
            </include>
        </control>
    </include>
    
    <variable name="ClearLogoFallback">
        <value condition="!IsEmpty(ListItem.Art(clearlogo))">$INFO[ListItem.Art(clearlogo)]</value>
        <value condition="!IsEmpty(ListItem.Art(tvshow.clearlogo))">$INFO[ListItem.Art(tvshow.clearlogo)]</value>
        <value condition="!Skin.HasSetting(SkinHelper.EnablePVRThumbs) + SubString(ListItem.FileNameAndPath,pvr://) + !IsEmpty(ListItem.Thumb)">$INFO[ListItem.Thumb]</value>
        <value condition="!Skin.HasSetting(SkinHelper.EnablePVRThumbs) + !IsEmpty(ListItem.Thumb) + StringCompare(ListItem.Thumb,ListItem.Property(channellogo))">$INFO[ListItem.Thumb]</value>
    </variable>
    
    <!-- LANDSCAPE LAYOUT -->
    <include name="LandscapeLayout">
		<control type="image">
            <!--background-->
            <texture diffuse="home/home_matte2.png">colors/color_white.png</texture>
			<colordiffuse>$VAR[ViewDetailsPanelColor]</colordiffuse>
            <aspectratio>stretch</aspectratio>
            <include condition="Skin.String(thumbsborder_unfocused, 0)">thumbborder_0</include>
            <include condition="Skin.String(thumbsborder_unfocused, 2)">thumbborder_2</include>
            <include condition="Skin.String(thumbsborder_unfocused, 4)">thumbborder_4</include>
            <include condition="Skin.String(thumbsborder_unfocused, 6)">thumbborder_6</include>
            <visible>![Window.IsActive(Home) + Skin.HasSetting(Home_TransParentTiles)]</visible>
        </control>
        <include>LandscapeItemLayout</include>
    </include>
    <include name="LandscapeLayoutFocus">
        <control type="image">
            <!--focus image-->
            <texture diffuse="home/home_matte2.png">colors/color_white.png</texture>
            <colordiffuse>$VAR[ViewDetailsFocusColor]</colordiffuse>
            <aspectratio>stretch</aspectratio>
            <include condition="Skin.String(thumbsborder_focused, 2)">thumbborder_2</include>
            <include condition="Skin.String(thumbsborder_focused, 4)">thumbborder_4</include>
            <include condition="Skin.String(thumbsborder_focused, 6)">thumbborder_6</include>
            <visible>![Window.IsActive(Home) + Skin.HasSetting(Home_TransParentTiles)]</visible>
        </control>
        <control type="image">
            <!--focus image-->
            <texture border="5">home/home_focus.png</texture>
            <colordiffuse>$VAR[ViewDetailsFocusColor]</colordiffuse>
            <aspectratio>stretch</aspectratio>
            <visible>[Window.IsActive(Home) + Skin.HasSetting(Home_TransParentTiles)]</visible>
            <bordersize>-4</bordersize>
        </control>
        <include>LandscapeItemLayout</include>
    </include>
    <include name="LandscapeItemLayout">
        <control type="image">
            <!--Panel icon image-->
			<bordersize>8</bordersize>
            <texture background="true" diffuse="home/home_matte2.png" fallback="special://skin/extras/defaulticonswide/DefaultVideo.png">$VAR[LandscapeImage]</texture>
            <aspectratio scalediffuse="false" align="center" aligny="top">scale</aspectratio>
            <visible>![!IsEmpty(ListItem.Thumb) + StringCompare(ListItem.Thumb,ListItem.Property(channellogo))]</visible>
        </control>
        <control type="image">
            <!--fallback logo image-->
            <posx>0</posx>
            <posy>0</posy>
            <bordersize>30</bordersize>
            <texture background="true">$VAR[ClearLogoFallback]</texture>
            <aspectratio scalediffuse="false" align="center" aligny="bottom">keep</aspectratio>
            <visible>IsEmpty(Listitem.Art(landscape)) + IsEmpty(ListItem.Property(landscape)) + !StringCompare(ListItem.DBTYPE,episode) + !StringCompare(ListItem.Property(DBTYPE),episode) + !Container.Content(episodes)</visible>
        </control>
        <include condition="!Window.IsActive(Home)">LandscapeTagOverlay</include>
		<control type="group">
			<right>8</right>
			<top>8</top>
            <animation effect="slide" end="-2,2" time="0" condition="!Skin.HasTheme(skindefault)">Conditional</animation>
			<include name="WatchedIndicatorLayout" content="WatchedIndicatorLayout">
                <param name="width" value="80" />
                <param name="height" value="80" />
                <param name="font" value="indicator_normal" />
                <param name="labeloffsetx" value="-30" />
                <param name="labeloffsety" value="-4" />
                <param name="overlay" value="normal" />
                <param name="overlay_texture" value="diffuse/icon_overlay_landscape.png" />
            </include>
		 </control>
    </include>
    
    <!-- TAG OVERLAYS -->
	<include name="LandscapeTagOverlayVisibility">
        <visible>
            ![Control.IsVisible(501) + Skin.String(View501.Tags,disable)] + 
            ![Control.IsVisible(502) + Skin.String(View502.Tags,disable)] + 
            ![Control.IsVisible(505) + Skin.String(View505.Tags,disable)] + 
            ![[!Window.IsActive(Home) + Control.IsVisible(511)] + Skin.String(View511.Tags,disable)] + 
            ![Control.IsVisible(512) + Skin.String(View512.Tags,disable)] + 
            ![Control.IsVisible(523) + Skin.String(View523.Tags,disable)] + 
            ![Skin.HasSetting(NoTitleOnHomeMenuTiles) + !IsEmpty(ListItem.Property(defaultID))] + 
            !StringCompare(ListItem.Property(disableLabel), disable) +
            !StringCompare(ListItem.Label,..)
        </visible>
        <visible>
            [Control.IsVisible(501) + Skin.String(View501.Tags,enable)] | 
            [Control.IsVisible(502) + Skin.String(View502.Tags,enable)] | 
            [Control.IsVisible(505) + Skin.String(View505.Tags,enable)] | 
            [[!Window.IsActive(Home) + Control.IsVisible(511)] + Skin.String(View511.Tags,enable)] | 
            [Control.IsVisible(512) + Skin.String(View512.Tags,enable)] | 
            [Control.IsVisible(523) + Skin.String(View523.Tags,enable)] | 
            [IsEmpty(ListItem.Art(landscape)) + IsEmpty(ListItem.Art(clearlogo)) + !SubString(ListItem.Thumb,icon.png)] |
            [StringCompare(ListItem.DBTYPE,episode) | StringCompare(ListItem.Property(DBTYPE),episode)] |
            !IsEmpty(ListItem.Property(defaultID))
        </visible>
	</include>
	<include name="ThumbsTagOverlay">
        <control type="image">
            <!--Panel Ovelay-->
            <bordersize>8</bordersize>
            <texture diffuse="home/home_matte2.png">diffuse/home_overlay.png</texture>
            <include condition="!Window.IsActive(Home)">LandscapeTagOverlayVisibility</include>
            <colordiffuse>$INFO[Skin.String(TagOverlaysPanelColor)]</colordiffuse>
        </control>
        <control type="label">
            <!--Label-->
            <left>5%</left>
            <bottom>5%</bottom>
            <width>90%</width>
            <height>60</height>
            <include condition="Skin.HasSetting(ThumbsLabelAlignmentCenter)">aligncenter</include>
            <align>center</align>
            <label>$VAR[ThumbListDetails]</label>
            <font>Reg20</font>
            <textcolor>$INFO[Skin.String(TagOverlaysTextColor)]</textcolor>
            <include condition="!Window.IsActive(Home)">LandscapeTagOverlayVisibility</include>
        </control>
    </include>
    <include name="ThumbsTagOverlaySmall">
        <control type="image">
            <!--Panel Ovelay-->
            <bordersize>8</bordersize>
            <texture diffuse="home/home_matte2.png">diffuse/home_overlay.png</texture>
            <include condition="!Window.IsActive(Home)">LandscapeTagOverlayVisibility</include>
            <colordiffuse>$INFO[Skin.String(TagOverlaysPanelColor)]</colordiffuse>
        </control>
        <control type="label">
            <!--Label-->
            <left>5%</left>
            <bottom>2%</bottom>
            <width>90%</width>
            <height>60</height>
            <include condition="Skin.HasSetting(ThumbsLabelAlignmentCenter)">aligncenter</include>
            <align>left</align>
            <label>$VAR[ThumbListDetails]</label>
            <font>Reg16</font>
            <textcolor>$INFO[Skin.String(TagOverlaysTextColor)]</textcolor>
            <include condition="!Window.IsActive(Home)">LandscapeTagOverlayVisibility</include>
        </control>
    </include>
    <include name="LandscapeTagOverlay">
        <control type="image">
            <!--Panel Overlay-->
			<bordersize>8</bordersize>
            <texture diffuse="home/home_matte2.png">diffuse/home_overlay.png</texture>
            <include condition="!Window.IsActive(Home)">LandscapeTagOverlayVisibility</include>
            <colordiffuse>$INFO[Skin.String(TagOverlaysPanelColor)]</colordiffuse>
        </control>

        <control type="label">
            <!--Label with title-->
            <bottom>8</bottom>
			<height>33%</height>
			<left>3%</left>
			<width>94%</width>
			<font>Reg38</font>
            <include condition="Skin.HasSetting(ThumbsLabelAlignmentCenter)">aligncenter</include>
            <align>center</align>
            <aligny>center</aligny>
            <label>$VAR[ThumbListDetails]</label>
			<textcolor>$INFO[Skin.String(TagOverlaysTextColor)]</textcolor>
            <include condition="!Window.IsActive(Home)">LandscapeTagOverlayVisibility</include>
        </control>
    </include>

</includes>