﻿<?xml version="1.0" encoding="UTF-8" standalone="yes"?>
<addon id="resource.images.skinicons.comic.he" name="Skin Icons - Comic Design (Hebrew)" version="1.0.0" provider-name="Ron Bublitsky, Benny Buchnik">
	<extension point="kodi.resource.images" compile="false" type="skinicons" />
	<requires>
		<import addon="kodi.resource" version="1.0.0"/>
	</requires>
	<extension point="xbmc.addon.metadata">
		<summary lang="en">Skin Icons Pack - Comic Design</summary>
		<description lang="en">Skin Icons Pack - Comic White Design</description>
		<summary lang="he">חבילת אייקונים - קומיק</summary>
		<description lang="he"> חבילת אייקונים - קומיק</description>
		<platform>all</platform>
	</extension>
</addon>
