<window>
	<allowoverlay>no</allowoverlay>
	<coordinates>
		<system>1</system>
		<posx>240</posx>
		<posy>80</posy>
	</coordinates>
	<animation type="WindowOpen" reversible="false">
		<effect type="zoom" start="80" end="100" center="640,360" easing="out" tween="back" time="300" />
		<effect type="fade" start="0" end="100" time="300" />
	</animation>
	<animation type="WindowClose" reversible="false">
		<effect type="zoom" start="100" end="80" center="640,360" easing="in" tween="back" time="300" />
		<effect type="fade" start="100" end="0" time="300" />
	</animation>
	<controls>
		<control type="group">
			<control type="image">
				<description>background image</description>
				<posx>0</posx>
				<posy>0</posy>
				<width>800</width>
				<height>500</height>
				<visible>true</visible>
				<texture border="40">DialogBack.png</texture>
			</control>
			<control type="image">
				<description>Dialog Header image</description>
				<posx>40</posx>
				<posy>16</posy>
				<width>720</width>
				<height>40</height>
				<visible>true</visible>
				<texture>dialogheader.png</texture>
			</control>			
			<control type="label" id="2">
				<description>header label</description>
				<posx>40</posx>
				<posy>20</posy>
				<width>720</width>
				<height>30</height>
				<font>font13_title</font>
				<label>$LOCALIZE[SCRIPT610]</label>
				<align>center</align>
				<aligny>center</aligny>
				<textcolor>selected</textcolor>
				<shadowcolor>black</shadowcolor>
				<visible>true</visible>
			</control>
			<control type="button" id="130">
				<description>Close Window button</description>
				<posx>710</posx>
				<posy>15</posy>
				<width>64</width>
				<height>32</height>
				<label>-</label>
				<font>-</font>
				<onclick>PreviousMenu</onclick>
				<texturefocus>DialogCloseButton-focus.png</texturefocus>
				<texturenofocus>DialogCloseButton.png</texturenofocus>
				<onleft>132</onleft>
				<onright>120</onright>
				<onup>10</onup>
				<ondown>120</ondown>
				<visible>system.getbool(input.enablemouse)</visible>
			</control>
			<control type="button" id="132">
				<description>Settings Window button</description>
				<posx>656</posx>
				<posy>15</posy>
				<width>64</width>
				<height>32</height>
				<label>-</label>
				<font>-</font>
				<onclick>PreviousMenu</onclick>
				<texturefocus>DialogSettingsButton-focus.png</texturefocus>
				<texturenofocus>DialogSettingsButton.png</texturenofocus>
				<onleft>120</onleft>
				<onright>130</onright>
				<onup>10</onup>
				<ondown>120</ondown>
				<visible>system.getbool(input.enablemouse)</visible>
			</control>
			<control type="group" id="111">
				<control type="label" id="113">
					<description>header label</description>
					<posx>760</posx>
					<posy>50</posy>
					<width>600</width>
					<height>60</height>
					<font>font14</font>
					<scroll>true</scroll>
					<align>right</align>
					<aligny>center</aligny>
					<textcolor>blue</textcolor>
					<shadowcolor>black</shadowcolor>
					<visible>stringcompare(System.Language,Hebrew)</visible>
				</control>
				<control type="label" id="114">
					<description>header label</description>
					<posx>40</posx>
					<posy>50</posy>
					<width>600</width>
					<height>60</height>
					<scroll>true</scroll>
					<font>font14</font>
					<align>left</align>
					<aligny>center</aligny>
					<textcolor>blue</textcolor>
					<shadowcolor>black</shadowcolor>
					<visible>stringcompare(System.Language,English)</visible>
				</control>
				<control type="image" id="116">
					<description>Parser Logo</description>
					<posx>50</posx>
					<posy>60</posy>
					<width>166</width>
					<height>45</height>
					<visible>true</visible>
				</control>
				<control type="image">
					<description>top separator</description>
					<posx>40</posx>
					<posy>111</posy>
					<width>720</width>
					<height>1</height>
					<visible>true</visible>
					<texture>separator.png</texture>
					<colordiffuse>DDFFFFFF</colordiffuse>
				</control>
				<control type="image">
					<description>bottom separator</description>
					<posx>40</posx>
					<posy>440</posy>
					<width>720</width>
					<height>1</height>
					<visible>true</visible>
					<texture>separator.png</texture>
					<colordiffuse>DDFFFFFF</colordiffuse>
				</control>
				<control type="list" id="120">
					<posx>45</posx>
					<posy>112</posy>
					<width>700</width>
					<height>288</height>
					<onleft>-</onleft>
					<onright>130</onright>
					<onup>120</onup>
					<ondown>120</ondown>
					<viewtype label="535">list</viewtype>
					<pagecontrol>121</pagecontrol>
					<scrolltime>200</scrolltime>
					<itemlayout width="700" height="36">
						<control type="image">
							<posx>0</posx>
							<posy>0</posy>
							<width>700</width>
							<height>36</height>
							<texture>default-list-nofocus.png</texture>
						</control>
						<control type="image">
							<description>flag</description>
							<posx>665</posx>
							<posy>8</posy>
							<width>26</width>
							<height>17</height>
							<align>right</align>
							<aligny>center</aligny>
							<info>Listitem.Thumb</info>
						</control>
						<control type="label">
							<description>Language</description>
							<posx>630</posx>
							<posy>0</posy>
							<width>90</width>
							<height>25</height>
							<font>font18</font>
							<align>center</align>
							<aligny>center</aligny>
							<textcolor>white</textcolor>
							<selectedcolor>green</selectedcolor>
							<info>ListItem.Label</info>
						</control>
						<control type="image">
							<posx>550</posx>
							<posy>11</posy>
							<width>40</width>
							<height>12</height>
							<align>center</align>
							<texture>icon_sync.png</texture>
							<visible>ListItem.property(sync)</visible>
						</control>
						<control type="label">
							<description>File Name</description>
							<posx>5</posx>
							<posy>0</posy>
							<width>500</width>
							<height>36</height>
							<font>font18</font>
							<aligny>center</aligny>
							<textcolor>white</textcolor>
							<selectedcolor>green</selectedcolor>
							<align>left</align>
							<info>ListItem.Label2</info>
						</control>
					</itemlayout>
					<focusedlayout width="700" height="36">
						<control type="image">
							<posx>0</posx>
							<posy>0</posy>
							<width>700</width>
							<height>36</height>
							<texture>default-list-nofocus.png</texture>
						</control>
						<control type="image">
							<posx>0</posx>
							<posy>0</posy>
							<width>700</width>
							<height>36</height>
							<texture>default-list-focus.png</texture>
							<visible>Control.HasFocus(120)</visible>
						</control>
						<control type="image">
							<description>flag</description>
							<posx>665</posx>
							<posy>8</posy>
							<width>26</width>
							<height>17</height>
							<info>Listitem.Thumb</info>
						</control>
						<control type="label">
							<description>language</description>
							<posx>630</posx>
							<posy>0</posy>
							<width>90</width>
							<height>25</height>
							<font>font18</font>
							<aligny>center</aligny>
							<textcolor>white</textcolor>
							<selectedcolor>green</selectedcolor>
							<align>center</align>
							<info>ListItem.Label</info>
						</control>
						<control type="image">
							<description>sync icon</description>
							<posx>550</posx>
							<posy>11</posy>
							<width>40</width>
							<height>12</height>
							<texture>icon_sync.png</texture>
							<visible>ListItem.property(sync)</visible>
							<colordiffuse>white</colordiffuse>
						</control>
						<control type="label">
							<description>file name</description>
							<posx>5</posx>
							<posy>0</posy>
							<width>500</width>
							<height>36</height>
							<font>font18</font>
							<aligny>center</aligny>
							<textcolor>white</textcolor>
							<selectedcolor>green</selectedcolor>
							<align>left</align>
							<info>ListItem.Label2</info>
						</control>
					</focusedlayout>
			  </control>
		  	<control type="spincontrol" id="121">
					<description>Next page button</description>
					<posx>720</posx>
					<posy>450</posy>
					<width>20</width>
					<height>20</height>
					<font>font13</font>
					<align>right</align>
					<subtype>page</subtype>
					<textcolor>FFFFFFFF</textcolor>
					<onleft>120</onleft>
					<onright>120</onright>
					<ondown>120</ondown>
					<onup>120</onup>
					<textoffsetx>10</textoffsetx>
					<textoffsety>-5</textoffsety>
					<textureup>default-scroll-up.png</textureup>
					<texturedown>default-scroll-down.png</texturedown>
					<textureupfocus>default-scroll-up-focus.png</textureupfocus>
					<texturedownfocus>default-scroll-down-focus.png</texturedownfocus>
					<showonepage>false</showonepage>
					<visible>Control.IsVisible(120)</visible>
				</control>
				<control type="label" id="115">
					<description>status message</description>
					<posx>40</posx>
					<posy>400</posy>
					<width>720</width>
					<height>30</height>
					<font>font11</font>
					<align>left</align>
					<aligny>center</aligny>
					<textcolor>grey</textcolor>
					<wrapmultiline>true</wrapmultiline>
					<scrollspeed>50</scrollspeed>
					<shadowcolor>black</shadowcolor>
					<visible>stringcompare(System.Language,English)</visible>
				</control>
				<control type="label" id="117">
					<description>status message</description>
					<posx>760</posx>
					<posy>400</posy>
					<width>720</width>
					<height>30</height>
					<font>font11</font>
					<align>right</align>
					<aligny>center</aligny>
					<textcolor>grey</textcolor>
					<wrapmultiline>true</wrapmultiline>
					<scrollspeed>50</scrollspeed>
					<shadowcolor>black</shadowcolor>
					<visible>stringcompare(System.Language,Hebrew)</visible>
				</control>
				<control type="button" id="122">
					<description>Keyboard button</description>
					<posx>710</posx>
					<posy>395</posy>
					<width>45</width>
					<height>45</height>
					<label>-</label>
					<font>-</font>
					<texturefocus>KeyboardButton-focus.png</texturefocus>
					<texturenofocus>KeyboardButton.png</texturenofocus>
					<onleft>120</onleft>
					<onright>120</onright>
					<onup>120</onup>
					<ondown>120</ondown>
					<visible>stringcompare(System.Language,English)</visible>
				</control>
				<control type="button" id="123">
					<description>Keyboard button</description>
					<posx>45</posx>
					<posy>395</posy>
					<width>45</width>
					<height>45</height>
					<label>-</label>
					<font>-</font>
					<texturefocus>KeyboardButton-focus.png</texturefocus>
					<texturenofocus>KeyboardButton.png</texturenofocus>
					<onleft>120</onleft>
					<onright>120</onright>
					<onup>120</onup>
					<ondown>120</ondown>
					<visible>stringcompare(System.Language,Hebrew)</visible>
				</control>
				<control type="progress" id="112">
			      <description>search progress</description>
			      <posx>155</posx>
			      <posy>450</posy>
			      <width>450</width>
			      <height>30</height>
			      <align>left</align>
					<aligny>center</aligny>
			      <visible>true</visible>
			      <reveal>true</reveal>
			      <texturebg border="6,0,6,0">OSDProgressBack.png</texturebg>
			      <lefttexture>-</lefttexture>
			      <midtexture border="6,0,6,0">OSDProgressMid.png</midtexture>
			      <righttexture>-</righttexture>
			      <overlaytexture>-</overlaytexture>
			      <info></info>
				</control>
			</control>
		</control>
  </controls>
</window>