<?xml version="1.0" encoding="UTF-8" standalone="yes"?>
<addon id="plugin.video.tlvmusic"
	name="[COLOR yellow]TLVmusic[/COLOR]"
	version="1.0.6"
	provider-name="TLVkodi">
  <requires>
    <import addon="xbmc.python" version="2.1.0"/>
    <import addon="script.module.addon.common" version="2.0.0"/>
    <import addon="plugin.video.youtube" version="5.0.0"/>
  </requires>
  <extension point="xbmc.python.pluginsource" library="default.py">
    <provides>audio</provides>
  </extension>
  <extension point="xbmc.addon.metadata">
    <summary lang="en">TLV music</summary>
    <description lang="en">Hebrew music from the best Israeli artists, organized by the creator names.</description>
    <platform>all</platform>
    <forum>n/a</forum>
    <website>n/a</website>
  </extension>
</addon>
