<?xml version="1.0" encoding="UTF-8" standalone="yes"?>
<addon id="program.mcfly.fontInstaller" name=".Subtitle Font Wizard" version="1.0" provider-name="Marty Mcfly">
  <requires>
    <import addon="xbmc.python" version="2.1.0"/>
  </requires>
  <extension point="xbmc.python.pluginsource" library="default.py">
        <provides>video executable</provides>
  </extension>
  <extension point="xbmc.addon.metadata">
    <summary lang="en">Install Narkis Subtitle fonts</summary>
    <description lang="en">This addon will install for you the Narkis font for nicer Subtitles</description>
    <platform>all</platform>
  </extension>
</addon>
