<window>
	<defaultcontrol always="true">10</defaultcontrol>
	<coordinates>
		<system>1</system>
		<left>240</left>
		<top>60</top>
	</coordinates>
	<include>dialogeffect</include>
	<controls>
		<control type="image">
			<description>background image</description>
			<left>0</left>
			<top>0</top>
			<width>800</width>
			<height>600</height>
			<texture border="40">DialogBack.png</texture>
		</control>
		<control type="image">
			<description>Dialog Header image</description>
			<left>6</left>
			<top>6</top>
			<width>788</width>
			<height>44</height>
			<texture>dialogheader.png</texture>
		</control>
		<control type="label">
			<description>header label</description>
			<left>40</left>
			<top>12</top>
			<width>720</width>
			<height>30</height>
			<font>Regular22</font><!-- Medium21 -->
			<label>$ADDON[adsp.basic 30021]</label>
			<align>center</align>
			<aligny>center</aligny>
			<textcolor>selected</textcolor>
			<shadowcolor>black</shadowcolor>
		</control>
		<control type="button">
			<description>Close Window button</description>
			<left>725</left>
			<top>6</top>
			<width>64</width>
			<height>32</height>
			<label></label>
			<font></font>
			<onclick>PreviousMenu</onclick>
			<texturefocus>DialogCloseButton-focus.png</texturefocus>
			<texturenofocus>DialogCloseButton.png</texturenofocus>
			<onleft>10</onleft>
			<onright>10</onright>
			<onup>10</onup>
			<ondown>10</ondown>
			<visible>System.GetBool(input.enablemouse)</visible>
		</control>
		<control type="spincontrolex" id="10">
			<description>Speaker Gain Test</description>
			<left>40</left>
			<top>65</top>
			<width>720</width>
			<height>40</height>
			<font>font13</font>
			<textcolor>grey2</textcolor>
			<focusedcolor>white</focusedcolor>
			<texturenofocus border="5">button-nofocus.png</texturenofocus>
			<texturefocus border="4">button-focus2.png</texturefocus>
			<label>$ADDON[adsp.basic 30022]</label>
			<onright>11</onright>
			<onleft>11</onleft>
			<onup>9001</onup>
			<ondown>11</ondown>
		</control>
		<control type="radiobutton" id="11">
			<description>Speaker continues test</description>
			<left>40</left>
			<top>110</top>
			<width>720</width>
			<height>40</height>
			<font>font13</font>
			<textcolor>grey2</textcolor>
			<focusedcolor>white</focusedcolor>
			<texturenofocus border="5">button-nofocus.png</texturenofocus>
			<texturefocus border="4">button-focus2.png</texturefocus>
			<label>$ADDON[adsp.basic 30065]</label>
			<onright>12</onright>
			<onleft>12</onleft>
			<onup>10</onup>
			<ondown>13</ondown>
		</control>
		<control type="label" id="12">
			<description>Continues test speaker position</description>
			<left>675</left>
			<top>114</top>
			<width>620</width>
			<height>30</height>
			<font>font13_title</font>
			<textcolor>white</textcolor>
			<label></label>
			<align>right</align>
			<aligny>center</aligny>
			<shadowcolor>black</shadowcolor>
		</control>
		<control type="image">
			<description>Default Seperator</description>
			<left>40</left>
			<top>155</top>
			<width>720</width>
			<height>2</height>
			<texture>separator2.png</texture>
		</control>
		<control type="grouplist" id="9000">
			<left>40</left>
			<top>163</top>
			<width>720</width>
			<height>450</height>
			<itemgap>5</itemgap>
			<orientation>vertical</orientation>
			<onleft>9000</onleft>
			<onright>9000</onright>
			<onup>11</onup>
			<ondown>9001</ondown>
			<control type="spincontrolex" id="13"><!--    AE_DSP_CH_FL-->
				<description>Speaker Distance FL</description>
				<height>40</height>
				<width>720</width>
				<font>font13</font>
				<textcolor>grey2</textcolor>
				<focusedcolor>white</focusedcolor>
				<texturenofocus border="5">button-nofocus.png</texturenofocus>
				<texturefocus border="4">button-focus2.png</texturefocus>
				<label>$ADDON[adsp.basic 30031]</label>
			</control>
			<control type="spincontrolex" id="24"><!--    AE_DSP_CH_TFL-->
				<description>Speaker Distance TFL</description>
				<height>40</height>
				<width>720</width>
				<font>font13</font>
				<textcolor>grey2</textcolor>
				<focusedcolor>white</focusedcolor>
				<texturenofocus border="5">button-nofocus.png</texturenofocus>
				<texturefocus border="4">button-focus2.png</texturefocus>
				<label>$ADDON[adsp.basic 30054]</label>
			</control>
			<control type="spincontrolex" id="19"><!--    AE_DSP_CH_FLOC-->
				<description>Speaker Distance FLOC</description>
				<height>40</height>
				<width>720</width>
				<font>font13</font>
				<textcolor>grey2</textcolor>
				<focusedcolor>white</focusedcolor>
				<texturenofocus border="5">button-nofocus.png</texturenofocus>
				<texturefocus border="4">button-focus2.png</texturefocus>
				<label>$ADDON[adsp.basic 30052]</label>
			</control>
			<control type="spincontrolex" id="15"><!--    AE_DSP_CH_FC-->
				<description>Speaker Distance Center</description>
				<height>40</height>
				<width>720</width>
				<font>font13</font>
				<textcolor>grey2</textcolor>
				<focusedcolor>white</focusedcolor>
				<texturenofocus border="5">button-nofocus.png</texturenofocus>
				<texturefocus border="4">button-focus2.png</texturefocus>
				<label>$ADDON[adsp.basic 30037]</label>
			</control>
			<control type="spincontrolex" id="26"><!--    AE_DSP_CH_TFC-->
				<description>Speaker Distance TFC</description>
				<height>40</height>
				<width>720</width>
				<font>font13</font>
				<textcolor>grey2</textcolor>
				<focusedcolor>white</focusedcolor>
				<texturenofocus border="5">button-nofocus.png</texturenofocus>
				<texturefocus border="4">button-focus2.png</texturefocus>
				<label>$ADDON[adsp.basic 30056]</label>
			</control>
			<control type="spincontrolex" id="20"><!--    AE_DSP_CH_FROC-->
				<description>Speaker Distance FLOC</description>
				<height>40</height>
				<width>720</width>
				<font>font13</font>
				<textcolor>grey2</textcolor>
				<focusedcolor>white</focusedcolor>
				<texturenofocus border="5">button-nofocus.png</texturenofocus>
				<texturefocus border="4">button-focus2.png</texturefocus>
				<label>$ADDON[adsp.basic 30053]</label>
			</control>
			<control type="spincontrolex" id="25"><!--    AE_DSP_CH_TFR-->
				<description>Speaker Distance TFR</description>
				<height>40</height>
				<width>720</width>
				<font>font13</font>
				<textcolor>grey2</textcolor>
				<focusedcolor>white</focusedcolor>
				<texturenofocus border="5">button-nofocus.png</texturenofocus>
				<texturefocus border="4">button-focus2.png</texturefocus>
				<label>$ADDON[adsp.basic 30055]</label>
			</control>
			<control type="spincontrolex" id="14"><!--    AE_DSP_CH_FR-->
				<description>Speaker Distance FR</description>
				<height>40</height>
				<width>720</width>
				<font>font13</font>
				<textcolor>grey2</textcolor>
				<focusedcolor>white</focusedcolor>
				<texturenofocus border="5">button-nofocus.png</texturenofocus>
				<texturefocus border="4">button-focus2.png</texturefocus>
				<label>$ADDON[adsp.basic 30032]</label>
			</control>
			<control type="spincontrolex" id="23"><!--    AE_DSP_CH_SR-->
				<description>Speaker Distance SR</description>
				<height>40</height>
				<width>720</width>
				<font>font13</font>
				<textcolor>grey2</textcolor>
				<focusedcolor>white</focusedcolor>
				<texturenofocus border="5">button-nofocus.png</texturenofocus>
				<texturefocus border="4">button-focus2.png</texturefocus>
				<label>$ADDON[adsp.basic 30034]</label>
			</control>
			<control type="spincontrolex" id="18"><!--    AE_DSP_CH_BR-->
				<description>Speaker Distance BR</description>
				<height>40</height>
				<width>720</width>
				<font>font13</font>
				<textcolor>grey2</textcolor>
				<focusedcolor>white</focusedcolor>
				<texturenofocus border="5">button-nofocus.png</texturenofocus>
				<texturefocus border="4">button-focus2.png</texturefocus>
				<label>$ADDON[adsp.basic 30036]</label>
			</control>
			<control type="spincontrolex" id="29"><!--    AE_DSP_CH_TBR-->
				<description>Speaker Distance TBL</description>
				<height>40</height>
				<width>720</width>
				<font>font13</font>
				<textcolor>grey2</textcolor>
				<focusedcolor>white</focusedcolor>
				<texturenofocus border="5">button-nofocus.png</texturenofocus>
				<texturefocus border="4">button-focus2.png</texturefocus>
				<label>$ADDON[adsp.basic 30063]</label>
			</control>
			<control type="spincontrolex" id="32"><!--    AE_DSP_CH_BROC-->
				<description>Speaker Distance BROC</description>
				<height>40</height>
				<width>720</width>
				<font>font13</font>
				<textcolor>grey2</textcolor>
				<focusedcolor>white</focusedcolor>
				<texturenofocus border="5">button-nofocus.png</texturenofocus>
				<texturefocus border="4">button-focus2.png</texturefocus>
				<label>$ADDON[adsp.basic 30062]</label>
			</control>
			<control type="spincontrolex" id="21"><!--    AE_DSP_CH_BC-->
				<description>Speaker Distance BC</description>
				<height>40</height>
				<width>720</width>
				<font>font13</font>
				<textcolor>grey2</textcolor>
				<focusedcolor>white</focusedcolor>
				<texturenofocus border="5">button-nofocus.png</texturenofocus>
				<texturefocus border="4">button-focus2.png</texturefocus>
				<label>$ADDON[adsp.basic 30039]</label>
			</control>
			<control type="spincontrolex" id="30"><!--    AE_DSP_CH_TBC-->
				<description>Speaker Distance TBC</description>
				<height>40</height>
				<width>720</width>
				<font>font13</font>
				<textcolor>grey2</textcolor>
				<focusedcolor>white</focusedcolor>
				<texturenofocus border="5">button-nofocus.png</texturenofocus>
				<texturefocus border="4">button-focus2.png</texturefocus>
				<label>$ADDON[adsp.basic 30060]</label>
			</control>
			<control type="spincontrolex" id="31"><!--    AE_DSP_CH_BLOC-->
				<description>Speaker Distance BLOC</description>
				<height>40</height>
				<width>720</width>
				<font>font13</font>
				<textcolor>grey2</textcolor>
				<focusedcolor>white</focusedcolor>
				<texturenofocus border="5">button-nofocus.png</texturenofocus>
				<texturefocus border="4">button-focus2.png</texturefocus>
				<label>$ADDON[adsp.basic 30061]</label>
			</control>
			<control type="spincontrolex" id="28"><!--    AE_DSP_CH_TBL-->
				<description>Speaker Distance TBL</description>
				<height>40</height>
				<width>720</width>
				<font>font13</font>
				<textcolor>grey2</textcolor>
				<focusedcolor>white</focusedcolor>
				<texturenofocus border="5">button-nofocus.png</texturenofocus>
				<texturefocus border="4">button-focus2.png</texturefocus>
				<label>$ADDON[adsp.basic 30063]</label>
			</control>
			<control type="spincontrolex" id="17"><!--    AE_DSP_CH_BL-->
				<description>Speaker Distance BL</description>
				<height>40</height>
				<width>720</width>
				<font>font13</font>
				<textcolor>grey2</textcolor>
				<focusedcolor>white</focusedcolor>
				<texturenofocus border="5">button-nofocus.png</texturenofocus>
				<texturefocus border="4">button-focus2.png</texturefocus>
				<label>$ADDON[adsp.basic 30035]</label>
			</control>
			<control type="spincontrolex" id="22"><!--    AE_DSP_CH_SL-->
				<description>Speaker Distance SL</description>
				<height>40</height>
				<width>720</width>
				<font>font13</font>
				<textcolor>grey2</textcolor>
				<focusedcolor>white</focusedcolor>
				<texturenofocus border="5">button-nofocus.png</texturenofocus>
				<texturefocus border="4">button-focus2.png</texturefocus>
				<label>$ADDON[adsp.basic 30033]</label>
			</control>
			<control type="spincontrolex" id="27"><!--    AE_DSP_CH_TC-->
				<description>Speaker Distance Top Center</description>
				<height>40</height>
				<width>720</width>
				<font>font13</font>
				<textcolor>grey2</textcolor>
				<focusedcolor>white</focusedcolor>
				<texturenofocus border="5">button-nofocus.png</texturenofocus>
				<texturefocus border="4">button-focus2.png</texturefocus>
				<label>$ADDON[adsp.basic 30057]</label>
			</control>
			<control type="spincontrolex" id="16"><!--    AE_DSP_CH_LFE-->
				<description>Speaker Distance Sub</description>
				<height>40</height>
				<width>720</width>
				<font>font13</font>
				<textcolor>grey2</textcolor>
				<focusedcolor>white</focusedcolor>
				<texturenofocus border="5">button-nofocus.png</texturenofocus>
				<texturefocus border="4">button-focus2.png</texturefocus>
				<label>$ADDON[adsp.basic 30038]</label>
			</control>
		</control>
		<control type="group" id="9001">
			<left>190</left>
			<top>535</top>
			<control type="button" id="1">
				<description>Ok Button</description>
				<left>0</left>
				<top>0</top>
				<width>200</width>
				<height>42</height>
				<align>center</align>
				<aligny>center</aligny>
				<texturenofocus border="5">button-nofocus.png</texturenofocus>
				<texturefocus border="4">button-focus.png</texturefocus>
				<label>186</label>
				<font>font12_title</font>
				<onup>9000</onup>
				<onleft>2</onleft>
				<onright>2</onright>
				<ondown>9001</ondown>
			</control>
			<control type="button" id="2">
				<description>Cancel Button</description>
				<left>210</left>
				<top>0</top>
				<width>200</width>
				<height>42</height>
				<align>center</align>
				<aligny>center</aligny>
				<texturenofocus border="5">button-nofocus.png</texturenofocus>
				<texturefocus border="4">button-focus.png</texturefocus>
				<label>222</label>
				<font>font12_title</font>
				<onup>9000</onup>
				<onleft>1</onleft>
				<onright>1</onright>
				<ondown>9001</ondown>
			</control>
		</control>
	</controls>
</window>
