<?xml version="1.0" encoding="UTF-8" standalone="yes"?>
<addon id="script.tvportal.tools" name="TVP Tools" version="1.4" provider-name="whufclee (modded from spoysers original)">
  <requires>
    <import addon="xbmc.python" version="2.1.0"/>
    <import addon="script.module.requests" version="2.3.0"/>
    <import addon="repository.primaeval" version="0.0.0.1"/>
  </requires>
  <extension point="xbmc.python.pluginsource" library="default.py">
        <provides>executable</provides>
  </extension>
  <extension point="xbmc.addon.metadata">
    <summary lang="en">TV Portal useful tools</summary>
    <description lang="en">TV Portal supplemental tools. Thanks to the OTTV team for the original OTTV Tools this code was originally based on.</description>
    <platform>all</platform>
    <language>en</language>
    <license>GNU GENERAL PUBLIC LICENSE. Version 2, June 1991</license>
    <source></source>
    <email></email>
  </extension>
</addon>