﻿<?xml version="1.0" encoding="UTF-8" standalone="yes"?>
<addon id="plugin.video.shrimkareoke" name="שרים קריוקי" version="2.1.8" provider-name="שרים קריוקי">
  <requires>
    <import addon="xbmc.python" version="2.1.0"/>
	<import addon="plugin.video.youtube" version="5.1.3"/>
  </requires>
  <extension point="xbmc.python.pluginsource" library="default.py">
        <provides>video</provides>
  </extension>
  <extension point="xbmc.addon.metadata">
    <summary lang="en">shrimkareoke</summary>
    <description lang="en">shrimkareoke</description>
	 <description lang="he">שרים קריוקי - שירי קריוקי מתעדכנים ברצף כל הזמן רק בשבילכם מהמפתח Donatello</description>
	<disclaimer>שרים קריוקי-http://donatellokodi.blogspot.co.il/</disclaimer>
	<disclaimer>"שרים קריוקי - Donatello - http://donatellokodi.blogspot.co.il/"</disclaimer>
    <platform>all</platform>
  </extension>
</addon>
