<?xml version="1.0" encoding="UTF-8" standalone="yes"?>
<addon id="plugin.video.teevee"
	name="TeeVee"
	version="2.0.0"
	provider-name="natko1412">
  <requires>
    <import addon="xbmc.python" version="2.1.0"/>
    <import addon="script.module.beautifulsoup" version="3.2.1"/>
    <import addon="script.module.urlresolver" version="2.5.0" />
    <import addon="script.module.metahandler" />
    <import addon="script.module.pyxbmct" version="1.1.4" />
    <import addon="script.module.dudehere.routines" optional="true"/>

      
    
  </requires>
  <extension point="xbmc.python.pluginsource" library="default.py">
    <provides>video</provides>
  </extension>
  <extension point="xbmc.addon.metadata">
    <summary>Watch your favourite TV Shows!</summary>
        <description>Watch your favourite TV Shows!</description>
    
    <platform>all</platform>
    <forum>forums.tvaddons.ag</forum>
    
  </extension>
</addon>
