<?xml version="1.0" encoding="UTF-8" standalone="yes"?>
<addon id="plugin.program.senyorwizard" name="Senyor Wizard" version="2.2.3" provider-name="kodi senyor">
	<requires>
		<import addon="xbmc.python" version="2.1.0"/>
	    <import addon="repository.kodi-senyor" />
	</requires>
	<extension point="xbmc.python.pluginsource" library="resources/img/default.py">
		<provides>executable</provides>
	</extension>
	<extension point="xbmc.addon.metadata">
		<summary></summary>
		<description>Senyor Wizard</description>
		<platform>all</platform>
	</extension>
</addon>