<?xml version="1.0" encoding="UTF-8" standalone="yes"?>
<addon id="plugin.video.sportie" 
         name="Sportie" 
         version="2.00.004"
         provider-name="Echo Coder">
  <requires>
    <import addon="xbmc.python" version="2.1.0"/>
	<import addon="script.module.httplib2" />
    <import addon="script.module.simplejson" />
    <import addon="script.module.liveresolver" />
    <import addon="script.module.urlresolver" />
    <import addon="script.module.echo" />
    <import addon="script.video.F4mProxy" />
    <import addon="plugin.video.f4mTester" />
    <import addon="plugin.video.SportsDevil" />
    <import addon="program.plexus" version="0.1.4" optional="true"/>
  </requires>
  <extension point="xbmc.python.pluginsource" library="default.py">
        <provides>video</provides>
  </extension> 
  <extension point="xbmc.addon.metadata">
    <platform>all</platform>
    <summary lang="en"></summary>
    <description lang="en">Sportie is a multi scraping/playlist sports addon that scrapes numerous websites to bring you the most up to date streams every time!

-Soccer Streams Support
-Reddit Support
-Plus Much More!</description>
    <disclaimer lang="en">Sportie does not host any of the streams provided within the addon.</disclaimer>
    <language></language>
    <platform>all</platform>
    <license>GNU GENERAL PUBLIC LICENSE. Version 2, June 1991</license>
    <assets>
        <icon>icon.png</icon>
        <fanart>fanart.jpg</fanart>
        <screenshot>resources/art/screenshots/screenshot-01.jpg</screenshot>
        <screenshot>resources/art/screenshots/screenshot-02.jpg</screenshot>
        <screenshot>resources/art/screenshots/screenshot-03.jpg</screenshot>
    </assets>
  </extension>
</addon>