<?xml version="1.0" encoding="UTF-8" standalone="yes"?>
<addon id="script.video.newparentalcontrols" name="Parental Controls" version="1.5.4" provider-name="killdash9">
  <requires>
    <import addon="xbmc.python" version="2.1.0"/>
  </requires>
  <extension point="xbmc.python.script" library="resources/lib/parentalcontrols/settings.py">
    <provides>executable</provides>
  </extension>
  <extension point="xbmc.service" library="resources/lib/parentalcontrols/service.py" start="login">
  </extension>
  <extension point="xbmc.python.module"
             library="resources/lib" />
  <extension point="xbmc.addon.metadata">
    <summary lang="en">Parental Controls</summary>
    <description lang="en">A parental controls addon.  Works only with sources that provide ratings such as HULU.</description>
    <platform>all</platform>
  </extension>
</addon>
