<?xml version='1.0' encoding='UTF-8' standalone='yes'?>
<addon id="service.nextup.notification" name="Nextup Service Notification" provider-name="im85288" version="1.0.37">
    <requires>
        <import addon="xbmc.python" version="2.20.0"/>
        <import addon="script.module.addon.signals" version="0.0.1"/>
        <import addon="script.module.requests" version="2.9.1" />
        <import addon="script.module.simplejson" version="3.3.0"/>
    </requires>
    <extension library="service.py" point="xbmc.service" start="login"/>
    <extension point="xbmc.addon.metadata">
        <summary lang="en">Provides a postplay screen or netflix style nextup pop up notification or both together!</summary>
        <description lang="en">Provides a postplay screen or netflix style nextup pop up notification or both together!</description>
        <disclaimer lang="en">This plugin is a standalone plugin.</disclaimer>
        <platform>all</platform>
        <language/>
    <assets>
			<icon>icon.png</icon>
			<screenshot>resources/screenshot-01.jpg</screenshot>
			<screenshot>resources/screenshot-02.jpg</screenshot>
			<screenshot>resources/screenshot-03.jpg</screenshot>
			<screenshot>resources/screenshot-04.jpg</screenshot>
    </assets>
    </extension>
</addon>
