<?xml version="1.0" encoding="UTF-8" standalone="yes"?>
<addon id="program.apollo" version="2.4.2" name="[COLOR white]Apollo[/COLOR] [COLOR FF028ddd]Group[/COLOR]" provider-name="Apollo Group">
	<requires>
		<import addon="xbmc.python" version="2.19.0"/>
		<import addon="script.module.requests" version="2.4.3" />		
		<import addon="script.exodus.artwork" version="1.0.4"/>
		<import addon="script.module.urlresolver" version="3.0.0"/>
		<import addon="script.module.metahandler" version="1.0.0"/>
	</requires>
	<extension point="xbmc.python.pluginsource" library="default.py">
		<provides>video</provides>
	</extension>
	<extension point="xbmc.addon.metadata">
		<platform>all</platform>
	</extension>
</addon>
