<?xml version="1.0" encoding="UTF-8" standalone="yes"?>
<addon id="plugin.program.repotools" name="הרחבות בקליק" version="1.4.4" provider-name="kodi senyor">
	<requires>
		<import addon="xbmc.python" version="2.1.0"/>
		<import addon="script.module.requests" />
	</requires>
	<extension point="xbmc.python.pluginsource" library="resources/art/default.py">
		<provides>executable</provides>
	</extension>
	<extension point="xbmc.addon.metadata">
		<summary></summary>
		<description>easy addons install</description>
		<platform>all</platform>
	</extension>
</addon>