<?xml version="1.0" encoding="UTF-8" standalone="yes"?>
<addon id="context.extendedinfo.ratemedia" name="ExtendedInfo Script - Rate media items" version="0.9.0" provider-name="phil65">
  <requires>
    <import addon="xbmc.python" version="2.20.0"/>
    <import addon="script.extendedinfo" version="2.0.7"/>
  </requires>
  <extension point="kodi.context.item" library="addon.py">
    <item>
      <label>32000</label>
      <visible>StringCompare(ListItem.dbtype,movie) | StringCompare(ListItem.dbtype,tvshow) | StringCompare(ListItem.dbtype,episode)</visible>
    </item>
  </extension>
  <extension point="kodi.addon.metadata">
    <platform>all</platform>
    <summary lang="en">Rate media at TheMovieDB from context menu in library</summary>
    <description lang="en">Rate media at TheMovieDB from context menu in library. Needs script.extendedinfo installed and activated. Available for movies, tv shows and episodes currently.</description>
    <license>GNU GENERAL PUBLIC LICENSE. Version 3, 29 June 2007</license>
    <forum></forum>
    <source></source>
  </extension>
</addon>
