﻿<?xml version="1.0" encoding="UTF-8" standalone="yes"?>
<addon id="plugin.video.kodisraelkids"
	name="ילדודס"
	version="1.25"
	provider-name="kodisrael.co.il">
  <requires>
    <import addon="xbmc.python" version="2.1.0"/>
    <import addon="plugin.video.youtube" version="3.0.0"/>
  </requires>
  <extension point="xbmc.python.pluginsource" library="default.py">
    <provides>video</provides>
  </extension>
  <extension point="xbmc.addon.metadata">
    <summary lang="en">Kids Shows</summary>
    <description lang="en">Kids Shows</description>
    <platform>all</platform>
  </extension>
</addon>
