﻿<?xml version="1.0" encoding="UTF-8" standalone="yes"?>
<addon id="repository.iceballs" name="Iceballs Kodi Addons" version="1.0.0" provider-name="iceballs">
	<extension point="xbmc.addon.repository" name="Iceballs Kodi Addon Repository">
		<info compressed="false">http://raw.github.com/iceballs/kodi-addons/master/addons.xml</info>
		<checksum>http://raw.github.com/iceballs/kodi-addons/master/addons.xml.md5</checksum>
		<datadir zip="true">http://raw.github.com/iceballs/kodi-addons/master/</datadir>
	</extension>
	<extension point="xbmc.addon.metadata">
		<summary>Install Kodi Addons</summary>
		<forum></forum>
		<description>Download and install Kodi addons</description>
		<platform>all</platform>
	</extension>
</addon>