<?xml version="1.0" encoding="utf-8"?>
<window>
	<defaultcontrol1 always="true">3000</defaultcontrol1>
	<coordinates>
		<system>1</system>
		 <posx>1050</posx>
		 <posy>685</posy>
	</coordinates>
    <animation effect="fade" start="0" end="100" time="500">WindowOpen</animation>
    <controls>
        <control type="image" id="3000">
            <posx>0</posx>
            <posy>0</posy>
            <width>231</width>
            <height>35</height>
            <aspectratio>stretch</aspectratio>
            <texture>lb_widefulllogo.png</texture>
        </control>       
    </controls>
</window>
