<?xml version="1.0" encoding="UTF-8"?>
<addon id="plugin.video.tamilgun"
version="0.3.0"
name="Tamil Gun"
provider-name="Gujal">
<requires>
  <import addon="xbmc.python" version="2.24.0"/>
  <import addon="repository.gujal"/>
  <import addon="script.module.requests" version="2.4.3"/>
  <import addon="script.module.beautifulsoup" version="3.2.1"/>
  <import addon="script.module.urlresolver" version="3.0.0"/>
</requires>
<extension point="xbmc.python.pluginsource" library="main.py">
  <provides>video</provides>
</extension>
<extension point="xbmc.addon.metadata">
  <summary>TamilGun</summary>
  <description>TamilGun is a popular site to watch Tamil Movies on demand</description>
  <disclaimer>This addon simply scrapes TamilGun website and is not liable for any content hosted on that site</disclaimer>
</extension>
</addon>
