<?xml version="1.0" encoding="UTF-8" standalone="yes"?>
<addon id="plugin.video.echocommunityplayer" 
	     name="ECHO Community Player" 
	     version="1.05"
	     provider-name="Echo Coder">
  <requires>
    <import addon="xbmc.python" version="2.1.0"/>
    <import addon="plugin.video.f4mTester" version="2.7.1"/>
    <import addon="script.module.urlresolver" version="3.0.26"/>
    <import addon="script.module.liveresolver" version="0.1.48"/>
  </requires>
  <extension point="xbmc.python.pluginsource" library="default.py">
        <provides>video</provides>
  </extension> 
  <extension point="xbmc.addon.metadata">
    <platform>all</platform>
    <summary lang="en">Twitter Support: @EchoCoder</summary>
    <description lang="en">The ECHO Community player brings together links shared by the community. 

ECHO cannot be responsible for the content shared and/or the names used to identify the links.

It is possible for the name identifiers of the list not to match the links.

There is a possibility +18 content may be present in the addon.

I ask that you please use the addon wisely and not abuse the service I am providing for you.</description>
    <disclaimer lang="en">Due to the amount of spam I have seen whilst using the API on my Wizard there are some features included in this addon.

If you decide to submit a link to us the API WILL LOG YOUR IP!

If you are determined to be abusing the service by sharing spam links or wrong identifiers to the links your IP will be BANNED from ALL ECHO servers.

Your IP will never be shared and/or given to any 3rd party.
</disclaimer>
    <language></language>
    <platform>all</platform>
    <license>GNU GENERAL PUBLIC LICENSE. Version 2, June 1991</license>
    <forum>http://www.echocoder.com</forum>
    <website>http://www.echocoder.com</website>
    <email>echocoder@protonmail.com</email>
  </extension>
</addon>