<?xml version="1.0" encoding="UTF-8"?>
<window>
	<defaultcontrol always="true">111</defaultcontrol>
	<coordinates>
		<posx>470</posx>
		<posy>252</posy>
	</coordinates>
	<controls>
		<control type="image">
			<description>Fade</description>
			<posx>-700</posx>
			<posy>-500</posy>
			<width>2200</width>
			<height>2200</height>
			<texture>trakt-bg-fade.png</texture>
		</control>
		<control type="group">
			<control type="image">
				<description>background image</description>
				<posx>0</posx>
				<posy>0</posy>
				<width>340</width>
				<height>217</height>
				<texture>trakt-context-bg.png</texture>
			</control>
			<control type="list" id="111">
				<posx>20</posx>
				<posy>20</posy>
				<width>300</width>
				<height>322</height>
				<onup>111</onup>
				<ondown>111</ondown>
				<onleft>111</onleft>
				<onright>111</onright>
				<scrolltime>200</scrolltime>
				<itemlayout height="46" width="300">
					<control type="label">
						<posx>0</posx>
						<posy>0</posy>
						<width>300</width>
						<height>40</height>
						<font>font13</font>
						<textcolor>FF000000</textcolor>
						<selectedcolor>FFEB9E17</selectedcolor>
						<align>center</align>
						<aligny>center</aligny>
						<info>ListItem.Label</info>
					</control>
				</itemlayout>
				<focusedlayout height="46" width="300">
					<control type="image">
						<posx>0</posx>
						<posy>0</posy>
						<width>300</width>
						<height>40</height>
						<texture border="5">button-fo.png</texture>
						<visible>Control.HasFocus(111)</visible>
						<animation effect="fade" time="300">Visible</animation>
						<animation effect="fade" time="300">Hidden</animation>
					</control>
					<control type="label">
						<posx>0</posx>
						<posy>0</posy>
						<width>300</width>
						<height>40</height>
						<font>font13</font>
						<textcolor>white</textcolor>
						<selectedcolor>FFEB9E17</selectedcolor>
						<align>center</align>
						<aligny>center</aligny>
						<info>ListItem.Label</info>
					</control>
				</focusedlayout>
			</control>
		</control>
	</controls>
</window>
