﻿<?xml version="1.0" encoding="UTF-8" standalone="yes"?>
<addon id="repository.colossus.common" name="[COLOR gold]Colossal Libraries Repository[/COLOR]" version="1.0.4" provider-name="Colossal">
    <extension point="xbmc.addon.repository" name="Colossus Libraries Repository">
        <info compressed="false">https://raw.githubusercontent.com/Colossal1/repository.colossus.common/master/addons.xml</info>
        <checksum>https://raw.githubusercontent.com/Colossal1/repository.colossus.common/master/addons.xml.md5</checksum>
        <datadir zip="true">https://raw.githubusercontent.com/Colossal1/repository.colossus.common/master/</datadir>
    </extension>
    <extension point="xbmc.addon.metadata">
        <summary>Faster Updating of Common Libraries for Kodi</summary>
        <description>This repository contains intermediate builds of libraries commonly used by Colossus Kodi addons.</description>
        <platform>all</platform>
    </extension>
</addon>

