<?xml version="1.0" encoding="UTF-8"?>
<addon
  id="plugin.video.imdb.trailers"
  version="2.1.1"
  name="IMDb Trailers"
  provider-name="queeup, gujal">
  <requires>
    <import addon="xbmc.python"
            version="2.1.0"/>
	<import addon="script.module.simplejson"
			version="2.0.10"/>
	<import addon="script.common.plugin.cache"
			version="2.5.5"/>
    <import addon="repository.gujal"/>
  </requires>
  <extension point="xbmc.python.pluginsource"
             library="addon.py">
    <provides>video</provides>
  </extension>
  <extension point="xbmc.addon.metadata">
    <summary>IMDb Trailers video add-on</summary>
    <summary lang="tr">IMDb Fragmanları video eklentisi</summary>
    <description>Watch movie trailers available on IMDb.</description>
    <description lang="tr">IMDb'de bulunan film fragmanlarını izle.</description>
    <language>en</language>
    <platform>all</platform>
    <license>WTFPL</license>
    <forum></forum>
    <website>http://www.imdb.com/</website>
    <source>https://github.com/queeup/plugin.video.imdb.trailers</source>
  </extension>
</addon>