<?xml version="1.0" encoding="UTF-8" standalone="yes"?>
<addon id="script.module.simple.downloader" name="Simple Downloader for xbmc plugins" provider-name="TheCollective" version="1.9.5">
  <requires>
    <import addon="xbmc.python" version="2.1.0"/>
    <import addon="script.common.plugin.cache" version="2.5.0"/>
    <import addon="script.module.parsedom" version="2.5.1"/>
  </requires>
  <extension library="default.py" point="xbmc.service"/>
  <extension point="xbmc.addon.metadata">
    <platform>all</platform>
    <summary lang="en">Simple downloader for xbmc plugins.</summary>
  </extension>
  <extension library="lib" point="xbmc.python.module"/>
</addon>
