<?xml version="1.0" encoding="UTF-8"?>
<window type="dialog" id="1138" description="תפריט משני">
  <defaultcontrol always="true">9005</defaultcontrol>
  <include>onload_CheckProperty_MainMenu</include>
  <include>onunload_ClearProperty_SubMenu</include>
  <controls>
    <control type="group">
      <!--<visible>!Window.IsVisible(Custom1139.xml)</visible>-->
	  <animation condition="Window.IsVisible(Custom1139.xml)" effect="fade" start="100" end="40" time="1000">Conditional</animation>
      <include>MenuDesign_Center2</include>
	</control>
	<include>TouchSupport</include>
  </controls>
</window>