<?xml version="1.0" encoding="UTF-8"?>
<window>
  <defaultcontrol always="true">9010</defaultcontrol>
  <controls>
    <include>SideMenu2</include>
	<include>TopInformation</include>
    <control type="group" description="פרטי וידאו (1105)">
		<animation description="Slide_he" condition="StringCompare(System.Language,Hebrew) + !Window.IsVisible(MyWeather.xml)" effect="slide" start="0,0" end="1250,0">Conditional</animation>
		<include>Fade4</include>
		<posx>10</posx>
		<posy>5</posy>
		<control type="textbox" id="4" description="פרטי אלבום">
		  <textcolor>white</textcolor>
		  <font>size24</font>
		  <include condition="SubString(Container.FolderPath,plugin.program.advanced.launcher)">LabelL1</include>
		  <include condition="[StringCompare(System.Language,Hebrew) + !Skin.String(PlotAlign)] | Skin.String(PlotAlign,1)">LabelR1</include>
		  <include condition="[!StringCompare(System.Language,Hebrew) + !Skin.String(PlotAlign)] | Skin.String(PlotAlign,2)">LabelL1</include>
		  <include condition="Skin.String(PlotAlign,3)">LabelJ1</include>
		  <include condition="Skin.String(PlotAlign,4)">LabelC1</include>
		  <include>AutoScrollText</include>
		  <width>650</width>
		  <height>115</height> <!--130-->
		  <label>$VAR[TopVideoInformation5]</label>
		  <visible>!Window.IsVisible(DialogVideoInfo.xml) + !Window.IsVisible(FileBrowser.xml)</visible>
		</control>
    </control>
	  <control type="list" id="50" description="פרטי אודיו">
	    <height>180</height>
	    <width>200</width>  
		<itemlayout width="224" height="236">
						<control type="image">
							<posx>5</posx>
							<posy>17</posy>
							<width>200</width>
							<height>200</height>
							<aspectratio>strech</aspectratio>
							<texture fallback="defaultmusicalbums.png">$INFO[ListItem.Icon]</texture>
							<bordertexture colordiffuse="grey_a">white.png</bordertexture>
							<bordersize>3</bordersize>
							<animation effect="fade" start="0" end="40" time="200" condition="true">Conditional</animation>
						</control>
						<control type="image">
							<posx>8</posx>
							<posy>175</posy>
							<width>194</width>
							<height>40</height>
							<texture>main/widget_title.png</texture>
						</control>	
						<control type="label">
							<posx>8</posx>
							<posy>172</posy>
							<description>Disc No-Focus</description>
							<height>40</height>
							<width>194</width>
							<textcolor>grey_a</textcolor>
							<align>center</align>
							<label>$INFO[ListItem.Label]</label>
							<font>font-20</font>
						</control>
					</itemlayout>
		<focusedlayout width="224" height="236">
			<control type="image">
				<posx>5</posx>
				<posy>17</posy>
				<width>200</width>
				<height>200</height>
				<aspectratio scalediffuse="false">strech</aspectratio>
				<texture fallback="defaultmusicalbums.png">$INFO[ListItem.Icon]</texture>
				<bordertexture colordiffuse="$VAR[ButtonFocusColor]">white.png</bordertexture>
				<bordersize>3</bordersize>
				<animation effect="fade" start="0" end="100" time="200" condition="true">Conditional</animation>
			</control>
			<control type="image">
				<posx>8</posx>
				<posy>175</posy>
				<width>194</width>
				<height>40</height>
				<texture>main/widget_title.png</texture>
			</control>	
			<control type="label">
				<posx>8</posx>
				<posy>172</posy>
				<description>Disc Focus</description>
				<height>40</height>
				<width>194</width>
				<textcolor>$VAR[ButtonFocusColor]</textcolor>
				<align>center</align>
				<scroll>true</scroll>
				<scrollspeed>50</scrollspeed>
				<label>$INFO[ListItem.Label]</label>
				<font>font-20</font>
			</control>
		</focusedlayout>
	  </control>
  </controls>
</window>
