<?xml version="1.0" encoding="UTF-8"?>
<includes>
  <include file="Defaults.xml" />
  <include file="Includes_Animation.xml" />  
  <include file="Includes_Backgrounds.xml" />
  <include file="Includes_Buttons.xml" />  
  <include file="Includes_CenterMenu.xml" />
  <include file="Includes_CenterMenuContent.xml" />
  <include file="Includes_DialogMenu.xml" />
  <include file="Includes_DialogMenuContent.xml" />
  <include file="Includes_Forms.xml" />  
  <include file="Includes_Home.xml" />
  <include file="Includes_HomeContent.xml" />
  
  <include file="Includes_Genre.xml" />
  <include file="Includes_LeftMenu.xml" />
  <include file="Includes_Settings.xml" />
  <include file="Includes_SettingsContent.xml" />
  <include file="Includes_Small.xml" />
  <include file="Includes_SubContent.xml" />
  <include file="Includes_TopVideoInformation.xml" />
  <include file="Includes_Widget.xml" />
  <include file="Includes_WidgetContent.xml" />
  <include file="Includes_Variables.xml" />
  <include file="Includes_Variables_label2.xml" />
  <include file="Includes_Views.xml" />
  <include file="Includes_ViewsExtras.xml" />
  <include file="PVRviews.xml" />

  <include name="PVRinfos">
	  <control type="image">
        <description>background image</description>
        <posx>-170</posx>
        <posy>-150</posy>
        <width>1460</width>
        <height>800</height>
        <texture border="20" colordiffuse="$VAR[MenuColor]">buttons/types/bd.png</texture>
        <visible>![Window.IsVisible(FullscreenVideo) | Window.IsVisible(Visualisation)]</visible>
      </control>
	  <control type="image">
          <posy>110</posy>
          <width>1160</width>
          <height>1</height>
          <texture>images/Line.png</texture>
        </control>
      <control type="image">
          <posx>0</posx>
          <posy>370</posy>
          <width>1160</width>
          <height>1</height>
          <texture>images/Line.png</texture>
      </control>
      <control type="label">
        <description>header label</description>
        <posx>20</posx>
        <posy>0</posy>
        <width>1100</width>
        <height>30</height>
        <font>size26</font>
        <label>$LOCALIZE[19047]</label>
        <align>center</align>
        <aligny>center</aligny>
        <textcolor>white</textcolor>
      </control>
      <control type="label">
        <description>Title label</description>
        <posx>20</posx>
        <posy>40</posy>
        <width>1100</width>
        <height>30</height>
        <font>size33B</font>
        <label>$INFO[ListItem.Title]</label>
        <align>center</align>
        <aligny>center</aligny>
        <textcolor>yellow</textcolor>
        <shadowcolor>black</shadowcolor>
      </control>
      <control type="label">
        <description>Start time</description>
        <posx>20</posx>
        <posy>75</posy>
        <width>1100</width>
        <height>25</height>
        <align>center</align>
        <aligny>center</aligny>
        <font>Size26</font>
        <textcolor>grey</textcolor>
        <label>$LOCALIZE[142] $INFO[ListItem.StartTime]</label>
      </control>
      <control type="textbox" id="400">
        <description>Plot value</description>
        <posx>20</posx>
        <posy>110</posy>
        <width>1080</width>
        <height>260</height>
        <font>size26</font>
        <align>justify</align>
        <textcolor>white</textcolor>
        <pagecontrol>-</pagecontrol>
        <label fallback="161">$INFO[ListItem.Plot]</label>
      </control>
      <control type="label">
        <description>Duration</description>
        <posx>60</posx>
        <posy>390</posy>
        <width>1000</width>
        <height>25</height>
        <align>center</align>
        <font>size26</font>
        <textcolor>grey</textcolor>
        <label>$LOCALIZE[552]: $INFO[ListItem.StartDate] / $LOCALIZE[19148]: $INFO[ListItem.ChannelName]</label>
      </control>
      <control type="label">
        <description>Duration</description>
        <posx>60</posx>
        <posy>420</posy>
        <width>1000</width>
        <height>25</height>
        <align>center</align>
        <font>size26</font>
        <textcolor>grey</textcolor>
        <label>$LOCALIZE[180]: $INFO[ListItem.Duration] / $LOCALIZE[135]: $INFO[ListItem.Genre]</label>
      </control>
  </include>
  
  <include name="TopInformation">
	<control type="group" id="7016" description="">
	  <height>45</height>
	  <posy>-6</posy>
	  <animation condition="Skin.HasSetting(TopInformationSize)" effect="zoom" center="0,3" start="100,122" end="100,122" time="0" reversible="false">Conditional</animation>
	  <animation condition="!Window.IsVisible(CustomHomeCustomizer.xml) + [System.IdleTime(10) + Slideshow.IsActive + Window.IsVisible(SlideShow.xml) | System.IdleTime(60)]" effect="fade" start="100" end="0" time="7000" reversible="true">Conditional</animation>
      <control type="image" description="מסגרת">
		<include>Fade_TopInformationOverlay</include>
		<posx>-60</posx>
		<texture border="20" colordiffuse="$VAR[TopInformationColor]">buttons/ButtonC0.png</texture>
		<visible>!Skin.HasSetting(Admin)</visible>
	    <width>2040</width>
      </control>
      <control type="image" description="(Admin) מסגרת">
		<posx>-60</posx>
		<texture colordiffuse="ff000000" border="40">buttons/types/bd.png</texture>
		<visible>Skin.HasSetting(Admin)</visible>
	    <width>2040</width>
      </control>
	  <control type="label" id="11010" description="">
		  <label>$VAR[VideoInformation1]</label>
		  <visible>false</visible>
	  </control>
	  <control type="group" description="הכל">
		  <posy>5</posy>
		  <control type="group" description="שמאל_en">
			<posx>10</posx>
			<visible>!Skin.HasSetting(Admin) + !Control.IsVisible(1124)</visible>
			<width>600</width>
			<animation description="Slide_he" condition="StringCompare(System.Language,Hebrew)" effect="slide" start="0,0" end="1300,0">Conditional</animation>
			<control type="label" id="1121" description="שמאל1 (תיקייה)">
			  <aligny>top</aligny>
			  <include condition="StringCompare(System.Language,Hebrew)">LabelR2</include>
			  <include condition="!StringCompare(System.Language,Hebrew)">LabelL2</include>
			  <haspath>false</haspath>
			  <height>20</height>
			  <label>$VAR[TopInformation2]</label>
			  <textcolor>$VAR[TopInformationFontColor]</textcolor>
			  <scroll>true</scroll>
			  <visible>!Control.IsVisible(1122) + !Control.IsVisible(1132)</visible>
			</control>
			<control type="label" id="1122" description="שמאל2 (ספרייה)">
			  <aligny>top</aligny>
			  <include condition="StringCompare(System.Language,Hebrew)">LabelR2</include>
			  <include condition="!StringCompare(System.Language,Hebrew)">LabelL2</include>
			  <haspath>true</haspath>
			  <height>20</height>
			  <label>$VAR[TopInformation2.1]</label>
			  <textcolor>$VAR[TopInformationFontColor]</textcolor>
			  <visible>!IsEmpty(Control.GetLabel(1122))</visible>
			  <visible>StringCompare(ListItem.Label,..) | StringCompare(ListItem.Label,עמוד)</visible>
			</control>
		  </control>
		  <control type="group" description="(includes) שמאל">
			<include>Badges</include>
			<visible>!Skin.HasSetting(Admin)</visible>
		  </control>
		  <control type="label" id="1124" description="זמן לסיום(HasMedia) שמאל2">
		    <animation description="Slide_he" condition="StringCompare(System.Language,Hebrew)" effect="slide" start="0,0" end="1910,0">Conditional</animation>
			<aligny>top</aligny>
			<include condition="StringCompare(System.Language,Hebrew)">LabelR2</include>
			<include condition="!StringCompare(System.Language,Hebrew)">LabelL2</include>
			<posx>10</posx>
			<label>$VAR[TopInformation2.2]</label>
			<textcolor>$VAR[TopInformationFontColor]</textcolor>
			<visible>!Skin.HasSetting(Admin) + Player.HasMedia</visible>
			<visible>!SubString(Player.Folderpath,special://userdata/addon_data/skin.featherence/music/)</visible>
			<visible>!Window.IsVisible(MyPVRChannels.xml)</visible>
			<visible>!SubString(Container.FolderPath,special://userdata/library/videos/) + !SubString(Container.FolderPath,/var/media/) + !SubString(Container.FolderPath,special://home/external/)</visible>
			<visible>!SubString(MusicPlayer.Title,featherence)</visible>
			<width>360</width>
		  </control>
		  <control type="group">
			  <visible>!Window.IsVisible(DialogExtendedProgressBar.xml) + !Window.IsVisible(DialogKaiToast.xml)</visible>
			  <control type="label" description="() אמצע">
				<aligny>top</aligny>
				<textcolor>$VAR[TopInformationFontColor]</textcolor>
				<include>LabelC12</include>
				<include>Fade7</include>
				<label>$VAR[TopInformation3.1]</label>
				
				<posx>600</posx>
				<scroll>false</scroll>
				<!--<visible>!Skin.HasSetting(Admin) + !Control.IsVisible(1127) + [!Player.HasMedia | Window.IsVisible(MyPics.xml) | Window.IsVisible(SlideShow.xml) | Control.HasFocus(311) | Control.HasFocus(312) | Control.HasFocus(313) | Control.HasFocus(314) | Control.HasFocus(315)]</visible>-->
				<width>720</width>
				<visible>!Skin.HasSetting(Admin) + !Control.IsVisible(1127)</visible>
				<visible>!Window.IsVisible(DialogKaiToast.xml)</visible>
				<visible>!Control.IsVisible(1721)</visible>
			  </control>
			  <control type="label" id="1127" description="(HasMedia) אמצע">
				<aligny>top</aligny>
				<textcolor>$VAR[TopInformationFontColor]</textcolor>
				<include>LabelC12</include>
				<label>$VAR[TopInformation3]</label>
				<posx>600</posx>
				<scroll>true</scroll>
				<width>715</width>
				<visible>!Skin.HasSetting(Admin) + Player.HasMedia + !Window.IsVisible(MyPics.xml) + !Window.IsVisible(SlideShow.xml)</visible>
				<visible>!SubString(Player.Folderpath,special://userdata/addon_data/skin.featherence/music/)</visible>
				<visible>!Control.HasFocus(311) + !Control.HasFocus(312) + !Control.HasFocus(313) + !Control.HasFocus(314) + !Control.HasFocus(315)</visible>
				<visible>!SubString(MusicPlayer.Title,featherence)</visible>
				<visible>!Window.IsVisible(DialogKaiToast.xml)</visible>
				<visible>!Control.IsVisible(1721)</visible>
			  </control>
			  <control type="label" description="(Admin) אמצע">
				<aligny>top</aligny>
				<textcolor>$VAR[TopInformationFontColor]</textcolor>
				<include>LabelC12</include>
				<label>$VAR[TopInformation3.1]</label>
				
				<posx>600</posx>
				<scroll>true</scroll>
				<width>720</width>
				<visible>Skin.HasSetting(Admin)</visible>
				<visible>!Window.IsVisible(DialogKaiToast.xml)</visible>
				<visible>!Control.IsVisible(1721)</visible>
			  </control>
			  <include name="RSS_1721">
				<param name="height" value="0" />
				<param name="posx" value="600" />
				<param name="posy" value="0" />
				<param name="width" value="1020" />
				<param name="condition" value="!Player.HasMedia" />
			  </include>
			  <include name="RSS_1721">
				<param name="height" value="0" />
				<param name="posx" value="600" />
				<param name="posy" value="0" />
				<param name="width" value="720" />
				<param name="condition" value="Player.HasMedia" />
			  </include>
			  
		  </control>
		  <control type="group" description="(specials) ימין">
			<include>IconsInformation</include>	
			<visible>true</visible>	
		  </control>
		  <control type="label" description="() ימין">
			<animation description="Slide_he" condition="StringCompare(System.Language,Hebrew)" effect="slide" start="0,0" end="-1900,0">Conditional</animation>
			<aligny>top</aligny>
			<!--<include condition="Skin.HasSetting(TopInformationSize) + StringCompare(System.Language,Hebrew)">LabelL1</include>-->
			<include condition="StringCompare(System.Language,Hebrew)">LabelL2</include>
			<include condition="!StringCompare(System.Language,Hebrew)">LabelR2</include>
			<label>$VAR[ShowClock]</label>		
			<textcolor>$VAR[TopInformationFontColor]</textcolor>
			<posx>10r</posx>
			<visible>Window.IsActive(LoginScreen.xml) | !Skin.HasSetting(ShowClock)</visible> <!--Window.IsActive(home) | -->
			<width>370</width>
		  </control>
	  </control>
	</control>
	<include>TouchSupport</include>
  </include>
  
  <include name="TopMenuDialogSlider" description="(הזזת תרגום)">
    <control type="group">  			
      <posx>740</posx>
      <posy>0</posy>
	  <!--<animation effect="fade" start="100" end="0" time="4000">VisibleChange</animation>-->
	  <!--<animation condition="System.IdleTime(5)" effect="fade" start="100" end="0" time="4000">Conditional</animation>-->
      <control type="image" description="מסגרת">
		<include>Border_Common</include>
		<height>190</height>
        <width>440</width>
        <texture border="20" colordiffuse="$VAR[TopInformationColor]">buttons/types/bd.png</texture>
      </control>
	  <control type="grouplist">
	    <height>205</height>
		<itemgap>15</itemgap>
        <posx>20</posx>
        <posy>20</posy>		
		<width>400</width>
		  <control type="label" id="10" description="Heading">
			<include>LabelC10</include>
			<height>40</height>
		  </control>
		  <control type="slider" id="11" description="Slider">	
			<onup>11</onup>
			<ondown>11</ondown>
			<onleft>noop</onleft>
			<onright>noop</onright>
			<width>400</width>
		  </control>
		  <control type="label" id="12" description="Slider value">
			<include>LabelC10</include>
			<height>20</height>
		  </control>
	  </control>
	</control>
  </include>   
  
  <include name="featherencepause">
	<control type="group" description="לוגו בעצירת ניגון">
	  <left>867</left>
	  <top>447</top>
	  <visible>Player.Paused | Slideshow.IsPaused</visible>
	  <control type="image" description="logo">
		<animation type="VisibleChange" reversible="false">
			<effect type="fade" start="0" end="100" time="4000" delay="1000" />
		</animation>
		<animation type="WindowOpen" reversible="false">
			<effect type="fade" start="0" end="100" time="4000" delay="1000" />
		</animation>
		<animation type="WindowClose" reversible="false">
			<effect type="fade" start="100" end="0" time="0" delay="500" />
		</animation>
		<left>0</left>
		<top>0</top>
		<width>186</width>
		<height>186</height>
		<texture diffuse="BBBBBBBB">osd/featherence_pause4.png</texture>
	  </control>
	  <control type="image" description="pause">
		<animation type="VisibleChange" reversible="false">
			<effect type="fade" start="0" end="90" time="500" />
		</animation>
		<animation type="WindowOpen" reversible="false">
			<effect type="fade" start="0" end="90" time="500" />
		</animation>
		<animation type="WindowClose" reversible="false">
			<effect type="fade" start="100" end="0" time="500" />
		</animation>
		<left>0</left>
		<top>0</top>
		<width>186</width>
		<height>186</height>
		<texture>osd/featherence_pause2.png</texture>
	  </control>
	  <control type="label">
	    <animation condition="true" effect="fade" start="50" end="50">Conditional</animation>
		<align>center</align>
		<height>186</height>
	    <label>$INFO[Player.CacheLevel]</label>
		<left>0</left>
		<font>size18</font>
		<top>-40</top>
	    <width>186</width>
	  </control>
	</control>
  </include>
</includes>
