<?xml version="1.0" encoding="UTF-8"?>
<addon id="plugin.program.senyor.kids.favourites"
version="1.0.0"
name="senyor kids favourites"
provider-name="kodi senyor">
<requires>
  <import addon="xbmc.python" version="2.20.0"/>
  <import addon="script.module.xbmcswift2" version="2.4.0"/>
  <import addon="script.module.requests" version="2.9.1" />
  <import addon="repository.kodi-senyor"/>
</requires>
<extension point="xbmc.python.pluginsource" library="main.py">
  <provides>executable</provides>
</extension>
<extension point="xbmc.addon.metadata">
  <summary lang="en">senyor movies favourites fork of simple favourites from primaeval</summary>
  <description lang="en"></description>
  <disclaimer lang="en">.</disclaimer>
</extension>
</addon>

