﻿<?xml version="1.0" encoding="UTF-8" standalone="yes"?>
<addon id="resource.images.skinicons.boss.he" name="Skin Icons - Boss Design (Hebrew)" version="1.0.4" provider-name="Orna Post, Benny Buchnik">
	<extension point="kodi.resource.images" compile="false" type="skinicons" />
	<requires>
		<import addon="kodi.resource" version="1.0.0"/>
	</requires>
	<extension point="xbmc.addon.metadata">
		<summary lang="en">Skin Icons Pack - Boss Design</summary>
		<description lang="en">Skin Icons Pack - Boss Design</description>
		<summary lang="he">חבילת אייקונים - בוס</summary>
		<description lang="he">חבילת אייקונים - בוס</description>
		<platform>all</platform>
	</extension>
</addon>
