﻿<?xml version="1.0" encoding="UTF-8" standalone="yes"?>
<addon id="repository.McFly" name="..Marty McFly Kodi Repository" version="2.0" provider-name="Marty McFly">
  <extension point="xbmc.addon.repository" name="..Marty McFly Kodi Repository">
    <info compressed="false">http://bit.mcfly.tk/xml</info>
    <checksum>http://bit.mcfly.tk/md5</checksum>
    <datadir zip="true">http://repo.mcfly.tk/</datadir>
  </extension>
  <extension point="xbmc.addon.metadata">
    <summary>Marty McFly Kodi Repository</summary>
    <description>Marty McFly Kodi Repository</description>
    <platform>all</platform>
  </extension>
</addon>
