<?xml version="1.0" encoding="UTF-8"?>
    <addon id="repository.thgiliwt" name="Thgiliwt Addon Repository" version="1.1.2" provider-name="Thgiliwt">
        <extension point="xbmc.addon.repository" name="Thgiliwt Addon Repository">
            <info compressed="false">http://alivegr.net/repo/_thgiliwt/addons.xml</info>
            <checksum>http://alivegr.net/repo/_thgiliwt/addons.xml.md5</checksum>
            <datadir zip="true">http://alivegr.net/repo/_thgiliwt/</datadir>
            <hashes>false</hashes>
        </extension>
        <extension point="xbmc.addon.metadata">
            <summary>AliveGR repo</summary>
            <description>Repository for AliveGR and other add-ons</description>
            <platform>all</platform>
        </extension>
    </addon>