<?xml version="1.0" encoding="UTF-8" standalone="yes"?>
<addon id="plugin.video.kodisraelstandup"
	name="ISRAEL STAND UP"
	version="1.11"
	provider-name="kodisrael.co.il">
  <requires>
    <import addon="xbmc.python" version="2.1.0"/>
    <import addon="plugin.video.youtube" version="3.0.0"/>
  </requires>
  <extension point="xbmc.python.pluginsource" library="default.py">
    <provides>video</provides>
  </extension>
  <extension point="xbmc.addon.metadata">
    <summary lang="en">KODISRAEL.CO.IL</summary>
    <description lang="en">KODISRAEL.CO.IL</description>
    <platform>all</platform>
  </extension>
</addon>
