﻿<?xml version="1.0" encoding="utf-8" standalone="yes"?>
<addon id="plugin.music.McflyWorldRadio" name="McFly World Radio" version="1.0" provider-name="Marty Mcfly">
  <requires>
    <import addon="xbmc.python" version="2.1.0"/>
    <import addon="script.module.requests" version="2.9.1"/>
   </requires>
  <extension point="xbmc.python.pluginsource" library="default.py">
    <provides>audio</provides>
  </extension>
  <extension point="xbmc.addon.metadata">
    <summary lang="en">McFly World Radio</summary>
    <description lang="en">Listen to more than 9000 Radio station world wide </description>
    <description lang="he">האזינו לכ-9000 תחנות רדיו מסביב לעולם</description>
       <platform>all</platform>
  </extension>
</addon>