<?xml version="1.0" encoding="UTF-8" standalone="yes"?>
<addon id="plugin.video.projectd" name="[COLOR red]P®oje©t D[/COLOR]" version="1.0" provider-name="Project D">
  <requires>
    <import addon="xbmc.python" version="2.1.0"/>
	<import addon="script.module.t0mm0.common" version="2.0.0"/>
    <import addon="script.module.beautifulsoup" version="3.2.1"/>
    <import addon="script.module.simple.downloader" version="0.9.4"/>
    <import addon="script.module.beautifulsoup4" />
    <import addon="script.module.simple.downloader" version="0.9.4"/>
    <import addon="script.module.requests" />
    <import addon="script.module.httplib2" />
    <import addon="script.module.youtube.dl" optional="true"/>
    <import addon="plugin.video.youtube" version="3.0.0"/>
    <import addon="script.module.urlresolver" />
    <import addon="script.module.simplejson" /> 
    <import addon="script.common.plugin.cache" version="2.5.2"/>
    <import addon="script.module.metahandler" version="2.5.1"/>
  </requires>
  <extension point="xbmc.python.pluginsource" library="default.py">
    <provides>video</provides>
  </extension>
  <extension point="xbmc.addon.metadata">
    <summary lang="en">Project D, Brings You Sporting Replays, 3D Movies And More!</summary>
    <description lang="en">Please Enjoy, This Is An Ongoing Project!</description>
    <disclaimer lang="en">Project D Takes No Credit Or Liability For The Content Provided!</disclaimer>
    <platform>all</platform>
  </extension>
</addon>
