<?xml version="1.0" encoding="UTF-8"?>
<window><!-- Aeon MQ 6 -->
	<defaultcontrol always="true">9000</defaultcontrol>
	<allowoverlay>no</allowoverlay>
	<controls>
	<control type="multiimage">
	<include>WindowBG</include>
	<imagepath background="true">$VAR[value_menutheme_settings]</imagepath>
	</control>
	<control type="image">
	<include>WindowBG</include>
	<texture background="true">$INFO[ListItem.Art(fanart)]</texture>
	<include>Animation_Fade</include>
	<visible>!Skin.HasSetting(noAddonfanart)</visible>
	</control>
	<control type="group"><!-- default group -->
	<include>Animation_Window</include>
	<include>SettingsBack</include><!-- Menu da direita -->
	<control type="label">
	<include>SettingsContentTitle</include>
	<label>31010</label>
	</control>
	<control type="scrollbar" id="80">
	<include>ScrollBar_Vertical</include>
	<left>1240</left>
	<top>135</top>
	<height>265</height>
	<onleft>55</onleft>
	<onright>55</onright>
	<animation effect="fade" time="200">Visible</animation>
	<animation effect="fade" time="50">Hidden</animation>
	<visible allowhiddenfocus="true">Control.IsVisible(55)</visible>
	</control>
	<control type="group">
	<animation effect="fade" reversible="true" time="150">VisibleChange</animation>
	<visible>![Container(9000).HasFocus(2) | ControlGroup(9001).HasFocus]</visible>
	<control type="list" id="55">
	<viewtype>list</viewtype>
	<left>240</left>
	<top>120</top>
	<width>1040</width>
	<height>275</height>
	<itemgap>0</itemgap>
	<onup>55</onup>
	<ondown>55</ondown>
	<onleft>9000</onleft>
	<onright>80</onright>
	<orientation>vertical</orientation>
	<pagecontrol>80</pagecontrol>
	<itemlayout width="990" height="40">
	<control type="label">
	<left>50</left>
	<top>0</top>
	<width>600</width>
	<height>40</height>
	<align>left</align>
	<aligny>center</aligny>
	<font>Font_20</font>
	<textcolor>FFFFFAF0</textcolor>
	<label>$INFO[ListItem.Label]</label>
	<scroll>true</scroll>
	<scrollout>false</scrollout>
	</control>
	<control type="label">
	<left>670</left>
	<top>0</top>
	<width>290</width>
	<height>40</height>
	<align>right</align>
	<aligny>center</aligny>
	<font>Font_20</font>
	<textcolor>FFFFFAF0</textcolor>
	<label>$INFO[ListItem.Label2]</label>
	</control>
	</itemlayout>
	<focusedlayout width="990" height="40">
	<control type="image">
	<left>0</left>
	<top>0</top>
	<width>1040</width>
	<height>40</height>
	<texture>settings_button_focus.png</texture>
	<visible>Control.HasFocus(55)</visible>
	</control>
	<control type="label">
	<left>50</left>
	<top>0</top>
	<width>600</width>
	<height>40</height>
	<align>left</align>
	<aligny>center</aligny>
	<font>Font_20</font>
	<textcolor>FF101010</textcolor>
	<label>$INFO[ListItem.Label]</label>
	<scroll>true</scroll>
	<scrollout>false</scrollout>
	<visible>Control.HasFocus(55)</visible>
	</control>
	<control type="label">
	<left>670</left>
	<top>0</top>
	<width>290</width>
	<height>40</height>
	<align>right</align>
	<aligny>center</aligny>
	<font>Font_20</font>
	<textcolor>FF101010</textcolor>
	<label>$INFO[ListItem.Label2]</label>
	<visible>Control.HasFocus(55)</visible>
	</control>
	<control type="label">
	<left>50</left>
	<top>0</top>
	<width>600</width>
	<height>40</height>
	<align>left</align>
	<aligny>center</aligny>
	<font>Font_20</font>
	<textcolor>FFFFFAF0</textcolor>
	<label>$INFO[ListItem.Label]</label>
	<scroll>true</scroll>
	<scrollout>false</scrollout>
	<visible>!Control.HasFocus(55)</visible>
	</control>
	<control type="label">
	<left>670</left>
	<top>0</top>
	<width>290</width>
	<height>40</height>
	<align>right</align>
	<aligny>center</aligny>
	<font>Font_20</font>
	<textcolor>FFFFFAF0</textcolor>
	<label>$INFO[ListItem.Label2]</label>
	<visible>!Control.HasFocus(55)</visible>
	</control>
	</focusedlayout>
	</control>
	<control type="image">
	<left>240</left>
	<top>386</top>
	<width>1045</width>
	<height>30</height>
	<texture>shadow_h.png</texture>
	<colordiffuse>C3FFFFFF</colordiffuse>
	</control>
	<control type="image">
	<left>240</left>
	<top>416</top>
	<width>1040</width>
	<height>249</height>
	<texture>grey.png</texture>
	<colordiffuse>80FFFFFF</colordiffuse>
	</control>
	<control type="image">
	<left>240</left>
	<top>665</top>
	<width>1045</width>
	<height>30</height>
	<texture flipy="true">shadow_h.png</texture>
	<colordiffuse>C3FFFFFF</colordiffuse>
	</control>
	<control type="image">
	<left>290</left>
	<top>428</top>
	<width>225</width>
	<height>225</height>
	<texture fallback="DefaultAddon.png" background="true">$INFO[Container(55).ListItem.Icon]</texture>
	<bordertexture border="-25">musicframe.png</bordertexture>
	<fadetime>FanartCrossFadeTime</fadetime>
	<aspectratio>keep</aspectratio>
	</control>
	<control type="textbox">
	<left>540</left>
	<top>422</top>
	<width>660</width>
	<height>240</height>
	<textcolor>FF101010</textcolor>
	<font>Font_18A</font>
	<label>$INFO[ListItem.Property(Addon.Description)]</label>
	<autoscroll delay="15000" time="2000" repeat="15000">!Skin.HasSetting(noallowscroll)</autoscroll>
	</control>
	<control type="image">
	<left>240</left>
	<top>416</top>
	<width>1040</width>
	<height>249</height>
	<texture>osd_glass.png</texture>
	<colordiffuse>90FFFFFF</colordiffuse>
	</control>
	</control>
	<include>RSS</include>
	<include>SettingsMenu</include><!-- Menu da esquerda -->
	<include>Date</include>
	<control type="label">
	<include>SettingsSectionTitle</include>
	<label>31202</label>
	</control>
	<control type="list" id="9000">
	<viewtype>list</viewtype>
	<left>0</left>
	<top>120</top>
	<width>249</width>
	<height>600</height>
	<onup>9000</onup>
	<ondown>9000</ondown>
	<onleft condition="Window.Previous(4)">ActivateWindow(4)</onleft>
	<onleft condition="Window.Previous(Home)">ActivateWindow(Home)</onleft>
	<onright condition="Container(9000).HasFocus(1)">55</onright>
	<onright condition="Container(9000).HasFocus(2)">9001</onright>
	<orientation>vertical</orientation>
	<itemgap>0</itemgap>
	<focusposition>0</focusposition>
	<scrolltime>400</scrolltime>
	<itemlayout width="240" height="40">
	<control type="label">
	<include>SettingsLabel</include>
	<label>$INFO[ListItem.Label]</label>
	</control>
	</itemlayout>
	<focusedlayout width="240" height="40">
	<control type="image">
	<include>SettingsImage</include>
	<animation effect="fade" start="100" end="50" time="0" condition="!Control.Hasfocus(9000)">conditional</animation>
	</control>
	<control type="label">
	<include>SettingsLabelFocus</include>
	<label>$INFO[ListItem.Label]</label>
	</control>
	</focusedlayout>
	<content>
	<item id="1"><!-- Addons List -->
	<label>24001</label>
	<icon>-</icon>
	<onclick>SetFocus(55)</onclick>
	</item>
	<item id="2"><!-- Configure -->
	<label>31261</label>
	<icon>-</icon>
	<onclick>SetFocus(9001)</onclick>
	</item>
	</content>
	</control>
	<control type="image">
	<left>0</left>
	<top>0</top>
	<width>250</width>
	<height>720</height>
	<texture>menu_glass.png</texture>
	<colordiffuse>70FFFAF0</colordiffuse>
	</control>

	<!-- Settings List -->
	<control type="grouplist" id="9001">
	<animation effect="fade" reversible="true" time="150">VisibleChange</animation>
	<left>240</left>
	<top>120</top>
	<width>1040</width>
	<height>494</height>
	<itemgap>0</itemgap>
	<visible>Container(9000).HasFocus(2)</visible>
	<onleft>9000</onleft>
	<onright>9000</onright>
	<onup>9001</onup>
	<ondown>9001</ondown>
	<control type="button" id ="5"><!-- Atualizacao automatica -->
	<label>31263</label>
	</control>
	<control type="button" id ="9"><!-- Procurar atualizacoes -->
	<label>24034</label>
	</control>
	<control type="radiobutton" id ="6"><!-- Ocultar notificacoes -->
	<label>31264</label>
	</control>
	<control type="radiobutton" id="7"><!-- Ocultar desconhecidos -->
	<label>25001</label>
	</control>
	<control type="radiobutton" id="8"><!-- Ocultar quebrados -->
	<label>24999</label>
	</control>
	<control type="radiobutton" id ="500"><!-- Add-on fanart -->
	<label>31265</label>
	<onclick>Skin.ToggleSetting(noaddonfanart)</onclick>
	<selected>!Skin.HasSetting(noaddonfanart)</selected>
	</control>
	</control>
	<include>BGBlack</include>
	</control>
	</controls>
</window>