<?xml version="1.0" encoding="UTF-8"?>
<window id="6316" type="dialog"><!-- Aeon MQ 6 --><!-- Vnode 16 -->
	<defaultcontrol>-</defaultcontrol>
	<include>SubMenuCommon</include>
	<controls>
	<control type="group">
	<include condition="Window.IsVisible(6000)">MenuCustom</include>
	<control type="group"><!-- default group -->
	<include>Animation_SubMenu</include>
	<include condition="Window.IsVisible(6000)">SubmenuGoTo</include>
	<include condition="Window.IsVisible(Home)">SubMenuDefault</include>
	<control type="panel" id="9000">
	<include condition="Window.IsVisible(6000)">SubmenuVList</include>
	<include condition="Window.IsVisible(Home)">SubmenuHList</include>
	<content>
	<item>
	<label fallback="31014">$VAR[value_menu31601.label]</label>
	<property name="condition">$INFO[skin.string(menu31601.visible)]</property>
	<property name="name">menu31601</property>
	<property name="id">$INFO[skin.string(menu31601.master)]</property>
	<onclick condition="Window.IsVisible(6000)">SetFocus(5000)</onclick>
	<onclick condition="Window.IsVisible(Home)">Dialog.Close(6316)</onclick>
	<onclick condition="Window.IsVisible(Home)">Skin.SetString(submenu_action,$VAR[value_menu31601.action])</onclick>
	<visible>![IsEmpty(skin.string(menu31601.master)) | SubString(skin.string(menu31601.visible),off)] | Window.IsVisible(6000)</visible>
	</item>
	<item>
	<label fallback="31014">$VAR[value_menu31602.label]</label>
	<property name="condition">$INFO[skin.string(menu31602.visible)]</property>
	<property name="name">menu31602</property>
	<property name="id">$INFO[skin.string(menu31602.master)]</property>
	<onclick condition="Window.IsVisible(6000)">SetFocus(5000)</onclick>
	<onclick condition="Window.IsVisible(Home)">Dialog.Close(6316)</onclick>
	<onclick condition="Window.IsVisible(Home)">Skin.SetString(submenu_action,$VAR[value_menu31602.action])</onclick>
	<visible>![IsEmpty(skin.string(menu31602.master)) | SubString(skin.string(menu31602.visible),off)] | Window.IsVisible(6000)</visible>
	</item>
	<item>
	<label fallback="31014">$VAR[value_menu31603.label]</label>
	<property name="condition">$INFO[skin.string(menu31603.visible)]</property>
	<property name="name">menu31603</property>
	<property name="id">$INFO[skin.string(menu31603.master)]</property>
	<onclick condition="Window.IsVisible(6000)">SetFocus(5000)</onclick>
	<onclick condition="Window.IsVisible(Home)">Dialog.Close(6316)</onclick>
	<onclick condition="Window.IsVisible(Home)">Skin.SetString(submenu_action,$VAR[value_menu31603.action])</onclick>
	<visible>![IsEmpty(skin.string(menu31603.master)) | SubString(skin.string(menu31603.visible),off)] | Window.IsVisible(6000)</visible>
	</item>
	<item>
	<label fallback="31014">$VAR[value_menu31604.label]</label>
	<property name="condition">$INFO[skin.string(menu31604.visible)]</property>
	<property name="name">menu31604</property>
	<property name="id">$INFO[skin.string(menu31604.master)]</property>
	<onclick condition="Window.IsVisible(6000)">SetFocus(5000)</onclick>
	<onclick condition="Window.IsVisible(Home)">Dialog.Close(6316)</onclick>
	<onclick condition="Window.IsVisible(Home)">Skin.SetString(submenu_action,$VAR[value_menu31604.action])</onclick>
	<visible>![IsEmpty(skin.string(menu31604.master)) | SubString(skin.string(menu31604.visible),off)] | Window.IsVisible(6000)</visible>
	</item>
	<item>
	<label fallback="31014">$VAR[value_menu31605.label]</label>
	<property name="condition">$INFO[skin.string(menu31605.visible)]</property>
	<property name="name">menu31605</property>
	<property name="id">$INFO[skin.string(menu31605.master)]</property>
	<onclick condition="Window.IsVisible(6000)">SetFocus(5000)</onclick>
	<onclick condition="Window.IsVisible(Home)">Dialog.Close(6316)</onclick>
	<onclick condition="Window.IsVisible(Home)">Skin.SetString(submenu_action,$VAR[value_menu31605.action])</onclick>
	<visible>![IsEmpty(skin.string(menu31605.master)) | SubString(skin.string(menu31605.visible),off)] | Window.IsVisible(6000)</visible>
	</item>
	<item>
	<label fallback="31014">$VAR[value_menu31606.label]</label>
	<property name="condition">$INFO[skin.string(menu31606.visible)]</property>
	<property name="name">menu31606</property>
	<property name="id">$INFO[skin.string(menu31606.master)]</property>
	<onclick condition="Window.IsVisible(6000)">SetFocus(5000)</onclick>
	<onclick condition="Window.IsVisible(Home)">Dialog.Close(6316)</onclick>
	<onclick condition="Window.IsVisible(Home)">Skin.SetString(submenu_action,$VAR[value_menu31606.action])</onclick>
	<visible>![IsEmpty(skin.string(menu31606.master)) | SubString(skin.string(menu31606.visible),off)] | Window.IsVisible(6000)</visible>
	</item>
	<item>
	<label fallback="31014">$VAR[value_menu31607.label]</label>
	<property name="condition">$INFO[skin.string(menu31607.visible)]</property>
	<property name="name">menu31607</property>
	<property name="id">$INFO[skin.string(menu31607.master)]</property>
	<onclick condition="Window.IsVisible(6000)">SetFocus(5000)</onclick>
	<onclick condition="Window.IsVisible(Home)">Dialog.Close(6316)</onclick>
	<onclick condition="Window.IsVisible(Home)">Skin.SetString(submenu_action,$VAR[value_menu31607.action])</onclick>
	<visible>![IsEmpty(skin.string(menu31607.master)) | SubString(skin.string(menu31607.visible),off)] | Window.IsVisible(6000)</visible>
	</item>
	<item>
	<label fallback="31014">$VAR[value_menu31608.label]</label>
	<property name="condition">$INFO[skin.string(menu31608.visible)]</property>
	<property name="name">menu31608</property>
	<property name="id">$INFO[skin.string(menu31608.master)]</property>
	<onclick condition="Window.IsVisible(6000)">SetFocus(5000)</onclick>
	<onclick condition="Window.IsVisible(Home)">Dialog.Close(6316)</onclick>
	<onclick condition="Window.IsVisible(Home)">Skin.SetString(submenu_action,$VAR[value_menu31608.action])</onclick>
	<visible>![IsEmpty(skin.string(menu31608.master)) | SubString(skin.string(menu31608.visible),off)] | Window.IsVisible(6000)</visible>
	</item>
	<item>
	<label fallback="31014">$VAR[value_menu31609.label]</label>
	<property name="condition">$INFO[skin.string(menu31609.visible)]</property>
	<property name="name">menu31609</property>
	<property name="id">$INFO[skin.string(menu31609.master)]</property>
	<onclick condition="Window.IsVisible(6000)">SetFocus(5000)</onclick>
	<onclick condition="Window.IsVisible(Home)">Dialog.Close(6316)</onclick>
	<onclick condition="Window.IsVisible(Home)">Skin.SetString(submenu_action,$VAR[value_menu31609.action])</onclick>
	<visible>![IsEmpty(skin.string(menu31609.master)) | SubString(skin.string(menu31609.visible),off)] | Window.IsVisible(6000)</visible>
	</item>
	<item>
	<label fallback="31014">$VAR[value_menu31610.label]</label>
	<property name="condition">$INFO[skin.string(menu31610.visible)]</property>
	<property name="name">menu31610</property>
	<property name="id">$INFO[skin.string(menu31610.master)]</property>
	<onclick condition="Window.IsVisible(6000)">SetFocus(5000)</onclick>
	<onclick condition="Window.IsVisible(Home)">Dialog.Close(6316)</onclick>
	<onclick condition="Window.IsVisible(Home)">Skin.SetString(submenu_action,$VAR[value_menu31610.action])</onclick>
	<visible>![IsEmpty(skin.string(menu31610.master)) | SubString(skin.string(menu31610.visible),off)] | Window.IsVisible(6000)</visible>
	</item>
	<item>
	<label fallback="31014">$VAR[value_menu31611.label]</label>
	<property name="condition">$INFO[skin.string(menu31611.visible)]</property>
	<property name="name">menu31611</property>
	<property name="id">$INFO[skin.string(menu31611.master)]</property>
	<onclick condition="Window.IsVisible(6000)">SetFocus(5000)</onclick>
	<onclick condition="Window.IsVisible(Home)">Dialog.Close(6316)</onclick>
	<onclick condition="Window.IsVisible(Home)">Skin.SetString(submenu_action,$VAR[value_menu31611.action])</onclick>
	<visible>![IsEmpty(skin.string(menu31611.master)) | SubString(skin.string(menu31611.visible),off)] | Window.IsVisible(6000)</visible>
	</item>
	<item>
	<label fallback="31014">$VAR[value_menu31612.label]</label>
	<property name="condition">$INFO[skin.string(menu31612.visible)]</property>
	<property name="name">menu31612</property>
	<property name="id">$INFO[skin.string(menu31612.master)]</property>
	<onclick condition="Window.IsVisible(6000)">SetFocus(5000)</onclick>
	<onclick condition="Window.IsVisible(Home)">Dialog.Close(6316)</onclick>
	<onclick condition="Window.IsVisible(Home)">Skin.SetString(submenu_action,$VAR[value_menu31612.action])</onclick>
	<visible>![IsEmpty(skin.string(menu31612.master)) | SubString(skin.string(menu31612.visible),off)] | Window.IsVisible(6000)</visible>
	</item>
	<item>
	<label fallback="31014">$VAR[value_menu31613.label]</label>
	<property name="condition">$INFO[skin.string(menu31613.visible)]</property>
	<property name="name">menu31613</property>
	<property name="id">$INFO[skin.string(menu31613.master)]</property>
	<onclick condition="Window.IsVisible(6000)">SetFocus(5000)</onclick>
	<onclick condition="Window.IsVisible(Home)">Dialog.Close(6316)</onclick>
	<onclick condition="Window.IsVisible(Home)">Skin.SetString(submenu_action,$VAR[value_menu31613.action])</onclick>
	<visible>![IsEmpty(skin.string(menu31613.master)) | SubString(skin.string(menu31613.visible),off)] | Window.IsVisible(6000)</visible>
	</item>
	<item>
	<label fallback="31014">$VAR[value_menu31614.label]</label>
	<property name="condition">$INFO[skin.string(menu31614.visible)]</property>
	<property name="name">menu31614</property>
	<property name="id">$INFO[skin.string(menu31614.master)]</property>
	<onclick condition="Window.IsVisible(6000)">SetFocus(5000)</onclick>
	<onclick condition="Window.IsVisible(Home)">Dialog.Close(6316)</onclick>
	<onclick condition="Window.IsVisible(Home)">Skin.SetString(submenu_action,$VAR[value_menu31614.action])</onclick>
	<visible>![IsEmpty(skin.string(menu31614.master)) | SubString(skin.string(menu31614.visible),off)] | Window.IsVisible(6000)</visible>
	</item>
	<item>
	<label fallback="31014">$VAR[value_menu31615.label]</label>
	<property name="condition">$INFO[skin.string(menu31615.visible)]</property>
	<property name="name">menu31615</property>
	<property name="id">$INFO[skin.string(menu31615.master)]</property>
	<onclick condition="Window.IsVisible(6000)">SetFocus(5000)</onclick>
	<onclick condition="Window.IsVisible(Home)">Dialog.Close(6316)</onclick>
	<onclick condition="Window.IsVisible(Home)">Skin.SetString(submenu_action,$VAR[value_menu31615.action])</onclick>
	<visible>![IsEmpty(skin.string(menu31615.master)) | SubString(skin.string(menu31615.visible),off)] | Window.IsVisible(6000)</visible>
	</item>
	</content>
	</control>
	<include condition="Window.IsVisible(6000)">Glass</include>
	</control>
	</control>
	</controls>
</window>