<?xml version="1.0" encoding="UTF-8"?>
<window id="6301" type="dialog"><!-- Aeon MQ 6 --><!-- Vnode 1 -->
	<defaultcontrol>-</defaultcontrol>
	<include>SubMenuCommon</include>
	<controls>
	<control type="group">
	<include condition="Window.IsVisible(6000)">MenuCustom</include>
	<control type="group"><!-- default group -->
	<include>Animation_SubMenu</include>
	<include condition="Window.IsVisible(6000)">SubmenuGoTo</include>
	<include condition="Window.IsVisible(Home)">SubMenuDefault</include>
	<control type="panel" id="9000">
	<include condition="Window.IsVisible(6000)">SubmenuVList</include>
	<include condition="Window.IsVisible(Home)">SubmenuHList</include>
	<content>
	<item>
	<label fallback="31014">$VAR[value_menu30101.label]</label>
	<property name="condition">$INFO[skin.string(menu30101.visible)]</property>
	<property name="name">menu30101</property>
	<property name="id">$INFO[skin.string(menu30101.master)]</property>
	<onclick condition="Window.IsVisible(6000)">SetFocus(5000)</onclick>
	<onclick condition="Window.IsVisible(Home)">Dialog.Close(6301)</onclick>
	<onclick condition="Window.IsVisible(Home)">Skin.SetString(submenu_action,$VAR[value_menu30101.action])</onclick>
	<visible>![IsEmpty(skin.string(menu30101.master)) | SubString(skin.string(menu30101.visible),off)] | Window.IsVisible(6000)</visible>
	</item>
	<item>
	<label fallback="31014">$VAR[value_menu30102.label]</label>
	<property name="condition">$INFO[skin.string(menu30102.visible)]</property>
	<property name="name">menu30102</property>
	<property name="id">$INFO[skin.string(menu30102.master)]</property>
	<onclick condition="Window.IsVisible(6000)">SetFocus(5000)</onclick>
	<onclick condition="Window.IsVisible(Home)">Dialog.Close(6301)</onclick>
	<onclick condition="Window.IsVisible(Home)">Skin.SetString(submenu_action,$VAR[value_menu30102.action])</onclick>
	<visible>![IsEmpty(skin.string(menu30102.master)) | SubString(skin.string(menu30102.visible),off)] | Window.IsVisible(6000)</visible>
	</item>
	<item>
	<label fallback="31014">$VAR[value_menu30103.label]</label>
	<property name="condition">$INFO[skin.string(menu30103.visible)]</property>
	<property name="name">menu30103</property>
	<property name="id">$INFO[skin.string(menu30103.master)]</property>
	<onclick condition="Window.IsVisible(6000)">SetFocus(5000)</onclick>
	<onclick condition="Window.IsVisible(Home)">Dialog.Close(6301)</onclick>
	<onclick condition="Window.IsVisible(Home)">Skin.SetString(submenu_action,$VAR[value_menu30103.action])</onclick>
	<visible>![IsEmpty(skin.string(menu30103.master)) | SubString(skin.string(menu30103.visible),off)] | Window.IsVisible(6000)</visible>
	</item>
	<item>
	<label fallback="31014">$VAR[value_menu30104.label]</label>
	<property name="condition">$INFO[skin.string(menu30104.visible)]</property>
	<property name="name">menu30104</property>
	<property name="id">$INFO[skin.string(menu30104.master)]</property>
	<onclick condition="Window.IsVisible(6000)">SetFocus(5000)</onclick>
	<onclick condition="Window.IsVisible(Home)">Dialog.Close(6301)</onclick>
	<onclick condition="Window.IsVisible(Home)">Skin.SetString(submenu_action,$VAR[value_menu30104.action])</onclick>
	<visible>![IsEmpty(skin.string(menu30104.master)) | SubString(skin.string(menu30104.visible),off)] | Window.IsVisible(6000)</visible>
	</item>
	<item>
	<label fallback="31014">$VAR[value_menu30105.label]</label>
	<property name="condition">$INFO[skin.string(menu30105.visible)]</property>
	<property name="name">menu30105</property>
	<property name="id">$INFO[skin.string(menu30105.master)]</property>
	<onclick condition="Window.IsVisible(6000)">SetFocus(5000)</onclick>
	<onclick condition="Window.IsVisible(Home)">Dialog.Close(6301)</onclick>
	<onclick condition="Window.IsVisible(Home)">Skin.SetString(submenu_action,$VAR[value_menu30105.action])</onclick>
	<visible>![IsEmpty(skin.string(menu30105.master)) | SubString(skin.string(menu30105.visible),off)] | Window.IsVisible(6000)</visible>
	</item>
	<item>
	<label fallback="31014">$VAR[value_menu30106.label]</label>
	<property name="condition">$INFO[skin.string(menu30106.visible)]</property>
	<property name="name">menu30106</property>
	<property name="id">$INFO[skin.string(menu30106.master)]</property>
	<onclick condition="Window.IsVisible(6000)">SetFocus(5000)</onclick>
	<onclick condition="Window.IsVisible(Home)">Dialog.Close(6301)</onclick>
	<onclick condition="Window.IsVisible(Home)">Skin.SetString(submenu_action,$VAR[value_menu30106.action])</onclick>
	<visible>![IsEmpty(skin.string(menu30106.master)) | SubString(skin.string(menu30106.visible),off)] | Window.IsVisible(6000)</visible>
	</item>
	<item>
	<label fallback="31014">$VAR[value_menu30107.label]</label>
	<property name="condition">$INFO[skin.string(menu30107.visible)]</property>
	<property name="name">menu30107</property>
	<property name="id">$INFO[skin.string(menu30107.master)]</property>
	<onclick condition="Window.IsVisible(6000)">SetFocus(5000)</onclick>
	<onclick condition="Window.IsVisible(Home)">Dialog.Close(6301)</onclick>
	<onclick condition="Window.IsVisible(Home)">Skin.SetString(submenu_action,$VAR[value_menu30107.action])</onclick>
	<visible>![IsEmpty(skin.string(menu30107.master)) | SubString(skin.string(menu30107.visible),off)] | Window.IsVisible(6000)</visible>
	</item>
	<item>
	<label fallback="31014">$VAR[value_menu30108.label]</label>
	<property name="condition">$INFO[skin.string(menu30108.visible)]</property>
	<property name="name">menu30108</property>
	<property name="id">$INFO[skin.string(menu30108.master)]</property>
	<onclick condition="Window.IsVisible(6000)">SetFocus(5000)</onclick>
	<onclick condition="Window.IsVisible(Home)">Dialog.Close(6301)</onclick>
	<onclick condition="Window.IsVisible(Home)">Skin.SetString(submenu_action,$VAR[value_menu30108.action])</onclick>
	<visible>![IsEmpty(skin.string(menu30108.master)) | SubString(skin.string(menu30108.visible),off)] | Window.IsVisible(6000)</visible>
	</item>
	<item>
	<label fallback="31014">$VAR[value_menu30109.label]</label>
	<property name="condition">$INFO[skin.string(menu30109.visible)]</property>
	<property name="name">menu30109</property>
	<property name="id">$INFO[skin.string(menu30109.master)]</property>
	<onclick condition="Window.IsVisible(6000)">SetFocus(5000)</onclick>
	<onclick condition="Window.IsVisible(Home)">Dialog.Close(6301)</onclick>
	<onclick condition="Window.IsVisible(Home)">Skin.SetString(submenu_action,$VAR[value_menu30109.action])</onclick>
	<visible>![IsEmpty(skin.string(menu30109.master)) | SubString(skin.string(menu30109.visible),off)] | Window.IsVisible(6000)</visible>
	</item>
	<item>
	<label fallback="31014">$VAR[value_menu30110.label]</label>
	<property name="condition">$INFO[skin.string(menu30110.visible)]</property>
	<property name="name">menu30110</property>
	<property name="id">$INFO[skin.string(menu30110.master)]</property>
	<onclick condition="Window.IsVisible(6000)">SetFocus(5000)</onclick>
	<onclick condition="Window.IsVisible(Home)">Dialog.Close(6301)</onclick>
	<onclick condition="Window.IsVisible(Home)">Skin.SetString(submenu_action,$VAR[value_menu30110.action])</onclick>
	<visible>![IsEmpty(skin.string(menu30110.master)) | SubString(skin.string(menu30110.visible),off)] | Window.IsVisible(6000)</visible>
	</item>
	<item>
	<label fallback="31014">$VAR[value_menu30111.label]</label>
	<property name="condition">$INFO[skin.string(menu30111.visible)]</property>
	<property name="name">menu30111</property>
	<property name="id">$INFO[skin.string(menu30111.master)]</property>
	<onclick condition="Window.IsVisible(6000)">SetFocus(5000)</onclick>
	<onclick condition="Window.IsVisible(Home)">Dialog.Close(6301)</onclick>
	<onclick condition="Window.IsVisible(Home)">Skin.SetString(submenu_action,$VAR[value_menu30111.action])</onclick>
	<visible>![IsEmpty(skin.string(menu30111.master)) | SubString(skin.string(menu30111.visible),off)] | Window.IsVisible(6000)</visible>
	</item>
	<item>
	<label fallback="31014">$VAR[value_menu30112.label]</label>
	<property name="condition">$INFO[skin.string(menu30112.visible)]</property>
	<property name="name">menu30112</property>
	<property name="id">$INFO[skin.string(menu30112.master)]</property>
	<onclick condition="Window.IsVisible(6000)">SetFocus(5000)</onclick>
	<onclick condition="Window.IsVisible(Home)">Dialog.Close(6301)</onclick>
	<onclick condition="Window.IsVisible(Home)">Skin.SetString(submenu_action,$VAR[value_menu30112.action])</onclick>
	<visible>![IsEmpty(skin.string(menu30112.master)) | SubString(skin.string(menu30112.visible),off)] | Window.IsVisible(6000)</visible>
	</item>
	<item>
	<label fallback="31014">$VAR[value_menu30113.label]</label>
	<property name="condition">$INFO[skin.string(menu30113.visible)]</property>
	<property name="name">menu30113</property>
	<property name="id">$INFO[skin.string(menu30113.master)]</property>
	<onclick condition="Window.IsVisible(6000)">SetFocus(5000)</onclick>
	<onclick condition="Window.IsVisible(Home)">Dialog.Close(6301)</onclick>
	<onclick condition="Window.IsVisible(Home)">Skin.SetString(submenu_action,$VAR[value_menu30113.action])</onclick>
	<visible>![IsEmpty(skin.string(menu30113.master)) | SubString(skin.string(menu30113.visible),off)] | Window.IsVisible(6000)</visible>
	</item>
	<item>
	<label fallback="31014">$VAR[value_menu30114.label]</label>
	<property name="condition">$INFO[skin.string(menu30114.visible)]</property>
	<property name="name">menu30114</property>
	<property name="id">$INFO[skin.string(menu30114.master)]</property>
	<onclick condition="Window.IsVisible(6000)">SetFocus(5000)</onclick>
	<onclick condition="Window.IsVisible(Home)">Dialog.Close(6301)</onclick>
	<onclick condition="Window.IsVisible(Home)">Skin.SetString(submenu_action,$VAR[value_menu30114.action])</onclick>
	<visible>![IsEmpty(skin.string(menu30114.master)) | SubString(skin.string(menu30114.visible),off)] | Window.IsVisible(6000)</visible>
	</item>
	<item>
	<label fallback="31014">$VAR[value_menu30115.label]</label>
	<property name="condition">$INFO[skin.string(menu30115.visible)]</property>
	<property name="name">menu30115</property>
	<property name="id">$INFO[skin.string(menu30115.master)]</property>
	<onclick condition="Window.IsVisible(6000)">SetFocus(5000)</onclick>
	<onclick condition="Window.IsVisible(Home)">Dialog.Close(6301)</onclick>
	<onclick condition="Window.IsVisible(Home)">Skin.SetString(submenu_action,$VAR[value_menu30115.action])</onclick>
	<visible>![IsEmpty(skin.string(menu30115.master)) | SubString(skin.string(menu30115.visible),off)] | Window.IsVisible(6000)</visible>
	</item>
	</content>
	</control>
	<include condition="Window.IsVisible(6000)">Glass</include>
	</control>
	</control>
	</controls>
</window>