<?xml version="1.0" encoding="UTF-8"?>
<window id="6104" type="dialog"><!-- Aeon MQ 6 --><!-- V-Playlist 4 -->
	<defaultcontrol>-</defaultcontrol>
	<include>SubMenuCommon</include>
	<controls>
	<control type="group">
	<include condition="Window.IsVisible(6000)">MenuCustom</include>
	<control type="group"><!-- default group -->
	<include>Animation_SubMenu</include>
	<include condition="Window.IsVisible(6000)">SubmenuGoTo</include>
	<include condition="Window.IsVisible(Home)">SubMenuDefault</include>
	<control type="panel" id="9000">
	<include condition="Window.IsVisible(6000)">SubmenuVList</include>
	<include condition="Window.IsVisible(Home)">SubmenuHList</include>
	<content>
	<item>
	<label fallback="31014">$VAR[value_menu10401.label]</label>
	<property name="condition">$INFO[skin.string(menu10401.visible)]</property>
	<property name="name">menu10401</property>
	<property name="id">$INFO[skin.string(menu10401.master)]</property>
	<onclick condition="Window.IsVisible(6000)">SetFocus(5000)</onclick>
	<onclick condition="Window.IsVisible(Home)">Dialog.Close(6104)</onclick>
	<onclick condition="Window.IsVisible(Home)">Skin.SetString(submenu_action,$VAR[value_menu10401.action])</onclick>
	<visible>![IsEmpty(skin.string(menu10401.master)) | SubString(skin.string(menu10401.visible),off)] | Window.IsVisible(6000)</visible>
	</item>
	<item>
	<label fallback="31014">$VAR[value_menu10402.label]</label>
	<property name="condition">$INFO[skin.string(menu10402.visible)]</property>
	<property name="name">menu10402</property>
	<property name="id">$INFO[skin.string(menu10402.master)]</property>
	<onclick condition="Window.IsVisible(6000)">SetFocus(5000)</onclick>
	<onclick condition="Window.IsVisible(Home)">Dialog.Close(6104)</onclick>
	<onclick condition="Window.IsVisible(Home)">Skin.SetString(submenu_action,$VAR[value_menu10402.action])</onclick>
	<visible>![IsEmpty(skin.string(menu10402.master)) | SubString(skin.string(menu10402.visible),off)] | Window.IsVisible(6000)</visible>
	</item>
	<item>
	<label fallback="31014">$VAR[value_menu10403.label]</label>
	<property name="condition">$INFO[skin.string(menu10403.visible)]</property>
	<property name="name">menu10403</property>
	<property name="id">$INFO[skin.string(menu10403.master)]</property>
	<onclick condition="Window.IsVisible(6000)">SetFocus(5000)</onclick>
	<onclick condition="Window.IsVisible(Home)">Dialog.Close(6104)</onclick>
	<onclick condition="Window.IsVisible(Home)">Skin.SetString(submenu_action,$VAR[value_menu10403.action])</onclick>
	<visible>![IsEmpty(skin.string(menu10403.master)) | SubString(skin.string(menu10403.visible),off)] | Window.IsVisible(6000)</visible>
	</item>
	<item>
	<label fallback="31014">$VAR[value_menu10404.label]</label>
	<property name="condition">$INFO[skin.string(menu10404.visible)]</property>
	<property name="name">menu10404</property>
	<property name="id">$INFO[skin.string(menu10404.master)]</property>
	<onclick condition="Window.IsVisible(6000)">SetFocus(5000)</onclick>
	<onclick condition="Window.IsVisible(Home)">Dialog.Close(6104)</onclick>
	<onclick condition="Window.IsVisible(Home)">Skin.SetString(submenu_action,$VAR[value_menu10404.action])</onclick>
	<visible>![IsEmpty(skin.string(menu10404.master)) | SubString(skin.string(menu10404.visible),off)] | Window.IsVisible(6000)</visible>
	</item>
	<item>
	<label fallback="31014">$VAR[value_menu10405.label]</label>
	<property name="condition">$INFO[skin.string(menu10405.visible)]</property>
	<property name="name">menu10405</property>
	<property name="id">$INFO[skin.string(menu10405.master)]</property>
	<onclick condition="Window.IsVisible(6000)">SetFocus(5000)</onclick>
	<onclick condition="Window.IsVisible(Home)">Dialog.Close(6104)</onclick>
	<onclick condition="Window.IsVisible(Home)">Skin.SetString(submenu_action,$VAR[value_menu10405.action])</onclick>
	<visible>![IsEmpty(skin.string(menu10405.master)) | SubString(skin.string(menu10405.visible),off)] | Window.IsVisible(6000)</visible>
	</item>
	<item>
	<label fallback="31014">$VAR[value_menu10406.label]</label>
	<property name="condition">$INFO[skin.string(menu10406.visible)]</property>
	<property name="name">menu10406</property>
	<property name="id">$INFO[skin.string(menu10406.master)]</property>
	<onclick condition="Window.IsVisible(6000)">SetFocus(5000)</onclick>
	<onclick condition="Window.IsVisible(Home)">Dialog.Close(6104)</onclick>
	<onclick condition="Window.IsVisible(Home)">Skin.SetString(submenu_action,$VAR[value_menu10406.action])</onclick>
	<visible>![IsEmpty(skin.string(menu10406.master)) | SubString(skin.string(menu10406.visible),off)] | Window.IsVisible(6000)</visible>
	</item>
	<item>
	<label fallback="31014">$VAR[value_menu10407.label]</label>
	<property name="condition">$INFO[skin.string(menu10407.visible)]</property>
	<property name="name">menu10407</property>
	<property name="id">$INFO[skin.string(menu10407.master)]</property>
	<onclick condition="Window.IsVisible(6000)">SetFocus(5000)</onclick>
	<onclick condition="Window.IsVisible(Home)">Dialog.Close(6104)</onclick>
	<onclick condition="Window.IsVisible(Home)">Skin.SetString(submenu_action,$VAR[value_menu10407.action])</onclick>
	<visible>![IsEmpty(skin.string(menu10407.master)) | SubString(skin.string(menu10407.visible),off)] | Window.IsVisible(6000)</visible>
	</item>
	<item>
	<label fallback="31014">$VAR[value_menu10408.label]</label>
	<property name="condition">$INFO[skin.string(menu10408.visible)]</property>
	<property name="name">menu10408</property>
	<property name="id">$INFO[skin.string(menu10408.master)]</property>
	<onclick condition="Window.IsVisible(6000)">SetFocus(5000)</onclick>
	<onclick condition="Window.IsVisible(Home)">Dialog.Close(6104)</onclick>
	<onclick condition="Window.IsVisible(Home)">Skin.SetString(submenu_action,$VAR[value_menu10408.action])</onclick>
	<visible>![IsEmpty(skin.string(menu10408.master)) | SubString(skin.string(menu10408.visible),off)] | Window.IsVisible(6000)</visible>
	</item>
	<item>
	<label fallback="31014">$VAR[value_menu10409.label]</label>
	<property name="condition">$INFO[skin.string(menu10409.visible)]</property>
	<property name="name">menu10409</property>
	<property name="id">$INFO[skin.string(menu10409.master)]</property>
	<onclick condition="Window.IsVisible(6000)">SetFocus(5000)</onclick>
	<onclick condition="Window.IsVisible(Home)">Dialog.Close(6104)</onclick>
	<onclick condition="Window.IsVisible(Home)">Skin.SetString(submenu_action,$VAR[value_menu10409.action])</onclick>
	<visible>![IsEmpty(skin.string(menu10409.master)) | SubString(skin.string(menu10409.visible),off)] | Window.IsVisible(6000)</visible>
	</item>
	<item>
	<label fallback="31014">$VAR[value_menu10410.label]</label>
	<property name="condition">$INFO[skin.string(menu10410.visible)]</property>
	<property name="name">menu10410</property>
	<property name="id">$INFO[skin.string(menu10410.master)]</property>
	<onclick condition="Window.IsVisible(6000)">SetFocus(5000)</onclick>
	<onclick condition="Window.IsVisible(Home)">Dialog.Close(6104)</onclick>
	<onclick condition="Window.IsVisible(Home)">Skin.SetString(submenu_action,$VAR[value_menu10410.action])</onclick>
	<visible>![IsEmpty(skin.string(menu10410.master)) | SubString(skin.string(menu10410.visible),off)] | Window.IsVisible(6000)</visible>
	</item>
	<item>
	<label fallback="31014">$VAR[value_menu10411.label]</label>
	<property name="condition">$INFO[skin.string(menu10411.visible)]</property>
	<property name="name">menu10411</property>
	<property name="id">$INFO[skin.string(menu10411.master)]</property>
	<onclick condition="Window.IsVisible(6000)">SetFocus(5000)</onclick>
	<onclick condition="Window.IsVisible(Home)">Dialog.Close(6104)</onclick>
	<onclick condition="Window.IsVisible(Home)">Skin.SetString(submenu_action,$VAR[value_menu10411.action])</onclick>
	<visible>![IsEmpty(skin.string(menu10411.master)) | SubString(skin.string(menu10411.visible),off)] | Window.IsVisible(6000)</visible>
	</item>
	<item>
	<label fallback="31014">$VAR[value_menu10412.label]</label>
	<property name="condition">$INFO[skin.string(menu10412.visible)]</property>
	<property name="name">menu10412</property>
	<property name="id">$INFO[skin.string(menu10412.master)]</property>
	<onclick condition="Window.IsVisible(6000)">SetFocus(5000)</onclick>
	<onclick condition="Window.IsVisible(Home)">Dialog.Close(6104)</onclick>
	<onclick condition="Window.IsVisible(Home)">Skin.SetString(submenu_action,$VAR[value_menu10412.action])</onclick>
	<visible>![IsEmpty(skin.string(menu10412.master)) | SubString(skin.string(menu10412.visible),off)] | Window.IsVisible(6000)</visible>
	</item>
	<item>
	<label fallback="31014">$VAR[value_menu10413.label]</label>
	<property name="condition">$INFO[skin.string(menu10413.visible)]</property>
	<property name="name">menu10413</property>
	<property name="id">$INFO[skin.string(menu10413.master)]</property>
	<onclick condition="Window.IsVisible(6000)">SetFocus(5000)</onclick>
	<onclick condition="Window.IsVisible(Home)">Dialog.Close(6104)</onclick>
	<onclick condition="Window.IsVisible(Home)">Skin.SetString(submenu_action,$VAR[value_menu10413.action])</onclick>
	<visible>![IsEmpty(skin.string(menu10413.master)) | SubString(skin.string(menu10413.visible),off)] | Window.IsVisible(6000)</visible>
	</item>
	<item>
	<label fallback="31014">$VAR[value_menu10414.label]</label>
	<property name="condition">$INFO[skin.string(menu10414.visible)]</property>
	<property name="name">menu10414</property>
	<property name="id">$INFO[skin.string(menu10414.master)]</property>
	<onclick condition="Window.IsVisible(6000)">SetFocus(5000)</onclick>
	<onclick condition="Window.IsVisible(Home)">Dialog.Close(6104)</onclick>
	<onclick condition="Window.IsVisible(Home)">Skin.SetString(submenu_action,$VAR[value_menu10414.action])</onclick>
	<visible>![IsEmpty(skin.string(menu10414.master)) | SubString(skin.string(menu10414.visible),off)] | Window.IsVisible(6000)</visible>
	</item>
	<item>
	<label fallback="31014">$VAR[value_menu10415.label]</label>
	<property name="condition">$INFO[skin.string(menu10415.visible)]</property>
	<property name="name">menu10415</property>
	<property name="id">$INFO[skin.string(menu10415.master)]</property>
	<onclick condition="Window.IsVisible(6000)">SetFocus(5000)</onclick>
	<onclick condition="Window.IsVisible(Home)">Dialog.Close(6104)</onclick>
	<onclick condition="Window.IsVisible(Home)">Skin.SetString(submenu_action,$VAR[value_menu10415.action])</onclick>
	<visible>![IsEmpty(skin.string(menu10415.master)) | SubString(skin.string(menu10415.visible),off)] | Window.IsVisible(6000)</visible>
	</item>
	</content>
	</control>
	<include condition="Window.IsVisible(6000)">Glass</include>
	</control>
	</control>
	</controls>
</window>