<?xml version="1.0" encoding="UTF-8"?>
<window id="6110" type="dialog"><!-- Aeon MQ 6 --><!-- V-Playlist 10 -->
	<defaultcontrol>-</defaultcontrol>
	<include>SubMenuCommon</include>
	<controls>
	<control type="group">
	<include condition="Window.IsVisible(6000)">MenuCustom</include>
	<control type="group"><!-- default group -->
	<include>Animation_SubMenu</include>
	<include condition="Window.IsVisible(6000)">SubmenuGoTo</include>
	<include condition="Window.IsVisible(Home)">SubMenuDefault</include>
	<control type="panel" id="9000">
	<include condition="Window.IsVisible(6000)">SubmenuVList</include>
	<include condition="Window.IsVisible(Home)">SubmenuHList</include>
	<content>
	<item>
	<label fallback="31014">$VAR[value_menu11001.label]</label>
	<property name="condition">$INFO[skin.string(menu11001.visible)]</property>
	<property name="name">menu11001</property>
	<property name="id">$INFO[skin.string(menu11001.master)]</property>
	<onclick condition="Window.IsVisible(6000)">SetFocus(5000)</onclick>
	<onclick condition="Window.IsVisible(Home)">Dialog.Close(6110)</onclick>
	<onclick condition="Window.IsVisible(Home)">Skin.SetString(submenu_action,$VAR[value_menu11001.action])</onclick>
	<visible>![IsEmpty(skin.string(menu11001.master)) | SubString(skin.string(menu11001.visible),off)] | Window.IsVisible(6000)</visible>
	</item>
	<item>
	<label fallback="31014">$VAR[value_menu11002.label]</label>
	<property name="condition">$INFO[skin.string(menu11002.visible)]</property>
	<property name="name">menu11002</property>
	<property name="id">$INFO[skin.string(menu11002.master)]</property>
	<onclick condition="Window.IsVisible(6000)">SetFocus(5000)</onclick>
	<onclick condition="Window.IsVisible(Home)">Dialog.Close(6110)</onclick>
	<onclick condition="Window.IsVisible(Home)">Skin.SetString(submenu_action,$VAR[value_menu11002.action])</onclick>
	<visible>![IsEmpty(skin.string(menu11002.master)) | SubString(skin.string(menu11002.visible),off)] | Window.IsVisible(6000)</visible>
	</item>
	<item>
	<label fallback="31014">$VAR[value_menu11003.label]</label>
	<property name="condition">$INFO[skin.string(menu11003.visible)]</property>
	<property name="name">menu11003</property>
	<property name="id">$INFO[skin.string(menu11003.master)]</property>
	<onclick condition="Window.IsVisible(6000)">SetFocus(5000)</onclick>
	<onclick condition="Window.IsVisible(Home)">Dialog.Close(6110)</onclick>
	<onclick condition="Window.IsVisible(Home)">Skin.SetString(submenu_action,$VAR[value_menu11003.action])</onclick>
	<visible>![IsEmpty(skin.string(menu11003.master)) | SubString(skin.string(menu11003.visible),off)] | Window.IsVisible(6000)</visible>
	</item>
	<item>
	<label fallback="31014">$VAR[value_menu11004.label]</label>
	<property name="condition">$INFO[skin.string(menu11004.visible)]</property>
	<property name="name">menu11004</property>
	<property name="id">$INFO[skin.string(menu11004.master)]</property>
	<onclick condition="Window.IsVisible(6000)">SetFocus(5000)</onclick>
	<onclick condition="Window.IsVisible(Home)">Dialog.Close(6110)</onclick>
	<onclick condition="Window.IsVisible(Home)">Skin.SetString(submenu_action,$VAR[value_menu11004.action])</onclick>
	<visible>![IsEmpty(skin.string(menu11004.master)) | SubString(skin.string(menu11004.visible),off)] | Window.IsVisible(6000)</visible>
	</item>
	<item>
	<label fallback="31014">$VAR[value_menu11005.label]</label>
	<property name="condition">$INFO[skin.string(menu11005.visible)]</property>
	<property name="name">menu11005</property>
	<property name="id">$INFO[skin.string(menu11005.master)]</property>
	<onclick condition="Window.IsVisible(6000)">SetFocus(5000)</onclick>
	<onclick condition="Window.IsVisible(Home)">Dialog.Close(6110)</onclick>
	<onclick condition="Window.IsVisible(Home)">Skin.SetString(submenu_action,$VAR[value_menu11005.action])</onclick>
	<visible>![IsEmpty(skin.string(menu11005.master)) | SubString(skin.string(menu11005.visible),off)] | Window.IsVisible(6000)</visible>
	</item>
	<item>
	<label fallback="31014">$VAR[value_menu11006.label]</label>
	<property name="condition">$INFO[skin.string(menu11006.visible)]</property>
	<property name="name">menu11006</property>
	<property name="id">$INFO[skin.string(menu11006.master)]</property>
	<onclick condition="Window.IsVisible(6000)">SetFocus(5000)</onclick>
	<onclick condition="Window.IsVisible(Home)">Dialog.Close(6110)</onclick>
	<onclick condition="Window.IsVisible(Home)">Skin.SetString(submenu_action,$VAR[value_menu11006.action])</onclick>
	<visible>![IsEmpty(skin.string(menu11006.master)) | SubString(skin.string(menu11006.visible),off)] | Window.IsVisible(6000)</visible>
	</item>
	<item>
	<label fallback="31014">$VAR[value_menu11007.label]</label>
	<property name="condition">$INFO[skin.string(menu11007.visible)]</property>
	<property name="name">menu11007</property>
	<property name="id">$INFO[skin.string(menu11007.master)]</property>
	<onclick condition="Window.IsVisible(6000)">SetFocus(5000)</onclick>
	<onclick condition="Window.IsVisible(Home)">Dialog.Close(6110)</onclick>
	<onclick condition="Window.IsVisible(Home)">Skin.SetString(submenu_action,$VAR[value_menu11007.action])</onclick>
	<visible>![IsEmpty(skin.string(menu11007.master)) | SubString(skin.string(menu11007.visible),off)] | Window.IsVisible(6000)</visible>
	</item>
	<item>
	<label fallback="31014">$VAR[value_menu11008.label]</label>
	<property name="condition">$INFO[skin.string(menu11008.visible)]</property>
	<property name="name">menu11008</property>
	<property name="id">$INFO[skin.string(menu11008.master)]</property>
	<onclick condition="Window.IsVisible(6000)">SetFocus(5000)</onclick>
	<onclick condition="Window.IsVisible(Home)">Dialog.Close(6110)</onclick>
	<onclick condition="Window.IsVisible(Home)">Skin.SetString(submenu_action,$VAR[value_menu11008.action])</onclick>
	<visible>![IsEmpty(skin.string(menu11008.master)) | SubString(skin.string(menu11008.visible),off)] | Window.IsVisible(6000)</visible>
	</item>
	<item>
	<label fallback="31014">$VAR[value_menu11009.label]</label>
	<property name="condition">$INFO[skin.string(menu11009.visible)]</property>
	<property name="name">menu11009</property>
	<property name="id">$INFO[skin.string(menu11009.master)]</property>
	<onclick condition="Window.IsVisible(6000)">SetFocus(5000)</onclick>
	<onclick condition="Window.IsVisible(Home)">Dialog.Close(6110)</onclick>
	<onclick condition="Window.IsVisible(Home)">Skin.SetString(submenu_action,$VAR[value_menu11009.action])</onclick>
	<visible>![IsEmpty(skin.string(menu11009.master)) | SubString(skin.string(menu11009.visible),off)] | Window.IsVisible(6000)</visible>
	</item>
	<item>
	<label fallback="31014">$VAR[value_menu11010.label]</label>
	<property name="condition">$INFO[skin.string(menu11010.visible)]</property>
	<property name="name">menu11010</property>
	<property name="id">$INFO[skin.string(menu11010.master)]</property>
	<onclick condition="Window.IsVisible(6000)">SetFocus(5000)</onclick>
	<onclick condition="Window.IsVisible(Home)">Dialog.Close(6110)</onclick>
	<onclick condition="Window.IsVisible(Home)">Skin.SetString(submenu_action,$VAR[value_menu11010.action])</onclick>
	<visible>![IsEmpty(skin.string(menu11010.master)) | SubString(skin.string(menu11010.visible),off)] | Window.IsVisible(6000)</visible>
	</item>
	<item>
	<label fallback="31014">$VAR[value_menu11011.label]</label>
	<property name="condition">$INFO[skin.string(menu11011.visible)]</property>
	<property name="name">menu11011</property>
	<property name="id">$INFO[skin.string(menu11011.master)]</property>
	<onclick condition="Window.IsVisible(6000)">SetFocus(5000)</onclick>
	<onclick condition="Window.IsVisible(Home)">Dialog.Close(6110)</onclick>
	<onclick condition="Window.IsVisible(Home)">Skin.SetString(submenu_action,$VAR[value_menu11011.action])</onclick>
	<visible>![IsEmpty(skin.string(menu11011.master)) | SubString(skin.string(menu11011.visible),off)] | Window.IsVisible(6000)</visible>
	</item>
	<item>
	<label fallback="31014">$VAR[value_menu11012.label]</label>
	<property name="condition">$INFO[skin.string(menu11012.visible)]</property>
	<property name="name">menu11012</property>
	<property name="id">$INFO[skin.string(menu11012.master)]</property>
	<onclick condition="Window.IsVisible(6000)">SetFocus(5000)</onclick>
	<onclick condition="Window.IsVisible(Home)">Dialog.Close(6110)</onclick>
	<onclick condition="Window.IsVisible(Home)">Skin.SetString(submenu_action,$VAR[value_menu11012.action])</onclick>
	<visible>![IsEmpty(skin.string(menu11012.master)) | SubString(skin.string(menu11012.visible),off)] | Window.IsVisible(6000)</visible>
	</item>
	<item>
	<label fallback="31014">$VAR[value_menu11013.label]</label>
	<property name="condition">$INFO[skin.string(menu11013.visible)]</property>
	<property name="name">menu11013</property>
	<property name="id">$INFO[skin.string(menu11013.master)]</property>
	<onclick condition="Window.IsVisible(6000)">SetFocus(5000)</onclick>
	<onclick condition="Window.IsVisible(Home)">Dialog.Close(6110)</onclick>
	<onclick condition="Window.IsVisible(Home)">Skin.SetString(submenu_action,$VAR[value_menu11013.action])</onclick>
	<visible>![IsEmpty(skin.string(menu11013.master)) | SubString(skin.string(menu11013.visible),off)] | Window.IsVisible(6000)</visible>
	</item>
	<item>
	<label fallback="31014">$VAR[value_menu11014.label]</label>
	<property name="condition">$INFO[skin.string(menu11014.visible)]</property>
	<property name="name">menu11014</property>
	<property name="id">$INFO[skin.string(menu11014.master)]</property>
	<onclick condition="Window.IsVisible(6000)">SetFocus(5000)</onclick>
	<onclick condition="Window.IsVisible(Home)">Dialog.Close(6110)</onclick>
	<onclick condition="Window.IsVisible(Home)">Skin.SetString(submenu_action,$VAR[value_menu11014.action])</onclick>
	<visible>![IsEmpty(skin.string(menu11014.master)) | SubString(skin.string(menu11014.visible),off)] | Window.IsVisible(6000)</visible>
	</item>
	<item>
	<label fallback="31014">$VAR[value_menu11015.label]</label>
	<property name="condition">$INFO[skin.string(menu11015.visible)]</property>
	<property name="name">menu11015</property>
	<property name="id">$INFO[skin.string(menu11015.master)]</property>
	<onclick condition="Window.IsVisible(6000)">SetFocus(5000)</onclick>
	<onclick condition="Window.IsVisible(Home)">Dialog.Close(6110)</onclick>
	<onclick condition="Window.IsVisible(Home)">Skin.SetString(submenu_action,$VAR[value_menu11015.action])</onclick>
	<visible>![IsEmpty(skin.string(menu11015.master)) | SubString(skin.string(menu11015.visible),off)] | Window.IsVisible(6000)</visible>
	</item>
	</content>
	</control>
	<include condition="Window.IsVisible(6000)">Glass</include>
	</control>
	</control>
	</controls>
</window>