<?xml version="1.0" encoding="UTF-8"?>
<window id="6105" type="dialog"><!-- Aeon MQ 6 --><!-- V-Playlist 5 -->
	<defaultcontrol>-</defaultcontrol>
	<include>SubMenuCommon</include>
	<controls>
	<control type="group">
	<include condition="Window.IsVisible(6000)">MenuCustom</include>
	<control type="group"><!-- default group -->
	<include>Animation_SubMenu</include>
	<include condition="Window.IsVisible(6000)">SubmenuGoTo</include>
	<include condition="Window.IsVisible(Home)">SubMenuDefault</include>
	<control type="panel" id="9000">
	<include condition="Window.IsVisible(6000)">SubmenuVList</include>
	<include condition="Window.IsVisible(Home)">SubmenuHList</include>
	<content>
	<item>
	<label fallback="31014">$VAR[value_menu10501.label]</label>
	<property name="condition">$INFO[skin.string(menu10501.visible)]</property>
	<property name="name">menu10501</property>
	<property name="id">$INFO[skin.string(menu10501.master)]</property>
	<onclick condition="Window.IsVisible(6000)">SetFocus(5000)</onclick>
	<onclick condition="Window.IsVisible(Home)">Dialog.Close(6105)</onclick>
	<onclick condition="Window.IsVisible(Home)">Skin.SetString(submenu_action,$VAR[value_menu10501.action])</onclick>
	<visible>![IsEmpty(skin.string(menu10501.master)) | SubString(skin.string(menu10501.visible),off)] | Window.IsVisible(6000)</visible>
	</item>
	<item>
	<label fallback="31014">$VAR[value_menu10502.label]</label>
	<property name="condition">$INFO[skin.string(menu10502.visible)]</property>
	<property name="name">menu10502</property>
	<property name="id">$INFO[skin.string(menu10502.master)]</property>
	<onclick condition="Window.IsVisible(6000)">SetFocus(5000)</onclick>
	<onclick condition="Window.IsVisible(Home)">Dialog.Close(6105)</onclick>
	<onclick condition="Window.IsVisible(Home)">Skin.SetString(submenu_action,$VAR[value_menu10502.action])</onclick>
	<visible>![IsEmpty(skin.string(menu10502.master)) | SubString(skin.string(menu10502.visible),off)] | Window.IsVisible(6000)</visible>
	</item>
	<item>
	<label fallback="31014">$VAR[value_menu10503.label]</label>
	<property name="condition">$INFO[skin.string(menu10503.visible)]</property>
	<property name="name">menu10503</property>
	<property name="id">$INFO[skin.string(menu10503.master)]</property>
	<onclick condition="Window.IsVisible(6000)">SetFocus(5000)</onclick>
	<onclick condition="Window.IsVisible(Home)">Dialog.Close(6105)</onclick>
	<onclick condition="Window.IsVisible(Home)">Skin.SetString(submenu_action,$VAR[value_menu10503.action])</onclick>
	<visible>![IsEmpty(skin.string(menu10503.master)) | SubString(skin.string(menu10503.visible),off)] | Window.IsVisible(6000)</visible>
	</item>
	<item>
	<label fallback="31014">$VAR[value_menu10504.label]</label>
	<property name="condition">$INFO[skin.string(menu10504.visible)]</property>
	<property name="name">menu10504</property>
	<property name="id">$INFO[skin.string(menu10504.master)]</property>
	<onclick condition="Window.IsVisible(6000)">SetFocus(5000)</onclick>
	<onclick condition="Window.IsVisible(Home)">Dialog.Close(6105)</onclick>
	<onclick condition="Window.IsVisible(Home)">Skin.SetString(submenu_action,$VAR[value_menu10504.action])</onclick>
	<visible>![IsEmpty(skin.string(menu10504.master)) | SubString(skin.string(menu10504.visible),off)] | Window.IsVisible(6000)</visible>
	</item>
	<item>
	<label fallback="31014">$VAR[value_menu10505.label]</label>
	<property name="condition">$INFO[skin.string(menu10505.visible)]</property>
	<property name="name">menu10505</property>
	<property name="id">$INFO[skin.string(menu10505.master)]</property>
	<onclick condition="Window.IsVisible(6000)">SetFocus(5000)</onclick>
	<onclick condition="Window.IsVisible(Home)">Dialog.Close(6105)</onclick>
	<onclick condition="Window.IsVisible(Home)">Skin.SetString(submenu_action,$VAR[value_menu10505.action])</onclick>
	<visible>![IsEmpty(skin.string(menu10505.master)) | SubString(skin.string(menu10505.visible),off)] | Window.IsVisible(6000)</visible>
	</item>
	<item>
	<label fallback="31014">$VAR[value_menu10506.label]</label>
	<property name="condition">$INFO[skin.string(menu10506.visible)]</property>
	<property name="name">menu10506</property>
	<property name="id">$INFO[skin.string(menu10506.master)]</property>
	<onclick condition="Window.IsVisible(6000)">SetFocus(5000)</onclick>
	<onclick condition="Window.IsVisible(Home)">Dialog.Close(6105)</onclick>
	<onclick condition="Window.IsVisible(Home)">Skin.SetString(submenu_action,$VAR[value_menu10506.action])</onclick>
	<visible>![IsEmpty(skin.string(menu10506.master)) | SubString(skin.string(menu10506.visible),off)] | Window.IsVisible(6000)</visible>
	</item>
	<item>
	<label fallback="31014">$VAR[value_menu10507.label]</label>
	<property name="condition">$INFO[skin.string(menu10507.visible)]</property>
	<property name="name">menu10507</property>
	<property name="id">$INFO[skin.string(menu10507.master)]</property>
	<onclick condition="Window.IsVisible(6000)">SetFocus(5000)</onclick>
	<onclick condition="Window.IsVisible(Home)">Dialog.Close(6105)</onclick>
	<onclick condition="Window.IsVisible(Home)">Skin.SetString(submenu_action,$VAR[value_menu10507.action])</onclick>
	<visible>![IsEmpty(skin.string(menu10507.master)) | SubString(skin.string(menu10507.visible),off)] | Window.IsVisible(6000)</visible>
	</item>
	<item>
	<label fallback="31014">$VAR[value_menu10508.label]</label>
	<property name="condition">$INFO[skin.string(menu10508.visible)]</property>
	<property name="name">menu10508</property>
	<property name="id">$INFO[skin.string(menu10508.master)]</property>
	<onclick condition="Window.IsVisible(6000)">SetFocus(5000)</onclick>
	<onclick condition="Window.IsVisible(Home)">Dialog.Close(6105)</onclick>
	<onclick condition="Window.IsVisible(Home)">Skin.SetString(submenu_action,$VAR[value_menu10508.action])</onclick>
	<visible>![IsEmpty(skin.string(menu10508.master)) | SubString(skin.string(menu10508.visible),off)] | Window.IsVisible(6000)</visible>
	</item>
	<item>
	<label fallback="31014">$VAR[value_menu10509.label]</label>
	<property name="condition">$INFO[skin.string(menu10509.visible)]</property>
	<property name="name">menu10509</property>
	<property name="id">$INFO[skin.string(menu10509.master)]</property>
	<onclick condition="Window.IsVisible(6000)">SetFocus(5000)</onclick>
	<onclick condition="Window.IsVisible(Home)">Dialog.Close(6105)</onclick>
	<onclick condition="Window.IsVisible(Home)">Skin.SetString(submenu_action,$VAR[value_menu10509.action])</onclick>
	<visible>![IsEmpty(skin.string(menu10509.master)) | SubString(skin.string(menu10509.visible),off)] | Window.IsVisible(6000)</visible>
	</item>
	<item>
	<label fallback="31014">$VAR[value_menu10510.label]</label>
	<property name="condition">$INFO[skin.string(menu10510.visible)]</property>
	<property name="name">menu10510</property>
	<property name="id">$INFO[skin.string(menu10510.master)]</property>
	<onclick condition="Window.IsVisible(6000)">SetFocus(5000)</onclick>
	<onclick condition="Window.IsVisible(Home)">Dialog.Close(6105)</onclick>
	<onclick condition="Window.IsVisible(Home)">Skin.SetString(submenu_action,$VAR[value_menu10510.action])</onclick>
	<visible>![IsEmpty(skin.string(menu10510.master)) | SubString(skin.string(menu10510.visible),off)] | Window.IsVisible(6000)</visible>
	</item>
	<item>
	<label fallback="31014">$VAR[value_menu10511.label]</label>
	<property name="condition">$INFO[skin.string(menu10511.visible)]</property>
	<property name="name">menu10511</property>
	<property name="id">$INFO[skin.string(menu10511.master)]</property>
	<onclick condition="Window.IsVisible(6000)">SetFocus(5000)</onclick>
	<onclick condition="Window.IsVisible(Home)">Dialog.Close(6105)</onclick>
	<onclick condition="Window.IsVisible(Home)">Skin.SetString(submenu_action,$VAR[value_menu10511.action])</onclick>
	<visible>![IsEmpty(skin.string(menu10511.master)) | SubString(skin.string(menu10511.visible),off)] | Window.IsVisible(6000)</visible>
	</item>
	<item>
	<label fallback="31014">$VAR[value_menu10512.label]</label>
	<property name="condition">$INFO[skin.string(menu10512.visible)]</property>
	<property name="name">menu10512</property>
	<property name="id">$INFO[skin.string(menu10512.master)]</property>
	<onclick condition="Window.IsVisible(6000)">SetFocus(5000)</onclick>
	<onclick condition="Window.IsVisible(Home)">Dialog.Close(6105)</onclick>
	<onclick condition="Window.IsVisible(Home)">Skin.SetString(submenu_action,$VAR[value_menu10512.action])</onclick>
	<visible>![IsEmpty(skin.string(menu10512.master)) | SubString(skin.string(menu10512.visible),off)] | Window.IsVisible(6000)</visible>
	</item>
	<item>
	<label fallback="31014">$VAR[value_menu10513.label]</label>
	<property name="condition">$INFO[skin.string(menu10513.visible)]</property>
	<property name="name">menu10513</property>
	<property name="id">$INFO[skin.string(menu10513.master)]</property>
	<onclick condition="Window.IsVisible(6000)">SetFocus(5000)</onclick>
	<onclick condition="Window.IsVisible(Home)">Dialog.Close(6105)</onclick>
	<onclick condition="Window.IsVisible(Home)">Skin.SetString(submenu_action,$VAR[value_menu10513.action])</onclick>
	<visible>![IsEmpty(skin.string(menu10513.master)) | SubString(skin.string(menu10513.visible),off)] | Window.IsVisible(6000)</visible>
	</item>
	<item>
	<label fallback="31014">$VAR[value_menu10514.label]</label>
	<property name="condition">$INFO[skin.string(menu10514.visible)]</property>
	<property name="name">menu10514</property>
	<property name="id">$INFO[skin.string(menu10514.master)]</property>
	<onclick condition="Window.IsVisible(6000)">SetFocus(5000)</onclick>
	<onclick condition="Window.IsVisible(Home)">Dialog.Close(6105)</onclick>
	<onclick condition="Window.IsVisible(Home)">Skin.SetString(submenu_action,$VAR[value_menu10514.action])</onclick>
	<visible>![IsEmpty(skin.string(menu10514.master)) | SubString(skin.string(menu10514.visible),off)] | Window.IsVisible(6000)</visible>
	</item>
	<item>
	<label fallback="31014">$VAR[value_menu10515.label]</label>
	<property name="condition">$INFO[skin.string(menu10515.visible)]</property>
	<property name="name">menu10515</property>
	<property name="id">$INFO[skin.string(menu10515.master)]</property>
	<onclick condition="Window.IsVisible(6000)">SetFocus(5000)</onclick>
	<onclick condition="Window.IsVisible(Home)">Dialog.Close(6105)</onclick>
	<onclick condition="Window.IsVisible(Home)">Skin.SetString(submenu_action,$VAR[value_menu10515.action])</onclick>
	<visible>![IsEmpty(skin.string(menu10515.master)) | SubString(skin.string(menu10515.visible),off)] | Window.IsVisible(6000)</visible>
	</item>
	</content>
	</control>
	<include condition="Window.IsVisible(6000)">Glass</include>
	</control>
	</control>
	</controls>
</window>