<?xml version="1.0" encoding="UTF-8"?>
<window id="6626"><!-- Aeon MQ 6 -->
	<defaultcontrol always="true">9030</defaultcontrol>
	<controls>
	<control type="multiimage">
	<include>WindowBG</include>
	<imagepath background="true">$VAR[value_menutheme_settings]</imagepath>
	</control>
	<control type="group">
	<include>Animation_DialogPopup</include>
	<control type="image">
	<left>110</left>
	<top>0</top>
	<width>30</width>
	<height>720</height>
	<texture flipx="true">shadow.png</texture>
	<colordiffuse>C3FFFFFF</colordiffuse>
	</control>
	<control type="image">
	<left>1140</left>
	<top>0</top>
	<width>30</width>
	<height>720</height>
	<texture>shadow.png</texture>
	<colordiffuse>C3FFFFFF</colordiffuse>
	</control>
	<control type="image">
	<left>140</left>
	<top>0</top>
	<width>1000</width>
	<height>720</height>
	<texture>darkgrey.png</texture>
	<colordiffuse>$VAR[value_texturecolor]</colordiffuse>
	<include>Animation_DefaultGlass</include>
	</control>
	<control type="image">
	<left>140</left>
	<top>0</top>
	<width>1000</width>
	<height>80</height>
	<texture>black.png</texture>
	<colordiffuse>90FFFFFF</colordiffuse>
	</control>
	<control type="label">
	<left>215</left>
	<top>5</top>
	<width>852</width>
	<height>30</height>
	<align>center</align>
	<aligny>top</aligny>
	<label>31479</label>
	<font>Font_32</font>
	<textcolor>FFFFFAF0</textcolor>
	</control>
	<control type="label">
	<left>215</left>
	<top>45</top>
	<width>852</width>
	<height>30</height>
	<align>center</align>
	<aligny>top</aligny>
	<label>31140</label>
	<font>Font_18A</font>
	<textcolor>FFFFFAF0</textcolor>
	</control>
	<control type="grouplist" id="9030">
	<left>140</left>
	<top>100</top>
	<width>1000</width>
	<height>600</height>
	<itemgap>0</itemgap>
	<onleft>back</onleft>
	<onright>back</onright>
	<control type="radiobutton" id="19299"><!-- Clicar e Ativar -->
	<radioposx>894</radioposx>
	<label>31496</label>
	<onclick>Skin.ToggleSetting(clickactivateview_music)</onclick>
	<selected>Skin.HasSetting(clickactivateview_music)</selected>
	</control>
	<control type="radiobutton" id="19254"><!-- Poster --><!-- 54 -->
	<radioposx>894</radioposx>
	<label>31808</label>
	<onclick>Skin.ToggleSetting(viewposter_music)</onclick>
	<onclick condition="!Skin.HasSetting(viewposter_music)">Skin.SetString(setviewmusic,54)</onclick>
	<onclick condition="!Skin.HasSetting(viewposter_music) + Skin.HasSetting(clickactivateview_music)">back</onclick>
	<selected>Skin.HasSetting(viewposter_music)</selected>
	</control>
	<control type="radiobutton" id="19255"><!-- Low List --><!-- 55 -->
	<radioposx>894</radioposx>
	<label>31807</label>
	<onclick>Skin.ToggleSetting(viewlowlist_music)</onclick>
	<onclick condition="!Skin.HasSetting(viewlowlist_music)">Skin.SetString(setviewmusic,55)</onclick>
	<onclick condition="!Skin.HasSetting(viewlowlist_music) + Skin.HasSetting(clickactivateview_music)">back</onclick>
	<selected>Skin.HasSetting(viewlowlist_music)</selected>
	</control>
	<control type="radiobutton" id="19256"><!-- Wall --><!-- 56 -->
	<radioposx>894</radioposx>
	<label>31805</label>
	<onclick>Skin.ToggleSetting(viewwall_music)</onclick>
	<onclick condition="!Skin.HasSetting(viewwall_music)">Skin.SetString(setviewmusic,56)</onclick>
	<onclick condition="!Skin.HasSetting(viewwall_music) + Skin.HasSetting(clickactivateview_music)">back</onclick>
	<selected>Skin.HasSetting(viewwall_music)</selected>
	</control>
	<control type="radiobutton" id="19258"><!-- CoverFlow --><!-- 58 -->
	<radioposx>894</radioposx>
	<label>31810</label>
	<onclick>Skin.ToggleSetting(viewcoverflow_music)</onclick>
	<onclick condition="!Skin.HasSetting(viewcoverflow_music)">Skin.SetString(setviewmusic,58)</onclick>
	<onclick condition="!Skin.HasSetting(viewcoverflow_music) + Skin.HasSetting(clickactivateview_music)">back</onclick>
	<selected>Skin.HasSetting(viewcoverflow_music)</selected>
	<visible>!StringCompare(skin.string(videocontent),programs)</visible>
	</control>
	<control type="radiobutton" id="19259"><!-- Wide --><!-- 59 -->
	<radioposx>894</radioposx>
	<label>31813</label>
	<onclick>Skin.ToggleSetting(viewwide_music)</onclick>
	<onclick condition="!Skin.HasSetting(viewwide_music)">Skin.SetString(setviewmusic,59)</onclick>
	<onclick condition="!Skin.HasSetting(viewwide_music) + Skin.HasSetting(clickactivateview_music)">back</onclick>
	<selected>Skin.HasSetting(viewwide_music)</selected>
	</control>
	<control type="radiobutton" id="19262"><!-- Panel --><!-- 62 -->
	<radioposx>894</radioposx>
	<label>31818</label>
	<onclick>Skin.ToggleSetting(viewpanel_music)</onclick>
	<onclick condition="!Skin.HasSetting(viewpanel_music)">Skin.SetString(setviewmusic,62)</onclick>
	<onclick condition="!Skin.HasSetting(viewpanel_music) + Skin.HasSetting(clickactivateview_music)">back</onclick>
	<selected>Skin.HasSetting(viewpanel_music)</selected>
	</control>
	</control>
	</control>
	</controls>
</window>