<?xml version="1.0" encoding="UTF-8"?>
<window id="6076" type="dialog"><!-- Aeon MQ 6 --><!-- Janela Add-ons -->
	<defaultcontrol>-</defaultcontrol>
	<include>SubMenuCommon</include>
	<controls>
	<control type="group">
	<include condition="Window.IsVisible(6000)">MenuCustom</include>
	<control type="group"><!-- default group -->
	<include>Animation_SubMenu</include>
	<include condition="Window.IsVisible(6000)">SubmenuGoTo</include>
	<include condition="Window.IsVisible(Home)">SubMenuDefault</include>
	<control type="panel" id="9000">
	<include condition="Window.IsVisible(6000)">SubmenuVList</include>
	<include condition="Window.IsVisible(Home)">SubmenuHList</include>
	<content>
	<item>
	<label fallback="31014">$VAR[value_menu7601.label]</label>
	<property name="condition">$INFO[skin.string(menu7601.visible)]</property>
	<property name="name">menu7601</property>
	<property name="id">$INFO[skin.string(menu7601.master)]</property>
	<onclick condition="Window.IsVisible(6000)">SetFocus(5000)</onclick>
	<onclick condition="Window.IsVisible(Home)">Dialog.Close(6076)</onclick>
	<onclick condition="Window.IsVisible(Home)">Skin.SetString(submenu_action,$VAR[value_menu7601.action])</onclick>
	<visible>![IsEmpty(skin.string(menu7601.master)) | SubString(skin.string(menu7601.visible),off)] | Window.IsVisible(6000)</visible>
	</item>
	<item>
	<label fallback="31014">$VAR[value_menu7602.label]</label>
	<property name="condition">$INFO[skin.string(menu7602.visible)]</property>
	<property name="name">menu7602</property>
	<property name="id">$INFO[skin.string(menu7602.master)]</property>
	<onclick condition="Window.IsVisible(6000)">SetFocus(5000)</onclick>
	<onclick condition="Window.IsVisible(Home)">Dialog.Close(6076)</onclick>
	<onclick condition="Window.IsVisible(Home)">Skin.SetString(submenu_action,$VAR[value_menu7602.action])</onclick>
	<visible>![IsEmpty(skin.string(menu7602.master)) | SubString(skin.string(menu7602.visible),off)] | Window.IsVisible(6000)</visible>
	</item>
	<item>
	<label fallback="31014">$VAR[value_menu7603.label]</label>
	<property name="condition">$INFO[skin.string(menu7603.visible)]</property>
	<property name="name">menu7603</property>
	<property name="id">$INFO[skin.string(menu7603.master)]</property>
	<onclick condition="Window.IsVisible(6000)">SetFocus(5000)</onclick>
	<onclick condition="Window.IsVisible(Home)">Dialog.Close(6076)</onclick>
	<onclick condition="Window.IsVisible(Home)">Skin.SetString(submenu_action,$VAR[value_menu7603.action])</onclick>
	<visible>![IsEmpty(skin.string(menu7603.master)) | SubString(skin.string(menu7603.visible),off)] | Window.IsVisible(6000)</visible>
	</item>
	<item>
	<label fallback="31014">$VAR[value_menu7604.label]</label>
	<property name="condition">$INFO[skin.string(menu7604.visible)]</property>
	<property name="name">menu7604</property>
	<property name="id">$INFO[skin.string(menu7604.master)]</property>
	<onclick condition="Window.IsVisible(6000)">SetFocus(5000)</onclick>
	<onclick condition="Window.IsVisible(Home)">Dialog.Close(6076)</onclick>
	<onclick condition="Window.IsVisible(Home)">Skin.SetString(submenu_action,$VAR[value_menu7604.action])</onclick>
	<visible>![IsEmpty(skin.string(menu7604.master)) | SubString(skin.string(menu7604.visible),off)] | Window.IsVisible(6000)</visible>
	</item>
	<item>
	<label fallback="31014">$VAR[value_menu7605.label]</label>
	<property name="condition">$INFO[skin.string(menu7605.visible)]</property>
	<property name="name">menu7605</property>
	<property name="id">$INFO[skin.string(menu7605.master)]</property>
	<onclick condition="Window.IsVisible(6000)">SetFocus(5000)</onclick>
	<onclick condition="Window.IsVisible(Home)">Dialog.Close(6076)</onclick>
	<onclick condition="Window.IsVisible(Home)">Skin.SetString(submenu_action,$VAR[value_menu7605.action])</onclick>
	<visible>![IsEmpty(skin.string(menu7605.master)) | SubString(skin.string(menu7605.visible),off)] | Window.IsVisible(6000)</visible>
	</item>
	<item>
	<label fallback="31014">$VAR[value_menu7606.label]</label>
	<property name="condition">$INFO[skin.string(menu7606.visible)]</property>
	<property name="name">menu7606</property>
	<property name="id">$INFO[skin.string(menu7606.master)]</property>
	<onclick condition="Window.IsVisible(6000)">SetFocus(5000)</onclick>
	<onclick condition="Window.IsVisible(Home)">Dialog.Close(6076)</onclick>
	<onclick condition="Window.IsVisible(Home)">Skin.SetString(submenu_action,$VAR[value_menu7606.action])</onclick>
	<visible>![IsEmpty(skin.string(menu7606.master)) | SubString(skin.string(menu7606.visible),off)] | Window.IsVisible(6000)</visible>
	</item>
	<item>
	<label fallback="31014">$VAR[value_menu7607.label]</label>
	<property name="condition">$INFO[skin.string(menu7607.visible)]</property>
	<property name="name">menu7607</property>
	<property name="id">$INFO[skin.string(menu7607.master)]</property>
	<onclick condition="Window.IsVisible(6000)">SetFocus(5000)</onclick>
	<onclick condition="Window.IsVisible(Home)">Dialog.Close(6076)</onclick>
	<onclick condition="Window.IsVisible(Home)">Skin.SetString(submenu_action,$VAR[value_menu7607.action])</onclick>
	<visible>![IsEmpty(skin.string(menu7607.master)) | SubString(skin.string(menu7607.visible),off)] | Window.IsVisible(6000)</visible>
	</item>
	<item>
	<label fallback="31014">$VAR[value_menu7608.label]</label>
	<property name="condition">$INFO[skin.string(menu7608.visible)]</property>
	<property name="name">menu7608</property>
	<property name="id">$INFO[skin.string(menu7608.master)]</property>
	<onclick condition="Window.IsVisible(6000)">SetFocus(5000)</onclick>
	<onclick condition="Window.IsVisible(Home)">Dialog.Close(6076)</onclick>
	<onclick condition="Window.IsVisible(Home)">Skin.SetString(submenu_action,$VAR[value_menu7608.action])</onclick>
	<visible>![IsEmpty(skin.string(menu7608.master)) | SubString(skin.string(menu7608.visible),off)] | Window.IsVisible(6000)</visible>
	</item>
	<item>
	<label fallback="31014">$VAR[value_menu7609.label]</label>
	<property name="condition">$INFO[skin.string(menu7609.visible)]</property>
	<property name="name">menu7609</property>
	<property name="id">$INFO[skin.string(menu7609.master)]</property>
	<onclick condition="Window.IsVisible(6000)">SetFocus(5000)</onclick>
	<onclick condition="Window.IsVisible(Home)">Dialog.Close(6076)</onclick>
	<onclick condition="Window.IsVisible(Home)">Skin.SetString(submenu_action,$VAR[value_menu7609.action])</onclick>
	<visible>![IsEmpty(skin.string(menu7609.master)) | SubString(skin.string(menu7609.visible),off)] | Window.IsVisible(6000)</visible>
	</item>
	<item>
	<label fallback="31014">$VAR[value_menu7610.label]</label>
	<property name="condition">$INFO[skin.string(menu7610.visible)]</property>
	<property name="name">menu7610</property>
	<property name="id">$INFO[skin.string(menu7610.master)]</property>
	<onclick condition="Window.IsVisible(6000)">SetFocus(5000)</onclick>
	<onclick condition="Window.IsVisible(Home)">Dialog.Close(6076)</onclick>
	<onclick condition="Window.IsVisible(Home)">Skin.SetString(submenu_action,$VAR[value_menu7610.action])</onclick>
	<visible>![IsEmpty(skin.string(menu7610.master)) | SubString(skin.string(menu7610.visible),off)] | Window.IsVisible(6000)</visible>
	</item>
	</content>
	</control>
	<include condition="Window.IsVisible(6000)">Glass</include>
	</control>
	</control>
	</controls>
</window>