<?xml version="1.0" encoding="UTF-8"?>
<window id="6053" type="dialog"><!-- Aeon MQ 6 --><!-- Concerto albuns -->
	<defaultcontrol>-</defaultcontrol>
	<include>SubMenuCommon</include>
	<controls>
	<control type="group">
	<include condition="Window.IsVisible(6000)">MenuCustom</include>
	<control type="group"><!-- default group -->
	<include>Animation_SubMenu</include>
	<include condition="Window.IsVisible(6000)">SubmenuGoTo</include>
	<include condition="Window.IsVisible(Home)">SubMenuDefault</include>
	<control type="panel" id="9000">
	<include condition="Window.IsVisible(6000)">SubmenuVList</include>
	<include condition="Window.IsVisible(Home)">SubmenuHList</include>
	<content>
	<item>
	<label fallback="31014">$VAR[value_menu5301.label]</label>
	<property name="condition">$INFO[skin.string(menu5301.visible)]</property>
	<property name="name">menu5301</property>
	<property name="id">$INFO[skin.string(menu5301.master)]</property>
	<onclick condition="Window.IsVisible(6000)">SetFocus(5000)</onclick>
	<onclick condition="Window.IsVisible(Home)">Dialog.Close(6053)</onclick>
	<onclick condition="Window.IsVisible(Home)">Skin.SetString(submenu_action,$VAR[value_menu5301.action])</onclick>
	<visible>![IsEmpty(skin.string(menu5301.master)) | SubString(skin.string(menu5301.visible),off)] | Window.IsVisible(6000)</visible>
	</item>
	<item>
	<label fallback="31014">$VAR[value_menu5302.label]</label>
	<property name="condition">$INFO[skin.string(menu5302.visible)]</property>
	<property name="name">menu5302</property>
	<property name="id">$INFO[skin.string(menu5302.master)]</property>
	<onclick condition="Window.IsVisible(6000)">SetFocus(5000)</onclick>
	<onclick condition="Window.IsVisible(Home)">Dialog.Close(6053)</onclick>
	<onclick condition="Window.IsVisible(Home)">Skin.SetString(submenu_action,$VAR[value_menu5302.action])</onclick>
	<visible>![IsEmpty(skin.string(menu5302.master)) | SubString(skin.string(menu5302.visible),off)] | Window.IsVisible(6000)</visible>
	</item>
	<item>
	<label fallback="31014">$VAR[value_menu5303.label]</label>
	<property name="condition">$INFO[skin.string(menu5303.visible)]</property>
	<property name="name">menu5303</property>
	<property name="id">$INFO[skin.string(menu5303.master)]</property>
	<onclick condition="Window.IsVisible(6000)">SetFocus(5000)</onclick>
	<onclick condition="Window.IsVisible(Home)">Dialog.Close(6053)</onclick>
	<onclick condition="Window.IsVisible(Home)">Skin.SetString(submenu_action,$VAR[value_menu5303.action])</onclick>
	<visible>![IsEmpty(skin.string(menu5303.master)) | SubString(skin.string(menu5303.visible),off)] | Window.IsVisible(6000)</visible>
	</item>
	<item>
	<label fallback="31014">$VAR[value_menu5304.label]</label>
	<property name="condition">$INFO[skin.string(menu5304.visible)]</property>
	<property name="name">menu5304</property>
	<property name="id">$INFO[skin.string(menu5304.master)]</property>
	<onclick condition="Window.IsVisible(6000)">SetFocus(5000)</onclick>
	<onclick condition="Window.IsVisible(Home)">Dialog.Close(6053)</onclick>
	<onclick condition="Window.IsVisible(Home)">Skin.SetString(submenu_action,$VAR[value_menu5304.action])</onclick>
	<visible>![IsEmpty(skin.string(menu5304.master)) | SubString(skin.string(menu5304.visible),off)] | Window.IsVisible(6000)</visible>
	</item>
	<item>
	<label fallback="31014">$VAR[value_menu5305.label]</label>
	<property name="condition">$INFO[skin.string(menu5305.visible)]</property>
	<property name="name">menu5305</property>
	<property name="id">$INFO[skin.string(menu5305.master)]</property>
	<onclick condition="Window.IsVisible(6000)">SetFocus(5000)</onclick>
	<onclick condition="Window.IsVisible(Home)">Dialog.Close(6053)</onclick>
	<onclick condition="Window.IsVisible(Home)">Skin.SetString(submenu_action,$VAR[value_menu5305.action])</onclick>
	<visible>![IsEmpty(skin.string(menu5305.master)) | SubString(skin.string(menu5305.visible),off)] | Window.IsVisible(6000)</visible>
	</item>
	<item>
	<label fallback="31014">$VAR[value_menu5306.label]</label>
	<property name="condition">$INFO[skin.string(menu5306.visible)]</property>
	<property name="name">menu5306</property>
	<property name="id">$INFO[skin.string(menu5306.master)]</property>
	<onclick condition="Window.IsVisible(6000)">SetFocus(5000)</onclick>
	<onclick condition="Window.IsVisible(Home)">Dialog.Close(6053)</onclick>
	<onclick condition="Window.IsVisible(Home)">Skin.SetString(submenu_action,$VAR[value_menu5306.action])</onclick>
	<visible>![IsEmpty(skin.string(menu5306.master)) | SubString(skin.string(menu5306.visible),off)] | Window.IsVisible(6000)</visible>
	</item>
	<item>
	<label fallback="31014">$VAR[value_menu5307.label]</label>
	<property name="condition">$INFO[skin.string(menu5307.visible)]</property>
	<property name="name">menu5307</property>
	<property name="id">$INFO[skin.string(menu5307.master)]</property>
	<onclick condition="Window.IsVisible(6000)">SetFocus(5000)</onclick>
	<onclick condition="Window.IsVisible(Home)">Dialog.Close(6053)</onclick>
	<onclick condition="Window.IsVisible(Home)">Skin.SetString(submenu_action,$VAR[value_menu5307.action])</onclick>
	<visible>![IsEmpty(skin.string(menu5307.master)) | SubString(skin.string(menu5307.visible),off)] | Window.IsVisible(6000)</visible>
	</item>
	<item>
	<label fallback="31014">$VAR[value_menu5308.label]</label>
	<property name="condition">$INFO[skin.string(menu5308.visible)]</property>
	<property name="name">menu5308</property>
	<property name="id">$INFO[skin.string(menu5308.master)]</property>
	<onclick condition="Window.IsVisible(6000)">SetFocus(5000)</onclick>
	<onclick condition="Window.IsVisible(Home)">Dialog.Close(6053)</onclick>
	<onclick condition="Window.IsVisible(Home)">Skin.SetString(submenu_action,$VAR[value_menu5308.action])</onclick>
	<visible>![IsEmpty(skin.string(menu5308.master)) | SubString(skin.string(menu5308.visible),off)] | Window.IsVisible(6000)</visible>
	</item>
	<item>
	<label fallback="31014">$VAR[value_menu5309.label]</label>
	<property name="condition">$INFO[skin.string(menu5309.visible)]</property>
	<property name="name">menu5309</property>
	<property name="id">$INFO[skin.string(menu5309.master)]</property>
	<onclick condition="Window.IsVisible(6000)">SetFocus(5000)</onclick>
	<onclick condition="Window.IsVisible(Home)">Dialog.Close(6053)</onclick>
	<onclick condition="Window.IsVisible(Home)">Skin.SetString(submenu_action,$VAR[value_menu5309.action])</onclick>
	<visible>![IsEmpty(skin.string(menu5309.master)) | SubString(skin.string(menu5309.visible),off)] | Window.IsVisible(6000)</visible>
	</item>
	<item>
	<label fallback="31014">$VAR[value_menu5310.label]</label>
	<property name="condition">$INFO[skin.string(menu5310.visible)]</property>
	<property name="name">menu5310</property>
	<property name="id">$INFO[skin.string(menu5310.master)]</property>
	<onclick condition="Window.IsVisible(6000)">SetFocus(5000)</onclick>
	<onclick condition="Window.IsVisible(Home)">Dialog.Close(6053)</onclick>
	<onclick condition="Window.IsVisible(Home)">Skin.SetString(submenu_action,$VAR[value_menu5310.action])</onclick>
	<visible>![IsEmpty(skin.string(menu5310.master)) | SubString(skin.string(menu5310.visible),off)] | Window.IsVisible(6000)</visible>
	</item>
	</content>
	</control>
	<include condition="Window.IsVisible(6000)">Glass</include>
	</control>
	</control>
	</controls>
</window>