<?xml version="1.0" encoding="UTF-8"?>
<window id="6021" type="dialog"><!-- Aeon MQ 6 --><!-- Meu Menu 1 -->
	<defaultcontrol>-</defaultcontrol>
	<include>SubMenuCommon</include>
	<controls>
	<control type="group">
	<include condition="Window.IsVisible(6000)">MenuCustom</include>
	<control type="group"><!-- default group -->
	<include>Animation_SubMenu</include>
	<include condition="Window.IsVisible(6000)">SubmenuGoTo</include>
	<include condition="Window.IsVisible(Home)">SubMenuDefault</include>
	<control type="panel" id="9000">
	<include condition="Window.IsVisible(6000)">SubmenuVList</include>
	<include condition="Window.IsVisible(Home)">SubmenuHList</include>
	<content>
	<item>
	<label fallback="31014">$VAR[value_menu2101.label]</label>
	<property name="condition">$INFO[skin.string(menu2101.visible)]</property>
	<property name="name">menu2101</property>
	<property name="id">$INFO[skin.string(menu2101.master)]</property>
	<onclick condition="Window.IsVisible(6000)">SetFocus(5000)</onclick>
	<onclick condition="Window.IsVisible(Home)">Dialog.Close(6021)</onclick>
	<onclick condition="Window.IsVisible(Home)">Skin.SetString(submenu_action,$VAR[value_menu2101.action])</onclick>
	<visible>![IsEmpty(skin.string(menu2101.master)) | SubString(skin.string(menu2101.visible),off)] | Window.IsVisible(6000)</visible>
	</item>
	<item>
	<label fallback="31014">$VAR[value_menu2102.label]</label>
	<property name="condition">$INFO[skin.string(menu2102.visible)]</property>
	<property name="name">menu2102</property>
	<property name="id">$INFO[skin.string(menu2102.master)]</property>
	<onclick condition="Window.IsVisible(6000)">SetFocus(5000)</onclick>
	<onclick condition="Window.IsVisible(Home)">Dialog.Close(6021)</onclick>
	<onclick condition="Window.IsVisible(Home)">Skin.SetString(submenu_action,$VAR[value_menu2102.action])</onclick>
	<visible>![IsEmpty(skin.string(menu2102.master)) | SubString(skin.string(menu2102.visible),off)] | Window.IsVisible(6000)</visible>
	</item>
	<item>
	<label fallback="31014">$VAR[value_menu2103.label]</label>
	<property name="condition">$INFO[skin.string(menu2103.visible)]</property>
	<property name="name">menu2103</property>
	<property name="id">$INFO[skin.string(menu2103.master)]</property>
	<onclick condition="Window.IsVisible(6000)">SetFocus(5000)</onclick>
	<onclick condition="Window.IsVisible(Home)">Dialog.Close(6021)</onclick>
	<onclick condition="Window.IsVisible(Home)">Skin.SetString(submenu_action,$VAR[value_menu2103.action])</onclick>
	<visible>![IsEmpty(skin.string(menu2103.master)) | SubString(skin.string(menu2103.visible),off)] | Window.IsVisible(6000)</visible>
	</item>
	<item>
	<label fallback="31014">$VAR[value_menu2104.label]</label>
	<property name="condition">$INFO[skin.string(menu2104.visible)]</property>
	<property name="name">menu2104</property>
	<property name="id">$INFO[skin.string(menu2104.master)]</property>
	<onclick condition="Window.IsVisible(6000)">SetFocus(5000)</onclick>
	<onclick condition="Window.IsVisible(Home)">Dialog.Close(6021)</onclick>
	<onclick condition="Window.IsVisible(Home)">Skin.SetString(submenu_action,$VAR[value_menu2104.action])</onclick>
	<visible>![IsEmpty(skin.string(menu2104.master)) | SubString(skin.string(menu2104.visible),off)] | Window.IsVisible(6000)</visible>
	</item>
	<item>
	<label fallback="31014">$VAR[value_menu2105.label]</label>
	<property name="condition">$INFO[skin.string(menu2105.visible)]</property>
	<property name="name">menu2105</property>
	<property name="id">$INFO[skin.string(menu2105.master)]</property>
	<onclick condition="Window.IsVisible(6000)">SetFocus(5000)</onclick>
	<onclick condition="Window.IsVisible(Home)">Dialog.Close(6021)</onclick>
	<onclick condition="Window.IsVisible(Home)">Skin.SetString(submenu_action,$VAR[value_menu2105.action])</onclick>
	<visible>![IsEmpty(skin.string(menu2105.master)) | SubString(skin.string(menu2105.visible),off)] | Window.IsVisible(6000)</visible>
	</item>
	<item>
	<label fallback="31014">$VAR[value_menu2106.label]</label>
	<property name="condition">$INFO[skin.string(menu2106.visible)]</property>
	<property name="name">menu2106</property>
	<property name="id">$INFO[skin.string(menu2106.master)]</property>
	<onclick condition="Window.IsVisible(6000)">SetFocus(5000)</onclick>
	<onclick condition="Window.IsVisible(Home)">Dialog.Close(6021)</onclick>
	<onclick condition="Window.IsVisible(Home)">Skin.SetString(submenu_action,$VAR[value_menu2106.action])</onclick>
	<visible>![IsEmpty(skin.string(menu2106.master)) | SubString(skin.string(menu2106.visible),off)] | Window.IsVisible(6000)</visible>
	</item>
	<item>
	<label fallback="31014">$VAR[value_menu2107.label]</label>
	<property name="condition">$INFO[skin.string(menu2107.visible)]</property>
	<property name="name">menu2107</property>
	<property name="id">$INFO[skin.string(menu2107.master)]</property>
	<onclick condition="Window.IsVisible(6000)">SetFocus(5000)</onclick>
	<onclick condition="Window.IsVisible(Home)">Dialog.Close(6021)</onclick>
	<onclick condition="Window.IsVisible(Home)">Skin.SetString(submenu_action,$VAR[value_menu2107.action])</onclick>
	<visible>![IsEmpty(skin.string(menu2107.master)) | SubString(skin.string(menu2107.visible),off)] | Window.IsVisible(6000)</visible>
	</item>
	<item>
	<label fallback="31014">$VAR[value_menu2108.label]</label>
	<property name="condition">$INFO[skin.string(menu2108.visible)]</property>
	<property name="name">menu2108</property>
	<property name="id">$INFO[skin.string(menu2108.master)]</property>
	<onclick condition="Window.IsVisible(6000)">SetFocus(5000)</onclick>
	<onclick condition="Window.IsVisible(Home)">Dialog.Close(6021)</onclick>
	<onclick condition="Window.IsVisible(Home)">Skin.SetString(submenu_action,$VAR[value_menu2108.action])</onclick>
	<visible>![IsEmpty(skin.string(menu2108.master)) | SubString(skin.string(menu2108.visible),off)] | Window.IsVisible(6000)</visible>
	</item>
	<item>
	<label fallback="31014">$VAR[value_menu2109.label]</label>
	<property name="condition">$INFO[skin.string(menu2109.visible)]</property>
	<property name="name">menu2109</property>
	<property name="id">$INFO[skin.string(menu2109.master)]</property>
	<onclick condition="Window.IsVisible(6000)">SetFocus(5000)</onclick>
	<onclick condition="Window.IsVisible(Home)">Dialog.Close(6021)</onclick>
	<onclick condition="Window.IsVisible(Home)">Skin.SetString(submenu_action,$VAR[value_menu2109.action])</onclick>
	<visible>![IsEmpty(skin.string(menu2109.master)) | SubString(skin.string(menu2109.visible),off)] | Window.IsVisible(6000)</visible>
	</item>
	<item>
	<label fallback="31014">$VAR[value_menu2110.label]</label>
	<property name="condition">$INFO[skin.string(menu2110.visible)]</property>
	<property name="name">menu2110</property>
	<property name="id">$INFO[skin.string(menu2110.master)]</property>
	<onclick condition="Window.IsVisible(6000)">SetFocus(5000)</onclick>
	<onclick condition="Window.IsVisible(Home)">Dialog.Close(6021)</onclick>
	<onclick condition="Window.IsVisible(Home)">Skin.SetString(submenu_action,$VAR[value_menu2110.action])</onclick>
	<visible>![IsEmpty(skin.string(menu2110.master)) | SubString(skin.string(menu2110.visible),off)] | Window.IsVisible(6000)</visible>
	</item>
	<item>
	<label fallback="31014">$VAR[value_menu2111.label]</label>
	<property name="condition">$INFO[skin.string(menu2111.visible)]</property>
	<property name="name">menu2111</property>
	<property name="id">$INFO[skin.string(menu2111.master)]</property>
	<onclick condition="Window.IsVisible(6000)">SetFocus(5000)</onclick>
	<onclick condition="Window.IsVisible(Home)">Dialog.Close(6021)</onclick>
	<onclick condition="Window.IsVisible(Home)">Skin.SetString(submenu_action,$VAR[value_menu2111.action])</onclick>
	<visible>![IsEmpty(skin.string(menu2111.master)) | SubString(skin.string(menu2111.visible),off)] | Window.IsVisible(6000)</visible>
	</item>
	<item>
	<label fallback="31014">$VAR[value_menu2112.label]</label>
	<property name="condition">$INFO[skin.string(menu2112.visible)]</property>
	<property name="name">menu2112</property>
	<property name="id">$INFO[skin.string(menu2112.master)]</property>
	<onclick condition="Window.IsVisible(6000)">SetFocus(5000)</onclick>
	<onclick condition="Window.IsVisible(Home)">Dialog.Close(6021)</onclick>
	<onclick condition="Window.IsVisible(Home)">Skin.SetString(submenu_action,$VAR[value_menu2112.action])</onclick>
	<visible>![IsEmpty(skin.string(menu2112.master)) | SubString(skin.string(menu2112.visible),off)] | Window.IsVisible(6000)</visible>
	</item>
	</content>
	</control>
	<include condition="Window.IsVisible(6000)">Glass</include>
	</control>
	</control>
	</controls>
</window>