<?xml version="1.0" encoding="UTF-8"?>
<window id="6077" type="dialog"><!-- Aeon MQ 6 --><!-- Add-ons de programas -->
	<defaultcontrol>-</defaultcontrol>
	<include>SubMenuCommon</include>
	<controls>
	<control type="group">
	<include condition="Window.IsVisible(6000)">MenuCustom</include>
	<control type="group"><!-- default group -->
	<include>Animation_SubMenu</include>
	<include condition="Window.IsVisible(6000)">SubmenuGoTo</include>
	<include condition="Window.IsVisible(Home)">SubMenuDefault</include>
	<control type="panel" id="9000">
	<include condition="Window.IsVisible(6000)">SubmenuVList</include>
	<include condition="Window.IsVisible(Home)">SubmenuHList</include>
	<content>
	<item>
	<label fallback="31014">$VAR[value_menu7701.label]</label>
	<property name="condition">$INFO[skin.string(menu7701.visible)]</property>
	<property name="name">menu7701</property>
	<property name="id">$INFO[skin.string(menu7701.master)]</property>
	<onclick condition="Window.IsVisible(6000)">SetFocus(5000)</onclick>
	<onclick condition="Window.IsVisible(Home)">Dialog.Close(6077)</onclick>
	<onclick condition="Window.IsVisible(Home)">Skin.SetString(submenu_action,$VAR[value_menu7701.action])</onclick>
	<visible>![IsEmpty(skin.string(menu7701.master)) | SubString(skin.string(menu7701.visible),off)] | Window.IsVisible(6000)</visible>
	</item>
	<item>
	<label fallback="31014">$VAR[value_menu7702.label]</label>
	<property name="condition">$INFO[skin.string(menu7702.visible)]</property>
	<property name="name">menu7702</property>
	<property name="id">$INFO[skin.string(menu7702.master)]</property>
	<onclick condition="Window.IsVisible(6000)">SetFocus(5000)</onclick>
	<onclick condition="Window.IsVisible(Home)">Dialog.Close(6077)</onclick>
	<onclick condition="Window.IsVisible(Home)">Skin.SetString(submenu_action,$VAR[value_menu7702.action])</onclick>
	<visible>![IsEmpty(skin.string(menu7702.master)) | SubString(skin.string(menu7702.visible),off)] | Window.IsVisible(6000)</visible>
	</item>
	<item>
	<label fallback="31014">$VAR[value_menu7703.label]</label>
	<property name="condition">$INFO[skin.string(menu7703.visible)]</property>
	<property name="name">menu7703</property>
	<property name="id">$INFO[skin.string(menu7703.master)]</property>
	<onclick condition="Window.IsVisible(6000)">SetFocus(5000)</onclick>
	<onclick condition="Window.IsVisible(Home)">Dialog.Close(6077)</onclick>
	<onclick condition="Window.IsVisible(Home)">Skin.SetString(submenu_action,$VAR[value_menu7703.action])</onclick>
	<visible>![IsEmpty(skin.string(menu7703.master)) | SubString(skin.string(menu7703.visible),off)] | Window.IsVisible(6000)</visible>
	</item>
	<item>
	<label fallback="31014">$VAR[value_menu7704.label]</label>
	<property name="condition">$INFO[skin.string(menu7704.visible)]</property>
	<property name="name">menu7704</property>
	<property name="id">$INFO[skin.string(menu7704.master)]</property>
	<onclick condition="Window.IsVisible(6000)">SetFocus(5000)</onclick>
	<onclick condition="Window.IsVisible(Home)">Dialog.Close(6077)</onclick>
	<onclick condition="Window.IsVisible(Home)">Skin.SetString(submenu_action,$VAR[value_menu7704.action])</onclick>
	<visible>![IsEmpty(skin.string(menu7704.master)) | SubString(skin.string(menu7704.visible),off)] | Window.IsVisible(6000)</visible>
	</item>
	<item>
	<label fallback="31014">$VAR[value_menu7705.label]</label>
	<property name="condition">$INFO[skin.string(menu7705.visible)]</property>
	<property name="name">menu7705</property>
	<property name="id">$INFO[skin.string(menu7705.master)]</property>
	<onclick condition="Window.IsVisible(6000)">SetFocus(5000)</onclick>
	<onclick condition="Window.IsVisible(Home)">Dialog.Close(6077)</onclick>
	<onclick condition="Window.IsVisible(Home)">Skin.SetString(submenu_action,$VAR[value_menu7705.action])</onclick>
	<visible>![IsEmpty(skin.string(menu7705.master)) | SubString(skin.string(menu7705.visible),off)] | Window.IsVisible(6000)</visible>
	</item>
	<item>
	<label fallback="31014">$VAR[value_menu7706.label]</label>
	<property name="condition">$INFO[skin.string(menu7706.visible)]</property>
	<property name="name">menu7706</property>
	<property name="id">$INFO[skin.string(menu7706.master)]</property>
	<onclick condition="Window.IsVisible(6000)">SetFocus(5000)</onclick>
	<onclick condition="Window.IsVisible(Home)">Dialog.Close(6077)</onclick>
	<onclick condition="Window.IsVisible(Home)">Skin.SetString(submenu_action,$VAR[value_menu7706.action])</onclick>
	<visible>![IsEmpty(skin.string(menu7706.master)) | SubString(skin.string(menu7706.visible),off)] | Window.IsVisible(6000)</visible>
	</item>
	<item>
	<label fallback="31014">$VAR[value_menu7707.label]</label>
	<property name="condition">$INFO[skin.string(menu7707.visible)]</property>
	<property name="name">menu7707</property>
	<property name="id">$INFO[skin.string(menu7707.master)]</property>
	<onclick condition="Window.IsVisible(6000)">SetFocus(5000)</onclick>
	<onclick condition="Window.IsVisible(Home)">Dialog.Close(6077)</onclick>
	<onclick condition="Window.IsVisible(Home)">Skin.SetString(submenu_action,$VAR[value_menu7707.action])</onclick>
	<visible>![IsEmpty(skin.string(menu7707.master)) | SubString(skin.string(menu7707.visible),off)] | Window.IsVisible(6000)</visible>
	</item>
	<item>
	<label fallback="31014">$VAR[value_menu7708.label]</label>
	<property name="condition">$INFO[skin.string(menu7708.visible)]</property>
	<property name="name">menu7708</property>
	<property name="id">$INFO[skin.string(menu7708.master)]</property>
	<onclick condition="Window.IsVisible(6000)">SetFocus(5000)</onclick>
	<onclick condition="Window.IsVisible(Home)">Dialog.Close(6077)</onclick>
	<onclick condition="Window.IsVisible(Home)">Skin.SetString(submenu_action,$VAR[value_menu7708.action])</onclick>
	<visible>![IsEmpty(skin.string(menu7708.master)) | SubString(skin.string(menu7708.visible),off)] | Window.IsVisible(6000)</visible>
	</item>
	<item>
	<label fallback="31014">$VAR[value_menu7709.label]</label>
	<property name="condition">$INFO[skin.string(menu7709.visible)]</property>
	<property name="name">menu7709</property>
	<property name="id">$INFO[skin.string(menu7709.master)]</property>
	<onclick condition="Window.IsVisible(6000)">SetFocus(5000)</onclick>
	<onclick condition="Window.IsVisible(Home)">Dialog.Close(6077)</onclick>
	<onclick condition="Window.IsVisible(Home)">Skin.SetString(submenu_action,$VAR[value_menu7709.action])</onclick>
	<visible>![IsEmpty(skin.string(menu7709.master)) | SubString(skin.string(menu7709.visible),off)] | Window.IsVisible(6000)</visible>
	</item>
	<item>
	<label fallback="31014">$VAR[value_menu7710.label]</label>
	<property name="condition">$INFO[skin.string(menu7710.visible)]</property>
	<property name="name">menu7710</property>
	<property name="id">$INFO[skin.string(menu7710.master)]</property>
	<onclick condition="Window.IsVisible(6000)">SetFocus(5000)</onclick>
	<onclick condition="Window.IsVisible(Home)">Dialog.Close(6077)</onclick>
	<onclick condition="Window.IsVisible(Home)">Skin.SetString(submenu_action,$VAR[value_menu7710.action])</onclick>
	<visible>![IsEmpty(skin.string(menu7710.master)) | SubString(skin.string(menu7710.visible),off)] | Window.IsVisible(6000)</visible>
	</item>
	</content>
	</control>
	<include condition="Window.IsVisible(6000)">Glass</include>
	</control>
	</control>
	</controls>
</window>