<?xml version="1.0" encoding="UTF-8"?>
<window id="6516" type="dialog"><!-- Aeon MQ 6 --><!-- Addon 16 -->
	<defaultcontrol>-</defaultcontrol>
	<include>SubMenuCommon</include>
	<controls>
	<control type="group">
	<include condition="Window.IsVisible(6000)">MenuCustom</include>
	<control type="group"><!-- default group -->
	<include>Animation_SubMenu</include>
	<include condition="Window.IsVisible(6000)">SubmenuGoTo</include>
	<include condition="Window.IsVisible(Home)">SubMenuDefault</include>
	<control type="panel" id="9000">
	<include condition="Window.IsVisible(6000)">SubmenuVList</include>
	<include condition="Window.IsVisible(Home)">SubmenuHList</include>
	<content>
	<item>
	<label fallback="31014">$VAR[value_menu51601.label]</label>
	<property name="condition">$INFO[skin.string(menu51601.visible)]</property>
	<property name="name">menu51601</property>
	<property name="id">$INFO[skin.string(menu51601.master)]</property>
	<onclick condition="Window.IsVisible(6000)">SetFocus(5000)</onclick>
	<onclick condition="Window.IsVisible(Home)">Dialog.Close(6516)</onclick>
	<onclick condition="Window.IsVisible(Home)">Skin.SetString(submenu_action,$VAR[value_menu51601.action])</onclick>
	<visible>![IsEmpty(skin.string(menu51601.master)) | SubString(skin.string(menu51601.visible),off)] | Window.IsVisible(6000)</visible>
	</item>
	<item>
	<label fallback="31014">$VAR[value_menu51602.label]</label>
	<property name="condition">$INFO[skin.string(menu51602.visible)]</property>
	<property name="name">menu51602</property>
	<property name="id">$INFO[skin.string(menu51602.master)]</property>
	<onclick condition="Window.IsVisible(6000)">SetFocus(5000)</onclick>
	<onclick condition="Window.IsVisible(Home)">Dialog.Close(6516)</onclick>
	<onclick condition="Window.IsVisible(Home)">Skin.SetString(submenu_action,$VAR[value_menu51602.action])</onclick>
	<visible>![IsEmpty(skin.string(menu51602.master)) | SubString(skin.string(menu51602.visible),off)] | Window.IsVisible(6000)</visible>
	</item>
	<item>
	<label fallback="31014">$VAR[value_menu51603.label]</label>
	<property name="condition">$INFO[skin.string(menu51603.visible)]</property>
	<property name="name">menu51603</property>
	<property name="id">$INFO[skin.string(menu51603.master)]</property>
	<onclick condition="Window.IsVisible(6000)">SetFocus(5000)</onclick>
	<onclick condition="Window.IsVisible(Home)">Dialog.Close(6516)</onclick>
	<onclick condition="Window.IsVisible(Home)">Skin.SetString(submenu_action,$VAR[value_menu51603.action])</onclick>
	<visible>![IsEmpty(skin.string(menu51603.master)) | SubString(skin.string(menu51603.visible),off)] | Window.IsVisible(6000)</visible>
	</item>
	<item>
	<label fallback="31014">$VAR[value_menu51604.label]</label>
	<property name="condition">$INFO[skin.string(menu51604.visible)]</property>
	<property name="name">menu51604</property>
	<property name="id">$INFO[skin.string(menu51604.master)]</property>
	<onclick condition="Window.IsVisible(6000)">SetFocus(5000)</onclick>
	<onclick condition="Window.IsVisible(Home)">Dialog.Close(6516)</onclick>
	<onclick condition="Window.IsVisible(Home)">Skin.SetString(submenu_action,$VAR[value_menu51604.action])</onclick>
	<visible>![IsEmpty(skin.string(menu51604.master)) | SubString(skin.string(menu51604.visible),off)] | Window.IsVisible(6000)</visible>
	</item>
	<item>
	<label fallback="31014">$VAR[value_menu51605.label]</label>
	<property name="condition">$INFO[skin.string(menu51605.visible)]</property>
	<property name="name">menu51605</property>
	<property name="id">$INFO[skin.string(menu51605.master)]</property>
	<onclick condition="Window.IsVisible(6000)">SetFocus(5000)</onclick>
	<onclick condition="Window.IsVisible(Home)">Dialog.Close(6516)</onclick>
	<onclick condition="Window.IsVisible(Home)">Skin.SetString(submenu_action,$VAR[value_menu51605.action])</onclick>
	<visible>![IsEmpty(skin.string(menu51605.master)) | SubString(skin.string(menu51605.visible),off)] | Window.IsVisible(6000)</visible>
	</item>
	<item>
	<label fallback="31014">$VAR[value_menu51606.label]</label>
	<property name="condition">$INFO[skin.string(menu51606.visible)]</property>
	<property name="name">menu51606</property>
	<property name="id">$INFO[skin.string(menu51606.master)]</property>
	<onclick condition="Window.IsVisible(6000)">SetFocus(5000)</onclick>
	<onclick condition="Window.IsVisible(Home)">Dialog.Close(6516)</onclick>
	<onclick condition="Window.IsVisible(Home)">Skin.SetString(submenu_action,$VAR[value_menu51606.action])</onclick>
	<visible>![IsEmpty(skin.string(menu51606.master)) | SubString(skin.string(menu51606.visible),off)] | Window.IsVisible(6000)</visible>
	</item>
	<item>
	<label fallback="31014">$VAR[value_menu51607.label]</label>
	<property name="condition">$INFO[skin.string(menu51607.visible)]</property>
	<property name="name">menu51607</property>
	<property name="id">$INFO[skin.string(menu51607.master)]</property>
	<onclick condition="Window.IsVisible(6000)">SetFocus(5000)</onclick>
	<onclick condition="Window.IsVisible(Home)">Dialog.Close(6516)</onclick>
	<onclick condition="Window.IsVisible(Home)">Skin.SetString(submenu_action,$VAR[value_menu51607.action])</onclick>
	<visible>![IsEmpty(skin.string(menu51607.master)) | SubString(skin.string(menu51607.visible),off)] | Window.IsVisible(6000)</visible>
	</item>
	<item>
	<label fallback="31014">$VAR[value_menu51608.label]</label>
	<property name="condition">$INFO[skin.string(menu51608.visible)]</property>
	<property name="name">menu51608</property>
	<property name="id">$INFO[skin.string(menu51608.master)]</property>
	<onclick condition="Window.IsVisible(6000)">SetFocus(5000)</onclick>
	<onclick condition="Window.IsVisible(Home)">Dialog.Close(6516)</onclick>
	<onclick condition="Window.IsVisible(Home)">Skin.SetString(submenu_action,$VAR[value_menu51608.action])</onclick>
	<visible>![IsEmpty(skin.string(menu51608.master)) | SubString(skin.string(menu51608.visible),off)] | Window.IsVisible(6000)</visible>
	</item>
	<item>
	<label fallback="31014">$VAR[value_menu51609.label]</label>
	<property name="condition">$INFO[skin.string(menu51609.visible)]</property>
	<property name="name">menu51609</property>
	<property name="id">$INFO[skin.string(menu51609.master)]</property>
	<onclick condition="Window.IsVisible(6000)">SetFocus(5000)</onclick>
	<onclick condition="Window.IsVisible(Home)">Dialog.Close(6516)</onclick>
	<onclick condition="Window.IsVisible(Home)">Skin.SetString(submenu_action,$VAR[value_menu51609.action])</onclick>
	<visible>![IsEmpty(skin.string(menu51609.master)) | SubString(skin.string(menu51609.visible),off)] | Window.IsVisible(6000)</visible>
	</item>
	<item>
	<label fallback="31014">$VAR[value_menu51610.label]</label>
	<property name="condition">$INFO[skin.string(menu51610.visible)]</property>
	<property name="name">menu51610</property>
	<property name="id">$INFO[skin.string(menu51610.master)]</property>
	<onclick condition="Window.IsVisible(6000)">SetFocus(5000)</onclick>
	<onclick condition="Window.IsVisible(Home)">Dialog.Close(6516)</onclick>
	<onclick condition="Window.IsVisible(Home)">Skin.SetString(submenu_action,$VAR[value_menu51610.action])</onclick>
	<visible>![IsEmpty(skin.string(menu51610.master)) | SubString(skin.string(menu51610.visible),off)] | Window.IsVisible(6000)</visible>
	</item>
	<item>
	<label fallback="31014">$VAR[value_menu51611.label]</label>
	<property name="condition">$INFO[skin.string(menu51611.visible)]</property>
	<property name="name">menu51611</property>
	<property name="id">$INFO[skin.string(menu51611.master)]</property>
	<onclick condition="Window.IsVisible(6000)">SetFocus(5000)</onclick>
	<onclick condition="Window.IsVisible(Home)">Dialog.Close(6516)</onclick>
	<onclick condition="Window.IsVisible(Home)">Skin.SetString(submenu_action,$VAR[value_menu51611.action])</onclick>
	<visible>![IsEmpty(skin.string(menu51611.master)) | SubString(skin.string(menu51611.visible),off)] | Window.IsVisible(6000)</visible>
	</item>
	<item>
	<label fallback="31014">$VAR[value_menu51612.label]</label>
	<property name="condition">$INFO[skin.string(menu51612.visible)]</property>
	<property name="name">menu51612</property>
	<property name="id">$INFO[skin.string(menu51612.master)]</property>
	<onclick condition="Window.IsVisible(6000)">SetFocus(5000)</onclick>
	<onclick condition="Window.IsVisible(Home)">Dialog.Close(6516)</onclick>
	<onclick condition="Window.IsVisible(Home)">Skin.SetString(submenu_action,$VAR[value_menu51612.action])</onclick>
	<visible>![IsEmpty(skin.string(menu51612.master)) | SubString(skin.string(menu51612.visible),off)] | Window.IsVisible(6000)</visible>
	</item>
	<item>
	<label fallback="31014">$VAR[value_menu51613.label]</label>
	<property name="condition">$INFO[skin.string(menu51613.visible)]</property>
	<property name="name">menu51613</property>
	<property name="id">$INFO[skin.string(menu51613.master)]</property>
	<onclick condition="Window.IsVisible(6000)">SetFocus(5000)</onclick>
	<onclick condition="Window.IsVisible(Home)">Dialog.Close(6516)</onclick>
	<onclick condition="Window.IsVisible(Home)">Skin.SetString(submenu_action,$VAR[value_menu51613.action])</onclick>
	<visible>![IsEmpty(skin.string(menu51613.master)) | SubString(skin.string(menu51613.visible),off)] | Window.IsVisible(6000)</visible>
	</item>
	<item>
	<label fallback="31014">$VAR[value_menu51614.label]</label>
	<property name="condition">$INFO[skin.string(menu51614.visible)]</property>
	<property name="name">menu51614</property>
	<property name="id">$INFO[skin.string(menu51614.master)]</property>
	<onclick condition="Window.IsVisible(6000)">SetFocus(5000)</onclick>
	<onclick condition="Window.IsVisible(Home)">Dialog.Close(6516)</onclick>
	<onclick condition="Window.IsVisible(Home)">Skin.SetString(submenu_action,$VAR[value_menu51614.action])</onclick>
	<visible>![IsEmpty(skin.string(menu51614.master)) | SubString(skin.string(menu51614.visible),off)] | Window.IsVisible(6000)</visible>
	</item>
	<item>
	<label fallback="31014">$VAR[value_menu51615.label]</label>
	<property name="condition">$INFO[skin.string(menu51615.visible)]</property>
	<property name="name">menu51615</property>
	<property name="id">$INFO[skin.string(menu51615.master)]</property>
	<onclick condition="Window.IsVisible(6000)">SetFocus(5000)</onclick>
	<onclick condition="Window.IsVisible(Home)">Dialog.Close(6516)</onclick>
	<onclick condition="Window.IsVisible(Home)">Skin.SetString(submenu_action,$VAR[value_menu51615.action])</onclick>
	<visible>![IsEmpty(skin.string(menu51615.master)) | SubString(skin.string(menu51615.visible),off)] | Window.IsVisible(6000)</visible>
	</item>
	</content>
	</control>
	<include condition="Window.IsVisible(6000)">Glass</include>
	</control>
	</control>
	</controls>
</window>