<?xml version="1.0" encoding="UTF-8"?>
<window id="6636" type="dialog"><!-- Aeon MQ 6 -->
	<defaultcontrol always="true">260</defaultcontrol>
	<onunload>SetFocus(51)</onunload>
	<allowoverlay>no</allowoverlay>
	<controls>
	<control type="group">
	<animation effect="slide" start="0,-700" end="0,0" time="500" tween="sine" easing="out">WindowOpen</animation>
	<animation effect="slide" start="0,0" end="0,-700" time="500" tween="sine" easing="out">WindowClose</animation>
	<control type="group"><!-- Grupo da transparencia -->
	<left>0</left>
	<top>460</top>
	<control type="image">
	<left>0</left>
	<top>219</top>
	<width>1280</width>
	<height>30</height>
	<texture flipy="true">shadow_h.png</texture>
	<colordiffuse>C3FFFFFF</colordiffuse>
	</control>
	<control type="image">
	<left>0</left>
	<top>120</top>
	<width>1280</width>
	<height>100</height>
	<texture>black.png</texture>
	<colordiffuse>C3FFFFFF</colordiffuse>
	</control>
	<control type="image">
	<left>0</left>
	<top>150</top>
	<width>1280</width>
	<height>40</height>
	<texture>grey.png</texture>
	<colordiffuse>20FFFFFF</colordiffuse>
	</control>
	<control type="label"><!-- Nome da transparencia Parede -->
	<left>0</left>
	<top>194</top>
	<width>1280</width>
	<height>30</height>
	<align>center</align>
	<font>Font_18</font>
	<textcolor>FFFFFAF0</textcolor>
	<label>[COLOR=80FFFAF0]$LOCALIZE[31691]: [/COLOR]$VAR[value_skinstatus_viewglass]</label>
	<scroll>true</scroll>
	</control>
	<control type="grouplist" id="260"><!-- Nivel de transparencia -->
	<left>440</left>
	<top>155</top>
	<width>800</width>
	<height>30</height>
	<itemgap>10</itemgap>
	<orientation>horizontal</orientation>
	<control type="button" id="261">
	<include>ButtonColor</include>
	<label>-</label>
	<colordiffuse>FFFFFFFF</colordiffuse>
	<onfocus>Skin.SetString($INFO[skin.string(view_glass)],50)</onfocus>
	<onup>Dialog.Close(6636)</onup>
	<ondown>Dialog.Close(6636)</ondown>
	<onclick>SetFocus(9100)</onclick>
	</control>
	<control type="button" id="262">
	<include>ButtonColor</include>
	<label>-</label>
	<colordiffuse>95FFFFFF</colordiffuse>
	<onfocus>Skin.SetString($INFO[skin.string(view_glass)],45)</onfocus>
	<onup>Dialog.Close(6636)</onup>
	<ondown>Dialog.Close(6636)</ondown>
	<onclick>SetFocus(9100)</onclick>
	</control>
	<control type="button" id="263">
	<include>ButtonColor</include>
	<label>-</label>
	<colordiffuse>85FFFFFF</colordiffuse>
	<onfocus>Skin.SetString($INFO[skin.string(view_glass)],40)</onfocus>
	<onup>Dialog.Close(6636)</onup>
	<ondown>Dialog.Close(6636)</ondown>
	<onclick>SetFocus(9100)</onclick>
	</control>
	<control type="button" id="264">
	<include>ButtonColor</include>
	<label>-</label>
	<colordiffuse>75FFFFFF</colordiffuse>
	<onfocus>Skin.SetString($INFO[skin.string(view_glass)],35)</onfocus>
	<onup>Dialog.Close(6636)</onup>
	<ondown>Dialog.Close(6636)</ondown>
	<onclick>SetFocus(9100)</onclick>
	</control>
	<control type="button" id="265">
	<include>ButtonColor</include>
	<label>-</label>
	<colordiffuse>65FFFFFF</colordiffuse>
	<onfocus>Skin.SetString($INFO[skin.string(view_glass)],30)</onfocus>
	<onup>Dialog.Close(6636)</onup>
	<ondown>Dialog.Close(6636)</ondown>
	<onclick>SetFocus(9100)</onclick>
	</control>
	<control type="button" id="266">
	<include>ButtonColor</include>
	<label>-</label>
	<colordiffuse>55FFFFFF</colordiffuse>
	<onfocus>Skin.SetString($INFO[skin.string(view_glass)],25)</onfocus>
	<onup>Dialog.Close(6636)</onup>
	<ondown>Dialog.Close(6636)</ondown>
	<onclick>SetFocus(9100)</onclick>
	</control>
	<control type="button" id="267">
	<include>ButtonColor</include>
	<label>-</label>
	<colordiffuse>45FFFFFF</colordiffuse>
	<onfocus>Skin.SetString($INFO[skin.string(view_glass)],20)</onfocus>
	<onup>Dialog.Close(6636)</onup>
	<ondown>Dialog.Close(6636)</ondown>
	<onclick>SetFocus(9100)</onclick>
	</control>
	<control type="button" id="268">
	<include>ButtonColor</include>
	<label>-</label>
	<colordiffuse>35FFFFFF</colordiffuse>
	<onfocus>Skin.SetString($INFO[skin.string(view_glass)],15)</onfocus>
	<onup>Dialog.Close(6636)</onup>
	<ondown>Dialog.Close(6636)</ondown>
	<onclick>SetFocus(9100)</onclick>
	</control>
	<control type="button" id="269">
	<include>ButtonColor</include>
	<label>-</label>
	<colordiffuse>25FFFFFF</colordiffuse>
	<onfocus>Skin.SetString($INFO[skin.string(view_glass)],10)</onfocus>
	<onup>Dialog.Close(6636)</onup>
	<ondown>Dialog.Close(6636)</ondown>
	<onclick>SetFocus(9100)</onclick>
	</control>
	<control type="button" id="270">
	<include>ButtonColor</include>
	<label>-</label>
	<colordiffuse>15FFFFFF</colordiffuse>
	<onfocus>Skin.SetString($INFO[skin.string(view_glass)],05)</onfocus>
	<onup>Dialog.Close(6636)</onup>
	<ondown>Dialog.Close(6636)</ondown>
	<onclick>SetFocus(9100)</onclick>
	</control>
	<control type="button" id="271">
	<include>ButtonColor</include>
	<label>-</label>
	<colordiffuse>05FFFFFF</colordiffuse>
	<onfocus>Skin.SetString($INFO[skin.string(view_glass)],00)</onfocus>
	<onup>Dialog.Close(6636)</onup>
	<ondown>Dialog.Close(6636)</ondown>
	<onclick>SetFocus(9100)</onclick>
	</control>
	</control>
	</control>
	</control>
	</controls>
</window>