<?xml version="1.0" encoding="UTF-8"?>
<window id="6006" type="dialog"><!-- Aeon MQ 6 --><!-- Favoritos -->
	<defaultcontrol>-</defaultcontrol>
	<include>SubMenuCommon</include>
	<controls>
	<control type="group">
	<include condition="Window.IsVisible(6000)">MenuCustom</include>
	<control type="group"><!-- default group -->
	<include>Animation_SubMenu</include>
	<include condition="Window.IsVisible(6000)">SubmenuGoTo</include>
	<include condition="Window.IsVisible(Home)">SubMenuDefault</include>
	<control type="panel" id="9000">
	<include condition="Window.IsVisible(6000)">SubmenuVList</include>
	<include condition="Window.IsVisible(Home)">SubmenuHList</include>
	<content>
	<item>
	<label fallback="31014">$VAR[value_menu0601.label]</label>
	<property name="condition">$INFO[skin.string(menu0601.visible)]</property>
	<property name="name">menu0601</property>
	<property name="id">$INFO[skin.string(menu0601.master)]</property>
	<onclick condition="Window.IsVisible(6000)">SetFocus(5000)</onclick>
	<onclick condition="Window.IsVisible(Home)">Dialog.Close(6006)</onclick>
	<onclick condition="Window.IsVisible(Home)">Skin.SetString(submenu_action,$VAR[value_menu0601.action])</onclick>
	<visible>![IsEmpty(skin.string(menu0601.master)) | SubString(skin.string(menu0601.visible),off)] | Window.IsVisible(6000)</visible>
	</item>
	<item>
	<label fallback="31014">$VAR[value_menu0602.label]</label>
	<property name="condition">$INFO[skin.string(menu0602.visible)]</property>
	<property name="name">menu0602</property>
	<property name="id">$INFO[skin.string(menu0602.master)]</property>
	<onclick condition="Window.IsVisible(6000)">SetFocus(5000)</onclick>
	<onclick condition="Window.IsVisible(Home)">Dialog.Close(6006)</onclick>
	<onclick condition="Window.IsVisible(Home)">Skin.SetString(submenu_action,$VAR[value_menu0602.action])</onclick>
	<visible>![IsEmpty(skin.string(menu0602.master)) | SubString(skin.string(menu0602.visible),off)] | Window.IsVisible(6000)</visible>
	</item>
	<item>
	<label fallback="31014">$VAR[value_menu0603.label]</label>
	<property name="condition">$INFO[skin.string(menu0603.visible)]</property>
	<property name="name">menu0603</property>
	<property name="id">$INFO[skin.string(menu0603.master)]</property>
	<onclick condition="Window.IsVisible(6000)">SetFocus(5000)</onclick>
	<onclick condition="Window.IsVisible(Home)">Dialog.Close(6006)</onclick>
	<onclick condition="Window.IsVisible(Home)">Skin.SetString(submenu_action,$VAR[value_menu0603.action])</onclick>
	<visible>![IsEmpty(skin.string(menu0603.master)) | SubString(skin.string(menu0603.visible),off)] | Window.IsVisible(6000)</visible>
	</item>
	<item>
	<label fallback="31014">$VAR[value_menu0604.label]</label>
	<property name="condition">$INFO[skin.string(menu0604.visible)]</property>
	<property name="name">menu0604</property>
	<property name="id">$INFO[skin.string(menu0604.master)]</property>
	<onclick condition="Window.IsVisible(6000)">SetFocus(5000)</onclick>
	<onclick condition="Window.IsVisible(Home)">Dialog.Close(6006)</onclick>
	<onclick condition="Window.IsVisible(Home)">Skin.SetString(submenu_action,$VAR[value_menu0604.action])</onclick>
	<visible>![IsEmpty(skin.string(menu0604.master)) | SubString(skin.string(menu0604.visible),off)] | Window.IsVisible(6000)</visible>
	</item>
	<item>
	<label fallback="31014">$VAR[value_menu0605.label]</label>
	<property name="condition">$INFO[skin.string(menu0605.visible)]</property>
	<property name="name">menu0605</property>
	<property name="id">$INFO[skin.string(menu0605.master)]</property>
	<onclick condition="Window.IsVisible(6000)">SetFocus(5000)</onclick>
	<onclick condition="Window.IsVisible(Home)">Dialog.Close(6006)</onclick>
	<onclick condition="Window.IsVisible(Home)">Skin.SetString(submenu_action,$VAR[value_menu0605.action])</onclick>
	<visible>![IsEmpty(skin.string(menu0605.master)) | SubString(skin.string(menu0605.visible),off)] | Window.IsVisible(6000)</visible>
	</item>
	<item>
	<label fallback="31014">$VAR[value_menu0606.label]</label>
	<property name="condition">$INFO[skin.string(menu0606.visible)]</property>
	<property name="name">menu0606</property>
	<property name="id">$INFO[skin.string(menu0606.master)]</property>
	<onclick condition="Window.IsVisible(6000)">SetFocus(5000)</onclick>
	<onclick condition="Window.IsVisible(Home)">Dialog.Close(6006)</onclick>
	<onclick condition="Window.IsVisible(Home)">Skin.SetString(submenu_action,$VAR[value_menu0606.action])</onclick>
	<visible>![IsEmpty(skin.string(menu0606.master)) | SubString(skin.string(menu0606.visible),off)] | Window.IsVisible(6000)</visible>
	</item>
	<item>
	<label fallback="31014">$VAR[value_menu0607.label]</label>
	<property name="condition">$INFO[skin.string(menu0607.visible)]</property>
	<property name="name">menu0607</property>
	<property name="id">$INFO[skin.string(menu0607.master)]</property>
	<onclick condition="Window.IsVisible(6000)">SetFocus(5000)</onclick>
	<onclick condition="Window.IsVisible(Home)">Dialog.Close(6006)</onclick>
	<onclick condition="Window.IsVisible(Home)">Skin.SetString(submenu_action,$VAR[value_menu0607.action])</onclick>
	<visible>![IsEmpty(skin.string(menu0607.master)) | SubString(skin.string(menu0607.visible),off)] | Window.IsVisible(6000)</visible>
	</item>
	<item>
	<label fallback="31014">$VAR[value_menu0608.label]</label>
	<property name="condition">$INFO[skin.string(menu0608.visible)]</property>
	<property name="name">menu0608</property>
	<property name="id">$INFO[skin.string(menu0608.master)]</property>
	<onclick condition="Window.IsVisible(6000)">SetFocus(5000)</onclick>
	<onclick condition="Window.IsVisible(Home)">Dialog.Close(6006)</onclick>
	<onclick condition="Window.IsVisible(Home)">Skin.SetString(submenu_action,$VAR[value_menu0608.action])</onclick>
	<visible>![IsEmpty(skin.string(menu0608.master)) | SubString(skin.string(menu0608.visible),off)] | Window.IsVisible(6000)</visible>
	</item>
	<item>
	<label fallback="31014">$VAR[value_menu0609.label]</label>
	<property name="condition">$INFO[skin.string(menu0609.visible)]</property>
	<property name="name">menu0609</property>
	<property name="id">$INFO[skin.string(menu0609.master)]</property>
	<onclick condition="Window.IsVisible(6000)">SetFocus(5000)</onclick>
	<onclick condition="Window.IsVisible(Home)">Dialog.Close(6006)</onclick>
	<onclick condition="Window.IsVisible(Home)">Skin.SetString(submenu_action,$VAR[value_menu0609.action])</onclick>
	<visible>![IsEmpty(skin.string(menu0609.master)) | SubString(skin.string(menu0609.visible),off)] | Window.IsVisible(6000)</visible>
	</item>
	<item>
	<label fallback="31014">$VAR[value_menu0610.label]</label>
	<property name="condition">$INFO[skin.string(menu0610.visible)]</property>
	<property name="name">menu0610</property>
	<property name="id">$INFO[skin.string(menu0610.master)]</property>
	<onclick condition="Window.IsVisible(6000)">SetFocus(5000)</onclick>
	<onclick condition="Window.IsVisible(Home)">Dialog.Close(6006)</onclick>
	<onclick condition="Window.IsVisible(Home)">Skin.SetString(submenu_action,$VAR[value_menu0610.action])</onclick>
	<visible>![IsEmpty(skin.string(menu0610.master)) | SubString(skin.string(menu0610.visible),off)] | Window.IsVisible(6000)</visible>
	</item>
	<item>
	<label fallback="31014">$VAR[value_menu0611.label]</label>
	<property name="condition">$INFO[skin.string(menu0611.visible)]</property>
	<property name="name">menu0611</property>
	<property name="id">$INFO[skin.string(menu0611.master)]</property>
	<onclick condition="Window.IsVisible(6000)">SetFocus(5000)</onclick>
	<onclick condition="Window.IsVisible(Home)">Dialog.Close(6006)</onclick>
	<onclick condition="Window.IsVisible(Home)">Skin.SetString(submenu_action,$VAR[value_menu0611.action])</onclick>
	<visible>![IsEmpty(skin.string(menu0611.master)) | SubString(skin.string(menu0611.visible),off)] | Window.IsVisible(6000)</visible>
	</item>
	<item>
	<label fallback="31014">$VAR[value_menu0612.label]</label>
	<property name="condition">$INFO[skin.string(menu0612.visible)]</property>
	<property name="name">menu0612</property>
	<property name="id">$INFO[skin.string(menu0612.master)]</property>
	<onclick condition="Window.IsVisible(6000)">SetFocus(5000)</onclick>
	<onclick condition="Window.IsVisible(Home)">Dialog.Close(6006)</onclick>
	<onclick condition="Window.IsVisible(Home)">Skin.SetString(submenu_action,$VAR[value_menu0612.action])</onclick>
	<visible>![IsEmpty(skin.string(menu0612.master)) | SubString(skin.string(menu0612.visible),off)] | Window.IsVisible(6000)</visible>
	</item>
	<item>
	<label fallback="31014">$VAR[value_menu0613.label]</label>
	<property name="condition">$INFO[skin.string(menu0613.visible)]</property>
	<property name="name">menu0613</property>
	<property name="id">$INFO[skin.string(menu0613.master)]</property>
	<onclick condition="Window.IsVisible(6000)">SetFocus(5000)</onclick>
	<onclick condition="Window.IsVisible(Home)">Dialog.Close(6006)</onclick>
	<onclick condition="Window.IsVisible(Home)">Skin.SetString(submenu_action,$VAR[value_menu0613.action])</onclick>
	<visible>![IsEmpty(skin.string(menu0613.master)) | SubString(skin.string(menu0613.visible),off)] | Window.IsVisible(6000)</visible>
	</item>
	<item>
	<label fallback="31014">$VAR[value_menu0614.label]</label>
	<property name="condition">$INFO[skin.string(menu0614.visible)]</property>
	<property name="name">menu0614</property>
	<property name="id">$INFO[skin.string(menu0614.master)]</property>
	<onclick condition="Window.IsVisible(6000)">SetFocus(5000)</onclick>
	<onclick condition="Window.IsVisible(Home)">Dialog.Close(6006)</onclick>
	<onclick condition="Window.IsVisible(Home)">Skin.SetString(submenu_action,$VAR[value_menu0614.action])</onclick>
	<visible>![IsEmpty(skin.string(menu0614.master)) | SubString(skin.string(menu0614.visible),off)] | Window.IsVisible(6000)</visible>
	</item>
	<item>
	<label fallback="31014">$VAR[value_menu0615.label]</label>
	<property name="condition">$INFO[skin.string(menu0615.visible)]</property>
	<property name="name">menu0615</property>
	<property name="id">$INFO[skin.string(menu0615.master)]</property>
	<onclick condition="Window.IsVisible(6000)">SetFocus(5000)</onclick>
	<onclick condition="Window.IsVisible(Home)">Dialog.Close(6006)</onclick>
	<onclick condition="Window.IsVisible(Home)">Skin.SetString(submenu_action,$VAR[value_menu0615.action])</onclick>
	<visible>![IsEmpty(skin.string(menu0615.master)) | SubString(skin.string(menu0615.visible),off)] | Window.IsVisible(6000)</visible>
	</item>
	<item>
	<label fallback="31014">$VAR[value_menu0616.label]</label>
	<property name="condition">$INFO[skin.string(menu0616.visible)]</property>
	<property name="name">menu0616</property>
	<property name="id">$INFO[skin.string(menu0616.master)]</property>
	<onclick condition="Window.IsVisible(6000)">SetFocus(5000)</onclick>
	<onclick condition="Window.IsVisible(Home)">Dialog.Close(6006)</onclick>
	<onclick condition="Window.IsVisible(Home)">Skin.SetString(submenu_action,$VAR[value_menu0616.action])</onclick>
	<visible>![IsEmpty(skin.string(menu0616.master)) | SubString(skin.string(menu0616.visible),off)] | Window.IsVisible(6000)</visible>
	</item>
	<item>
	<label fallback="31014">$VAR[value_menu0617.label]</label>
	<property name="condition">$INFO[skin.string(menu0617.visible)]</property>
	<property name="name">menu0617</property>
	<property name="id">$INFO[skin.string(menu0617.master)]</property>
	<onclick condition="Window.IsVisible(6000)">SetFocus(5000)</onclick>
	<onclick condition="Window.IsVisible(Home)">Dialog.Close(6006)</onclick>
	<onclick condition="Window.IsVisible(Home)">Skin.SetString(submenu_action,$VAR[value_menu0617.action])</onclick>
	<visible>![IsEmpty(skin.string(menu0617.master)) | SubString(skin.string(menu0617.visible),off)] | Window.IsVisible(6000)</visible>
	</item>
	<item>
	<label fallback="31014">$VAR[value_menu0618.label]</label>
	<property name="condition">$INFO[skin.string(menu0618.visible)]</property>
	<property name="name">menu0618</property>
	<property name="id">$INFO[skin.string(menu0618.master)]</property>
	<onclick condition="Window.IsVisible(6000)">SetFocus(5000)</onclick>
	<onclick condition="Window.IsVisible(Home)">Dialog.Close(6006)</onclick>
	<onclick condition="Window.IsVisible(Home)">Skin.SetString(submenu_action,$VAR[value_menu0618.action])</onclick>
	<visible>![IsEmpty(skin.string(menu0618.master)) | SubString(skin.string(menu0618.visible),off)] | Window.IsVisible(6000)</visible>
	</item>
	<item>
	<label fallback="31014">$VAR[value_menu0619.label]</label>
	<property name="condition">$INFO[skin.string(menu0619.visible)]</property>
	<property name="name">menu0619</property>
	<property name="id">$INFO[skin.string(menu0619.master)]</property>
	<onclick condition="Window.IsVisible(6000)">SetFocus(5000)</onclick>
	<onclick condition="Window.IsVisible(Home)">Dialog.Close(6006)</onclick>
	<onclick condition="Window.IsVisible(Home)">Skin.SetString(submenu_action,$VAR[value_menu0619.action])</onclick>
	<visible>![IsEmpty(skin.string(menu0619.master)) | SubString(skin.string(menu0619.visible),off)] | Window.IsVisible(6000)</visible>
	</item>
	<item>
	<label fallback="31014">$VAR[value_menu0620.label]</label>
	<property name="condition">$INFO[skin.string(menu0620.visible)]</property>
	<property name="name">menu0620</property>
	<property name="id">$INFO[skin.string(menu0620.master)]</property>
	<onclick condition="Window.IsVisible(6000)">SetFocus(5000)</onclick>
	<onclick condition="Window.IsVisible(Home)">Dialog.Close(6006)</onclick>
	<onclick condition="Window.IsVisible(Home)">Skin.SetString(submenu_action,$VAR[value_menu0620.action])</onclick>
	<visible>![IsEmpty(skin.string(menu0620.master)) | SubString(skin.string(menu0620.visible),off)] | Window.IsVisible(6000)</visible>
	</item>
	</content>
	</control>
	<include condition="Window.IsVisible(6000)">Glass</include>
	</control>
	</control>
	</controls>
</window>