<?xml version="1.0" encoding="UTF-8"?>
<window id="6407" type="dialog"><!-- Aeon MQ 6 --><!-- Favorito 7 -->
	<defaultcontrol>-</defaultcontrol>
	<include>SubMenuCommon</include>
	<controls>
	<control type="group">
	<include condition="Window.IsVisible(6000)">MenuCustom</include>
	<control type="group"><!-- default group -->
	<include>Animation_SubMenu</include>
	<include condition="Window.IsVisible(6000)">SubmenuGoTo</include>
	<include condition="Window.IsVisible(Home)">SubMenuDefault</include>
	<control type="panel" id="9000">
	<include condition="Window.IsVisible(6000)">SubmenuVList</include>
	<include condition="Window.IsVisible(Home)">SubmenuHList</include>
	<content>
	<item>
	<label fallback="31014">$VAR[value_menu40701.label]</label>
	<property name="condition">$INFO[skin.string(menu40701.visible)]</property>
	<property name="name">menu40701</property>
	<property name="id">$INFO[skin.string(menu40701.master)]</property>
	<onclick condition="Window.IsVisible(6000)">SetFocus(5000)</onclick>
	<onclick condition="Window.IsVisible(Home)">Dialog.Close(6407)</onclick>
	<onclick condition="Window.IsVisible(Home)">Skin.SetString(submenu_action,$VAR[value_menu40701.action])</onclick>
	<visible>![IsEmpty(skin.string(menu40701.master)) | SubString(skin.string(menu40701.visible),off)] | Window.IsVisible(6000)</visible>
	</item>
	<item>
	<label fallback="31014">$VAR[value_menu40702.label]</label>
	<property name="condition">$INFO[skin.string(menu40702.visible)]</property>
	<property name="name">menu40702</property>
	<property name="id">$INFO[skin.string(menu40702.master)]</property>
	<onclick condition="Window.IsVisible(6000)">SetFocus(5000)</onclick>
	<onclick condition="Window.IsVisible(Home)">Dialog.Close(6407)</onclick>
	<onclick condition="Window.IsVisible(Home)">Skin.SetString(submenu_action,$VAR[value_menu40702.action])</onclick>
	<visible>![IsEmpty(skin.string(menu40702.master)) | SubString(skin.string(menu40702.visible),off)] | Window.IsVisible(6000)</visible>
	</item>
	<item>
	<label fallback="31014">$VAR[value_menu40703.label]</label>
	<property name="condition">$INFO[skin.string(menu40703.visible)]</property>
	<property name="name">menu40703</property>
	<property name="id">$INFO[skin.string(menu40703.master)]</property>
	<onclick condition="Window.IsVisible(6000)">SetFocus(5000)</onclick>
	<onclick condition="Window.IsVisible(Home)">Dialog.Close(6407)</onclick>
	<onclick condition="Window.IsVisible(Home)">Skin.SetString(submenu_action,$VAR[value_menu40703.action])</onclick>
	<visible>![IsEmpty(skin.string(menu40703.master)) | SubString(skin.string(menu40703.visible),off)] | Window.IsVisible(6000)</visible>
	</item>
	<item>
	<label fallback="31014">$VAR[value_menu40704.label]</label>
	<property name="condition">$INFO[skin.string(menu40704.visible)]</property>
	<property name="name">menu40704</property>
	<property name="id">$INFO[skin.string(menu40704.master)]</property>
	<onclick condition="Window.IsVisible(6000)">SetFocus(5000)</onclick>
	<onclick condition="Window.IsVisible(Home)">Dialog.Close(6407)</onclick>
	<onclick condition="Window.IsVisible(Home)">Skin.SetString(submenu_action,$VAR[value_menu40704.action])</onclick>
	<visible>![IsEmpty(skin.string(menu40704.master)) | SubString(skin.string(menu40704.visible),off)] | Window.IsVisible(6000)</visible>
	</item>
	<item>
	<label fallback="31014">$VAR[value_menu40705.label]</label>
	<property name="condition">$INFO[skin.string(menu40705.visible)]</property>
	<property name="name">menu40705</property>
	<property name="id">$INFO[skin.string(menu40705.master)]</property>
	<onclick condition="Window.IsVisible(6000)">SetFocus(5000)</onclick>
	<onclick condition="Window.IsVisible(Home)">Dialog.Close(6407)</onclick>
	<onclick condition="Window.IsVisible(Home)">Skin.SetString(submenu_action,$VAR[value_menu40705.action])</onclick>
	<visible>![IsEmpty(skin.string(menu40705.master)) | SubString(skin.string(menu40705.visible),off)] | Window.IsVisible(6000)</visible>
	</item>
	<item>
	<label fallback="31014">$VAR[value_menu40706.label]</label>
	<property name="condition">$INFO[skin.string(menu40706.visible)]</property>
	<property name="name">menu40706</property>
	<property name="id">$INFO[skin.string(menu40706.master)]</property>
	<onclick condition="Window.IsVisible(6000)">SetFocus(5000)</onclick>
	<onclick condition="Window.IsVisible(Home)">Dialog.Close(6407)</onclick>
	<onclick condition="Window.IsVisible(Home)">Skin.SetString(submenu_action,$VAR[value_menu40706.action])</onclick>
	<visible>![IsEmpty(skin.string(menu40706.master)) | SubString(skin.string(menu40706.visible),off)] | Window.IsVisible(6000)</visible>
	</item>
	<item>
	<label fallback="31014">$VAR[value_menu40707.label]</label>
	<property name="condition">$INFO[skin.string(menu40707.visible)]</property>
	<property name="name">menu40707</property>
	<property name="id">$INFO[skin.string(menu40707.master)]</property>
	<onclick condition="Window.IsVisible(6000)">SetFocus(5000)</onclick>
	<onclick condition="Window.IsVisible(Home)">Dialog.Close(6407)</onclick>
	<onclick condition="Window.IsVisible(Home)">Skin.SetString(submenu_action,$VAR[value_menu40707.action])</onclick>
	<visible>![IsEmpty(skin.string(menu40707.master)) | SubString(skin.string(menu40707.visible),off)] | Window.IsVisible(6000)</visible>
	</item>
	<item>
	<label fallback="31014">$VAR[value_menu40708.label]</label>
	<property name="condition">$INFO[skin.string(menu40708.visible)]</property>
	<property name="name">menu40708</property>
	<property name="id">$INFO[skin.string(menu40708.master)]</property>
	<onclick condition="Window.IsVisible(6000)">SetFocus(5000)</onclick>
	<onclick condition="Window.IsVisible(Home)">Dialog.Close(6407)</onclick>
	<onclick condition="Window.IsVisible(Home)">Skin.SetString(submenu_action,$VAR[value_menu40708.action])</onclick>
	<visible>![IsEmpty(skin.string(menu40708.master)) | SubString(skin.string(menu40708.visible),off)] | Window.IsVisible(6000)</visible>
	</item>
	<item>
	<label fallback="31014">$VAR[value_menu40709.label]</label>
	<property name="condition">$INFO[skin.string(menu40709.visible)]</property>
	<property name="name">menu40709</property>
	<property name="id">$INFO[skin.string(menu40709.master)]</property>
	<onclick condition="Window.IsVisible(6000)">SetFocus(5000)</onclick>
	<onclick condition="Window.IsVisible(Home)">Dialog.Close(6407)</onclick>
	<onclick condition="Window.IsVisible(Home)">Skin.SetString(submenu_action,$VAR[value_menu40709.action])</onclick>
	<visible>![IsEmpty(skin.string(menu40709.master)) | SubString(skin.string(menu40709.visible),off)] | Window.IsVisible(6000)</visible>
	</item>
	<item>
	<label fallback="31014">$VAR[value_menu40710.label]</label>
	<property name="condition">$INFO[skin.string(menu40710.visible)]</property>
	<property name="name">menu40710</property>
	<property name="id">$INFO[skin.string(menu40710.master)]</property>
	<onclick condition="Window.IsVisible(6000)">SetFocus(5000)</onclick>
	<onclick condition="Window.IsVisible(Home)">Dialog.Close(6407)</onclick>
	<onclick condition="Window.IsVisible(Home)">Skin.SetString(submenu_action,$VAR[value_menu40710.action])</onclick>
	<visible>![IsEmpty(skin.string(menu40710.master)) | SubString(skin.string(menu40710.visible),off)] | Window.IsVisible(6000)</visible>
	</item>
	<item>
	<label fallback="31014">$VAR[value_menu40711.label]</label>
	<property name="condition">$INFO[skin.string(menu40711.visible)]</property>
	<property name="name">menu40711</property>
	<property name="id">$INFO[skin.string(menu40711.master)]</property>
	<onclick condition="Window.IsVisible(6000)">SetFocus(5000)</onclick>
	<onclick condition="Window.IsVisible(Home)">Dialog.Close(6407)</onclick>
	<onclick condition="Window.IsVisible(Home)">Skin.SetString(submenu_action,$VAR[value_menu40711.action])</onclick>
	<visible>![IsEmpty(skin.string(menu40711.master)) | SubString(skin.string(menu40711.visible),off)] | Window.IsVisible(6000)</visible>
	</item>
	<item>
	<label fallback="31014">$VAR[value_menu40712.label]</label>
	<property name="condition">$INFO[skin.string(menu40712.visible)]</property>
	<property name="name">menu40712</property>
	<property name="id">$INFO[skin.string(menu40712.master)]</property>
	<onclick condition="Window.IsVisible(6000)">SetFocus(5000)</onclick>
	<onclick condition="Window.IsVisible(Home)">Dialog.Close(6407)</onclick>
	<onclick condition="Window.IsVisible(Home)">Skin.SetString(submenu_action,$VAR[value_menu40712.action])</onclick>
	<visible>![IsEmpty(skin.string(menu40712.master)) | SubString(skin.string(menu40712.visible),off)] | Window.IsVisible(6000)</visible>
	</item>
	<item>
	<label fallback="31014">$VAR[value_menu40713.label]</label>
	<property name="condition">$INFO[skin.string(menu40713.visible)]</property>
	<property name="name">menu40713</property>
	<property name="id">$INFO[skin.string(menu40713.master)]</property>
	<onclick condition="Window.IsVisible(6000)">SetFocus(5000)</onclick>
	<onclick condition="Window.IsVisible(Home)">Dialog.Close(6407)</onclick>
	<onclick condition="Window.IsVisible(Home)">Skin.SetString(submenu_action,$VAR[value_menu40713.action])</onclick>
	<visible>![IsEmpty(skin.string(menu40713.master)) | SubString(skin.string(menu40713.visible),off)] | Window.IsVisible(6000)</visible>
	</item>
	<item>
	<label fallback="31014">$VAR[value_menu40714.label]</label>
	<property name="condition">$INFO[skin.string(menu40714.visible)]</property>
	<property name="name">menu40714</property>
	<property name="id">$INFO[skin.string(menu40714.master)]</property>
	<onclick condition="Window.IsVisible(6000)">SetFocus(5000)</onclick>
	<onclick condition="Window.IsVisible(Home)">Dialog.Close(6407)</onclick>
	<onclick condition="Window.IsVisible(Home)">Skin.SetString(submenu_action,$VAR[value_menu40714.action])</onclick>
	<visible>![IsEmpty(skin.string(menu40714.master)) | SubString(skin.string(menu40714.visible),off)] | Window.IsVisible(6000)</visible>
	</item>
	<item>
	<label fallback="31014">$VAR[value_menu40715.label]</label>
	<property name="condition">$INFO[skin.string(menu40715.visible)]</property>
	<property name="name">menu40715</property>
	<property name="id">$INFO[skin.string(menu40715.master)]</property>
	<onclick condition="Window.IsVisible(6000)">SetFocus(5000)</onclick>
	<onclick condition="Window.IsVisible(Home)">Dialog.Close(6407)</onclick>
	<onclick condition="Window.IsVisible(Home)">Skin.SetString(submenu_action,$VAR[value_menu40715.action])</onclick>
	<visible>![IsEmpty(skin.string(menu40715.master)) | SubString(skin.string(menu40715.visible),off)] | Window.IsVisible(6000)</visible>
	</item>
	</content>
	</control>
	<include condition="Window.IsVisible(6000)">Glass</include>
	</control>
	</control>
	</controls>
</window>