<?xml version="1.0" encoding="UTF-8"?>
<window id="6009" type="dialog"><!-- Aeon MQ 6 --><!-- Imagens -->
	<defaultcontrol>-</defaultcontrol>
	<include>SubMenuCommon</include>
	<controls>
	<control type="group">
	<include condition="Window.IsVisible(6000)">MenuCustom</include>
	<control type="group"><!-- default group -->
	<include>Animation_SubMenu</include>
	<include condition="Window.IsVisible(6000)">SubmenuGoTo</include>
	<include condition="Window.IsVisible(Home)">SubMenuDefault</include>
	<control type="panel" id="9000">
	<include condition="Window.IsVisible(6000)">SubmenuVList</include>
	<include condition="Window.IsVisible(Home)">SubmenuHList</include>
	<content>
	<item>
	<label fallback="31014">$VAR[value_menu0901.label]</label>
	<property name="condition">$INFO[skin.string(menu0901.visible)]</property>
	<property name="name">menu0901</property>
	<property name="id">$INFO[skin.string(menu0901.master)]</property>
	<onclick condition="Window.IsVisible(6000)">SetFocus(5000)</onclick>
	<onclick condition="Window.IsVisible(Home)">Dialog.Close(6009)</onclick>
	<onclick condition="Window.IsVisible(Home)">Skin.SetString(submenu_action,$VAR[value_menu0901.action])</onclick>
	<visible>![IsEmpty(skin.string(menu0901.master)) | SubString(skin.string(menu0901.visible),off)] | Window.IsVisible(6000)</visible>
	</item>
	<item>
	<label fallback="31014">$VAR[value_menu0902.label]</label>
	<property name="condition">$INFO[skin.string(menu0902.visible)]</property>
	<property name="name">menu0902</property>
	<property name="id">$INFO[skin.string(menu0902.master)]</property>
	<onclick condition="Window.IsVisible(6000)">SetFocus(5000)</onclick>
	<onclick condition="Window.IsVisible(Home)">Dialog.Close(6009)</onclick>
	<onclick condition="Window.IsVisible(Home)">Skin.SetString(submenu_action,$VAR[value_menu0902.action])</onclick>
	<visible>![IsEmpty(skin.string(menu0902.master)) | SubString(skin.string(menu0902.visible),off)] | Window.IsVisible(6000)</visible>
	</item>
	<item>
	<label fallback="31014">$VAR[value_menu0903.label]</label>
	<property name="condition">$INFO[skin.string(menu0903.visible)]</property>
	<property name="name">menu0903</property>
	<property name="id">$INFO[skin.string(menu0903.master)]</property>
	<onclick condition="Window.IsVisible(6000)">SetFocus(5000)</onclick>
	<onclick condition="Window.IsVisible(Home)">Dialog.Close(6009)</onclick>
	<onclick condition="Window.IsVisible(Home)">Skin.SetString(submenu_action,$VAR[value_menu0903.action])</onclick>
	<visible>![IsEmpty(skin.string(menu0903.master)) | SubString(skin.string(menu0903.visible),off)] | Window.IsVisible(6000)</visible>
	</item>
	<item>
	<label fallback="31014">$VAR[value_menu0904.label]</label>
	<property name="condition">$INFO[skin.string(menu0904.visible)]</property>
	<property name="name">menu0904</property>
	<property name="id">$INFO[skin.string(menu0904.master)]</property>
	<onclick condition="Window.IsVisible(6000)">SetFocus(5000)</onclick>
	<onclick condition="Window.IsVisible(Home)">Dialog.Close(6009)</onclick>
	<onclick condition="Window.IsVisible(Home)">Skin.SetString(submenu_action,$VAR[value_menu0904.action])</onclick>
	<visible>![IsEmpty(skin.string(menu0904.master)) | SubString(skin.string(menu0904.visible),off)] | Window.IsVisible(6000)</visible>
	</item>
	<item>
	<label fallback="31014">$VAR[value_menu0905.label]</label>
	<property name="condition">$INFO[skin.string(menu0905.visible)]</property>
	<property name="name">menu0905</property>
	<property name="id">$INFO[skin.string(menu0905.master)]</property>
	<onclick condition="Window.IsVisible(6000)">SetFocus(5000)</onclick>
	<onclick condition="Window.IsVisible(Home)">Dialog.Close(6009)</onclick>
	<onclick condition="Window.IsVisible(Home)">Skin.SetString(submenu_action,$VAR[value_menu0905.action])</onclick>
	<visible>![IsEmpty(skin.string(menu0905.master)) | SubString(skin.string(menu0905.visible),off)] | Window.IsVisible(6000)</visible>
	</item>
	<item>
	<label fallback="31014">$VAR[value_menu0906.label]</label>
	<property name="condition">$INFO[skin.string(menu0906.visible)]</property>
	<property name="name">menu0906</property>
	<property name="id">$INFO[skin.string(menu0906.master)]</property>
	<onclick condition="Window.IsVisible(6000)">SetFocus(5000)</onclick>
	<onclick condition="Window.IsVisible(Home)">Dialog.Close(6009)</onclick>
	<onclick condition="Window.IsVisible(Home)">Skin.SetString(submenu_action,$VAR[value_menu0906.action])</onclick>
	<visible>![IsEmpty(skin.string(menu0906.master)) | SubString(skin.string(menu0906.visible),off)] | Window.IsVisible(6000)</visible>
	</item>
	<item>
	<label fallback="31014">$VAR[value_menu0907.label]</label>
	<property name="condition">$INFO[skin.string(menu0907.visible)]</property>
	<property name="name">menu0907</property>
	<property name="id">$INFO[skin.string(menu0907.master)]</property>
	<onclick condition="Window.IsVisible(6000)">SetFocus(5000)</onclick>
	<onclick condition="Window.IsVisible(Home)">Dialog.Close(6009)</onclick>
	<onclick condition="Window.IsVisible(Home)">Skin.SetString(submenu_action,$VAR[value_menu0907.action])</onclick>
	<visible>![IsEmpty(skin.string(menu0907.master)) | SubString(skin.string(menu0907.visible),off)] | Window.IsVisible(6000)</visible>
	</item>
	<item>
	<label fallback="31014">$VAR[value_menu0908.label]</label>
	<property name="condition">$INFO[skin.string(menu0908.visible)]</property>
	<property name="name">menu0908</property>
	<property name="id">$INFO[skin.string(menu0908.master)]</property>
	<onclick condition="Window.IsVisible(6000)">SetFocus(5000)</onclick>
	<onclick condition="Window.IsVisible(Home)">Dialog.Close(6009)</onclick>
	<onclick condition="Window.IsVisible(Home)">Skin.SetString(submenu_action,$VAR[value_menu0908.action])</onclick>
	<visible>![IsEmpty(skin.string(menu0908.master)) | SubString(skin.string(menu0908.visible),off)] | Window.IsVisible(6000)</visible>
	</item>
	<item>
	<label fallback="31014">$VAR[value_menu0909.label]</label>
	<property name="condition">$INFO[skin.string(menu0909.visible)]</property>
	<property name="name">menu0909</property>
	<property name="id">$INFO[skin.string(menu0909.master)]</property>
	<onclick condition="Window.IsVisible(6000)">SetFocus(5000)</onclick>
	<onclick condition="Window.IsVisible(Home)">Dialog.Close(6009)</onclick>
	<onclick condition="Window.IsVisible(Home)">Skin.SetString(submenu_action,$VAR[value_menu0909.action])</onclick>
	<visible>![IsEmpty(skin.string(menu0909.master)) | SubString(skin.string(menu0909.visible),off)] | Window.IsVisible(6000)</visible>
	</item>
	<item>
	<label fallback="31014">$VAR[value_menu0910.label]</label>
	<property name="condition">$INFO[skin.string(menu0910.visible)]</property>
	<property name="name">menu0910</property>
	<property name="id">$INFO[skin.string(menu0910.master)]</property>
	<onclick condition="Window.IsVisible(6000)">SetFocus(5000)</onclick>
	<onclick condition="Window.IsVisible(Home)">Dialog.Close(6009)</onclick>
	<onclick condition="Window.IsVisible(Home)">Skin.SetString(submenu_action,$VAR[value_menu0910.action])</onclick>
	<visible>![IsEmpty(skin.string(menu0910.master)) | SubString(skin.string(menu0910.visible),off)] | Window.IsVisible(6000)</visible>
	</item>
	<item>
	<label fallback="31014">$VAR[value_menu0911.label]</label>
	<property name="condition">$INFO[skin.string(menu0911.visible)]</property>
	<property name="name">menu0911</property>
	<property name="id">$INFO[skin.string(menu0911.master)]</property>
	<onclick condition="Window.IsVisible(6000)">SetFocus(5000)</onclick>
	<onclick condition="Window.IsVisible(Home)">Dialog.Close(6009)</onclick>
	<onclick condition="Window.IsVisible(Home)">Skin.SetString(submenu_action,$VAR[value_menu0911.action])</onclick>
	<visible>![IsEmpty(skin.string(menu0911.master)) | SubString(skin.string(menu0911.visible),off)] | Window.IsVisible(6000)</visible>
	</item>
	<item>
	<label fallback="31014">$VAR[value_menu0912.label]</label>
	<property name="condition">$INFO[skin.string(menu0912.visible)]</property>
	<property name="name">menu0912</property>
	<property name="id">$INFO[skin.string(menu0912.master)]</property>
	<onclick condition="Window.IsVisible(6000)">SetFocus(5000)</onclick>
	<onclick condition="Window.IsVisible(Home)">Dialog.Close(6009)</onclick>
	<onclick condition="Window.IsVisible(Home)">Skin.SetString(submenu_action,$VAR[value_menu0912.action])</onclick>
	<visible>![IsEmpty(skin.string(menu0912.master)) | SubString(skin.string(menu0912.visible),off)] | Window.IsVisible(6000)</visible>
	</item>
	<item>
	<label fallback="31014">$VAR[value_menu0913.label]</label>
	<property name="condition">$INFO[skin.string(menu0913.visible)]</property>
	<property name="name">menu0913</property>
	<property name="id">$INFO[skin.string(menu0913.master)]</property>
	<onclick condition="Window.IsVisible(6000)">SetFocus(5000)</onclick>
	<onclick condition="Window.IsVisible(Home)">Dialog.Close(6009)</onclick>
	<onclick condition="Window.IsVisible(Home)">Skin.SetString(submenu_action,$VAR[value_menu0913.action])</onclick>
	<visible>![IsEmpty(skin.string(menu0913.master)) | SubString(skin.string(menu0913.visible),off)] | Window.IsVisible(6000)</visible>
	</item>
	<item>
	<label fallback="31014">$VAR[value_menu0914.label]</label>
	<property name="condition">$INFO[skin.string(menu0914.visible)]</property>
	<property name="name">menu0914</property>
	<property name="id">$INFO[skin.string(menu0914.master)]</property>
	<onclick condition="Window.IsVisible(6000)">SetFocus(5000)</onclick>
	<onclick condition="Window.IsVisible(Home)">Dialog.Close(6009)</onclick>
	<onclick condition="Window.IsVisible(Home)">Skin.SetString(submenu_action,$VAR[value_menu0914.action])</onclick>
	<visible>![IsEmpty(skin.string(menu0914.master)) | SubString(skin.string(menu0914.visible),off)] | Window.IsVisible(6000)</visible>
	</item>
	<item>
	<label fallback="31014">$VAR[value_menu0915.label]</label>
	<property name="condition">$INFO[skin.string(menu0915.visible)]</property>
	<property name="name">menu0915</property>
	<property name="id">$INFO[skin.string(menu0915.master)]</property>
	<onclick condition="Window.IsVisible(6000)">SetFocus(5000)</onclick>
	<onclick condition="Window.IsVisible(Home)">Dialog.Close(6009)</onclick>
	<onclick condition="Window.IsVisible(Home)">Skin.SetString(submenu_action,$VAR[value_menu0915.action])</onclick>
	<visible>![IsEmpty(skin.string(menu0915.master)) | SubString(skin.string(menu0915.visible),off)] | Window.IsVisible(6000)</visible>
	</item>
	<item>
	<label fallback="31014">$VAR[value_menu0916.label]</label>
	<property name="condition">$INFO[skin.string(menu0916.visible)]</property>
	<property name="name">menu0916</property>
	<property name="id">$INFO[skin.string(menu0916.master)]</property>
	<onclick condition="Window.IsVisible(6000)">SetFocus(5000)</onclick>
	<onclick condition="Window.IsVisible(Home)">Dialog.Close(6009)</onclick>
	<onclick condition="Window.IsVisible(Home)">Skin.SetString(submenu_action,$VAR[value_menu0916.action])</onclick>
	<visible>![IsEmpty(skin.string(menu0916.master)) | SubString(skin.string(menu0916.visible),off)] | Window.IsVisible(6000)</visible>
	</item>
	<item>
	<label fallback="31014">$VAR[value_menu0917.label]</label>
	<property name="condition">$INFO[skin.string(menu0917.visible)]</property>
	<property name="name">menu0917</property>
	<property name="id">$INFO[skin.string(menu0917.master)]</property>
	<onclick condition="Window.IsVisible(6000)">SetFocus(5000)</onclick>
	<onclick condition="Window.IsVisible(Home)">Dialog.Close(6009)</onclick>
	<onclick condition="Window.IsVisible(Home)">Skin.SetString(submenu_action,$VAR[value_menu0917.action])</onclick>
	<visible>![IsEmpty(skin.string(menu0917.master)) | SubString(skin.string(menu0917.visible),off)] | Window.IsVisible(6000)</visible>
	</item>
	<item>
	<label fallback="31014">$VAR[value_menu0918.label]</label>
	<property name="condition">$INFO[skin.string(menu0918.visible)]</property>
	<property name="name">menu0918</property>
	<property name="id">$INFO[skin.string(menu0918.master)]</property>
	<onclick condition="Window.IsVisible(6000)">SetFocus(5000)</onclick>
	<onclick condition="Window.IsVisible(Home)">Dialog.Close(6009)</onclick>
	<onclick condition="Window.IsVisible(Home)">Skin.SetString(submenu_action,$VAR[value_menu0918.action])</onclick>
	<visible>![IsEmpty(skin.string(menu0918.master)) | SubString(skin.string(menu0918.visible),off)] | Window.IsVisible(6000)</visible>
	</item>
	<item>
	<label fallback="31014">$VAR[value_menu0919.label]</label>
	<property name="condition">$INFO[skin.string(menu0919.visible)]</property>
	<property name="name">menu0919</property>
	<property name="id">$INFO[skin.string(menu0919.master)]</property>
	<onclick condition="Window.IsVisible(6000)">SetFocus(5000)</onclick>
	<onclick condition="Window.IsVisible(Home)">Dialog.Close(6009)</onclick>
	<onclick condition="Window.IsVisible(Home)">Skin.SetString(submenu_action,$VAR[value_menu0919.action])</onclick>
	<visible>![IsEmpty(skin.string(menu0919.master)) | SubString(skin.string(menu0919.visible),off)] | Window.IsVisible(6000)</visible>
	</item>
	<item>
	<label fallback="31014">$VAR[value_menu0920.label]</label>
	<property name="condition">$INFO[skin.string(menu0920.visible)]</property>
	<property name="name">menu0920</property>
	<property name="id">$INFO[skin.string(menu0920.master)]</property>
	<onclick condition="Window.IsVisible(6000)">SetFocus(5000)</onclick>
	<onclick condition="Window.IsVisible(Home)">Dialog.Close(6009)</onclick>
	<onclick condition="Window.IsVisible(Home)">Skin.SetString(submenu_action,$VAR[value_menu0920.action])</onclick>
	<visible>![IsEmpty(skin.string(menu0920.master)) | SubString(skin.string(menu0920.visible),off)] | Window.IsVisible(6000)</visible>
	</item>
	</content>
	</control>
	<include condition="Window.IsVisible(6000)">Glass</include>
	</control>
	</control>
	</controls>
</window>