<?xml version="1.0" encoding="UTF-8"?>
<window id="6637" type="dialog"><!-- Aeon MQ 6 -->
	<defaultcontrol>61</defaultcontrol>
	<controls>
	<control type="image">
	<left>0</left>
	<top>0</top>
	<width>1280</width>
	<height>720</height>
	<texture>black.png</texture>
	<colordiffuse>C3FFFFFF</colordiffuse>
	<include>Animation_Fade</include>
	</control>
	<control type="group" id="446">
	<animation type="WindowOpen" reversible="false">
	<effect type="slide" start="0,0" end="-585,0" time="500" easing="inout" tween="sine"/>
	<effect type="fade" start="0" end="100" time="500" />
	</animation>
	<animation type="WindowClose" reversible="false">
	<effect type="slide" start="-585,0" end="0,0" time="300" easing="inout" tween="cubic"/>
	<effect type="fade" start="100" end="0" time="300" />
	</animation>
	<left>1280</left>
	<top>0</top>
	<control type="image">
	<left>-10</left>
	<top>0</top>
	<width>30</width>
	<height>720</height>
	<texture flipx="true">shadow.png</texture>
	<colordiffuse>C3FFFFFF</colordiffuse>
	</control>
	<control type="image">
	<left>20</left>
	<top>0</top>
	<width>570</width>
	<height>720</height>
	<texture>darkgrey.png</texture>
	</control>
	<control type="label">
	<left>40</left>
	<top>20</top>
	<width>530</width>
	<height>30</height>
	<label>31985</label>
	<font>Font_32</font>
	<textcolor>FFFFFAF0</textcolor>
	<align>left</align>
	<aligny>center</aligny>
	<include>Animation_Fade</include>
	</control>
	<control type="image">
	<left>40</left>
	<top>70</top>
	<width>530</width>
	<height>2</height>
	<texture>separator.png</texture>
	</control>
	<control type="textbox">
	<left>40</left>
	<top>90</top>
	<width>505</width>
	<height>580</height>
	<align>justify</align>
	<aligny>top</aligny>
	<font>Font_20A</font>
	<textcolor>FFFFFAF0</textcolor>
	<label>[COLOR=$VAR[value_headercolor]]$LOCALIZE[31788]:[/COLOR] MarcosQui[CR][COLOR=$VAR[value_headercolor]]$LOCALIZE[31706]:[/COLOR] Wanilton[CR][COLOR=$VAR[value_headercolor]]$LOCALIZE[31704]:[/COLOR] Samu-rai[CR][COLOR=$VAR[value_headercolor]]$LOCALIZE[31705]:[/COLOR] Arabic - kim1406(C) - Bulgarian - alex95sv(C) - Catalan - mrfloffy(C) - Chinese - taxigps(C) - Croatian - mitaok(C) - Czech - Fery(C) - Danish - tenzion(C), denver99(T) - Dutch - schumi2004(C), Skank(T) - Finnish - hatiac(C) - French - GuiZ(C), Mati24(T) - Galician - xurxo(C) - German - janusreith(C), zawaponga s(T), Ash(T) - Greek - CutSickAss(C) - Hebrew - BuSHari (C) , yakirp88 (T) , dhead666(T) - Hindi - amanker(C) - Hungarian - attilazsigus(C), pulse117(T) - Icelandic - passer(C) - Italian - peppe_sr(C), Simzer0(T) - Japanese - shaolin (C) - Korean - piodio(C) - Lithuanian - ArtX38(C) - Norwegian - magnusalex(C) - Polish - Etharr(C) - Portuguese - nelsonamen(C) , Pingo.Mister(T) - Romanian - sergiocos(C) - Russian - SergeiAK(C) - Slovenian - tadej C) - Spanish - terratec C) - Spanish (Argentina) - LinkinStg(C) - Spanish (Mexico) - Palalisimo(C) - Swedish - thedarer(C) JohNan(T) - Thai - devilshura(C) - Ukrainian - GodfazzerC) - Vietnamese - dukevn(C), tess_vn(T)[CR][COLOR=$VAR[value_headercolor]]$LOCALIZE[31708]:[/COLOR] $LOCALIZE[31707][CR][CR][COLOR=$VAR[value_headercolor]]$LOCALIZE[31999][/COLOR]</label>
	<pagecontrol>61</pagecontrol>
	<autoscroll delay="25000" time="4000" repeat="25000">!Skin.HasSetting(noallowscroll)</autoscroll>
	</control>
	<control type="scrollbar" id="61">
	<include>ScrollBar_Vertical</include>
	<left>555</left>
	<top>90</top>
	<height>580</height>
	<onleft>Dialog.Close(6637)</onleft>
	<onleft>SetFocus(9000)</onleft>
	<onright>Dialog.Close(6637)</onright>
	<onright>SetFocus(9000)</onright>
	<onup>61</onup>
	<ondown>61</ondown>
	</control>
	</control>
	</controls>
</window>