<?xml version="1.0" encoding="UTF-8"?>
<window id="6319" type="dialog"><!-- Aeon MQ 6 --><!-- Vnode 19 -->
	<defaultcontrol>-</defaultcontrol>
	<include>SubMenuCommon</include>
	<controls>
	<control type="group">
	<include condition="Window.IsVisible(6000)">MenuCustom</include>
	<control type="group"><!-- default group -->
	<include>Animation_SubMenu</include>
	<include condition="Window.IsVisible(6000)">SubmenuGoTo</include>
	<include condition="Window.IsVisible(Home)">SubMenuDefault</include>
	<control type="panel" id="9000">
	<include condition="Window.IsVisible(6000)">SubmenuVList</include>
	<include condition="Window.IsVisible(Home)">SubmenuHList</include>
	<content>
	<item>
	<label fallback="31014">$VAR[value_menu31901.label]</label>
	<property name="condition">$INFO[skin.string(menu31901.visible)]</property>
	<property name="name">menu31901</property>
	<property name="id">$INFO[skin.string(menu31901.master)]</property>
	<onclick condition="Window.IsVisible(6000)">SetFocus(5000)</onclick>
	<onclick condition="Window.IsVisible(Home)">Dialog.Close(6319)</onclick>
	<onclick condition="Window.IsVisible(Home)">Skin.SetString(submenu_action,$VAR[value_menu31901.action])</onclick>
	<visible>![IsEmpty(skin.string(menu31901.master)) | SubString(skin.string(menu31901.visible),off)] | Window.IsVisible(6000)</visible>
	</item>
	<item>
	<label fallback="31014">$VAR[value_menu31902.label]</label>
	<property name="condition">$INFO[skin.string(menu31902.visible)]</property>
	<property name="name">menu31902</property>
	<property name="id">$INFO[skin.string(menu31902.master)]</property>
	<onclick condition="Window.IsVisible(6000)">SetFocus(5000)</onclick>
	<onclick condition="Window.IsVisible(Home)">Dialog.Close(6319)</onclick>
	<onclick condition="Window.IsVisible(Home)">Skin.SetString(submenu_action,$VAR[value_menu31902.action])</onclick>
	<visible>![IsEmpty(skin.string(menu31902.master)) | SubString(skin.string(menu31902.visible),off)] | Window.IsVisible(6000)</visible>
	</item>
	<item>
	<label fallback="31014">$VAR[value_menu31903.label]</label>
	<property name="condition">$INFO[skin.string(menu31903.visible)]</property>
	<property name="name">menu31903</property>
	<property name="id">$INFO[skin.string(menu31903.master)]</property>
	<onclick condition="Window.IsVisible(6000)">SetFocus(5000)</onclick>
	<onclick condition="Window.IsVisible(Home)">Dialog.Close(6319)</onclick>
	<onclick condition="Window.IsVisible(Home)">Skin.SetString(submenu_action,$VAR[value_menu31903.action])</onclick>
	<visible>![IsEmpty(skin.string(menu31903.master)) | SubString(skin.string(menu31903.visible),off)] | Window.IsVisible(6000)</visible>
	</item>
	<item>
	<label fallback="31014">$VAR[value_menu31904.label]</label>
	<property name="condition">$INFO[skin.string(menu31904.visible)]</property>
	<property name="name">menu31904</property>
	<property name="id">$INFO[skin.string(menu31904.master)]</property>
	<onclick condition="Window.IsVisible(6000)">SetFocus(5000)</onclick>
	<onclick condition="Window.IsVisible(Home)">Dialog.Close(6319)</onclick>
	<onclick condition="Window.IsVisible(Home)">Skin.SetString(submenu_action,$VAR[value_menu31904.action])</onclick>
	<visible>![IsEmpty(skin.string(menu31904.master)) | SubString(skin.string(menu31904.visible),off)] | Window.IsVisible(6000)</visible>
	</item>
	<item>
	<label fallback="31014">$VAR[value_menu31905.label]</label>
	<property name="condition">$INFO[skin.string(menu31905.visible)]</property>
	<property name="name">menu31905</property>
	<property name="id">$INFO[skin.string(menu31905.master)]</property>
	<onclick condition="Window.IsVisible(6000)">SetFocus(5000)</onclick>
	<onclick condition="Window.IsVisible(Home)">Dialog.Close(6319)</onclick>
	<onclick condition="Window.IsVisible(Home)">Skin.SetString(submenu_action,$VAR[value_menu31905.action])</onclick>
	<visible>![IsEmpty(skin.string(menu31905.master)) | SubString(skin.string(menu31905.visible),off)] | Window.IsVisible(6000)</visible>
	</item>
	<item>
	<label fallback="31014">$VAR[value_menu31906.label]</label>
	<property name="condition">$INFO[skin.string(menu31906.visible)]</property>
	<property name="name">menu31906</property>
	<property name="id">$INFO[skin.string(menu31906.master)]</property>
	<onclick condition="Window.IsVisible(6000)">SetFocus(5000)</onclick>
	<onclick condition="Window.IsVisible(Home)">Dialog.Close(6319)</onclick>
	<onclick condition="Window.IsVisible(Home)">Skin.SetString(submenu_action,$VAR[value_menu31906.action])</onclick>
	<visible>![IsEmpty(skin.string(menu31906.master)) | SubString(skin.string(menu31906.visible),off)] | Window.IsVisible(6000)</visible>
	</item>
	<item>
	<label fallback="31014">$VAR[value_menu31907.label]</label>
	<property name="condition">$INFO[skin.string(menu31907.visible)]</property>
	<property name="name">menu31907</property>
	<property name="id">$INFO[skin.string(menu31907.master)]</property>
	<onclick condition="Window.IsVisible(6000)">SetFocus(5000)</onclick>
	<onclick condition="Window.IsVisible(Home)">Dialog.Close(6319)</onclick>
	<onclick condition="Window.IsVisible(Home)">Skin.SetString(submenu_action,$VAR[value_menu31907.action])</onclick>
	<visible>![IsEmpty(skin.string(menu31907.master)) | SubString(skin.string(menu31907.visible),off)] | Window.IsVisible(6000)</visible>
	</item>
	<item>
	<label fallback="31014">$VAR[value_menu31908.label]</label>
	<property name="condition">$INFO[skin.string(menu31908.visible)]</property>
	<property name="name">menu31908</property>
	<property name="id">$INFO[skin.string(menu31908.master)]</property>
	<onclick condition="Window.IsVisible(6000)">SetFocus(5000)</onclick>
	<onclick condition="Window.IsVisible(Home)">Dialog.Close(6319)</onclick>
	<onclick condition="Window.IsVisible(Home)">Skin.SetString(submenu_action,$VAR[value_menu31908.action])</onclick>
	<visible>![IsEmpty(skin.string(menu31908.master)) | SubString(skin.string(menu31908.visible),off)] | Window.IsVisible(6000)</visible>
	</item>
	<item>
	<label fallback="31014">$VAR[value_menu31909.label]</label>
	<property name="condition">$INFO[skin.string(menu31909.visible)]</property>
	<property name="name">menu31909</property>
	<property name="id">$INFO[skin.string(menu31909.master)]</property>
	<onclick condition="Window.IsVisible(6000)">SetFocus(5000)</onclick>
	<onclick condition="Window.IsVisible(Home)">Dialog.Close(6319)</onclick>
	<onclick condition="Window.IsVisible(Home)">Skin.SetString(submenu_action,$VAR[value_menu31909.action])</onclick>
	<visible>![IsEmpty(skin.string(menu31909.master)) | SubString(skin.string(menu31909.visible),off)] | Window.IsVisible(6000)</visible>
	</item>
	<item>
	<label fallback="31014">$VAR[value_menu31910.label]</label>
	<property name="condition">$INFO[skin.string(menu31910.visible)]</property>
	<property name="name">menu31910</property>
	<property name="id">$INFO[skin.string(menu31910.master)]</property>
	<onclick condition="Window.IsVisible(6000)">SetFocus(5000)</onclick>
	<onclick condition="Window.IsVisible(Home)">Dialog.Close(6319)</onclick>
	<onclick condition="Window.IsVisible(Home)">Skin.SetString(submenu_action,$VAR[value_menu31910.action])</onclick>
	<visible>![IsEmpty(skin.string(menu31910.master)) | SubString(skin.string(menu31910.visible),off)] | Window.IsVisible(6000)</visible>
	</item>
	<item>
	<label fallback="31014">$VAR[value_menu31911.label]</label>
	<property name="condition">$INFO[skin.string(menu31911.visible)]</property>
	<property name="name">menu31911</property>
	<property name="id">$INFO[skin.string(menu31911.master)]</property>
	<onclick condition="Window.IsVisible(6000)">SetFocus(5000)</onclick>
	<onclick condition="Window.IsVisible(Home)">Dialog.Close(6319)</onclick>
	<onclick condition="Window.IsVisible(Home)">Skin.SetString(submenu_action,$VAR[value_menu31911.action])</onclick>
	<visible>![IsEmpty(skin.string(menu31911.master)) | SubString(skin.string(menu31911.visible),off)] | Window.IsVisible(6000)</visible>
	</item>
	<item>
	<label fallback="31014">$VAR[value_menu31912.label]</label>
	<property name="condition">$INFO[skin.string(menu31912.visible)]</property>
	<property name="name">menu31912</property>
	<property name="id">$INFO[skin.string(menu31912.master)]</property>
	<onclick condition="Window.IsVisible(6000)">SetFocus(5000)</onclick>
	<onclick condition="Window.IsVisible(Home)">Dialog.Close(6319)</onclick>
	<onclick condition="Window.IsVisible(Home)">Skin.SetString(submenu_action,$VAR[value_menu31912.action])</onclick>
	<visible>![IsEmpty(skin.string(menu31912.master)) | SubString(skin.string(menu31912.visible),off)] | Window.IsVisible(6000)</visible>
	</item>
	<item>
	<label fallback="31014">$VAR[value_menu31913.label]</label>
	<property name="condition">$INFO[skin.string(menu31913.visible)]</property>
	<property name="name">menu31913</property>
	<property name="id">$INFO[skin.string(menu31913.master)]</property>
	<onclick condition="Window.IsVisible(6000)">SetFocus(5000)</onclick>
	<onclick condition="Window.IsVisible(Home)">Dialog.Close(6319)</onclick>
	<onclick condition="Window.IsVisible(Home)">Skin.SetString(submenu_action,$VAR[value_menu31913.action])</onclick>
	<visible>![IsEmpty(skin.string(menu31913.master)) | SubString(skin.string(menu31913.visible),off)] | Window.IsVisible(6000)</visible>
	</item>
	<item>
	<label fallback="31014">$VAR[value_menu31914.label]</label>
	<property name="condition">$INFO[skin.string(menu31914.visible)]</property>
	<property name="name">menu31914</property>
	<property name="id">$INFO[skin.string(menu31914.master)]</property>
	<onclick condition="Window.IsVisible(6000)">SetFocus(5000)</onclick>
	<onclick condition="Window.IsVisible(Home)">Dialog.Close(6319)</onclick>
	<onclick condition="Window.IsVisible(Home)">Skin.SetString(submenu_action,$VAR[value_menu31914.action])</onclick>
	<visible>![IsEmpty(skin.string(menu31914.master)) | SubString(skin.string(menu31914.visible),off)] | Window.IsVisible(6000)</visible>
	</item>
	<item>
	<label fallback="31014">$VAR[value_menu31915.label]</label>
	<property name="condition">$INFO[skin.string(menu31915.visible)]</property>
	<property name="name">menu31915</property>
	<property name="id">$INFO[skin.string(menu31915.master)]</property>
	<onclick condition="Window.IsVisible(6000)">SetFocus(5000)</onclick>
	<onclick condition="Window.IsVisible(Home)">Dialog.Close(6319)</onclick>
	<onclick condition="Window.IsVisible(Home)">Skin.SetString(submenu_action,$VAR[value_menu31915.action])</onclick>
	<visible>![IsEmpty(skin.string(menu31915.master)) | SubString(skin.string(menu31915.visible),off)] | Window.IsVisible(6000)</visible>
	</item>
	</content>
	</control>
	<include condition="Window.IsVisible(6000)">Glass</include>
	</control>
	</control>
	</controls>
</window>