<?xml version="1.0" encoding="UTF-8"?>
<window id="6049" type="dialog"><!-- Aeon MQ 6 --><!-- Concerto recentes -->
	<defaultcontrol>-</defaultcontrol>
	<include>SubMenuCommon</include>
	<controls>
	<control type="group">
	<include condition="Window.IsVisible(6000)">MenuCustom</include>
	<control type="group"><!-- default group -->
	<include>Animation_SubMenu</include>
	<include condition="Window.IsVisible(6000)">SubmenuGoTo</include>
	<include condition="Window.IsVisible(Home)">SubMenuDefault</include>
	<control type="panel" id="9000">
	<include condition="Window.IsVisible(6000)">SubmenuVList</include>
	<include condition="Window.IsVisible(Home)">SubmenuHList</include>
	<content>
	<item>
	<label fallback="31014">$VAR[value_menu4901.label]</label>
	<property name="condition">$INFO[skin.string(menu4901.visible)]</property>
	<property name="name">menu4901</property>
	<property name="id">$INFO[skin.string(menu4901.master)]</property>
	<onclick condition="Window.IsVisible(6000)">SetFocus(5000)</onclick>
	<onclick condition="Window.IsVisible(Home)">Dialog.Close(6049)</onclick>
	<onclick condition="Window.IsVisible(Home)">Skin.SetString(submenu_action,$VAR[value_menu4901.action])</onclick>
	<visible>![IsEmpty(skin.string(menu4901.master)) | SubString(skin.string(menu4901.visible),off)] | Window.IsVisible(6000)</visible>
	</item>
	<item>
	<label fallback="31014">$VAR[value_menu4902.label]</label>
	<property name="condition">$INFO[skin.string(menu4902.visible)]</property>
	<property name="name">menu4902</property>
	<property name="id">$INFO[skin.string(menu4902.master)]</property>
	<onclick condition="Window.IsVisible(6000)">SetFocus(5000)</onclick>
	<onclick condition="Window.IsVisible(Home)">Dialog.Close(6049)</onclick>
	<onclick condition="Window.IsVisible(Home)">Skin.SetString(submenu_action,$VAR[value_menu4902.action])</onclick>
	<visible>![IsEmpty(skin.string(menu4902.master)) | SubString(skin.string(menu4902.visible),off)] | Window.IsVisible(6000)</visible>
	</item>
	<item>
	<label fallback="31014">$VAR[value_menu4903.label]</label>
	<property name="condition">$INFO[skin.string(menu4903.visible)]</property>
	<property name="name">menu4903</property>
	<property name="id">$INFO[skin.string(menu4903.master)]</property>
	<onclick condition="Window.IsVisible(6000)">SetFocus(5000)</onclick>
	<onclick condition="Window.IsVisible(Home)">Dialog.Close(6049)</onclick>
	<onclick condition="Window.IsVisible(Home)">Skin.SetString(submenu_action,$VAR[value_menu4903.action])</onclick>
	<visible>![IsEmpty(skin.string(menu4903.master)) | SubString(skin.string(menu4903.visible),off)] | Window.IsVisible(6000)</visible>
	</item>
	<item>
	<label fallback="31014">$VAR[value_menu4904.label]</label>
	<property name="condition">$INFO[skin.string(menu4904.visible)]</property>
	<property name="name">menu4904</property>
	<property name="id">$INFO[skin.string(menu4904.master)]</property>
	<onclick condition="Window.IsVisible(6000)">SetFocus(5000)</onclick>
	<onclick condition="Window.IsVisible(Home)">Dialog.Close(6049)</onclick>
	<onclick condition="Window.IsVisible(Home)">Skin.SetString(submenu_action,$VAR[value_menu4904.action])</onclick>
	<visible>![IsEmpty(skin.string(menu4904.master)) | SubString(skin.string(menu4904.visible),off)] | Window.IsVisible(6000)</visible>
	</item>
	<item>
	<label fallback="31014">$VAR[value_menu4905.label]</label>
	<property name="condition">$INFO[skin.string(menu4905.visible)]</property>
	<property name="name">menu4905</property>
	<property name="id">$INFO[skin.string(menu4905.master)]</property>
	<onclick condition="Window.IsVisible(6000)">SetFocus(5000)</onclick>
	<onclick condition="Window.IsVisible(Home)">Dialog.Close(6049)</onclick>
	<onclick condition="Window.IsVisible(Home)">Skin.SetString(submenu_action,$VAR[value_menu4905.action])</onclick>
	<visible>![IsEmpty(skin.string(menu4905.master)) | SubString(skin.string(menu4905.visible),off)] | Window.IsVisible(6000)</visible>
	</item>
	<item>
	<label fallback="31014">$VAR[value_menu4906.label]</label>
	<property name="condition">$INFO[skin.string(menu4906.visible)]</property>
	<property name="name">menu4906</property>
	<property name="id">$INFO[skin.string(menu4906.master)]</property>
	<onclick condition="Window.IsVisible(6000)">SetFocus(5000)</onclick>
	<onclick condition="Window.IsVisible(Home)">Dialog.Close(6049)</onclick>
	<onclick condition="Window.IsVisible(Home)">Skin.SetString(submenu_action,$VAR[value_menu4906.action])</onclick>
	<visible>![IsEmpty(skin.string(menu4906.master)) | SubString(skin.string(menu4906.visible),off)] | Window.IsVisible(6000)</visible>
	</item>
	<item>
	<label fallback="31014">$VAR[value_menu4907.label]</label>
	<property name="condition">$INFO[skin.string(menu4907.visible)]</property>
	<property name="name">menu4907</property>
	<property name="id">$INFO[skin.string(menu4907.master)]</property>
	<onclick condition="Window.IsVisible(6000)">SetFocus(5000)</onclick>
	<onclick condition="Window.IsVisible(Home)">Dialog.Close(6049)</onclick>
	<onclick condition="Window.IsVisible(Home)">Skin.SetString(submenu_action,$VAR[value_menu4907.action])</onclick>
	<visible>![IsEmpty(skin.string(menu4907.master)) | SubString(skin.string(menu4907.visible),off)] | Window.IsVisible(6000)</visible>
	</item>
	<item>
	<label fallback="31014">$VAR[value_menu4908.label]</label>
	<property name="condition">$INFO[skin.string(menu4908.visible)]</property>
	<property name="name">menu4908</property>
	<property name="id">$INFO[skin.string(menu4908.master)]</property>
	<onclick condition="Window.IsVisible(6000)">SetFocus(5000)</onclick>
	<onclick condition="Window.IsVisible(Home)">Dialog.Close(6049)</onclick>
	<onclick condition="Window.IsVisible(Home)">Skin.SetString(submenu_action,$VAR[value_menu4908.action])</onclick>
	<visible>![IsEmpty(skin.string(menu4908.master)) | SubString(skin.string(menu4908.visible),off)] | Window.IsVisible(6000)</visible>
	</item>
	<item>
	<label fallback="31014">$VAR[value_menu4909.label]</label>
	<property name="condition">$INFO[skin.string(menu4909.visible)]</property>
	<property name="name">menu4909</property>
	<property name="id">$INFO[skin.string(menu4909.master)]</property>
	<onclick condition="Window.IsVisible(6000)">SetFocus(5000)</onclick>
	<onclick condition="Window.IsVisible(Home)">Dialog.Close(6049)</onclick>
	<onclick condition="Window.IsVisible(Home)">Skin.SetString(submenu_action,$VAR[value_menu4909.action])</onclick>
	<visible>![IsEmpty(skin.string(menu4909.master)) | SubString(skin.string(menu4909.visible),off)] | Window.IsVisible(6000)</visible>
	</item>
	<item>
	<label fallback="31014">$VAR[value_menu4910.label]</label>
	<property name="condition">$INFO[skin.string(menu4910.visible)]</property>
	<property name="name">menu4910</property>
	<property name="id">$INFO[skin.string(menu4910.master)]</property>
	<onclick condition="Window.IsVisible(6000)">SetFocus(5000)</onclick>
	<onclick condition="Window.IsVisible(Home)">Dialog.Close(6049)</onclick>
	<onclick condition="Window.IsVisible(Home)">Skin.SetString(submenu_action,$VAR[value_menu4910.action])</onclick>
	<visible>![IsEmpty(skin.string(menu4910.master)) | SubString(skin.string(menu4910.visible),off)] | Window.IsVisible(6000)</visible>
	</item>
	</content>
	</control>
	<include condition="Window.IsVisible(6000)">Glass</include>
	</control>
	</control>
	</controls>
</window>