<?xml version="1.0" encoding="UTF-8"?>
<window id="6058" type="dialog"><!-- Aeon MQ 6 --><!-- Musica video clipes -->
	<defaultcontrol>-</defaultcontrol>
	<include>SubMenuCommon</include>
	<controls>
	<control type="group">
	<include condition="Window.IsVisible(6000)">MenuCustom</include>
	<control type="group"><!-- default group -->
	<include>Animation_SubMenu</include>
	<include condition="Window.IsVisible(6000)">SubmenuGoTo</include>
	<include condition="Window.IsVisible(Home)">SubMenuDefault</include>
	<control type="panel" id="9000">
	<include condition="Window.IsVisible(6000)">SubmenuVList</include>
	<include condition="Window.IsVisible(Home)">SubmenuHList</include>
	<content>
	<item>
	<label fallback="31014">$VAR[value_menu5801.label]</label>
	<property name="condition">$INFO[skin.string(menu5801.visible)]</property>
	<property name="name">menu5801</property>
	<property name="id">$INFO[skin.string(menu5801.master)]</property>
	<onclick condition="Window.IsVisible(6000)">SetFocus(5000)</onclick>
	<onclick condition="Window.IsVisible(Home)">Dialog.Close(6058)</onclick>
	<onclick condition="Window.IsVisible(Home)">Skin.SetString(submenu_action,$VAR[value_menu5801.action])</onclick>
	<visible>![IsEmpty(skin.string(menu5801.master)) | SubString(skin.string(menu5801.visible),off)] | Window.IsVisible(6000)</visible>
	</item>
	<item>
	<label fallback="31014">$VAR[value_menu5802.label]</label>
	<property name="condition">$INFO[skin.string(menu5802.visible)]</property>
	<property name="name">menu5802</property>
	<property name="id">$INFO[skin.string(menu5802.master)]</property>
	<onclick condition="Window.IsVisible(6000)">SetFocus(5000)</onclick>
	<onclick condition="Window.IsVisible(Home)">Dialog.Close(6058)</onclick>
	<onclick condition="Window.IsVisible(Home)">Skin.SetString(submenu_action,$VAR[value_menu5802.action])</onclick>
	<visible>![IsEmpty(skin.string(menu5802.master)) | SubString(skin.string(menu5802.visible),off)] | Window.IsVisible(6000)</visible>
	</item>
	<item>
	<label fallback="31014">$VAR[value_menu5803.label]</label>
	<property name="condition">$INFO[skin.string(menu5803.visible)]</property>
	<property name="name">menu5803</property>
	<property name="id">$INFO[skin.string(menu5803.master)]</property>
	<onclick condition="Window.IsVisible(6000)">SetFocus(5000)</onclick>
	<onclick condition="Window.IsVisible(Home)">Dialog.Close(6058)</onclick>
	<onclick condition="Window.IsVisible(Home)">Skin.SetString(submenu_action,$VAR[value_menu5803.action])</onclick>
	<visible>![IsEmpty(skin.string(menu5803.master)) | SubString(skin.string(menu5803.visible),off)] | Window.IsVisible(6000)</visible>
	</item>
	<item>
	<label fallback="31014">$VAR[value_menu5804.label]</label>
	<property name="condition">$INFO[skin.string(menu5804.visible)]</property>
	<property name="name">menu5804</property>
	<property name="id">$INFO[skin.string(menu5804.master)]</property>
	<onclick condition="Window.IsVisible(6000)">SetFocus(5000)</onclick>
	<onclick condition="Window.IsVisible(Home)">Dialog.Close(6058)</onclick>
	<onclick condition="Window.IsVisible(Home)">Skin.SetString(submenu_action,$VAR[value_menu5804.action])</onclick>
	<visible>![IsEmpty(skin.string(menu5804.master)) | SubString(skin.string(menu5804.visible),off)] | Window.IsVisible(6000)</visible>
	</item>
	<item>
	<label fallback="31014">$VAR[value_menu5805.label]</label>
	<property name="condition">$INFO[skin.string(menu5805.visible)]</property>
	<property name="name">menu5805</property>
	<property name="id">$INFO[skin.string(menu5805.master)]</property>
	<onclick condition="Window.IsVisible(6000)">SetFocus(5000)</onclick>
	<onclick condition="Window.IsVisible(Home)">Dialog.Close(6058)</onclick>
	<onclick condition="Window.IsVisible(Home)">Skin.SetString(submenu_action,$VAR[value_menu5805.action])</onclick>
	<visible>![IsEmpty(skin.string(menu5805.master)) | SubString(skin.string(menu5805.visible),off)] | Window.IsVisible(6000)</visible>
	</item>
	<item>
	<label fallback="31014">$VAR[value_menu5806.label]</label>
	<property name="condition">$INFO[skin.string(menu5806.visible)]</property>
	<property name="name">menu5806</property>
	<property name="id">$INFO[skin.string(menu5806.master)]</property>
	<onclick condition="Window.IsVisible(6000)">SetFocus(5000)</onclick>
	<onclick condition="Window.IsVisible(Home)">Dialog.Close(6058)</onclick>
	<onclick condition="Window.IsVisible(Home)">Skin.SetString(submenu_action,$VAR[value_menu5806.action])</onclick>
	<visible>![IsEmpty(skin.string(menu5806.master)) | SubString(skin.string(menu5806.visible),off)] | Window.IsVisible(6000)</visible>
	</item>
	<item>
	<label fallback="31014">$VAR[value_menu5807.label]</label>
	<property name="condition">$INFO[skin.string(menu5807.visible)]</property>
	<property name="name">menu5807</property>
	<property name="id">$INFO[skin.string(menu5807.master)]</property>
	<onclick condition="Window.IsVisible(6000)">SetFocus(5000)</onclick>
	<onclick condition="Window.IsVisible(Home)">Dialog.Close(6058)</onclick>
	<onclick condition="Window.IsVisible(Home)">Skin.SetString(submenu_action,$VAR[value_menu5807.action])</onclick>
	<visible>![IsEmpty(skin.string(menu5807.master)) | SubString(skin.string(menu5807.visible),off)] | Window.IsVisible(6000)</visible>
	</item>
	<item>
	<label fallback="31014">$VAR[value_menu5808.label]</label>
	<property name="condition">$INFO[skin.string(menu5808.visible)]</property>
	<property name="name">menu5808</property>
	<property name="id">$INFO[skin.string(menu5808.master)]</property>
	<onclick condition="Window.IsVisible(6000)">SetFocus(5000)</onclick>
	<onclick condition="Window.IsVisible(Home)">Dialog.Close(6058)</onclick>
	<onclick condition="Window.IsVisible(Home)">Skin.SetString(submenu_action,$VAR[value_menu5808.action])</onclick>
	<visible>![IsEmpty(skin.string(menu5808.master)) | SubString(skin.string(menu5808.visible),off)] | Window.IsVisible(6000)</visible>
	</item>
	<item>
	<label fallback="31014">$VAR[value_menu5809.label]</label>
	<property name="condition">$INFO[skin.string(menu5809.visible)]</property>
	<property name="name">menu5809</property>
	<property name="id">$INFO[skin.string(menu5809.master)]</property>
	<onclick condition="Window.IsVisible(6000)">SetFocus(5000)</onclick>
	<onclick condition="Window.IsVisible(Home)">Dialog.Close(6058)</onclick>
	<onclick condition="Window.IsVisible(Home)">Skin.SetString(submenu_action,$VAR[value_menu5809.action])</onclick>
	<visible>![IsEmpty(skin.string(menu5809.master)) | SubString(skin.string(menu5809.visible),off)] | Window.IsVisible(6000)</visible>
	</item>
	<item>
	<label fallback="31014">$VAR[value_menu5810.label]</label>
	<property name="condition">$INFO[skin.string(menu5810.visible)]</property>
	<property name="name">menu5810</property>
	<property name="id">$INFO[skin.string(menu5810.master)]</property>
	<onclick condition="Window.IsVisible(6000)">SetFocus(5000)</onclick>
	<onclick condition="Window.IsVisible(Home)">Dialog.Close(6058)</onclick>
	<onclick condition="Window.IsVisible(Home)">Skin.SetString(submenu_action,$VAR[value_menu5810.action])</onclick>
	<visible>![IsEmpty(skin.string(menu5810.master)) | SubString(skin.string(menu5810.visible),off)] | Window.IsVisible(6000)</visible>
	</item>
	</content>
	</control>
	<include condition="Window.IsVisible(6000)">Glass</include>
	</control>
	</control>
	</controls>
</window>