<?xml version="1.0" encoding="UTF-8"?>
<window id="6000"><!-- Aeon MQ 6 -->
	<defaultcontrol>-</defaultcontrol>
	<onload condition="Skin.HasSetting(languagedone)">SetFocus(9000)</onload>
	<onload condition="!Skin.HasSetting(languagedone)">SetFocus(9010)</onload>
	<onload>Skin.Reset(mymenu1.widget,true)</onload>
	<onload>Skin.Reset(mymenu2.widget,true)</onload>
	<onload>Skin.Reset(mymenu3.widget,true)</onload>
	<onload>Skin.Reset(mymenu4.widget,true)</onload>
	<onload>Skin.Reset(mymenu5.widget,true)</onload>
	<onunload condition="SubString(skin.string(menu1.master),mymenu1) | SubString(skin.string(menu2.master),mymenu1) | SubString(skin.string(menu3.master),mymenu1) | SubString(skin.string(menu4.master),mymenu1) | SubString(skin.string(menu5.master),mymenu1) | SubString(skin.string(menu6.master),mymenu1) | SubString(skin.string(menu7.master),mymenu1) | SubString(skin.string(menu8.master),mymenu1) | SubString(skin.string(menu9.master),mymenu1) | SubString(skin.string(menu10.master),mymenu1) | SubString(skin.string(menu11.master),mymenu1) | SubString(skin.string(menu12.master),mymenu1) | SubString(skin.string(menu13.master),mymenu1) | SubString(skin.string(menu14.master),mymenu1) | SubString(skin.string(menu15.master),mymenu1) | SubString(skin.string(menu16.master),mymenu1) | SubString(skin.string(menu17.master),mymenu1) | SubString(skin.string(menu18.master),mymenu1) | SubString(skin.string(menu19.master),mymenu1) | SubString(skin.string(menu20.master),mymenu1)">Skin.SetString(mymenu1.widget,true)</onunload>
	<onunload condition="SubString(skin.string(menu1.master),mymenu2) | SubString(skin.string(menu2.master),mymenu2) | SubString(skin.string(menu3.master),mymenu2) | SubString(skin.string(menu4.master),mymenu2) | SubString(skin.string(menu5.master),mymenu2) | SubString(skin.string(menu6.master),mymenu2) | SubString(skin.string(menu7.master),mymenu2) | SubString(skin.string(menu8.master),mymenu2) | SubString(skin.string(menu9.master),mymenu2) | SubString(skin.string(menu10.master),mymenu2) | SubString(skin.string(menu11.master),mymenu2) | SubString(skin.string(menu12.master),mymenu2) | SubString(skin.string(menu13.master),mymenu2) | SubString(skin.string(menu14.master),mymenu2) | SubString(skin.string(menu15.master),mymenu2) | SubString(skin.string(menu16.master),mymenu2) | SubString(skin.string(menu17.master),mymenu2) | SubString(skin.string(menu18.master),mymenu2) | SubString(skin.string(menu19.master),mymenu2) | SubString(skin.string(menu20.master),mymenu2)">Skin.SetString(mymenu2.widget,true)</onunload>
	<onunload condition="SubString(skin.string(menu1.master),mymenu3) | SubString(skin.string(menu2.master),mymenu3) | SubString(skin.string(menu3.master),mymenu3) | SubString(skin.string(menu4.master),mymenu3) | SubString(skin.string(menu5.master),mymenu3) | SubString(skin.string(menu6.master),mymenu3) | SubString(skin.string(menu7.master),mymenu3) | SubString(skin.string(menu8.master),mymenu3) | SubString(skin.string(menu9.master),mymenu3) | SubString(skin.string(menu10.master),mymenu3) | SubString(skin.string(menu11.master),mymenu3) | SubString(skin.string(menu12.master),mymenu3) | SubString(skin.string(menu13.master),mymenu3) | SubString(skin.string(menu14.master),mymenu3) | SubString(skin.string(menu15.master),mymenu3) | SubString(skin.string(menu16.master),mymenu3) | SubString(skin.string(menu17.master),mymenu3) | SubString(skin.string(menu18.master),mymenu3) | SubString(skin.string(menu19.master),mymenu3) | SubString(skin.string(menu20.master),mymenu3)">Skin.SetString(mymenu3.widget,true)</onunload>
	<onunload condition="SubString(skin.string(menu1.master),mymenu4) | SubString(skin.string(menu2.master),mymenu4) | SubString(skin.string(menu3.master),mymenu4) | SubString(skin.string(menu4.master),mymenu4) | SubString(skin.string(menu5.master),mymenu4) | SubString(skin.string(menu6.master),mymenu4) | SubString(skin.string(menu7.master),mymenu4) | SubString(skin.string(menu8.master),mymenu4) | SubString(skin.string(menu9.master),mymenu4) | SubString(skin.string(menu10.master),mymenu4) | SubString(skin.string(menu11.master),mymenu4) | SubString(skin.string(menu12.master),mymenu4) | SubString(skin.string(menu13.master),mymenu4) | SubString(skin.string(menu14.master),mymenu4) | SubString(skin.string(menu15.master),mymenu4) | SubString(skin.string(menu16.master),mymenu4) | SubString(skin.string(menu17.master),mymenu4) | SubString(skin.string(menu18.master),mymenu4) | SubString(skin.string(menu19.master),mymenu4) | SubString(skin.string(menu20.master),mymenu4)">Skin.SetString(mymenu4.widget,true)</onunload>
	<onunload condition="SubString(skin.string(menu1.master),mymenu5) | SubString(skin.string(menu2.master),mymenu5) | SubString(skin.string(menu3.master),mymenu5) | SubString(skin.string(menu4.master),mymenu5) | SubString(skin.string(menu5.master),mymenu5) | SubString(skin.string(menu6.master),mymenu5) | SubString(skin.string(menu7.master),mymenu5) | SubString(skin.string(menu8.master),mymenu5) | SubString(skin.string(menu9.master),mymenu5) | SubString(skin.string(menu10.master),mymenu5) | SubString(skin.string(menu11.master),mymenu5) | SubString(skin.string(menu12.master),mymenu5) | SubString(skin.string(menu13.master),mymenu5) | SubString(skin.string(menu14.master),mymenu5) | SubString(skin.string(menu15.master),mymenu5) | SubString(skin.string(menu16.master),mymenu5) | SubString(skin.string(menu17.master),mymenu5) | SubString(skin.string(menu18.master),mymenu5) | SubString(skin.string(menu19.master),mymenu5) | SubString(skin.string(menu20.master),mymenu5)">Skin.SetString(mymenu5.widget,true)</onunload>
	<allowoverlay>no</allowoverlay>
	<controls>
	<control type="multiimage">
	<include>HomeBG</include>
	<imagepath fallback="special://skin/backgrounds/extras/default.jpg" background="true">$VAR[value_menubg]</imagepath>
	</control>
	<control type="button" id="4095">
	<include>InvisibleButton</include>
	<onright>SetFocus(145)</onright>
	<onleft>SetFocus(145)</onleft>
	<onup>SetFocus(145)</onup>
	<ondown>SetFocus(145)</ondown>
	</control>
	
	<!-- Menu Principal - Prever imagem de fundo -->
	<control type="group">
	<visible>Control.HasFocus(4095)</visible>
	<animation effect="slide" start="0,0" end="0,-210" time="400" tween="cubic" easing="inout" condition="Skin.HasSetting(highermainmenu)">Conditional</animation>
	<control type="multiimage"><!-- Barra de estilos -->
	<left>0</left>
	<top>545</top>
	<width>1280</width>
	<height>60</height>
	<aspectratio>stretch</aspectratio>
	<timeperimage>6000</timeperimage>
	<randomize>true</randomize>
	<fadetime>FanartCrossFadeTime</fadetime>
	<imagepath background="true">$INFO[Skin.String(mainmenustyle)]</imagepath>
	<colordiffuse>$VAR[value_stylecolor]</colordiffuse>
	<include>Animation_StyleGlass</include>
	</control>
	<control type="image">
	<left>0</left>
	<top>545</top>
	<width>1280</width>
	<height>1</height>
	<texture>separator.png</texture>
	<colordiffuse>$VAR[value_texturecolor]</colordiffuse>
	<include>Animation_HomeGlass</include>
	</control>
	<control type="image">
	<left>0</left>
	<top>605</top>
	<width>1280</width>
	<height>1</height>
	<texture>separator.png</texture>
	<colordiffuse>$VAR[value_texturecolor]</colordiffuse>
	<include>Animation_HomeGlass</include>
	</control>
	<control type="image">
	<left>0</left>
	<top>516</top>
	<width>1300</width>
	<height>30</height>
	<texture>shadow_h.png</texture>
	<colordiffuse>C3FFFFFF</colordiffuse>
	</control>
	<control type="image">
	<left>0</left>
	<top>605</top>
	<width>1300</width>
	<height>30</height>
	<texture flipy="true">shadow_h.png</texture>
	<colordiffuse>C3FFFFFF</colordiffuse>
	</control>
	<include>MainMenuPreview</include>
	<control type="image">
	<left>0</left>
	<top>545</top>
	<width>1280</width>
	<height>61</height>
	<aspectratio>stretch</aspectratio>
	<texture>gradient_small.png</texture>
	<colordiffuse>C3FFFFFF</colordiffuse>
	</control>
	<control type="image">
	<left>0</left>
	<top>545</top>
	<width>1280</width>
	<height>61</height>
	<aspectratio>stretch</aspectratio>
	<texture>osd_glass.png</texture>
	<visible>Skin.HasSetting(mainmenuglass)</visible>
	</control>
	</control>
	
	<control type="group"><!-- default group -->
	<visible>!Control.HasFocus(4095)</visible>
	<include>Animation_Window</include>
	<control type="image"><!-- Fundo -->
	<left>300</left>
	<top>26</top>
	<width>1040</width>
	<height>30</height>
	<texture>shadow_h.png</texture>
	<colordiffuse>C3FFFFFF</colordiffuse>
	</control>
	<control type="image">
	<left>300</left>
	<top>55</top>
	<width>1040</width>
	<height>665</height>
	<texture>darkgrey.png</texture>
	<colordiffuse>$VAR[value_texturecolor]</colordiffuse>
	<animation effect="fade" end="85" condition="true">Conditional</animation>
	</control>
	<control type="label"><!-- Titulo customizacao -->
	<left>350</left>
	<top>65</top>
	<width>860</width>
	<height>49</height>
	<align>left</align>
	<font>Font_32</font>
	<textcolor>FFFFFAF0</textcolor>
	<label>$VAR[value_customtitle]</label>
	<include>Animation_Fade</include>
	</control>
	<control type="group">
    <include>MenuCustom</include>
	<visible>!Skin.HasSetting(submode)</visible>
	</control>
	<control type="image"><!-- Painel de info no rodape -->
	<left>300</left>
	<top>600</top>
	<height>2</height>
	<width>720</width>
	<texture>separator.png</texture>
	</control>
	<control type="textbox">
	<left>350</left>
	<top>610</top>
	<width>630</width>
	<height>90</height>
	<label>$VAR[value_menuhelp]</label>
	<font>Font_18A</font>
	<align>justify</align>
	<aligny>top</aligny>
	<textcolor>FFFFFAF0</textcolor>
	<autoscroll delay="10000" time="3000" repeat="10000">!Skin.HasSetting(noallowscroll)</autoscroll>
	</control>
	<control type="grouplist">
	<left>450</left>
	<top>610</top>
	<width>630</width>
	<height>90</height>
	<orientation>horizontal</orientation>
	<itemgap>0</itemgap>
	<scrolltime>-</scrolltime>
	<animation effect="fade" reversible="true" time="300">VisibleChange</animation>
	<visible>!Skin.HasSetting(weathericons) + [Control.HasFocus(129) | Control.HasFocus(130) | Control.HasFocus(131)]</visible>
	<control type="image"><!-- Icone do clima 1 -->
	<width>180</width>
	<height>90</height>
	<aspectratio align="center">keep</aspectratio>
	<texture background="true">$INFO[Window(Weather).Property(Daily.1.OutlookIcon)]</texture>
	</control>
	<control type="image"><!-- Icone do clima 2 -->
	<width>180</width>
	<height>90</height>
	<aspectratio align="center">keep</aspectratio>
	<texture background="true">$INFO[Window(Weather).Property(Daily.4.OutlookIcon)]</texture>
	</control>
	<control type="image"><!-- Icone do clima 3 -->
	<width>180</width>
	<height>90</height>
	<aspectratio align="center">keep</aspectratio>
	<texture background="true">$INFO[Window(Weather).Property(Daily.7.OutlookIcon)]</texture>
	</control>
	</control>
	<control type="grouplist">
	<left>450</left>
	<top>610</top>
	<width>630</width>
	<height>90</height>
	<orientation>horizontal</orientation>
	<itemgap>0</itemgap>
	<scrolltime>-</scrolltime>
	<animation effect="fade" reversible="true" time="300">VisibleChange</animation>
	<visible>Skin.HasSetting(weathericons) + [Control.HasFocus(129) | Control.HasFocus(130) | Control.HasFocus(131)]</visible>
	<control type="multiimage"><!-- Icone animado 1 -->
	<width>180</width>
	<height>90</height>
	<aspectratio align="center">keep</aspectratio>
	<imagepath>$VAR[value_weathericons]$INFO[Window(Weather).Property(Daily.1.FanartCode)]</imagepath>
	<timeperimage>175</timeperimage>
	<randomize>false</randomize>
	<fadetime>0</fadetime>
	</control>
	<control type="multiimage"><!-- Icone animado 2 -->
	<width>180</width>
	<height>90</height>
	<aspectratio align="center">keep</aspectratio>
	<imagepath>$VAR[value_weathericons]$INFO[Window(Weather).Property(Daily.4.FanartCode)]</imagepath>
	<timeperimage>175</timeperimage>
	<randomize>false</randomize>
	<fadetime>0</fadetime>
	</control>
	<control type="multiimage"><!-- Icone animado 3 -->
	<width>180</width>
	<height>90</height>
	<aspectratio align="center">keep</aspectratio>
	<imagepath>$VAR[value_weathericons]$INFO[Window(Weather).Property(Daily.7.FanartCode)]</imagepath>
	<timeperimage>175</timeperimage>
	<randomize>false</randomize>
	<fadetime>0</fadetime>
	</control>
	</control>
	<control type="group">
	<animation effect="slide" start="0,0" end="0,160" condition="Control.HasFocus(452)">Conditional</animation>
	<animation effect="slide" start="0,0" end="0,200" condition="Control.HasFocus(453)">Conditional</animation>
	<animation effect="slide" start="0,0" end="0,240" condition="Control.HasFocus(454)">Conditional</animation>
	<animation effect="slide" start="0,0" end="0,280" condition="Control.HasFocus(455)">Conditional</animation>
	<animation effect="slide" start="0,0" end="0,120" condition="Control.HasFocus(456)">Conditional</animation>
	<animation effect="slide" start="0,0" end="0,160" condition="Control.HasFocus(457)">Conditional</animation>
	<visible>Control.HasFocus(452) | Control.HasFocus(453) | Control.HasFocus(454) | Control.HasFocus(455) | Control.HasFocus(456) | Control.HasFocus(457)</visible>
	<control type="image">
	<left>300</left>
	<top>0</top>
	<width>720</width>
	<height>40</height>
	<texture>settings_button_focus.png</texture>
	<colordiffuse>50FFFFFF</colordiffuse>
	</control>
	<control type="image">
	<left>1000</left>
	<top>0</top>
	<width>20</width>
	<height>40</height>
	<texture flipx="true">arrow_settings.png</texture>
	<colordiffuse>E4101010</colordiffuse>
	<include>Animation_Fade</include>
	<animation effect="fade" start="20" end="80" time="700" condition="true" pulse="true">Conditional</animation>
	</control>
	</control>
	<control type="image">
	<left>1020</left>
	<top>55</top>
	<width>2</width>
	<height>665</height>
	<texture>separator_v.png</texture>
	</control>
	<control type="image"><!-- Menu principal -->
	<left>300</left>
	<top>0</top>
	<width>30</width>
	<height>720</height>
	<texture>shadow.png</texture>
	<colordiffuse>C3FFFFFF</colordiffuse>
	</control>
	<control type="image">
	<left>0</left>
	<top>0</top>
	<width>300</width>
	<height>720</height>
	<texture>settings_button_focus.png</texture>
	</control>
	<control type="image">
	<left>298</left>
	<top>0</top>
	<width>2</width>
	<height>720</height>
	<texture>separator_v.png</texture>
	</control>
	<control type="button" id="5200"><!-- Somente para tela de toque -->
	<left>0</left>
	<top>690</top>
	<width>150</width>
	<height>29</height>
	<onleft>9000</onleft>
	<onright>9000</onright>
	<onup>9000</onup>
	<ondown>9000</ondown>
	<onclick condition="![Control.HasFocus(510) | Control.HasFocus(5100)]">Skin.SetBool(submode)</onclick>
	<onclick condition="![Control.HasFocus(510) | Control.HasFocus(5100)]">ActivateWindow($VAR[Sub_GoTo])</onclick>
	<align>left</align>
	<font>Font_15</font>
	<textwidth>150</textwidth>
	<textcolor>FF101010</textcolor>
	<focusedcolor>FFFFFAF0</focusedcolor>
	<label>$VAR[value_label1]</label>
	<texturefocus diffuse="gradient_button.png">settings_button.png</texturefocus>
	<texturenofocus>-</texturenofocus>
	<colordiffuse>F9FFFFFF</colordiffuse>
	<visible>!Skin.HasSetting(submode)</visible>
	</control>
	<control type="image">
	<left>20</left>
	<top>693</top>
	<width>22</width>
	<height>22</height>
	<texture>$VAR[value_arrow1]</texture>
	<colordiffuse>$VAR[value_arrow1_color]</colordiffuse>
	<include>Animation_Fade</include>
	</control>
	<control type="group">
	<animation effect="slide" start="0,0" end="-300,0" time="300" easing="out" tween="cubic" condition="Skin.HasSetting(submode)">Conditional</animation>
	<control type="list" id="9000">
	<viewtype>list</viewtype>
	<left>0</left>
	<top>55</top>
	<width>300</width>
	<height>600</height>
	<onleft condition="![StringCompare(Container(9000).ListItem.Property(id),virtual) | IsEmpty(Container(9000).ListItem.Property(id))]">Skin.SetBool(submode)</onleft>
	<onleft condition="![StringCompare(Container(9000).ListItem.Property(id),virtual) | IsEmpty(Container(9000).ListItem.Property(id))]">ActivateWindow($VAR[Sub_GoTo])</onleft>
	<onright>5000</onright>
	<orientation>vertical</orientation>
	<scrolltime>450</scrolltime>
	<preloaditems>2</preloaditems>
	<focusposition>0</focusposition>
	<itemlayout width="300" height="40">
	<control type="image"><!-- azul -->
	<left>0</left>
	<top>0</top>
	<width>298</width>
	<height>40</height>
	<texture>grey.png</texture>
	<colordiffuse>40007399</colordiffuse>
	<visible>![IsEmpty(ListItem.Property(id)) | !IsEmpty(ListItem.Property(condition))]</visible>
	</control>
	<control type="image"><!-- vermelho -->
	<left>0</left>
	<top>0</top>
	<width>298</width>
	<height>40</height>
	<texture>grey.png</texture>
	<colordiffuse>50B20000</colordiffuse>
	<visible>[IsEmpty(ListItem.Property(id)) | !IsEmpty(ListItem.Property(condition))]</visible>
	</control>
	<control type="image"><!-- amarelo -->
	<left>0</left>
	<top>0</top>
	<width>298</width>
	<height>40</height>
	<texture>grey.png</texture>
	<colordiffuse>50C4941D</colordiffuse>
	<visible>IsEmpty(ListItem.Property(id))</visible>
	</control>
	<control type="image"><!-- verde -->
	<left>0</left>
	<top>0</top>
	<width>298</width>
	<height>40</height>
	<texture>grey.png</texture>
	<colordiffuse>504C9900</colordiffuse>
	<visible>StringCompare(ListItem.Property(id),virtual)</visible>
	</control>
	<control type="image">
	<left>0</left>
	<top>0</top>
	<width>298</width>
	<height>3</height>
	<texture>divider.png</texture>
	<colordiffuse>90FFFFFF</colordiffuse>
	</control>
	<control type="label">
	<left>20</left>
	<top>0</top>
	<width>260</width>
	<height>40</height>
	<font>Font_24A</font>
	<label>$INFO[ListItem.Label]</label>
	<align>left</align>
	<aligny>center</aligny>
	<textcolor>FF101010</textcolor>
	</control>
	</itemlayout>
	<focusedlayout width="300" height="40">
	<control type="image"><!-- azul -->
	<left>0</left>
	<top>0</top>
	<width>298</width>
	<height>40</height>
	<texture>grey.png</texture>
	<colordiffuse>FF007399</colordiffuse>
	<animation effect="fade" start="100" end="50" time="0" condition="!Control.Hasfocus(9000)">conditional</animation>
	<visible>![IsEmpty(ListItem.Property(id)) | !IsEmpty(ListItem.Property(condition))]</visible>
	</control>
	<control type="image"><!-- vermelho -->
	<left>0</left>
	<top>0</top>
	<width>298</width>
	<height>40</height>
	<texture>grey.png</texture>
	<colordiffuse>FFB20000</colordiffuse>
	<animation effect="fade" start="100" end="50" time="0" condition="!Control.Hasfocus(9000)">conditional</animation>
	<visible>[IsEmpty(ListItem.Property(id)) | !IsEmpty(ListItem.Property(condition))]</visible>
	</control>
	<control type="image"><!-- amarelo -->
	<left>0</left>
	<top>0</top>
	<width>298</width>
	<height>40</height>
	<texture>grey.png</texture>
	<colordiffuse>FFC4941D</colordiffuse>
	<animation effect="fade" start="100" end="50" time="0" condition="!Control.Hasfocus(9000)">conditional</animation>
	<visible>IsEmpty(ListItem.Property(id))</visible>
	</control>
	<control type="image"><!-- verde -->
	<left>0</left>
	<top>0</top>
	<width>298</width>
	<height>40</height>
	<texture>grey.png</texture>
	<colordiffuse>FF4C9900</colordiffuse>
	<animation effect="fade" start="100" end="50" time="0" condition="!Control.Hasfocus(9000)">conditional</animation>
	<visible>StringCompare(ListItem.Property(id),virtual)</visible>
	</control>
	<control type="label">
	<left>20</left>
	<top>0</top>
	<width>260</width>
	<height>40</height>
	<font>Font_24A</font>
	<label>$INFO[ListItem.Label]</label>
	<align>left</align>
	<aligny>center</aligny>
	<textcolor>FFFFFAF0</textcolor>
	<animation effect="fade" start="100" end="50" time="0" condition="!Control.Hasfocus(9000)">conditional</animation>
	</control>
	</focusedlayout>
	<content>
	<include>Menu_Content</include>
	</content>
	</control>
	<include>Glass</include>
	</control>
	<control type="group">
	<include>Animation_TopPopup</include>
	<visible>![Window.IsVisible(104) | Window.IsVisible(107) | Window.IsVisible(133) | Window.IsVisible(614) | Control.HasFocus(80) | Control.HasFocus(452)]</visible>
	<control type="image">
	<left>10</left>
	<top>30</top>
	<width>40</width>
	<height>19</height>
	<texture>arrow_settings_down.png</texture>
	<colordiffuse>80101010</colordiffuse>
	</control>
	<include>Dialogs_Bar</include>
	<control type="image"><!-- ativado azul -->
	<left>10</left>
	<top>5</top>
	<width>40</width>
	<height>19</height>
	<aspectratio>stretch</aspectratio>
	<texture>grey.png</texture>
	<colordiffuse>FF007399</colordiffuse>
	</control>
	<control type="label">
	<left>60</left>
	<top>4</top>
	<width>186</width>
	<height>19</height>
	<align>left</align>
	<font>Font_18A</font>
	<textcolor>FFFFFAF0</textcolor>
	<label>31426</label>
	<scroll>true</scroll>
	<scrollout>false</scrollout>
	</control>
	<control type="image"><!-- desativado vermelho -->
	<left>266</left>
	<top>5</top>
	<width>40</width>
	<height>19</height>
	<aspectratio>stretch</aspectratio>
	<texture>grey.png</texture>
	<colordiffuse>FFB20000</colordiffuse>
	</control>
	<control type="label">
	<left>316</left>
	<top>4</top>
	<width>250</width>
	<height>19</height>
	<align>left</align>
	<font>Font_18A</font>
	<textcolor>FFFFFAF0</textcolor>
	<label>31427</label>
	<scroll>true</scroll>
	<scrollout>false</scrollout>
	</control>
	<control type="image"><!-- nao usado amarelo -->
	<left>522</left>
	<top>5</top>
	<width>40</width>
	<height>19</height>
	<aspectratio>stretch</aspectratio>
	<texture>grey.png</texture>
	<colordiffuse>FFC4941D</colordiffuse>
	</control>
	<control type="label">
	<left>572</left>
	<top>4</top>
	<width>250</width>
	<height>19</height>
	<align>left</align>
	<font>Font_18A</font>
	<textcolor>FFFFFAF0</textcolor>
	<label>31080</label>
	<scroll>true</scroll>
	<scrollout>false</scrollout>
	</control>
	<control type="image"><!-- item virtual -->
	<left>778</left>
	<top>5</top>
	<width>40</width>
	<height>19</height>
	<aspectratio>stretch</aspectratio>
	<texture>grey.png</texture>
	<colordiffuse>FF4C9900</colordiffuse>
	</control>
	<control type="label">
	<left>838</left>
	<top>4</top>
	<width>250</width>
	<height>19</height>
	<align>left</align>
	<font>Font_18A</font>
	<textcolor>FFFFFAF0</textcolor>
	<label>31085</label>
	<scroll>true</scroll>
	<scrollout>false</scrollout>
	</control>
	</control>
	
	<control type="group">
	<top>-5</top>
	<include>Animation_TopPopup</include>
	<visible>![Window.IsVisible(104) | Window.IsVisible(107) | Window.IsVisible(133) | Window.IsVisible(614)] + [Control.HasFocus(80) | Control.HasFocus(452)]</visible>
	<control type="image">
	<left>1230</left>
	<top>60</top>
	<width>40</width>
	<height>19</height>
	<texture>arrow_settings_down.png</texture>
	<colordiffuse>80101010</colordiffuse>
	</control>
	<include>Dialogs_DoubleBar</include>
	<control type="image"><!-- salmao - custom -->
	<left>10</left>
	<top>10</top>
	<width>40</width>
	<height>19</height>
	<aspectratio>stretch</aspectratio>
	<texture>grey.png</texture>
	<colordiffuse>FFE9967A</colordiffuse>
	</control>
	<control type="label">
	<left>60</left>
	<top>9</top>
	<width>130</width>
	<height>19</height>
	<align>left</align>
	<font>Font_18A</font>
	<textcolor>FFFFFAF0</textcolor>
	<label>31081</label>
	<scroll>true</scroll>
	<scrollout>false</scrollout>
	</control>
	<control type="image"><!-- roxo claro - filmes -->
	<left>226</left>
	<top>10</top>
	<width>40</width>
	<height>19</height>
	<aspectratio>stretch</aspectratio>
	<texture>grey.png</texture>
	<colordiffuse>FF9370DB</colordiffuse>
	</control>
	<control type="label">
	<left>276</left>
	<top>9</top>
	<width>250</width>
	<height>19</height>
	<align>left</align>
	<font>Font_18A</font>
	<textcolor>FFFFFAF0</textcolor>
	<label>$LOCALIZE[342]</label>
	<scroll>true</scroll>
	<scrollout>false</scrollout>
	</control>
	<control type="image"><!-- agua - seriados -->
	<left>442</left>
	<top>10</top>
	<width>40</width>
	<height>19</height>
	<aspectratio>stretch</aspectratio>
	<texture>grey.png</texture>
	<colordiffuse>FF7FFFD4</colordiffuse>
	</control>
	<control type="label">
	<left>492</left>
	<top>9</top>
	<width>250</width>
	<height>19</height>
	<align>left</align>
	<font>Font_18A</font>
	<textcolor>FFFFFAF0</textcolor>
	<label>$LOCALIZE[20343]</label>
	<scroll>true</scroll>
	<scrollout>false</scrollout>
	</control>
	<control type="image"><!-- bege - concertos -->
	<left>658</left>
	<top>10</top>
	<width>40</width>
	<height>19</height>
	<aspectratio>stretch</aspectratio>
	<texture>grey.png</texture>
	<colordiffuse>FFFFE4C4</colordiffuse>
	</control>
	<control type="label">
	<left>708</left>
	<top>9</top>
	<width>250</width>
	<height>19</height>
	<align>left</align>
	<font>Font_18A</font>
	<textcolor>FFFFFAF0</textcolor>
	<label>31086</label>
	<scroll>true</scroll>
	<scrollout>false</scrollout>
	</control>
	<control type="image"><!-- violeta - musica -->
	<left>874</left>
	<top>10</top>
	<width>40</width>
	<height>19</height>
	<aspectratio>stretch</aspectratio>
	<texture>grey.png</texture>
	<colordiffuse>FF8A2BE2</colordiffuse>
	</control>
	<control type="label">
	<left>924</left>
	<top>9</top>
	<width>250</width>
	<height>19</height>
	<align>left</align>
	<font>Font_18A</font>
	<textcolor>FFFFFAF0</textcolor>
	<label>$LOCALIZE[2]</label>
	<scroll>true</scroll>
	<scrollout>false</scrollout>
	</control>
	<control type="image"><!-- azul escuro - TV -->
	<left>1090</left>
	<top>10</top>
	<width>40</width>
	<height>19</height>
	<aspectratio>stretch</aspectratio>
	<texture>grey.png</texture>
	<colordiffuse>FF5F9EA0</colordiffuse>
	</control>
	<control type="label">
	<left>1140</left>
	<top>9</top>
	<width>250</width>
	<height>19</height>
	<align>left</align>
	<font>Font_18A</font>
	<textcolor>FFFFFAF0</textcolor>
	<label>31146</label>
	<scroll>true</scroll>
	<scrollout>false</scrollout>
	</control>	
	<control type="image"><!-- chocolate - varios -->
	<left>10</left>
	<top>34</top>
	<width>40</width>
	<height>19</height>
	<aspectratio>stretch</aspectratio>
	<texture>grey.png</texture>
	<colordiffuse>FFD2691E</colordiffuse>
	</control>
	<control type="label">
	<left>60</left>
	<top>33</top>
	<width>130</width>
	<height>19</height>
	<align>left</align>
	<font>Font_18A</font>
	<textcolor>FFFFFAF0</textcolor>
	<label>31147</label>
	<scroll>true</scroll>
	<scrollout>false</scrollout>
	</control>
	<control type="image"><!-- vermelho escuro - clima -->
	<left>226</left>
	<top>34</top>
	<width>40</width>
	<height>19</height>
	<aspectratio>stretch</aspectratio>
	<texture>grey.png</texture>
	<colordiffuse>FFDC143C</colordiffuse>
	</control>
	<control type="label">
	<left>276</left>
	<top>33</top>
	<width>250</width>
	<height>19</height>
	<align>left</align>
	<font>Font_18A</font>
	<textcolor>FFFFFAF0</textcolor>
	<label>$LOCALIZE[8]</label>
	<scroll>true</scroll>
	<scrollout>false</scrollout>
	</control>
	<control type="image"><!-- ciano - ajustes -->
	<left>442</left>
	<top>34</top>
	<width>40</width>
	<height>19</height>
	<aspectratio>stretch</aspectratio>
	<texture>grey.png</texture>
	<colordiffuse>FF00FFFF</colordiffuse>
	</control>
	<control type="label">
	<left>492</left>
	<top>33</top>
	<width>250</width>
	<height>19</height>
	<align>left</align>
	<font>Font_18A</font>
	<textcolor>FFFFFAF0</textcolor>
	<label>31445</label>
	<scroll>true</scroll>
	<scrollout>false</scrollout>
	</control>
	<control type="image"><!-- dourado - desligamento -->
	<left>658</left>
	<top>34</top>
	<width>40</width>
	<height>19</height>
	<aspectratio>stretch</aspectratio>
	<texture>grey.png</texture>
	<colordiffuse>FFB8860B</colordiffuse>
	</control>
	<control type="label">
	<left>708</left>
	<top>33</top>
	<width>250</width>
	<height>19</height>
	<align>left</align>
	<font>Font_18A</font>
	<textcolor>FFFFFAF0</textcolor>
	<label>31145</label>
	<scroll>true</scroll>
	<scrollout>false</scrollout>
	</control>
	<control type="image"><!-- verde - video -->
	<left>874</left>
	<top>34</top>
	<width>40</width>
	<height>19</height>
	<aspectratio>stretch</aspectratio>
	<texture>grey.png</texture>
	<colordiffuse>FF008000</colordiffuse>
	</control>
	<control type="label">
	<left>924</left>
	<top>33</top>
	<width>250</width>
	<height>19</height>
	<align>left</align>
	<font>Font_18A</font>
	<textcolor>FFFFFAF0</textcolor>
	<label>31148</label>
	<scroll>true</scroll>
	<scrollout>false</scrollout>
	</control>
	</control>
	
	<control type="image">
	<left>0</left>
	<top>0</top>
	<width>1280</width>
	<height>720</height>
	<texture>black.png</texture>
	<colordiffuse>C3FFFFFF</colordiffuse>
	<include>Animation_Fade</include>
	<visible>!Skin.HasSetting(languagedone)</visible>
	</control>
	<control type="group">
	<visible>!Skin.HasSetting(languagedone)</visible>
	<include>Animation_DialogPopup</include>	
	<control type="image">
	<left>110</left>
	<top>0</top>
	<width>30</width>
	<height>720</height>
	<texture flipx="true">shadow.png</texture>
	<colordiffuse>C3FFFFFF</colordiffuse>
	</control>
	<control type="image">
	<left>1140</left>
	<top>0</top>
	<width>30</width>
	<height>720</height>
	<texture>shadow.png</texture>
	<colordiffuse>C3FFFFFF</colordiffuse>
	</control>
	<control type="image">
	<left>140</left>
	<top>0</top>
	<width>1000</width>
	<height>720</height>
	<texture>darkgrey.png</texture>
	<colordiffuse>$VAR[value_texturecolor]</colordiffuse>
	<include>Animation_DefaultGlass</include>
	</control>
	<control type="image">
	<left>140</left>
	<top>0</top>
	<width>1000</width>
	<height>80</height>
	<texture>black.png</texture>
	<colordiffuse>90FFFFFF</colordiffuse>
	</control>
	<control type="label">
	<left>215</left>
	<top>23</top>
	<width>852</width>
	<height>30</height>
	<label>31157</label>
	<font>Font_32</font>
	<textcolor>FFFFFAF0</textcolor>
	<align>center</align>
	<aligny>center</aligny>
	<include>Animation_Fade</include>
	</control>
	<control type="textbox">
	<left>215</left>
	<top>100</top>
	<width>852</width>
	<height>300</height>
	<label>31154</label>
	<font>Font_18A</font>
	<align>center</align>
	<aligny>top</aligny>
	<textcolor>FFFFFAF0</textcolor>
	</control>
	<control type="grouplist" id="9010">
	<left>140</left>
	<top>450</top>
	<width>1000</width>
	<height>600</height>
	<itemgap>0</itemgap>
	<onleft>9010</onleft>
	<onright>9010</onright>
	<onup>9010</onup>
	<ondown>9010</ondown>
	<control type="button" id="102"><!-- definir linguagem -->
	<textoffsetx>0</textoffsetx>
	<align>center</align>
	<label>31155</label>
	<onclick>ActivateWindowAndFocus(AppearanceSettings, -99,0, -80,0)</onclick>
	</control>
	<control type="button" id="101"><!-- confirmar e continuar -->
	<textoffsetx>0</textoffsetx>
	<align>center</align>
	<label>31156</label>
	<onclick>Skin.SetBool(languagedone)</onclick>
	<onclick>SetFocus(9000)</onclick>
	</control>
	</control>
	</control>
	<control type="image">
	<left>0</left>
	<top>690</top>
	<width>1280</width>
	<height>30</height>
	<texture>shadow_h.png</texture>
	</control>
	<include>BGBlack</include>
	</control>
	</controls>
</window>