<?xml version="1.0" encoding="UTF-8"?>
<window id="6112" type="dialog"><!-- Aeon MQ 6 --><!-- V-Playlist 12 -->
	<defaultcontrol>-</defaultcontrol>
	<include>SubMenuCommon</include>
	<controls>
	<control type="group">
	<include condition="Window.IsVisible(6000)">MenuCustom</include>
	<control type="group"><!-- default group -->
	<include>Animation_SubMenu</include>
	<include condition="Window.IsVisible(6000)">SubmenuGoTo</include>
	<include condition="Window.IsVisible(Home)">SubMenuDefault</include>
	<control type="panel" id="9000">
	<include condition="Window.IsVisible(6000)">SubmenuVList</include>
	<include condition="Window.IsVisible(Home)">SubmenuHList</include>
	<content>
	<item>
	<label fallback="31014">$VAR[value_menu11201.label]</label>
	<property name="condition">$INFO[skin.string(menu11201.visible)]</property>
	<property name="name">menu11201</property>
	<property name="id">$INFO[skin.string(menu11201.master)]</property>
	<onclick condition="Window.IsVisible(6000)">SetFocus(5000)</onclick>
	<onclick condition="Window.IsVisible(Home)">Dialog.Close(6112)</onclick>
	<onclick condition="Window.IsVisible(Home)">Skin.SetString(submenu_action,$VAR[value_menu11201.action])</onclick>
	<visible>![IsEmpty(skin.string(menu11201.master)) | SubString(skin.string(menu11201.visible),off)] | Window.IsVisible(6000)</visible>
	</item>
	<item>
	<label fallback="31014">$VAR[value_menu11202.label]</label>
	<property name="condition">$INFO[skin.string(menu11202.visible)]</property>
	<property name="name">menu11202</property>
	<property name="id">$INFO[skin.string(menu11202.master)]</property>
	<onclick condition="Window.IsVisible(6000)">SetFocus(5000)</onclick>
	<onclick condition="Window.IsVisible(Home)">Dialog.Close(6112)</onclick>
	<onclick condition="Window.IsVisible(Home)">Skin.SetString(submenu_action,$VAR[value_menu11202.action])</onclick>
	<visible>![IsEmpty(skin.string(menu11202.master)) | SubString(skin.string(menu11202.visible),off)] | Window.IsVisible(6000)</visible>
	</item>
	<item>
	<label fallback="31014">$VAR[value_menu11203.label]</label>
	<property name="condition">$INFO[skin.string(menu11203.visible)]</property>
	<property name="name">menu11203</property>
	<property name="id">$INFO[skin.string(menu11203.master)]</property>
	<onclick condition="Window.IsVisible(6000)">SetFocus(5000)</onclick>
	<onclick condition="Window.IsVisible(Home)">Dialog.Close(6112)</onclick>
	<onclick condition="Window.IsVisible(Home)">Skin.SetString(submenu_action,$VAR[value_menu11203.action])</onclick>
	<visible>![IsEmpty(skin.string(menu11203.master)) | SubString(skin.string(menu11203.visible),off)] | Window.IsVisible(6000)</visible>
	</item>
	<item>
	<label fallback="31014">$VAR[value_menu11204.label]</label>
	<property name="condition">$INFO[skin.string(menu11204.visible)]</property>
	<property name="name">menu11204</property>
	<property name="id">$INFO[skin.string(menu11204.master)]</property>
	<onclick condition="Window.IsVisible(6000)">SetFocus(5000)</onclick>
	<onclick condition="Window.IsVisible(Home)">Dialog.Close(6112)</onclick>
	<onclick condition="Window.IsVisible(Home)">Skin.SetString(submenu_action,$VAR[value_menu11204.action])</onclick>
	<visible>![IsEmpty(skin.string(menu11204.master)) | SubString(skin.string(menu11204.visible),off)] | Window.IsVisible(6000)</visible>
	</item>
	<item>
	<label fallback="31014">$VAR[value_menu11205.label]</label>
	<property name="condition">$INFO[skin.string(menu11205.visible)]</property>
	<property name="name">menu11205</property>
	<property name="id">$INFO[skin.string(menu11205.master)]</property>
	<onclick condition="Window.IsVisible(6000)">SetFocus(5000)</onclick>
	<onclick condition="Window.IsVisible(Home)">Dialog.Close(6112)</onclick>
	<onclick condition="Window.IsVisible(Home)">Skin.SetString(submenu_action,$VAR[value_menu11205.action])</onclick>
	<visible>![IsEmpty(skin.string(menu11205.master)) | SubString(skin.string(menu11205.visible),off)] | Window.IsVisible(6000)</visible>
	</item>
	<item>
	<label fallback="31014">$VAR[value_menu11206.label]</label>
	<property name="condition">$INFO[skin.string(menu11206.visible)]</property>
	<property name="name">menu11206</property>
	<property name="id">$INFO[skin.string(menu11206.master)]</property>
	<onclick condition="Window.IsVisible(6000)">SetFocus(5000)</onclick>
	<onclick condition="Window.IsVisible(Home)">Dialog.Close(6112)</onclick>
	<onclick condition="Window.IsVisible(Home)">Skin.SetString(submenu_action,$VAR[value_menu11206.action])</onclick>
	<visible>![IsEmpty(skin.string(menu11206.master)) | SubString(skin.string(menu11206.visible),off)] | Window.IsVisible(6000)</visible>
	</item>
	<item>
	<label fallback="31014">$VAR[value_menu11207.label]</label>
	<property name="condition">$INFO[skin.string(menu11207.visible)]</property>
	<property name="name">menu11207</property>
	<property name="id">$INFO[skin.string(menu11207.master)]</property>
	<onclick condition="Window.IsVisible(6000)">SetFocus(5000)</onclick>
	<onclick condition="Window.IsVisible(Home)">Dialog.Close(6112)</onclick>
	<onclick condition="Window.IsVisible(Home)">Skin.SetString(submenu_action,$VAR[value_menu11207.action])</onclick>
	<visible>![IsEmpty(skin.string(menu11207.master)) | SubString(skin.string(menu11207.visible),off)] | Window.IsVisible(6000)</visible>
	</item>
	<item>
	<label fallback="31014">$VAR[value_menu11208.label]</label>
	<property name="condition">$INFO[skin.string(menu11208.visible)]</property>
	<property name="name">menu11208</property>
	<property name="id">$INFO[skin.string(menu11208.master)]</property>
	<onclick condition="Window.IsVisible(6000)">SetFocus(5000)</onclick>
	<onclick condition="Window.IsVisible(Home)">Dialog.Close(6112)</onclick>
	<onclick condition="Window.IsVisible(Home)">Skin.SetString(submenu_action,$VAR[value_menu11208.action])</onclick>
	<visible>![IsEmpty(skin.string(menu11208.master)) | SubString(skin.string(menu11208.visible),off)] | Window.IsVisible(6000)</visible>
	</item>
	<item>
	<label fallback="31014">$VAR[value_menu11209.label]</label>
	<property name="condition">$INFO[skin.string(menu11209.visible)]</property>
	<property name="name">menu11209</property>
	<property name="id">$INFO[skin.string(menu11209.master)]</property>
	<onclick condition="Window.IsVisible(6000)">SetFocus(5000)</onclick>
	<onclick condition="Window.IsVisible(Home)">Dialog.Close(6112)</onclick>
	<onclick condition="Window.IsVisible(Home)">Skin.SetString(submenu_action,$VAR[value_menu11209.action])</onclick>
	<visible>![IsEmpty(skin.string(menu11209.master)) | SubString(skin.string(menu11209.visible),off)] | Window.IsVisible(6000)</visible>
	</item>
	<item>
	<label fallback="31014">$VAR[value_menu11210.label]</label>
	<property name="condition">$INFO[skin.string(menu11210.visible)]</property>
	<property name="name">menu11210</property>
	<property name="id">$INFO[skin.string(menu11210.master)]</property>
	<onclick condition="Window.IsVisible(6000)">SetFocus(5000)</onclick>
	<onclick condition="Window.IsVisible(Home)">Dialog.Close(6112)</onclick>
	<onclick condition="Window.IsVisible(Home)">Skin.SetString(submenu_action,$VAR[value_menu11210.action])</onclick>
	<visible>![IsEmpty(skin.string(menu11210.master)) | SubString(skin.string(menu11210.visible),off)] | Window.IsVisible(6000)</visible>
	</item>
	<item>
	<label fallback="31014">$VAR[value_menu11211.label]</label>
	<property name="condition">$INFO[skin.string(menu11211.visible)]</property>
	<property name="name">menu11211</property>
	<property name="id">$INFO[skin.string(menu11211.master)]</property>
	<onclick condition="Window.IsVisible(6000)">SetFocus(5000)</onclick>
	<onclick condition="Window.IsVisible(Home)">Dialog.Close(6112)</onclick>
	<onclick condition="Window.IsVisible(Home)">Skin.SetString(submenu_action,$VAR[value_menu11211.action])</onclick>
	<visible>![IsEmpty(skin.string(menu11211.master)) | SubString(skin.string(menu11211.visible),off)] | Window.IsVisible(6000)</visible>
	</item>
	<item>
	<label fallback="31014">$VAR[value_menu11212.label]</label>
	<property name="condition">$INFO[skin.string(menu11212.visible)]</property>
	<property name="name">menu11212</property>
	<property name="id">$INFO[skin.string(menu11212.master)]</property>
	<onclick condition="Window.IsVisible(6000)">SetFocus(5000)</onclick>
	<onclick condition="Window.IsVisible(Home)">Dialog.Close(6112)</onclick>
	<onclick condition="Window.IsVisible(Home)">Skin.SetString(submenu_action,$VAR[value_menu11212.action])</onclick>
	<visible>![IsEmpty(skin.string(menu11212.master)) | SubString(skin.string(menu11212.visible),off)] | Window.IsVisible(6000)</visible>
	</item>
	<item>
	<label fallback="31014">$VAR[value_menu11213.label]</label>
	<property name="condition">$INFO[skin.string(menu11213.visible)]</property>
	<property name="name">menu11213</property>
	<property name="id">$INFO[skin.string(menu11213.master)]</property>
	<onclick condition="Window.IsVisible(6000)">SetFocus(5000)</onclick>
	<onclick condition="Window.IsVisible(Home)">Dialog.Close(6112)</onclick>
	<onclick condition="Window.IsVisible(Home)">Skin.SetString(submenu_action,$VAR[value_menu11213.action])</onclick>
	<visible>![IsEmpty(skin.string(menu11213.master)) | SubString(skin.string(menu11213.visible),off)] | Window.IsVisible(6000)</visible>
	</item>
	<item>
	<label fallback="31014">$VAR[value_menu11214.label]</label>
	<property name="condition">$INFO[skin.string(menu11214.visible)]</property>
	<property name="name">menu11214</property>
	<property name="id">$INFO[skin.string(menu11214.master)]</property>
	<onclick condition="Window.IsVisible(6000)">SetFocus(5000)</onclick>
	<onclick condition="Window.IsVisible(Home)">Dialog.Close(6112)</onclick>
	<onclick condition="Window.IsVisible(Home)">Skin.SetString(submenu_action,$VAR[value_menu11214.action])</onclick>
	<visible>![IsEmpty(skin.string(menu11214.master)) | SubString(skin.string(menu11214.visible),off)] | Window.IsVisible(6000)</visible>
	</item>
	<item>
	<label fallback="31014">$VAR[value_menu11215.label]</label>
	<property name="condition">$INFO[skin.string(menu11215.visible)]</property>
	<property name="name">menu11215</property>
	<property name="id">$INFO[skin.string(menu11215.master)]</property>
	<onclick condition="Window.IsVisible(6000)">SetFocus(5000)</onclick>
	<onclick condition="Window.IsVisible(Home)">Dialog.Close(6112)</onclick>
	<onclick condition="Window.IsVisible(Home)">Skin.SetString(submenu_action,$VAR[value_menu11215.action])</onclick>
	<visible>![IsEmpty(skin.string(menu11215.master)) | SubString(skin.string(menu11215.visible),off)] | Window.IsVisible(6000)</visible>
	</item>
	</content>
	</control>
	<include condition="Window.IsVisible(6000)">Glass</include>
	</control>
	</control>
	</controls>
</window>