<?xml version="1.0" encoding="UTF-8"?>
<window id="6630" type="dialog"><!-- Aeon MQ 6 -->
	<defaultcontrol always="true">9060</defaultcontrol>
	<controls>
	<control type="group">
	<include>Animation_DialogPopup</include>
	<control type="image">
	<left>410</left>
	<top>130</top>
	<width>454</width>
	<height>39</height>
	<texture>gradient_focus.png</texture>
	<colordiffuse>$VAR[value_headercolor]</colordiffuse>
	</control>
	<control type="image">
	<left>410</left>
	<top>100</top>
	<width>454</width>
	<height>39</height>
	<texture>dialogs_context_nofocus.png</texture>
	<colordiffuse>F9FFFFFF</colordiffuse>
	</control>
	<control type="label">
	<left>490</left>
	<top>100</top>
	<width>300</width>
	<height>40</height>
	<align>center</align>
	<label>31165</label>
	<font>Font_20</font>
	<textcolor>$VAR[value_headercolor]</textcolor>
	</control>
	<control type="grouplist" id="9060">
	<left>410</left>
	<top>150</top>
	<width>454</width>
	<height max="670">auto</height>
	<itemgap>0</itemgap>
	<onleft>Dialog.Close(6630)</onleft>
	<onright>Dialog.Close(6630)</onright>
	<control type="button" id="9061">
	<include>DialogContext_Button</include>
	<include>Preset1_Apply</include>
	<onclick>Dialog.Close(6630)</onclick>
	<onclick>ReplaceWindow(Home)</onclick>
	<visible>!IsEmpty(skin.string(preset1.label))</visible>
	</control>
	<control type="button" id="9062">
	<include>DialogContext_Button</include>
	<include>Preset2_Apply</include>
	<onclick>Dialog.Close(6630)</onclick>
	<onclick>ReplaceWindow(Home)</onclick>
	<visible>!IsEmpty(skin.string(preset2.label))</visible>
	</control>
	<control type="button" id="9063">
	<include>DialogContext_Button</include>
	<include>Preset3_Apply</include>
	<onclick>Dialog.Close(6630)</onclick>
	<onclick>ReplaceWindow(Home)</onclick>
	<visible>!IsEmpty(skin.string(preset3.label))</visible>
	</control>
	<control type="button" id="9064">
	<include>DialogContext_Button</include>
	<include>Preset4_Apply</include>
	<onclick>Dialog.Close(6630)</onclick>
	<onclick>ReplaceWindow(Home)</onclick>
	<visible>!IsEmpty(skin.string(preset4.label))</visible>
	</control>
	<control type="button" id="9065">
	<include>DialogContext_Button</include>
	<include>Preset5_Apply</include>
	<onclick>Dialog.Close(6630)</onclick>
	<onclick>ReplaceWindow(Home)</onclick>
	<visible>!IsEmpty(skin.string(preset5.label))</visible>
	</control>
	<control type="button" id="9066">
	<include>DialogContext_Button</include>
	<include>Preset6_Apply</include>
	<onclick>Dialog.Close(6630)</onclick>
	<onclick>ReplaceWindow(Home)</onclick>
	<visible>!IsEmpty(skin.string(preset6.label))</visible>
	</control>
	<control type="button" id="9067">
	<include>DialogContext_Button</include>
	<include>Preset7_Apply</include>
	<onclick>Dialog.Close(6630)</onclick>
	<onclick>ReplaceWindow(Home)</onclick>
	<visible>!IsEmpty(skin.string(preset7.label))</visible>
	</control>
	<control type="button" id="9068">
	<include>DialogContext_Button</include>
	<include>Preset8_Apply</include>
	<onclick>Dialog.Close(6630)</onclick>
	<onclick>ReplaceWindow(Home)</onclick>
	<visible>!IsEmpty(skin.string(preset8.label))</visible>
	</control>
	<control type="button" id="9069">
	<include>DialogContext_Button</include>
	<include>Preset9_Apply</include>
	<onclick>Dialog.Close(6630)</onclick>
	<onclick>ReplaceWindow(Home)</onclick>
	<visible>!IsEmpty(skin.string(preset9.label))</visible>
	</control>
	<control type="button" id="9070">
	<include>DialogContext_Button</include>
	<include>Preset10_Apply</include>
	<onclick>Dialog.Close(6630)</onclick>
	<onclick>ReplaceWindow(Home)</onclick>
	<visible>!IsEmpty(skin.string(preset10.label))</visible>
	</control>
	<control type="button" id="9071">
	<include>DialogContext_Button</include>
	<label>31168</label>
	<onclick>noop</onclick>
	<visible>IsEmpty(skin.string(preset1.label)) + IsEmpty(skin.string(preset2.label)) + IsEmpty(skin.string(preset3.label)) + IsEmpty(skin.string(preset4.label)) + IsEmpty(skin.string(preset5.label)) + IsEmpty(skin.string(preset6.label)) + IsEmpty(skin.string(preset7.label)) + IsEmpty(skin.string(preset8.label)) + IsEmpty(skin.string(preset9.label)) + IsEmpty(skin.string(preset10.label))</visible>
	</control>
	</control>
	</control>
	</controls>
</window>