<?xml version="1.0" encoding="UTF-8"?>
<window id="6624" type="dialog"><!-- Aeon MQ 6 -->
	<defaultcontrol>9911</defaultcontrol>
	<controls>
	<control type="button" id="9911">
	<include>InvisibleButton</include>
	<onleft>Dialog.Close(6624)</onleft>
	<onright>Dialog.Close(6624)</onright>
	<onup>Dialog.Close(6624)</onup>
	<ondown>Dialog.Close(6624)</ondown>
	</control>
	<control type="image">
	<left>0</left>
	<top>0</top>
	<width>1280</width>
	<height>720</height>
	<texture>black.png</texture>
	<colordiffuse>C3FFFFFF</colordiffuse>
	<include>Animation_Fade</include>
	</control>
	<control type="group" id="446">
	<animation type="WindowOpen" reversible="false">
	<effect type="slide" start="0,0" end="-505,0" time="500" easing="inout" tween="sine"/>
	<effect type="fade" start="0" end="100" time="500" />
	</animation>
	<animation type="WindowClose" reversible="false">
	<effect type="slide" start="-505,0" end="0,0" time="300" easing="inout" tween="cubic"/>
	<effect type="fade" start="100" end="0" time="300" />
	</animation>
	<left>1280</left>
	<top>0</top>
	<control type="image">
	<left>-10</left>
	<top>0</top>
	<width>30</width>
	<height>720</height>
	<texture flipx="true">shadow.png</texture>
	<colordiffuse>C3FFFFFF</colordiffuse>
	</control>
	<control type="image">
	<left>20</left>
	<top>0</top>
	<width>520</width>
	<height>720</height>
	<texture>darkgrey.png</texture>
	</control>
	<control type="label">
	<left>40</left>
	<top>20</top>
	<width>450</width>
	<height>30</height>
	<label>31911</label>
	<font>Font_32</font>
	<textcolor>FFFFFAF0</textcolor>
	<align>left</align>
	<aligny>center</aligny>
	<include>Animation_Fade</include>
	</control>
	<control type="image">
	<left>40</left>
	<top>70</top>
	<width>450</width>
	<height>2</height>
	<texture>separator.png</texture>
	</control>
	<control type="textbox">
	<left>40</left>
	<top>90</top>
	<width>450</width>
	<height>500</height>
	<align>justify</align>
	<aligny>top</aligny>
	<font>Font_18A</font>
	<textcolor>FFFFFAF0</textcolor>
	<label>31257</label>
	<animation effect="fade" reversible="true" time="300">VisibleChange</animation>
	</control>
	</control>
	</controls>
</window>