<?xml version="1.0" encoding="UTF-8"?>
<window id="6023" type="dialog"><!-- Aeon MQ 6 --><!-- Meu Menu 3 -->
	<defaultcontrol>-</defaultcontrol>
	<include>SubMenuCommon</include>
	<controls>
	<control type="group">
	<include condition="Window.IsVisible(6000)">MenuCustom</include>
	<control type="group"><!-- default group -->
	<include>Animation_SubMenu</include>
	<include condition="Window.IsVisible(6000)">SubmenuGoTo</include>
	<include condition="Window.IsVisible(Home)">SubMenuDefault</include>
	<control type="panel" id="9000">
	<include condition="Window.IsVisible(6000)">SubmenuVList</include>
	<include condition="Window.IsVisible(Home)">SubmenuHList</include>
	<content>
	<item>
	<label fallback="31014">$VAR[value_menu2301.label]</label>
	<property name="condition">$INFO[skin.string(menu2301.visible)]</property>
	<property name="name">menu2301</property>
	<property name="id">$INFO[skin.string(menu2301.master)]</property>
	<onclick condition="Window.IsVisible(6000)">SetFocus(5000)</onclick>
	<onclick condition="Window.IsVisible(Home)">Dialog.Close(6022)</onclick>
	<onclick condition="Window.IsVisible(Home)">Skin.SetString(submenu_action,$VAR[value_menu2301.action])</onclick>
	<visible>![IsEmpty(skin.string(menu2301.master)) | SubString(skin.string(menu2301.visible),off)] | Window.IsVisible(6000)</visible>
	</item>
	<item>
	<label fallback="31014">$VAR[value_menu2302.label]</label>
	<property name="condition">$INFO[skin.string(menu2302.visible)]</property>
	<property name="name">menu2302</property>
	<property name="id">$INFO[skin.string(menu2302.master)]</property>
	<onclick condition="Window.IsVisible(6000)">SetFocus(5000)</onclick>
	<onclick condition="Window.IsVisible(Home)">Dialog.Close(6022)</onclick>
	<onclick condition="Window.IsVisible(Home)">Skin.SetString(submenu_action,$VAR[value_menu2302.action])</onclick>
	<visible>![IsEmpty(skin.string(menu2302.master)) | SubString(skin.string(menu2302.visible),off)] | Window.IsVisible(6000)</visible>
	</item>
	<item>
	<label fallback="31014">$VAR[value_menu2303.label]</label>
	<property name="condition">$INFO[skin.string(menu2303.visible)]</property>
	<property name="name">menu2303</property>
	<property name="id">$INFO[skin.string(menu2303.master)]</property>
	<onclick condition="Window.IsVisible(6000)">SetFocus(5000)</onclick>
	<onclick condition="Window.IsVisible(Home)">Dialog.Close(6022)</onclick>
	<onclick condition="Window.IsVisible(Home)">Skin.SetString(submenu_action,$VAR[value_menu2303.action])</onclick>
	<visible>![IsEmpty(skin.string(menu2303.master)) | SubString(skin.string(menu2303.visible),off)] | Window.IsVisible(6000)</visible>
	</item>
	<item>
	<label fallback="31014">$VAR[value_menu2304.label]</label>
	<property name="condition">$INFO[skin.string(menu2304.visible)]</property>
	<property name="name">menu2304</property>
	<property name="id">$INFO[skin.string(menu2304.master)]</property>
	<onclick condition="Window.IsVisible(6000)">SetFocus(5000)</onclick>
	<onclick condition="Window.IsVisible(Home)">Dialog.Close(6022)</onclick>
	<onclick condition="Window.IsVisible(Home)">Skin.SetString(submenu_action,$VAR[value_menu2304.action])</onclick>
	<visible>![IsEmpty(skin.string(menu2304.master)) | SubString(skin.string(menu2304.visible),off)] | Window.IsVisible(6000)</visible>
	</item>
	<item>
	<label fallback="31014">$VAR[value_menu2305.label]</label>
	<property name="condition">$INFO[skin.string(menu2305.visible)]</property>
	<property name="name">menu2305</property>
	<property name="id">$INFO[skin.string(menu2305.master)]</property>
	<onclick condition="Window.IsVisible(6000)">SetFocus(5000)</onclick>
	<onclick condition="Window.IsVisible(Home)">Dialog.Close(6022)</onclick>
	<onclick condition="Window.IsVisible(Home)">Skin.SetString(submenu_action,$VAR[value_menu2305.action])</onclick>
	<visible>![IsEmpty(skin.string(menu2305.master)) | SubString(skin.string(menu2305.visible),off)] | Window.IsVisible(6000)</visible>
	</item>
	<item>
	<label fallback="31014">$VAR[value_menu2306.label]</label>
	<property name="condition">$INFO[skin.string(menu2306.visible)]</property>
	<property name="name">menu2306</property>
	<property name="id">$INFO[skin.string(menu2306.master)]</property>
	<onclick condition="Window.IsVisible(6000)">SetFocus(5000)</onclick>
	<onclick condition="Window.IsVisible(Home)">Dialog.Close(6022)</onclick>
	<onclick condition="Window.IsVisible(Home)">Skin.SetString(submenu_action,$VAR[value_menu2306.action])</onclick>
	<visible>![IsEmpty(skin.string(menu2306.master)) | SubString(skin.string(menu2306.visible),off)] | Window.IsVisible(6000)</visible>
	</item>
	<item>
	<label fallback="31014">$VAR[value_menu2307.label]</label>
	<property name="condition">$INFO[skin.string(menu2307.visible)]</property>
	<property name="name">menu2307</property>
	<property name="id">$INFO[skin.string(menu2307.master)]</property>
	<onclick condition="Window.IsVisible(6000)">SetFocus(5000)</onclick>
	<onclick condition="Window.IsVisible(Home)">Dialog.Close(6022)</onclick>
	<onclick condition="Window.IsVisible(Home)">Skin.SetString(submenu_action,$VAR[value_menu2307.action])</onclick>
	<visible>![IsEmpty(skin.string(menu2307.master)) | SubString(skin.string(menu2307.visible),off)] | Window.IsVisible(6000)</visible>
	</item>
	<item>
	<label fallback="31014">$VAR[value_menu2308.label]</label>
	<property name="condition">$INFO[skin.string(menu2308.visible)]</property>
	<property name="name">menu2308</property>
	<property name="id">$INFO[skin.string(menu2308.master)]</property>
	<onclick condition="Window.IsVisible(6000)">SetFocus(5000)</onclick>
	<onclick condition="Window.IsVisible(Home)">Dialog.Close(6022)</onclick>
	<onclick condition="Window.IsVisible(Home)">Skin.SetString(submenu_action,$VAR[value_menu2308.action])</onclick>
	<visible>![IsEmpty(skin.string(menu2308.master)) | SubString(skin.string(menu2308.visible),off)] | Window.IsVisible(6000)</visible>
	</item>
	<item>
	<label fallback="31014">$VAR[value_menu2309.label]</label>
	<property name="condition">$INFO[skin.string(menu2309.visible)]</property>
	<property name="name">menu2309</property>
	<property name="id">$INFO[skin.string(menu2309.master)]</property>
	<onclick condition="Window.IsVisible(6000)">SetFocus(5000)</onclick>
	<onclick condition="Window.IsVisible(Home)">Dialog.Close(6022)</onclick>
	<onclick condition="Window.IsVisible(Home)">Skin.SetString(submenu_action,$VAR[value_menu2309.action])</onclick>
	<visible>![IsEmpty(skin.string(menu2309.master)) | SubString(skin.string(menu2309.visible),off)] | Window.IsVisible(6000)</visible>
	</item>
	<item>
	<label fallback="31014">$VAR[value_menu2310.label]</label>
	<property name="condition">$INFO[skin.string(menu2310.visible)]</property>
	<property name="name">menu2310</property>
	<property name="id">$INFO[skin.string(menu2310.master)]</property>
	<onclick condition="Window.IsVisible(6000)">SetFocus(5000)</onclick>
	<onclick condition="Window.IsVisible(Home)">Dialog.Close(6022)</onclick>
	<onclick condition="Window.IsVisible(Home)">Skin.SetString(submenu_action,$VAR[value_menu2310.action])</onclick>
	<visible>![IsEmpty(skin.string(menu2310.master)) | SubString(skin.string(menu2310.visible),off)] | Window.IsVisible(6000)</visible>
	</item>
	<item>
	<label fallback="31014">$VAR[value_menu2311.label]</label>
	<property name="condition">$INFO[skin.string(menu2311.visible)]</property>
	<property name="name">menu2311</property>
	<property name="id">$INFO[skin.string(menu2311.master)]</property>
	<onclick condition="Window.IsVisible(6000)">SetFocus(5000)</onclick>
	<onclick condition="Window.IsVisible(Home)">Dialog.Close(6022)</onclick>
	<onclick condition="Window.IsVisible(Home)">Skin.SetString(submenu_action,$VAR[value_menu2311.action])</onclick>
	<visible>![IsEmpty(skin.string(menu2311.master)) | SubString(skin.string(menu2311.visible),off)] | Window.IsVisible(6000)</visible>
	</item>
	<item>
	<label fallback="31014">$VAR[value_menu2312.label]</label>
	<property name="condition">$INFO[skin.string(menu2312.visible)]</property>
	<property name="name">menu2312</property>
	<property name="id">$INFO[skin.string(menu2312.master)]</property>
	<onclick condition="Window.IsVisible(6000)">SetFocus(5000)</onclick>
	<onclick condition="Window.IsVisible(Home)">Dialog.Close(6022)</onclick>
	<onclick condition="Window.IsVisible(Home)">Skin.SetString(submenu_action,$VAR[value_menu2312.action])</onclick>
	<visible>![IsEmpty(skin.string(menu2312.master)) | SubString(skin.string(menu2312.visible),off)] | Window.IsVisible(6000)</visible>
	</item>
	</content>
	</control>
	<include condition="Window.IsVisible(6000)">Glass</include>
	</control>
	</control>
	</controls>
</window>