<?xml version="1.0" encoding="UTF-8"?>
<window id="6311" type="dialog"><!-- Aeon MQ 6 --><!-- Vnode 11 -->
	<defaultcontrol>-</defaultcontrol>
	<include>SubMenuCommon</include>
	<controls>
	<control type="group">
	<include condition="Window.IsVisible(6000)">MenuCustom</include>
	<control type="group"><!-- default group -->
	<include>Animation_SubMenu</include>
	<include condition="Window.IsVisible(6000)">SubmenuGoTo</include>
	<include condition="Window.IsVisible(Home)">SubMenuDefault</include>
	<control type="panel" id="9000">
	<include condition="Window.IsVisible(6000)">SubmenuVList</include>
	<include condition="Window.IsVisible(Home)">SubmenuHList</include>
	<content>
	<item>
	<label fallback="31014">$VAR[value_menu31101.label]</label>
	<property name="condition">$INFO[skin.string(menu31101.visible)]</property>
	<property name="name">menu31101</property>
	<property name="id">$INFO[skin.string(menu31101.master)]</property>
	<onclick condition="Window.IsVisible(6000)">SetFocus(5000)</onclick>
	<onclick condition="Window.IsVisible(Home)">Dialog.Close(6311)</onclick>
	<onclick condition="Window.IsVisible(Home)">Skin.SetString(submenu_action,$VAR[value_menu31101.action])</onclick>
	<visible>![IsEmpty(skin.string(menu31101.master)) | SubString(skin.string(menu31101.visible),off)] | Window.IsVisible(6000)</visible>
	</item>
	<item>
	<label fallback="31014">$VAR[value_menu31102.label]</label>
	<property name="condition">$INFO[skin.string(menu31102.visible)]</property>
	<property name="name">menu31102</property>
	<property name="id">$INFO[skin.string(menu31102.master)]</property>
	<onclick condition="Window.IsVisible(6000)">SetFocus(5000)</onclick>
	<onclick condition="Window.IsVisible(Home)">Dialog.Close(6311)</onclick>
	<onclick condition="Window.IsVisible(Home)">Skin.SetString(submenu_action,$VAR[value_menu31102.action])</onclick>
	<visible>![IsEmpty(skin.string(menu31102.master)) | SubString(skin.string(menu31102.visible),off)] | Window.IsVisible(6000)</visible>
	</item>
	<item>
	<label fallback="31014">$VAR[value_menu31103.label]</label>
	<property name="condition">$INFO[skin.string(menu31103.visible)]</property>
	<property name="name">menu31103</property>
	<property name="id">$INFO[skin.string(menu31103.master)]</property>
	<onclick condition="Window.IsVisible(6000)">SetFocus(5000)</onclick>
	<onclick condition="Window.IsVisible(Home)">Dialog.Close(6311)</onclick>
	<onclick condition="Window.IsVisible(Home)">Skin.SetString(submenu_action,$VAR[value_menu31103.action])</onclick>
	<visible>![IsEmpty(skin.string(menu31103.master)) | SubString(skin.string(menu31103.visible),off)] | Window.IsVisible(6000)</visible>
	</item>
	<item>
	<label fallback="31014">$VAR[value_menu31104.label]</label>
	<property name="condition">$INFO[skin.string(menu31104.visible)]</property>
	<property name="name">menu31104</property>
	<property name="id">$INFO[skin.string(menu31104.master)]</property>
	<onclick condition="Window.IsVisible(6000)">SetFocus(5000)</onclick>
	<onclick condition="Window.IsVisible(Home)">Dialog.Close(6311)</onclick>
	<onclick condition="Window.IsVisible(Home)">Skin.SetString(submenu_action,$VAR[value_menu31104.action])</onclick>
	<visible>![IsEmpty(skin.string(menu31104.master)) | SubString(skin.string(menu31104.visible),off)] | Window.IsVisible(6000)</visible>
	</item>
	<item>
	<label fallback="31014">$VAR[value_menu31105.label]</label>
	<property name="condition">$INFO[skin.string(menu31105.visible)]</property>
	<property name="name">menu31105</property>
	<property name="id">$INFO[skin.string(menu31105.master)]</property>
	<onclick condition="Window.IsVisible(6000)">SetFocus(5000)</onclick>
	<onclick condition="Window.IsVisible(Home)">Dialog.Close(6311)</onclick>
	<onclick condition="Window.IsVisible(Home)">Skin.SetString(submenu_action,$VAR[value_menu31105.action])</onclick>
	<visible>![IsEmpty(skin.string(menu31105.master)) | SubString(skin.string(menu31105.visible),off)] | Window.IsVisible(6000)</visible>
	</item>
	<item>
	<label fallback="31014">$VAR[value_menu31106.label]</label>
	<property name="condition">$INFO[skin.string(menu31106.visible)]</property>
	<property name="name">menu31106</property>
	<property name="id">$INFO[skin.string(menu31106.master)]</property>
	<onclick condition="Window.IsVisible(6000)">SetFocus(5000)</onclick>
	<onclick condition="Window.IsVisible(Home)">Dialog.Close(6311)</onclick>
	<onclick condition="Window.IsVisible(Home)">Skin.SetString(submenu_action,$VAR[value_menu31106.action])</onclick>
	<visible>![IsEmpty(skin.string(menu31106.master)) | SubString(skin.string(menu31106.visible),off)] | Window.IsVisible(6000)</visible>
	</item>
	<item>
	<label fallback="31014">$VAR[value_menu31107.label]</label>
	<property name="condition">$INFO[skin.string(menu31107.visible)]</property>
	<property name="name">menu31107</property>
	<property name="id">$INFO[skin.string(menu31107.master)]</property>
	<onclick condition="Window.IsVisible(6000)">SetFocus(5000)</onclick>
	<onclick condition="Window.IsVisible(Home)">Dialog.Close(6311)</onclick>
	<onclick condition="Window.IsVisible(Home)">Skin.SetString(submenu_action,$VAR[value_menu31107.action])</onclick>
	<visible>![IsEmpty(skin.string(menu31107.master)) | SubString(skin.string(menu31107.visible),off)] | Window.IsVisible(6000)</visible>
	</item>
	<item>
	<label fallback="31014">$VAR[value_menu31108.label]</label>
	<property name="condition">$INFO[skin.string(menu31108.visible)]</property>
	<property name="name">menu31108</property>
	<property name="id">$INFO[skin.string(menu31108.master)]</property>
	<onclick condition="Window.IsVisible(6000)">SetFocus(5000)</onclick>
	<onclick condition="Window.IsVisible(Home)">Dialog.Close(6311)</onclick>
	<onclick condition="Window.IsVisible(Home)">Skin.SetString(submenu_action,$VAR[value_menu31108.action])</onclick>
	<visible>![IsEmpty(skin.string(menu31108.master)) | SubString(skin.string(menu31108.visible),off)] | Window.IsVisible(6000)</visible>
	</item>
	<item>
	<label fallback="31014">$VAR[value_menu31109.label]</label>
	<property name="condition">$INFO[skin.string(menu31109.visible)]</property>
	<property name="name">menu31109</property>
	<property name="id">$INFO[skin.string(menu31109.master)]</property>
	<onclick condition="Window.IsVisible(6000)">SetFocus(5000)</onclick>
	<onclick condition="Window.IsVisible(Home)">Dialog.Close(6311)</onclick>
	<onclick condition="Window.IsVisible(Home)">Skin.SetString(submenu_action,$VAR[value_menu31109.action])</onclick>
	<visible>![IsEmpty(skin.string(menu31109.master)) | SubString(skin.string(menu31109.visible),off)] | Window.IsVisible(6000)</visible>
	</item>
	<item>
	<label fallback="31014">$VAR[value_menu31110.label]</label>
	<property name="condition">$INFO[skin.string(menu31110.visible)]</property>
	<property name="name">menu31110</property>
	<property name="id">$INFO[skin.string(menu31110.master)]</property>
	<onclick condition="Window.IsVisible(6000)">SetFocus(5000)</onclick>
	<onclick condition="Window.IsVisible(Home)">Dialog.Close(6311)</onclick>
	<onclick condition="Window.IsVisible(Home)">Skin.SetString(submenu_action,$VAR[value_menu31110.action])</onclick>
	<visible>![IsEmpty(skin.string(menu31110.master)) | SubString(skin.string(menu31110.visible),off)] | Window.IsVisible(6000)</visible>
	</item>
	<item>
	<label fallback="31014">$VAR[value_menu31111.label]</label>
	<property name="condition">$INFO[skin.string(menu31111.visible)]</property>
	<property name="name">menu31111</property>
	<property name="id">$INFO[skin.string(menu31111.master)]</property>
	<onclick condition="Window.IsVisible(6000)">SetFocus(5000)</onclick>
	<onclick condition="Window.IsVisible(Home)">Dialog.Close(6311)</onclick>
	<onclick condition="Window.IsVisible(Home)">Skin.SetString(submenu_action,$VAR[value_menu31111.action])</onclick>
	<visible>![IsEmpty(skin.string(menu31111.master)) | SubString(skin.string(menu31111.visible),off)] | Window.IsVisible(6000)</visible>
	</item>
	<item>
	<label fallback="31014">$VAR[value_menu31112.label]</label>
	<property name="condition">$INFO[skin.string(menu31112.visible)]</property>
	<property name="name">menu31112</property>
	<property name="id">$INFO[skin.string(menu31112.master)]</property>
	<onclick condition="Window.IsVisible(6000)">SetFocus(5000)</onclick>
	<onclick condition="Window.IsVisible(Home)">Dialog.Close(6311)</onclick>
	<onclick condition="Window.IsVisible(Home)">Skin.SetString(submenu_action,$VAR[value_menu31112.action])</onclick>
	<visible>![IsEmpty(skin.string(menu31112.master)) | SubString(skin.string(menu31112.visible),off)] | Window.IsVisible(6000)</visible>
	</item>
	<item>
	<label fallback="31014">$VAR[value_menu31113.label]</label>
	<property name="condition">$INFO[skin.string(menu31113.visible)]</property>
	<property name="name">menu31113</property>
	<property name="id">$INFO[skin.string(menu31113.master)]</property>
	<onclick condition="Window.IsVisible(6000)">SetFocus(5000)</onclick>
	<onclick condition="Window.IsVisible(Home)">Dialog.Close(6311)</onclick>
	<onclick condition="Window.IsVisible(Home)">Skin.SetString(submenu_action,$VAR[value_menu31113.action])</onclick>
	<visible>![IsEmpty(skin.string(menu31113.master)) | SubString(skin.string(menu31113.visible),off)] | Window.IsVisible(6000)</visible>
	</item>
	<item>
	<label fallback="31014">$VAR[value_menu31114.label]</label>
	<property name="condition">$INFO[skin.string(menu31114.visible)]</property>
	<property name="name">menu31114</property>
	<property name="id">$INFO[skin.string(menu31114.master)]</property>
	<onclick condition="Window.IsVisible(6000)">SetFocus(5000)</onclick>
	<onclick condition="Window.IsVisible(Home)">Dialog.Close(6311)</onclick>
	<onclick condition="Window.IsVisible(Home)">Skin.SetString(submenu_action,$VAR[value_menu31114.action])</onclick>
	<visible>![IsEmpty(skin.string(menu31114.master)) | SubString(skin.string(menu31114.visible),off)] | Window.IsVisible(6000)</visible>
	</item>
	<item>
	<label fallback="31014">$VAR[value_menu31115.label]</label>
	<property name="condition">$INFO[skin.string(menu31115.visible)]</property>
	<property name="name">menu31115</property>
	<property name="id">$INFO[skin.string(menu31115.master)]</property>
	<onclick condition="Window.IsVisible(6000)">SetFocus(5000)</onclick>
	<onclick condition="Window.IsVisible(Home)">Dialog.Close(6311)</onclick>
	<onclick condition="Window.IsVisible(Home)">Skin.SetString(submenu_action,$VAR[value_menu31115.action])</onclick>
	<visible>![IsEmpty(skin.string(menu31115.master)) | SubString(skin.string(menu31115.visible),off)] | Window.IsVisible(6000)</visible>
	</item>
	</content>
	</control>
	<include condition="Window.IsVisible(6000)">Glass</include>
	</control>
	</control>
	</controls>
</window>