<?xml version="1.0" encoding="UTF-8"?>
<window id="6067" type="dialog"><!-- Aeon MQ 6 --><!-- Musica top100 -->
	<defaultcontrol>-</defaultcontrol>
	<include>SubMenuCommon</include>
	<controls>
	<control type="group">
	<include condition="Window.IsVisible(6000)">MenuCustom</include>
	<control type="group"><!-- default group -->
	<include>Animation_SubMenu</include>
	<include condition="Window.IsVisible(6000)">SubmenuGoTo</include>
	<include condition="Window.IsVisible(Home)">SubMenuDefault</include>
	<control type="panel" id="9000">
	<include condition="Window.IsVisible(6000)">SubmenuVList</include>
	<include condition="Window.IsVisible(Home)">SubmenuHList</include>
	<content>
	<item>
	<label fallback="31014">$VAR[value_menu6701.label]</label>
	<property name="condition">$INFO[skin.string(menu6701.visible)]</property>
	<property name="name">menu6701</property>
	<property name="id">$INFO[skin.string(menu6701.master)]</property>
	<onclick condition="Window.IsVisible(6000)">SetFocus(5000)</onclick>
	<onclick condition="Window.IsVisible(Home)">Dialog.Close(6067)</onclick>
	<onclick condition="Window.IsVisible(Home)">Skin.SetString(submenu_action,$VAR[value_menu6701.action])</onclick>
	<visible>![IsEmpty(skin.string(menu6701.master)) | SubString(skin.string(menu6701.visible),off)] | Window.IsVisible(6000)</visible>
	</item>
	<item>
	<label fallback="31014">$VAR[value_menu6702.label]</label>
	<property name="condition">$INFO[skin.string(menu6702.visible)]</property>
	<property name="name">menu6702</property>
	<property name="id">$INFO[skin.string(menu6702.master)]</property>
	<onclick condition="Window.IsVisible(6000)">SetFocus(5000)</onclick>
	<onclick condition="Window.IsVisible(Home)">Dialog.Close(6067)</onclick>
	<onclick condition="Window.IsVisible(Home)">Skin.SetString(submenu_action,$VAR[value_menu6702.action])</onclick>
	<visible>![IsEmpty(skin.string(menu6702.master)) | SubString(skin.string(menu6702.visible),off)] | Window.IsVisible(6000)</visible>
	</item>
	<item>
	<label fallback="31014">$VAR[value_menu6703.label]</label>
	<property name="condition">$INFO[skin.string(menu6703.visible)]</property>
	<property name="name">menu6703</property>
	<property name="id">$INFO[skin.string(menu6703.master)]</property>
	<onclick condition="Window.IsVisible(6000)">SetFocus(5000)</onclick>
	<onclick condition="Window.IsVisible(Home)">Dialog.Close(6067)</onclick>
	<onclick condition="Window.IsVisible(Home)">Skin.SetString(submenu_action,$VAR[value_menu6703.action])</onclick>
	<visible>![IsEmpty(skin.string(menu6703.master)) | SubString(skin.string(menu6703.visible),off)] | Window.IsVisible(6000)</visible>
	</item>
	<item>
	<label fallback="31014">$VAR[value_menu6704.label]</label>
	<property name="condition">$INFO[skin.string(menu6704.visible)]</property>
	<property name="name">menu6704</property>
	<property name="id">$INFO[skin.string(menu6704.master)]</property>
	<onclick condition="Window.IsVisible(6000)">SetFocus(5000)</onclick>
	<onclick condition="Window.IsVisible(Home)">Dialog.Close(6067)</onclick>
	<onclick condition="Window.IsVisible(Home)">Skin.SetString(submenu_action,$VAR[value_menu6704.action])</onclick>
	<visible>![IsEmpty(skin.string(menu6704.master)) | SubString(skin.string(menu6704.visible),off)] | Window.IsVisible(6000)</visible>
	</item>
	<item>
	<label fallback="31014">$VAR[value_menu6705.label]</label>
	<property name="condition">$INFO[skin.string(menu6705.visible)]</property>
	<property name="name">menu6705</property>
	<property name="id">$INFO[skin.string(menu6705.master)]</property>
	<onclick condition="Window.IsVisible(6000)">SetFocus(5000)</onclick>
	<onclick condition="Window.IsVisible(Home)">Dialog.Close(6067)</onclick>
	<onclick condition="Window.IsVisible(Home)">Skin.SetString(submenu_action,$VAR[value_menu6705.action])</onclick>
	<visible>![IsEmpty(skin.string(menu6705.master)) | SubString(skin.string(menu6705.visible),off)] | Window.IsVisible(6000)</visible>
	</item>
	<item>
	<label fallback="31014">$VAR[value_menu6706.label]</label>
	<property name="condition">$INFO[skin.string(menu6706.visible)]</property>
	<property name="name">menu6706</property>
	<property name="id">$INFO[skin.string(menu6706.master)]</property>
	<onclick condition="Window.IsVisible(6000)">SetFocus(5000)</onclick>
	<onclick condition="Window.IsVisible(Home)">Dialog.Close(6067)</onclick>
	<onclick condition="Window.IsVisible(Home)">Skin.SetString(submenu_action,$VAR[value_menu6706.action])</onclick>
	<visible>![IsEmpty(skin.string(menu6706.master)) | SubString(skin.string(menu6706.visible),off)] | Window.IsVisible(6000)</visible>
	</item>
	<item>
	<label fallback="31014">$VAR[value_menu6707.label]</label>
	<property name="condition">$INFO[skin.string(menu6707.visible)]</property>
	<property name="name">menu6707</property>
	<property name="id">$INFO[skin.string(menu6707.master)]</property>
	<onclick condition="Window.IsVisible(6000)">SetFocus(5000)</onclick>
	<onclick condition="Window.IsVisible(Home)">Dialog.Close(6067)</onclick>
	<onclick condition="Window.IsVisible(Home)">Skin.SetString(submenu_action,$VAR[value_menu6707.action])</onclick>
	<visible>![IsEmpty(skin.string(menu6707.master)) | SubString(skin.string(menu6707.visible),off)] | Window.IsVisible(6000)</visible>
	</item>
	<item>
	<label fallback="31014">$VAR[value_menu6708.label]</label>
	<property name="condition">$INFO[skin.string(menu6708.visible)]</property>
	<property name="name">menu6708</property>
	<property name="id">$INFO[skin.string(menu6708.master)]</property>
	<onclick condition="Window.IsVisible(6000)">SetFocus(5000)</onclick>
	<onclick condition="Window.IsVisible(Home)">Dialog.Close(6067)</onclick>
	<onclick condition="Window.IsVisible(Home)">Skin.SetString(submenu_action,$VAR[value_menu6708.action])</onclick>
	<visible>![IsEmpty(skin.string(menu6708.master)) | SubString(skin.string(menu6708.visible),off)] | Window.IsVisible(6000)</visible>
	</item>
	<item>
	<label fallback="31014">$VAR[value_menu6709.label]</label>
	<property name="condition">$INFO[skin.string(menu6709.visible)]</property>
	<property name="name">menu6709</property>
	<property name="id">$INFO[skin.string(menu6709.master)]</property>
	<onclick condition="Window.IsVisible(6000)">SetFocus(5000)</onclick>
	<onclick condition="Window.IsVisible(Home)">Dialog.Close(6067)</onclick>
	<onclick condition="Window.IsVisible(Home)">Skin.SetString(submenu_action,$VAR[value_menu6709.action])</onclick>
	<visible>![IsEmpty(skin.string(menu6709.master)) | SubString(skin.string(menu6709.visible),off)] | Window.IsVisible(6000)</visible>
	</item>
	<item>
	<label fallback="31014">$VAR[value_menu6710.label]</label>
	<property name="condition">$INFO[skin.string(menu6710.visible)]</property>
	<property name="name">menu6710</property>
	<property name="id">$INFO[skin.string(menu6710.master)]</property>
	<onclick condition="Window.IsVisible(6000)">SetFocus(5000)</onclick>
	<onclick condition="Window.IsVisible(Home)">Dialog.Close(6067)</onclick>
	<onclick condition="Window.IsVisible(Home)">Skin.SetString(submenu_action,$VAR[value_menu6710.action])</onclick>
	<visible>![IsEmpty(skin.string(menu6710.master)) | SubString(skin.string(menu6710.visible),off)] | Window.IsVisible(6000)</visible>
	</item>
	</content>
	</control>
	<include condition="Window.IsVisible(6000)">Glass</include>
	</control>
	</control>
	</controls>
</window>