<?xml version="1.0" encoding="UTF-8"?>
<window id="6528" type="dialog"><!-- Aeon MQ 6 --><!-- Extras -->
	<defaultcontrol>-</defaultcontrol>
	<include>SubMenuCommon</include>
	<controls>
	<control type="group">
	<include condition="Window.IsVisible(6000)">MenuCustom</include>
	<control type="group"><!-- default group -->
	<include>Animation_SubMenu</include>
	<include condition="Window.IsVisible(6000)">SubmenuGoTo</include>
	<include condition="Window.IsVisible(Home)">SubMenuDefault</include>
	<control type="panel" id="9000">
	<include condition="Window.IsVisible(6000)">SubmenuVList</include>
	<include condition="Window.IsVisible(Home)">SubmenuHList</include>
	<content>
	<item>
	<label fallback="31014">$VAR[value_menu52061.label]</label>
	<property name="condition">$INFO[skin.string(menu52061.visible)]</property>
	<property name="name">menu52061</property>
	<property name="id">$INFO[skin.string(menu52061.master)]</property>
	<onclick condition="Window.IsVisible(6000)">SetFocus(5000)</onclick>
	<onclick condition="Window.IsVisible(Home)">Dialog.Close(6528)</onclick>
	<onclick condition="Window.IsVisible(Home)">Skin.SetString(submenu_action,$VAR[value_menu52061.action])</onclick>
	<visible>![IsEmpty(skin.string(menu52061.master)) | SubString(skin.string(menu52061.visible),off)] | Window.IsVisible(6000)</visible>
	</item>
	<item>
	<label fallback="31014">$VAR[value_menu52062.label]</label>
	<property name="condition">$INFO[skin.string(menu52062.visible)]</property>
	<property name="name">menu52062</property>
	<property name="id">$INFO[skin.string(menu52062.master)]</property>
	<onclick condition="Window.IsVisible(6000)">SetFocus(5000)</onclick>
	<onclick condition="Window.IsVisible(Home)">Dialog.Close(6528)</onclick>
	<onclick condition="Window.IsVisible(Home)">Skin.SetString(submenu_action,$VAR[value_menu52062.action])</onclick>
	<visible>![IsEmpty(skin.string(menu52062.master)) | SubString(skin.string(menu52062.visible),off)] | Window.IsVisible(6000)</visible>
	</item>
	<item>
	<label fallback="31014">$VAR[value_menu52063.label]</label>
	<property name="condition">$INFO[skin.string(menu52063.visible)]</property>
	<property name="name">menu52063</property>
	<property name="id">$INFO[skin.string(menu52063.master)]</property>
	<onclick condition="Window.IsVisible(6000)">SetFocus(5000)</onclick>
	<onclick condition="Window.IsVisible(Home)">Dialog.Close(6528)</onclick>
	<onclick condition="Window.IsVisible(Home)">Skin.SetString(submenu_action,$VAR[value_menu52063.action])</onclick>
	<visible>![IsEmpty(skin.string(menu52063.master)) | SubString(skin.string(menu52063.visible),off)] | Window.IsVisible(6000)</visible>
	</item>
	<item>
	<label fallback="31014">$VAR[value_menu52064.label]</label>
	<property name="condition">$INFO[skin.string(menu52064.visible)]</property>
	<property name="name">menu52064</property>
	<property name="id">$INFO[skin.string(menu52064.master)]</property>
	<onclick condition="Window.IsVisible(6000)">SetFocus(5000)</onclick>
	<onclick condition="Window.IsVisible(Home)">Dialog.Close(6528)</onclick>
	<onclick condition="Window.IsVisible(Home)">Skin.SetString(submenu_action,$VAR[value_menu52064.action])</onclick>
	<visible>![IsEmpty(skin.string(menu52064.master)) | SubString(skin.string(menu52064.visible),off)] | Window.IsVisible(6000)</visible>
	</item>
	<item>
	<label fallback="31014">$VAR[value_menu52065.label]</label>
	<property name="condition">$INFO[skin.string(menu52065.visible)]</property>
	<property name="name">menu52065</property>
	<property name="id">$INFO[skin.string(menu52065.master)]</property>
	<onclick condition="Window.IsVisible(6000)">SetFocus(5000)</onclick>
	<onclick condition="Window.IsVisible(Home)">Dialog.Close(6528)</onclick>
	<onclick condition="Window.IsVisible(Home)">Skin.SetString(submenu_action,$VAR[value_menu52065.action])</onclick>
	<visible>![IsEmpty(skin.string(menu52065.master)) | SubString(skin.string(menu52065.visible),off)] | Window.IsVisible(6000)</visible>
	</item>
	</content>
	</control>
	<include condition="Window.IsVisible(6000)">Glass</include>
	</control>
	</control>
	</controls>
</window>