<?xml version="1.0" encoding="UTF-8"?>
<window id="6207" type="dialog"><!-- Aeon MQ 6 --><!-- A-Playlist 7 -->
	<defaultcontrol>-</defaultcontrol>
	<include>SubMenuCommon</include>
	<controls>
	<control type="group">
	<include condition="Window.IsVisible(6000)">MenuCustom</include>
	<control type="group"><!-- default group -->
	<include>Animation_SubMenu</include>
	<include condition="Window.IsVisible(6000)">SubmenuGoTo</include>
	<include condition="Window.IsVisible(Home)">SubMenuDefault</include>
	<control type="panel" id="9000">
	<include condition="Window.IsVisible(6000)">SubmenuVList</include>
	<include condition="Window.IsVisible(Home)">SubmenuHList</include>
	<content>
	<item>
	<label fallback="31014">$VAR[value_menu20701.label]</label>
	<property name="condition">$INFO[skin.string(menu20701.visible)]</property>
	<property name="name">menu20701</property>
	<property name="id">$INFO[skin.string(menu20701.master)]</property>
	<onclick condition="Window.IsVisible(6000)">SetFocus(5000)</onclick>
	<onclick condition="Window.IsVisible(Home)">Dialog.Close(6207)</onclick>
	<onclick condition="Window.IsVisible(Home)">Skin.SetString(submenu_action,$VAR[value_menu20701.action])</onclick>
	<visible>![IsEmpty(skin.string(menu20701.master)) | SubString(skin.string(menu20701.visible),off)] | Window.IsVisible(6000)</visible>
	</item>
	<item>
	<label fallback="31014">$VAR[value_menu20702.label]</label>
	<property name="condition">$INFO[skin.string(menu20702.visible)]</property>
	<property name="name">menu20702</property>
	<property name="id">$INFO[skin.string(menu20702.master)]</property>
	<onclick condition="Window.IsVisible(6000)">SetFocus(5000)</onclick>
	<onclick condition="Window.IsVisible(Home)">Dialog.Close(6207)</onclick>
	<onclick condition="Window.IsVisible(Home)">Skin.SetString(submenu_action,$VAR[value_menu20702.action])</onclick>
	<visible>![IsEmpty(skin.string(menu20702.master)) | SubString(skin.string(menu20702.visible),off)] | Window.IsVisible(6000)</visible>
	</item>
	<item>
	<label fallback="31014">$VAR[value_menu20703.label]</label>
	<property name="condition">$INFO[skin.string(menu20703.visible)]</property>
	<property name="name">menu20703</property>
	<property name="id">$INFO[skin.string(menu20703.master)]</property>
	<onclick condition="Window.IsVisible(6000)">SetFocus(5000)</onclick>
	<onclick condition="Window.IsVisible(Home)">Dialog.Close(6207)</onclick>
	<onclick condition="Window.IsVisible(Home)">Skin.SetString(submenu_action,$VAR[value_menu20703.action])</onclick>
	<visible>![IsEmpty(skin.string(menu20703.master)) | SubString(skin.string(menu20703.visible),off)] | Window.IsVisible(6000)</visible>
	</item>
	<item>
	<label fallback="31014">$VAR[value_menu20704.label]</label>
	<property name="condition">$INFO[skin.string(menu20704.visible)]</property>
	<property name="name">menu20704</property>
	<property name="id">$INFO[skin.string(menu20704.master)]</property>
	<onclick condition="Window.IsVisible(6000)">SetFocus(5000)</onclick>
	<onclick condition="Window.IsVisible(Home)">Dialog.Close(6207)</onclick>
	<onclick condition="Window.IsVisible(Home)">Skin.SetString(submenu_action,$VAR[value_menu20704.action])</onclick>
	<visible>![IsEmpty(skin.string(menu20704.master)) | SubString(skin.string(menu20704.visible),off)] | Window.IsVisible(6000)</visible>
	</item>
	<item>
	<label fallback="31014">$VAR[value_menu20705.label]</label>
	<property name="condition">$INFO[skin.string(menu20705.visible)]</property>
	<property name="name">menu20705</property>
	<property name="id">$INFO[skin.string(menu20705.master)]</property>
	<onclick condition="Window.IsVisible(6000)">SetFocus(5000)</onclick>
	<onclick condition="Window.IsVisible(Home)">Dialog.Close(6207)</onclick>
	<onclick condition="Window.IsVisible(Home)">Skin.SetString(submenu_action,$VAR[value_menu20705.action])</onclick>
	<visible>![IsEmpty(skin.string(menu20705.master)) | SubString(skin.string(menu20705.visible),off)] | Window.IsVisible(6000)</visible>
	</item>
	<item>
	<label fallback="31014">$VAR[value_menu20706.label]</label>
	<property name="condition">$INFO[skin.string(menu20706.visible)]</property>
	<property name="name">menu20706</property>
	<property name="id">$INFO[skin.string(menu20706.master)]</property>
	<onclick condition="Window.IsVisible(6000)">SetFocus(5000)</onclick>
	<onclick condition="Window.IsVisible(Home)">Dialog.Close(6207)</onclick>
	<onclick condition="Window.IsVisible(Home)">Skin.SetString(submenu_action,$VAR[value_menu20706.action])</onclick>
	<visible>![IsEmpty(skin.string(menu20706.master)) | SubString(skin.string(menu20706.visible),off)] | Window.IsVisible(6000)</visible>
	</item>
	<item>
	<label fallback="31014">$VAR[value_menu20707.label]</label>
	<property name="condition">$INFO[skin.string(menu20707.visible)]</property>
	<property name="name">menu20707</property>
	<property name="id">$INFO[skin.string(menu20707.master)]</property>
	<onclick condition="Window.IsVisible(6000)">SetFocus(5000)</onclick>
	<onclick condition="Window.IsVisible(Home)">Dialog.Close(6207)</onclick>
	<onclick condition="Window.IsVisible(Home)">Skin.SetString(submenu_action,$VAR[value_menu20707.action])</onclick>
	<visible>![IsEmpty(skin.string(menu20707.master)) | SubString(skin.string(menu20707.visible),off)] | Window.IsVisible(6000)</visible>
	</item>
	<item>
	<label fallback="31014">$VAR[value_menu20708.label]</label>
	<property name="condition">$INFO[skin.string(menu20708.visible)]</property>
	<property name="name">menu20708</property>
	<property name="id">$INFO[skin.string(menu20708.master)]</property>
	<onclick condition="Window.IsVisible(6000)">SetFocus(5000)</onclick>
	<onclick condition="Window.IsVisible(Home)">Dialog.Close(6207)</onclick>
	<onclick condition="Window.IsVisible(Home)">Skin.SetString(submenu_action,$VAR[value_menu20708.action])</onclick>
	<visible>![IsEmpty(skin.string(menu20708.master)) | SubString(skin.string(menu20708.visible),off)] | Window.IsVisible(6000)</visible>
	</item>
	<item>
	<label fallback="31014">$VAR[value_menu20709.label]</label>
	<property name="condition">$INFO[skin.string(menu20709.visible)]</property>
	<property name="name">menu20709</property>
	<property name="id">$INFO[skin.string(menu20709.master)]</property>
	<onclick condition="Window.IsVisible(6000)">SetFocus(5000)</onclick>
	<onclick condition="Window.IsVisible(Home)">Dialog.Close(6207)</onclick>
	<onclick condition="Window.IsVisible(Home)">Skin.SetString(submenu_action,$VAR[value_menu20709.action])</onclick>
	<visible>![IsEmpty(skin.string(menu20709.master)) | SubString(skin.string(menu20709.visible),off)] | Window.IsVisible(6000)</visible>
	</item>
	<item>
	<label fallback="31014">$VAR[value_menu20710.label]</label>
	<property name="condition">$INFO[skin.string(menu20710.visible)]</property>
	<property name="name">menu20710</property>
	<property name="id">$INFO[skin.string(menu20710.master)]</property>
	<onclick condition="Window.IsVisible(6000)">SetFocus(5000)</onclick>
	<onclick condition="Window.IsVisible(Home)">Dialog.Close(6207)</onclick>
	<onclick condition="Window.IsVisible(Home)">Skin.SetString(submenu_action,$VAR[value_menu20710.action])</onclick>
	<visible>![IsEmpty(skin.string(menu20710.master)) | SubString(skin.string(menu20710.visible),off)] | Window.IsVisible(6000)</visible>
	</item>
	<item>
	<label fallback="31014">$VAR[value_menu20711.label]</label>
	<property name="condition">$INFO[skin.string(menu20711.visible)]</property>
	<property name="name">menu20711</property>
	<property name="id">$INFO[skin.string(menu20711.master)]</property>
	<onclick condition="Window.IsVisible(6000)">SetFocus(5000)</onclick>
	<onclick condition="Window.IsVisible(Home)">Dialog.Close(6207)</onclick>
	<onclick condition="Window.IsVisible(Home)">Skin.SetString(submenu_action,$VAR[value_menu20711.action])</onclick>
	<visible>![IsEmpty(skin.string(menu20711.master)) | SubString(skin.string(menu20711.visible),off)] | Window.IsVisible(6000)</visible>
	</item>
	<item>
	<label fallback="31014">$VAR[value_menu20712.label]</label>
	<property name="condition">$INFO[skin.string(menu20712.visible)]</property>
	<property name="name">menu20712</property>
	<property name="id">$INFO[skin.string(menu20712.master)]</property>
	<onclick condition="Window.IsVisible(6000)">SetFocus(5000)</onclick>
	<onclick condition="Window.IsVisible(Home)">Dialog.Close(6207)</onclick>
	<onclick condition="Window.IsVisible(Home)">Skin.SetString(submenu_action,$VAR[value_menu20712.action])</onclick>
	<visible>![IsEmpty(skin.string(menu20712.master)) | SubString(skin.string(menu20712.visible),off)] | Window.IsVisible(6000)</visible>
	</item>
	<item>
	<label fallback="31014">$VAR[value_menu20713.label]</label>
	<property name="condition">$INFO[skin.string(menu20713.visible)]</property>
	<property name="name">menu20713</property>
	<property name="id">$INFO[skin.string(menu20713.master)]</property>
	<onclick condition="Window.IsVisible(6000)">SetFocus(5000)</onclick>
	<onclick condition="Window.IsVisible(Home)">Dialog.Close(6207)</onclick>
	<onclick condition="Window.IsVisible(Home)">Skin.SetString(submenu_action,$VAR[value_menu20713.action])</onclick>
	<visible>![IsEmpty(skin.string(menu20713.master)) | SubString(skin.string(menu20713.visible),off)] | Window.IsVisible(6000)</visible>
	</item>
	<item>
	<label fallback="31014">$VAR[value_menu20714.label]</label>
	<property name="condition">$INFO[skin.string(menu20714.visible)]</property>
	<property name="name">menu20714</property>
	<property name="id">$INFO[skin.string(menu20714.master)]</property>
	<onclick condition="Window.IsVisible(6000)">SetFocus(5000)</onclick>
	<onclick condition="Window.IsVisible(Home)">Dialog.Close(6207)</onclick>
	<onclick condition="Window.IsVisible(Home)">Skin.SetString(submenu_action,$VAR[value_menu20714.action])</onclick>
	<visible>![IsEmpty(skin.string(menu20714.master)) | SubString(skin.string(menu20714.visible),off)] | Window.IsVisible(6000)</visible>
	</item>
	<item>
	<label fallback="31014">$VAR[value_menu20715.label]</label>
	<property name="condition">$INFO[skin.string(menu20715.visible)]</property>
	<property name="name">menu20715</property>
	<property name="id">$INFO[skin.string(menu20715.master)]</property>
	<onclick condition="Window.IsVisible(6000)">SetFocus(5000)</onclick>
	<onclick condition="Window.IsVisible(Home)">Dialog.Close(6207)</onclick>
	<onclick condition="Window.IsVisible(Home)">Skin.SetString(submenu_action,$VAR[value_menu20715.action])</onclick>
	<visible>![IsEmpty(skin.string(menu20715.master)) | SubString(skin.string(menu20715.visible),off)] | Window.IsVisible(6000)</visible>
	</item>
	</content>
	</control>
	<include condition="Window.IsVisible(6000)">Glass</include>
	</control>
	</control>
	</controls>
</window>