<?xml version="1.0" encoding="UTF-8"?>
<window id="6512" type="dialog"><!-- Aeon MQ 6 --><!-- Addon 12 -->
	<defaultcontrol>-</defaultcontrol>
	<include>SubMenuCommon</include>
	<controls>
	<control type="group">
	<include condition="Window.IsVisible(6000)">MenuCustom</include>
	<control type="group"><!-- default group -->
	<include>Animation_SubMenu</include>
	<include condition="Window.IsVisible(6000)">SubmenuGoTo</include>
	<include condition="Window.IsVisible(Home)">SubMenuDefault</include>
	<control type="panel" id="9000">
	<include condition="Window.IsVisible(6000)">SubmenuVList</include>
	<include condition="Window.IsVisible(Home)">SubmenuHList</include>
	<content>
	<item>
	<label fallback="31014">$VAR[value_menu51201.label]</label>
	<property name="condition">$INFO[skin.string(menu51201.visible)]</property>
	<property name="name">menu51201</property>
	<property name="id">$INFO[skin.string(menu51201.master)]</property>
	<onclick condition="Window.IsVisible(6000)">SetFocus(5000)</onclick>
	<onclick condition="Window.IsVisible(Home)">Dialog.Close(6512)</onclick>
	<onclick condition="Window.IsVisible(Home)">Skin.SetString(submenu_action,$VAR[value_menu51201.action])</onclick>
	<visible>![IsEmpty(skin.string(menu51201.master)) | SubString(skin.string(menu51201.visible),off)] | Window.IsVisible(6000)</visible>
	</item>
	<item>
	<label fallback="31014">$VAR[value_menu51202.label]</label>
	<property name="condition">$INFO[skin.string(menu51202.visible)]</property>
	<property name="name">menu51202</property>
	<property name="id">$INFO[skin.string(menu51202.master)]</property>
	<onclick condition="Window.IsVisible(6000)">SetFocus(5000)</onclick>
	<onclick condition="Window.IsVisible(Home)">Dialog.Close(6512)</onclick>
	<onclick condition="Window.IsVisible(Home)">Skin.SetString(submenu_action,$VAR[value_menu51202.action])</onclick>
	<visible>![IsEmpty(skin.string(menu51202.master)) | SubString(skin.string(menu51202.visible),off)] | Window.IsVisible(6000)</visible>
	</item>
	<item>
	<label fallback="31014">$VAR[value_menu51203.label]</label>
	<property name="condition">$INFO[skin.string(menu51203.visible)]</property>
	<property name="name">menu51203</property>
	<property name="id">$INFO[skin.string(menu51203.master)]</property>
	<onclick condition="Window.IsVisible(6000)">SetFocus(5000)</onclick>
	<onclick condition="Window.IsVisible(Home)">Dialog.Close(6512)</onclick>
	<onclick condition="Window.IsVisible(Home)">Skin.SetString(submenu_action,$VAR[value_menu51203.action])</onclick>
	<visible>![IsEmpty(skin.string(menu51203.master)) | SubString(skin.string(menu51203.visible),off)] | Window.IsVisible(6000)</visible>
	</item>
	<item>
	<label fallback="31014">$VAR[value_menu51204.label]</label>
	<property name="condition">$INFO[skin.string(menu51204.visible)]</property>
	<property name="name">menu51204</property>
	<property name="id">$INFO[skin.string(menu51204.master)]</property>
	<onclick condition="Window.IsVisible(6000)">SetFocus(5000)</onclick>
	<onclick condition="Window.IsVisible(Home)">Dialog.Close(6512)</onclick>
	<onclick condition="Window.IsVisible(Home)">Skin.SetString(submenu_action,$VAR[value_menu51204.action])</onclick>
	<visible>![IsEmpty(skin.string(menu51204.master)) | SubString(skin.string(menu51204.visible),off)] | Window.IsVisible(6000)</visible>
	</item>
	<item>
	<label fallback="31014">$VAR[value_menu51205.label]</label>
	<property name="condition">$INFO[skin.string(menu51205.visible)]</property>
	<property name="name">menu51205</property>
	<property name="id">$INFO[skin.string(menu51205.master)]</property>
	<onclick condition="Window.IsVisible(6000)">SetFocus(5000)</onclick>
	<onclick condition="Window.IsVisible(Home)">Dialog.Close(6512)</onclick>
	<onclick condition="Window.IsVisible(Home)">Skin.SetString(submenu_action,$VAR[value_menu51205.action])</onclick>
	<visible>![IsEmpty(skin.string(menu51205.master)) | SubString(skin.string(menu51205.visible),off)] | Window.IsVisible(6000)</visible>
	</item>
	<item>
	<label fallback="31014">$VAR[value_menu51206.label]</label>
	<property name="condition">$INFO[skin.string(menu51206.visible)]</property>
	<property name="name">menu51206</property>
	<property name="id">$INFO[skin.string(menu51206.master)]</property>
	<onclick condition="Window.IsVisible(6000)">SetFocus(5000)</onclick>
	<onclick condition="Window.IsVisible(Home)">Dialog.Close(6512)</onclick>
	<onclick condition="Window.IsVisible(Home)">Skin.SetString(submenu_action,$VAR[value_menu51206.action])</onclick>
	<visible>![IsEmpty(skin.string(menu51206.master)) | SubString(skin.string(menu51206.visible),off)] | Window.IsVisible(6000)</visible>
	</item>
	<item>
	<label fallback="31014">$VAR[value_menu51207.label]</label>
	<property name="condition">$INFO[skin.string(menu51207.visible)]</property>
	<property name="name">menu51207</property>
	<property name="id">$INFO[skin.string(menu51207.master)]</property>
	<onclick condition="Window.IsVisible(6000)">SetFocus(5000)</onclick>
	<onclick condition="Window.IsVisible(Home)">Dialog.Close(6512)</onclick>
	<onclick condition="Window.IsVisible(Home)">Skin.SetString(submenu_action,$VAR[value_menu51207.action])</onclick>
	<visible>![IsEmpty(skin.string(menu51207.master)) | SubString(skin.string(menu51207.visible),off)] | Window.IsVisible(6000)</visible>
	</item>
	<item>
	<label fallback="31014">$VAR[value_menu51208.label]</label>
	<property name="condition">$INFO[skin.string(menu51208.visible)]</property>
	<property name="name">menu51208</property>
	<property name="id">$INFO[skin.string(menu51208.master)]</property>
	<onclick condition="Window.IsVisible(6000)">SetFocus(5000)</onclick>
	<onclick condition="Window.IsVisible(Home)">Dialog.Close(6512)</onclick>
	<onclick condition="Window.IsVisible(Home)">Skin.SetString(submenu_action,$VAR[value_menu51208.action])</onclick>
	<visible>![IsEmpty(skin.string(menu51208.master)) | SubString(skin.string(menu51208.visible),off)] | Window.IsVisible(6000)</visible>
	</item>
	<item>
	<label fallback="31014">$VAR[value_menu51209.label]</label>
	<property name="condition">$INFO[skin.string(menu51209.visible)]</property>
	<property name="name">menu51209</property>
	<property name="id">$INFO[skin.string(menu51209.master)]</property>
	<onclick condition="Window.IsVisible(6000)">SetFocus(5000)</onclick>
	<onclick condition="Window.IsVisible(Home)">Dialog.Close(6512)</onclick>
	<onclick condition="Window.IsVisible(Home)">Skin.SetString(submenu_action,$VAR[value_menu51209.action])</onclick>
	<visible>![IsEmpty(skin.string(menu51209.master)) | SubString(skin.string(menu51209.visible),off)] | Window.IsVisible(6000)</visible>
	</item>
	<item>
	<label fallback="31014">$VAR[value_menu51210.label]</label>
	<property name="condition">$INFO[skin.string(menu51210.visible)]</property>
	<property name="name">menu51210</property>
	<property name="id">$INFO[skin.string(menu51210.master)]</property>
	<onclick condition="Window.IsVisible(6000)">SetFocus(5000)</onclick>
	<onclick condition="Window.IsVisible(Home)">Dialog.Close(6512)</onclick>
	<onclick condition="Window.IsVisible(Home)">Skin.SetString(submenu_action,$VAR[value_menu51210.action])</onclick>
	<visible>![IsEmpty(skin.string(menu51210.master)) | SubString(skin.string(menu51210.visible),off)] | Window.IsVisible(6000)</visible>
	</item>
	<item>
	<label fallback="31014">$VAR[value_menu51211.label]</label>
	<property name="condition">$INFO[skin.string(menu51211.visible)]</property>
	<property name="name">menu51211</property>
	<property name="id">$INFO[skin.string(menu51211.master)]</property>
	<onclick condition="Window.IsVisible(6000)">SetFocus(5000)</onclick>
	<onclick condition="Window.IsVisible(Home)">Dialog.Close(6512)</onclick>
	<onclick condition="Window.IsVisible(Home)">Skin.SetString(submenu_action,$VAR[value_menu51211.action])</onclick>
	<visible>![IsEmpty(skin.string(menu51211.master)) | SubString(skin.string(menu51211.visible),off)] | Window.IsVisible(6000)</visible>
	</item>
	<item>
	<label fallback="31014">$VAR[value_menu51212.label]</label>
	<property name="condition">$INFO[skin.string(menu51212.visible)]</property>
	<property name="name">menu51212</property>
	<property name="id">$INFO[skin.string(menu51212.master)]</property>
	<onclick condition="Window.IsVisible(6000)">SetFocus(5000)</onclick>
	<onclick condition="Window.IsVisible(Home)">Dialog.Close(6512)</onclick>
	<onclick condition="Window.IsVisible(Home)">Skin.SetString(submenu_action,$VAR[value_menu51212.action])</onclick>
	<visible>![IsEmpty(skin.string(menu51212.master)) | SubString(skin.string(menu51212.visible),off)] | Window.IsVisible(6000)</visible>
	</item>
	<item>
	<label fallback="31014">$VAR[value_menu51213.label]</label>
	<property name="condition">$INFO[skin.string(menu51213.visible)]</property>
	<property name="name">menu51213</property>
	<property name="id">$INFO[skin.string(menu51213.master)]</property>
	<onclick condition="Window.IsVisible(6000)">SetFocus(5000)</onclick>
	<onclick condition="Window.IsVisible(Home)">Dialog.Close(6512)</onclick>
	<onclick condition="Window.IsVisible(Home)">Skin.SetString(submenu_action,$VAR[value_menu51213.action])</onclick>
	<visible>![IsEmpty(skin.string(menu51213.master)) | SubString(skin.string(menu51213.visible),off)] | Window.IsVisible(6000)</visible>
	</item>
	<item>
	<label fallback="31014">$VAR[value_menu51214.label]</label>
	<property name="condition">$INFO[skin.string(menu51214.visible)]</property>
	<property name="name">menu51214</property>
	<property name="id">$INFO[skin.string(menu51214.master)]</property>
	<onclick condition="Window.IsVisible(6000)">SetFocus(5000)</onclick>
	<onclick condition="Window.IsVisible(Home)">Dialog.Close(6512)</onclick>
	<onclick condition="Window.IsVisible(Home)">Skin.SetString(submenu_action,$VAR[value_menu51214.action])</onclick>
	<visible>![IsEmpty(skin.string(menu51214.master)) | SubString(skin.string(menu51214.visible),off)] | Window.IsVisible(6000)</visible>
	</item>
	<item>
	<label fallback="31014">$VAR[value_menu51215.label]</label>
	<property name="condition">$INFO[skin.string(menu51215.visible)]</property>
	<property name="name">menu51215</property>
	<property name="id">$INFO[skin.string(menu51215.master)]</property>
	<onclick condition="Window.IsVisible(6000)">SetFocus(5000)</onclick>
	<onclick condition="Window.IsVisible(Home)">Dialog.Close(6512)</onclick>
	<onclick condition="Window.IsVisible(Home)">Skin.SetString(submenu_action,$VAR[value_menu51215.action])</onclick>
	<visible>![IsEmpty(skin.string(menu51215.master)) | SubString(skin.string(menu51215.visible),off)] | Window.IsVisible(6000)</visible>
	</item>
	</content>
	</control>
	<include condition="Window.IsVisible(6000)">Glass</include>
	</control>
	</control>
	</controls>
</window>