<?xml version="1.0" encoding="UTF-8"?>
<window id="6074" type="dialog"><!-- Aeon MQ 6 --><!-- Customizar menu -->
	<defaultcontrol>-</defaultcontrol>
	<include>SubMenuCommon</include>
	<controls>
	<control type="group">
	<include condition="Window.IsVisible(6000)">MenuCustom</include>
	<control type="group"><!-- default group -->
	<include>Animation_SubMenu</include>
	<include condition="Window.IsVisible(6000)">SubmenuGoTo</include>
	<include condition="Window.IsVisible(Home)">SubMenuDefault</include>
	<control type="panel" id="9000">
	<include condition="Window.IsVisible(6000)">SubmenuVList</include>
	<include condition="Window.IsVisible(Home)">SubmenuHList</include>
	<content>
	<item>
	<label fallback="31014">$VAR[value_menu7401.label]</label>
	<property name="condition">$INFO[skin.string(menu7401.visible)]</property>
	<property name="name">menu7401</property>
	<property name="id">$INFO[skin.string(menu7401.master)]</property>
	<onclick condition="Window.IsVisible(6000)">SetFocus(5000)</onclick>
	<onclick condition="Window.IsVisible(Home)">Dialog.Close(6074)</onclick>
	<onclick condition="Window.IsVisible(Home)">Skin.SetString(submenu_action,$VAR[value_menu7401.action])</onclick>
	<visible>![IsEmpty(skin.string(menu7401.master)) | SubString(skin.string(menu7401.visible),off)] | Window.IsVisible(6000)</visible>
	</item>
	<item>
	<label fallback="31014">$VAR[value_menu7402.label]</label>
	<property name="condition">$INFO[skin.string(menu7402.visible)]</property>
	<property name="name">menu7402</property>
	<property name="id">$INFO[skin.string(menu7402.master)]</property>
	<onclick condition="Window.IsVisible(6000)">SetFocus(5000)</onclick>
	<onclick condition="Window.IsVisible(Home)">Dialog.Close(6074)</onclick>
	<onclick condition="Window.IsVisible(Home)">Skin.SetString(submenu_action,$VAR[value_menu7402.action])</onclick>
	<visible>![IsEmpty(skin.string(menu7402.master)) | SubString(skin.string(menu7402.visible),off)] | Window.IsVisible(6000)</visible>
	</item>
	<item>
	<label fallback="31014">$VAR[value_menu7403.label]</label>
	<property name="condition">$INFO[skin.string(menu7403.visible)]</property>
	<property name="name">menu7403</property>
	<property name="id">$INFO[skin.string(menu7403.master)]</property>
	<onclick condition="Window.IsVisible(6000)">SetFocus(5000)</onclick>
	<onclick condition="Window.IsVisible(Home)">Dialog.Close(6074)</onclick>
	<onclick condition="Window.IsVisible(Home)">Skin.SetString(submenu_action,$VAR[value_menu7403.action])</onclick>
	<visible>![IsEmpty(skin.string(menu7403.master)) | SubString(skin.string(menu7403.visible),off)] | Window.IsVisible(6000)</visible>
	</item>
	<item>
	<label fallback="31014">$VAR[value_menu7404.label]</label>
	<property name="condition">$INFO[skin.string(menu7404.visible)]</property>
	<property name="name">menu7404</property>
	<property name="id">$INFO[skin.string(menu7404.master)]</property>
	<onclick condition="Window.IsVisible(6000)">SetFocus(5000)</onclick>
	<onclick condition="Window.IsVisible(Home)">Dialog.Close(6074)</onclick>
	<onclick condition="Window.IsVisible(Home)">Skin.SetString(submenu_action,$VAR[value_menu7404.action])</onclick>
	<visible>![IsEmpty(skin.string(menu7404.master)) | SubString(skin.string(menu7404.visible),off)] | Window.IsVisible(6000)</visible>
	</item>
	<item>
	<label fallback="31014">$VAR[value_menu7405.label]</label>
	<property name="condition">$INFO[skin.string(menu7405.visible)]</property>
	<property name="name">menu7405</property>
	<property name="id">$INFO[skin.string(menu7405.master)]</property>
	<onclick condition="Window.IsVisible(6000)">SetFocus(5000)</onclick>
	<onclick condition="Window.IsVisible(Home)">Dialog.Close(6074)</onclick>
	<onclick condition="Window.IsVisible(Home)">Skin.SetString(submenu_action,$VAR[value_menu7405.action])</onclick>
	<visible>![IsEmpty(skin.string(menu7405.master)) | SubString(skin.string(menu7405.visible),off)] | Window.IsVisible(6000)</visible>
	</item>
	<item>
	<label fallback="31014">$VAR[value_menu7406.label]</label>
	<property name="condition">$INFO[skin.string(menu7406.visible)]</property>
	<property name="name">menu7406</property>
	<property name="id">$INFO[skin.string(menu7406.master)]</property>
	<onclick condition="Window.IsVisible(6000)">SetFocus(5000)</onclick>
	<onclick condition="Window.IsVisible(Home)">Dialog.Close(6074)</onclick>
	<onclick condition="Window.IsVisible(Home)">Skin.SetString(submenu_action,$VAR[value_menu7406.action])</onclick>
	<visible>![IsEmpty(skin.string(menu7406.master)) | SubString(skin.string(menu7406.visible),off)] | Window.IsVisible(6000)</visible>
	</item>
	<item>
	<label fallback="31014">$VAR[value_menu7407.label]</label>
	<property name="condition">$INFO[skin.string(menu7407.visible)]</property>
	<property name="name">menu7407</property>
	<property name="id">$INFO[skin.string(menu7407.master)]</property>
	<onclick condition="Window.IsVisible(6000)">SetFocus(5000)</onclick>
	<onclick condition="Window.IsVisible(Home)">Dialog.Close(6074)</onclick>
	<onclick condition="Window.IsVisible(Home)">Skin.SetString(submenu_action,$VAR[value_menu7407.action])</onclick>
	<visible>![IsEmpty(skin.string(menu7407.master)) | SubString(skin.string(menu7407.visible),off)] | Window.IsVisible(6000)</visible>
	</item>
	<item>
	<label fallback="31014">$VAR[value_menu7408.label]</label>
	<property name="condition">$INFO[skin.string(menu7408.visible)]</property>
	<property name="name">menu7408</property>
	<property name="id">$INFO[skin.string(menu7408.master)]</property>
	<onclick condition="Window.IsVisible(6000)">SetFocus(5000)</onclick>
	<onclick condition="Window.IsVisible(Home)">Dialog.Close(6074)</onclick>
	<onclick condition="Window.IsVisible(Home)">Skin.SetString(submenu_action,$VAR[value_menu7408.action])</onclick>
	<visible>![IsEmpty(skin.string(menu7408.master)) | SubString(skin.string(menu7408.visible),off)] | Window.IsVisible(6000)</visible>
	</item>
	<item>
	<label fallback="31014">$VAR[value_menu7409.label]</label>
	<property name="condition">$INFO[skin.string(menu7409.visible)]</property>
	<property name="name">menu7409</property>
	<property name="id">$INFO[skin.string(menu7409.master)]</property>
	<onclick condition="Window.IsVisible(6000)">SetFocus(5000)</onclick>
	<onclick condition="Window.IsVisible(Home)">Dialog.Close(6074)</onclick>
	<onclick condition="Window.IsVisible(Home)">Skin.SetString(submenu_action,$VAR[value_menu7409.action])</onclick>
	<visible>![IsEmpty(skin.string(menu7409.master)) | SubString(skin.string(menu7409.visible),off)] | Window.IsVisible(6000)</visible>
	</item>
	<item>
	<label fallback="31014">$VAR[value_menu7410.label]</label>
	<property name="condition">$INFO[skin.string(menu7410.visible)]</property>
	<property name="name">menu7410</property>
	<property name="id">$INFO[skin.string(menu7410.master)]</property>
	<onclick condition="Window.IsVisible(6000)">SetFocus(5000)</onclick>
	<onclick condition="Window.IsVisible(Home)">Dialog.Close(6074)</onclick>
	<onclick condition="Window.IsVisible(Home)">Skin.SetString(submenu_action,$VAR[value_menu7410.action])</onclick>
	<visible>![IsEmpty(skin.string(menu7410.master)) | SubString(skin.string(menu7410.visible),off)] | Window.IsVisible(6000)</visible>
	</item>
	</content>
	</control>
	<include condition="Window.IsVisible(6000)">Glass</include>
	</control>
	</control>
	</controls>
</window>