<?xml version="1.0" encoding="UTF-8"?>
<window id="6210" type="dialog"><!-- Aeon MQ 6 --><!-- A-Playlist 10 -->
	<defaultcontrol>-</defaultcontrol>
	<include>SubMenuCommon</include>
	<controls>
	<control type="group">
	<include condition="Window.IsVisible(6000)">MenuCustom</include>
	<control type="group"><!-- default group -->
	<include>Animation_SubMenu</include>
	<include condition="Window.IsVisible(6000)">SubmenuGoTo</include>
	<include condition="Window.IsVisible(Home)">SubMenuDefault</include>
	<control type="panel" id="9000">
	<include condition="Window.IsVisible(6000)">SubmenuVList</include>
	<include condition="Window.IsVisible(Home)">SubmenuHList</include>
	<content>
	<item>
	<label fallback="31014">$VAR[value_menu21001.label]</label>
	<property name="condition">$INFO[skin.string(menu21001.visible)]</property>
	<property name="name">menu21001</property>
	<property name="id">$INFO[skin.string(menu21001.master)]</property>
	<onclick condition="Window.IsVisible(6000)">SetFocus(5000)</onclick>
	<onclick condition="Window.IsVisible(Home)">Dialog.Close(6210)</onclick>
	<onclick condition="Window.IsVisible(Home)">Skin.SetString(submenu_action,$VAR[value_menu21001.action])</onclick>
	<visible>![IsEmpty(skin.string(menu21001.master)) | SubString(skin.string(menu21001.visible),off)] | Window.IsVisible(6000)</visible>
	</item>
	<item>
	<label fallback="31014">$VAR[value_menu21002.label]</label>
	<property name="condition">$INFO[skin.string(menu21002.visible)]</property>
	<property name="name">menu21002</property>
	<property name="id">$INFO[skin.string(menu21002.master)]</property>
	<onclick condition="Window.IsVisible(6000)">SetFocus(5000)</onclick>
	<onclick condition="Window.IsVisible(Home)">Dialog.Close(6210)</onclick>
	<onclick condition="Window.IsVisible(Home)">Skin.SetString(submenu_action,$VAR[value_menu21002.action])</onclick>
	<visible>![IsEmpty(skin.string(menu21002.master)) | SubString(skin.string(menu21002.visible),off)] | Window.IsVisible(6000)</visible>
	</item>
	<item>
	<label fallback="31014">$VAR[value_menu21003.label]</label>
	<property name="condition">$INFO[skin.string(menu21003.visible)]</property>
	<property name="name">menu21003</property>
	<property name="id">$INFO[skin.string(menu21003.master)]</property>
	<onclick condition="Window.IsVisible(6000)">SetFocus(5000)</onclick>
	<onclick condition="Window.IsVisible(Home)">Dialog.Close(6210)</onclick>
	<onclick condition="Window.IsVisible(Home)">Skin.SetString(submenu_action,$VAR[value_menu21003.action])</onclick>
	<visible>![IsEmpty(skin.string(menu21003.master)) | SubString(skin.string(menu21003.visible),off)] | Window.IsVisible(6000)</visible>
	</item>
	<item>
	<label fallback="31014">$VAR[value_menu21004.label]</label>
	<property name="condition">$INFO[skin.string(menu21004.visible)]</property>
	<property name="name">menu21004</property>
	<property name="id">$INFO[skin.string(menu21004.master)]</property>
	<onclick condition="Window.IsVisible(6000)">SetFocus(5000)</onclick>
	<onclick condition="Window.IsVisible(Home)">Dialog.Close(6210)</onclick>
	<onclick condition="Window.IsVisible(Home)">Skin.SetString(submenu_action,$VAR[value_menu21004.action])</onclick>
	<visible>![IsEmpty(skin.string(menu21004.master)) | SubString(skin.string(menu21004.visible),off)] | Window.IsVisible(6000)</visible>
	</item>
	<item>
	<label fallback="31014">$VAR[value_menu21005.label]</label>
	<property name="condition">$INFO[skin.string(menu21005.visible)]</property>
	<property name="name">menu21005</property>
	<property name="id">$INFO[skin.string(menu21005.master)]</property>
	<onclick condition="Window.IsVisible(6000)">SetFocus(5000)</onclick>
	<onclick condition="Window.IsVisible(Home)">Dialog.Close(6210)</onclick>
	<onclick condition="Window.IsVisible(Home)">Skin.SetString(submenu_action,$VAR[value_menu21005.action])</onclick>
	<visible>![IsEmpty(skin.string(menu21005.master)) | SubString(skin.string(menu21005.visible),off)] | Window.IsVisible(6000)</visible>
	</item>
	<item>
	<label fallback="31014">$VAR[value_menu21006.label]</label>
	<property name="condition">$INFO[skin.string(menu21006.visible)]</property>
	<property name="name">menu21006</property>
	<property name="id">$INFO[skin.string(menu21006.master)]</property>
	<onclick condition="Window.IsVisible(6000)">SetFocus(5000)</onclick>
	<onclick condition="Window.IsVisible(Home)">Dialog.Close(6210)</onclick>
	<onclick condition="Window.IsVisible(Home)">Skin.SetString(submenu_action,$VAR[value_menu21006.action])</onclick>
	<visible>![IsEmpty(skin.string(menu21006.master)) | SubString(skin.string(menu21006.visible),off)] | Window.IsVisible(6000)</visible>
	</item>
	<item>
	<label fallback="31014">$VAR[value_menu21007.label]</label>
	<property name="condition">$INFO[skin.string(menu21007.visible)]</property>
	<property name="name">menu21007</property>
	<property name="id">$INFO[skin.string(menu21007.master)]</property>
	<onclick condition="Window.IsVisible(6000)">SetFocus(5000)</onclick>
	<onclick condition="Window.IsVisible(Home)">Dialog.Close(6210)</onclick>
	<onclick condition="Window.IsVisible(Home)">Skin.SetString(submenu_action,$VAR[value_menu21007.action])</onclick>
	<visible>![IsEmpty(skin.string(menu21007.master)) | SubString(skin.string(menu21007.visible),off)] | Window.IsVisible(6000)</visible>
	</item>
	<item>
	<label fallback="31014">$VAR[value_menu21008.label]</label>
	<property name="condition">$INFO[skin.string(menu21008.visible)]</property>
	<property name="name">menu21008</property>
	<property name="id">$INFO[skin.string(menu21008.master)]</property>
	<onclick condition="Window.IsVisible(6000)">SetFocus(5000)</onclick>
	<onclick condition="Window.IsVisible(Home)">Dialog.Close(6210)</onclick>
	<onclick condition="Window.IsVisible(Home)">Skin.SetString(submenu_action,$VAR[value_menu21008.action])</onclick>
	<visible>![IsEmpty(skin.string(menu21008.master)) | SubString(skin.string(menu21008.visible),off)] | Window.IsVisible(6000)</visible>
	</item>
	<item>
	<label fallback="31014">$VAR[value_menu21009.label]</label>
	<property name="condition">$INFO[skin.string(menu21009.visible)]</property>
	<property name="name">menu21009</property>
	<property name="id">$INFO[skin.string(menu21009.master)]</property>
	<onclick condition="Window.IsVisible(6000)">SetFocus(5000)</onclick>
	<onclick condition="Window.IsVisible(Home)">Dialog.Close(6210)</onclick>
	<onclick condition="Window.IsVisible(Home)">Skin.SetString(submenu_action,$VAR[value_menu21009.action])</onclick>
	<visible>![IsEmpty(skin.string(menu21009.master)) | SubString(skin.string(menu21009.visible),off)] | Window.IsVisible(6000)</visible>
	</item>
	<item>
	<label fallback="31014">$VAR[value_menu21010.label]</label>
	<property name="condition">$INFO[skin.string(menu21010.visible)]</property>
	<property name="name">menu21010</property>
	<property name="id">$INFO[skin.string(menu21010.master)]</property>
	<onclick condition="Window.IsVisible(6000)">SetFocus(5000)</onclick>
	<onclick condition="Window.IsVisible(Home)">Dialog.Close(6210)</onclick>
	<onclick condition="Window.IsVisible(Home)">Skin.SetString(submenu_action,$VAR[value_menu21010.action])</onclick>
	<visible>![IsEmpty(skin.string(menu21010.master)) | SubString(skin.string(menu21010.visible),off)] | Window.IsVisible(6000)</visible>
	</item>
	<item>
	<label fallback="31014">$VAR[value_menu21011.label]</label>
	<property name="condition">$INFO[skin.string(menu21011.visible)]</property>
	<property name="name">menu21011</property>
	<property name="id">$INFO[skin.string(menu21011.master)]</property>
	<onclick condition="Window.IsVisible(6000)">SetFocus(5000)</onclick>
	<onclick condition="Window.IsVisible(Home)">Dialog.Close(6210)</onclick>
	<onclick condition="Window.IsVisible(Home)">Skin.SetString(submenu_action,$VAR[value_menu21011.action])</onclick>
	<visible>![IsEmpty(skin.string(menu21011.master)) | SubString(skin.string(menu21011.visible),off)] | Window.IsVisible(6000)</visible>
	</item>
	<item>
	<label fallback="31014">$VAR[value_menu21012.label]</label>
	<property name="condition">$INFO[skin.string(menu21012.visible)]</property>
	<property name="name">menu21012</property>
	<property name="id">$INFO[skin.string(menu21012.master)]</property>
	<onclick condition="Window.IsVisible(6000)">SetFocus(5000)</onclick>
	<onclick condition="Window.IsVisible(Home)">Dialog.Close(6210)</onclick>
	<onclick condition="Window.IsVisible(Home)">Skin.SetString(submenu_action,$VAR[value_menu21012.action])</onclick>
	<visible>![IsEmpty(skin.string(menu21012.master)) | SubString(skin.string(menu21012.visible),off)] | Window.IsVisible(6000)</visible>
	</item>
	<item>
	<label fallback="31014">$VAR[value_menu21013.label]</label>
	<property name="condition">$INFO[skin.string(menu21013.visible)]</property>
	<property name="name">menu21013</property>
	<property name="id">$INFO[skin.string(menu21013.master)]</property>
	<onclick condition="Window.IsVisible(6000)">SetFocus(5000)</onclick>
	<onclick condition="Window.IsVisible(Home)">Dialog.Close(6210)</onclick>
	<onclick condition="Window.IsVisible(Home)">Skin.SetString(submenu_action,$VAR[value_menu21013.action])</onclick>
	<visible>![IsEmpty(skin.string(menu21013.master)) | SubString(skin.string(menu21013.visible),off)] | Window.IsVisible(6000)</visible>
	</item>
	<item>
	<label fallback="31014">$VAR[value_menu21014.label]</label>
	<property name="condition">$INFO[skin.string(menu21014.visible)]</property>
	<property name="name">menu21014</property>
	<property name="id">$INFO[skin.string(menu21014.master)]</property>
	<onclick condition="Window.IsVisible(6000)">SetFocus(5000)</onclick>
	<onclick condition="Window.IsVisible(Home)">Dialog.Close(6210)</onclick>
	<onclick condition="Window.IsVisible(Home)">Skin.SetString(submenu_action,$VAR[value_menu21014.action])</onclick>
	<visible>![IsEmpty(skin.string(menu21014.master)) | SubString(skin.string(menu21014.visible),off)] | Window.IsVisible(6000)</visible>
	</item>
	<item>
	<label fallback="31014">$VAR[value_menu21015.label]</label>
	<property name="condition">$INFO[skin.string(menu21015.visible)]</property>
	<property name="name">menu21015</property>
	<property name="id">$INFO[skin.string(menu21015.master)]</property>
	<onclick condition="Window.IsVisible(6000)">SetFocus(5000)</onclick>
	<onclick condition="Window.IsVisible(Home)">Dialog.Close(6210)</onclick>
	<onclick condition="Window.IsVisible(Home)">Skin.SetString(submenu_action,$VAR[value_menu21015.action])</onclick>
	<visible>![IsEmpty(skin.string(menu21015.master)) | SubString(skin.string(menu21015.visible),off)] | Window.IsVisible(6000)</visible>
	</item>
	</content>
	</control>
	<include condition="Window.IsVisible(6000)">Glass</include>
	</control>
	</control>
	</controls>
</window>