<?xml version="1.0" encoding="UTF-8"?>
<window id="6219" type="dialog"><!-- Aeon MQ 6 --><!-- A-Playlist 19 -->
	<defaultcontrol>-</defaultcontrol>
	<include>SubMenuCommon</include>
	<controls>
	<control type="group">
	<include condition="Window.IsVisible(6000)">MenuCustom</include>
	<control type="group"><!-- default group -->
	<include>Animation_SubMenu</include>
	<include condition="Window.IsVisible(6000)">SubmenuGoTo</include>
	<include condition="Window.IsVisible(Home)">SubMenuDefault</include>
	<control type="panel" id="9000">
	<include condition="Window.IsVisible(6000)">SubmenuVList</include>
	<include condition="Window.IsVisible(Home)">SubmenuHList</include>
	<content>
	<item>
	<label fallback="31014">$VAR[value_menu21901.label]</label>
	<property name="condition">$INFO[skin.string(menu21901.visible)]</property>
	<property name="name">menu21901</property>
	<property name="id">$INFO[skin.string(menu21901.master)]</property>
	<onclick condition="Window.IsVisible(6000)">SetFocus(5000)</onclick>
	<onclick condition="Window.IsVisible(Home)">Dialog.Close(6219)</onclick>
	<onclick condition="Window.IsVisible(Home)">Skin.SetString(submenu_action,$VAR[value_menu21901.action])</onclick>
	<visible>![IsEmpty(skin.string(menu21901.master)) | SubString(skin.string(menu21901.visible),off)] | Window.IsVisible(6000)</visible>
	</item>
	<item>
	<label fallback="31014">$VAR[value_menu21902.label]</label>
	<property name="condition">$INFO[skin.string(menu21902.visible)]</property>
	<property name="name">menu21902</property>
	<property name="id">$INFO[skin.string(menu21902.master)]</property>
	<onclick condition="Window.IsVisible(6000)">SetFocus(5000)</onclick>
	<onclick condition="Window.IsVisible(Home)">Dialog.Close(6219)</onclick>
	<onclick condition="Window.IsVisible(Home)">Skin.SetString(submenu_action,$VAR[value_menu21902.action])</onclick>
	<visible>![IsEmpty(skin.string(menu21902.master)) | SubString(skin.string(menu21902.visible),off)] | Window.IsVisible(6000)</visible>
	</item>
	<item>
	<label fallback="31014">$VAR[value_menu21903.label]</label>
	<property name="condition">$INFO[skin.string(menu21903.visible)]</property>
	<property name="name">menu21903</property>
	<property name="id">$INFO[skin.string(menu21903.master)]</property>
	<onclick condition="Window.IsVisible(6000)">SetFocus(5000)</onclick>
	<onclick condition="Window.IsVisible(Home)">Dialog.Close(6219)</onclick>
	<onclick condition="Window.IsVisible(Home)">Skin.SetString(submenu_action,$VAR[value_menu21903.action])</onclick>
	<visible>![IsEmpty(skin.string(menu21903.master)) | SubString(skin.string(menu21903.visible),off)] | Window.IsVisible(6000)</visible>
	</item>
	<item>
	<label fallback="31014">$VAR[value_menu21904.label]</label>
	<property name="condition">$INFO[skin.string(menu21904.visible)]</property>
	<property name="name">menu21904</property>
	<property name="id">$INFO[skin.string(menu21904.master)]</property>
	<onclick condition="Window.IsVisible(6000)">SetFocus(5000)</onclick>
	<onclick condition="Window.IsVisible(Home)">Dialog.Close(6219)</onclick>
	<onclick condition="Window.IsVisible(Home)">Skin.SetString(submenu_action,$VAR[value_menu21904.action])</onclick>
	<visible>![IsEmpty(skin.string(menu21904.master)) | SubString(skin.string(menu21904.visible),off)] | Window.IsVisible(6000)</visible>
	</item>
	<item>
	<label fallback="31014">$VAR[value_menu21905.label]</label>
	<property name="condition">$INFO[skin.string(menu21905.visible)]</property>
	<property name="name">menu21905</property>
	<property name="id">$INFO[skin.string(menu21905.master)]</property>
	<onclick condition="Window.IsVisible(6000)">SetFocus(5000)</onclick>
	<onclick condition="Window.IsVisible(Home)">Dialog.Close(6219)</onclick>
	<onclick condition="Window.IsVisible(Home)">Skin.SetString(submenu_action,$VAR[value_menu21905.action])</onclick>
	<visible>![IsEmpty(skin.string(menu21905.master)) | SubString(skin.string(menu21905.visible),off)] | Window.IsVisible(6000)</visible>
	</item>
	<item>
	<label fallback="31014">$VAR[value_menu21906.label]</label>
	<property name="condition">$INFO[skin.string(menu21906.visible)]</property>
	<property name="name">menu21906</property>
	<property name="id">$INFO[skin.string(menu21906.master)]</property>
	<onclick condition="Window.IsVisible(6000)">SetFocus(5000)</onclick>
	<onclick condition="Window.IsVisible(Home)">Dialog.Close(6219)</onclick>
	<onclick condition="Window.IsVisible(Home)">Skin.SetString(submenu_action,$VAR[value_menu21906.action])</onclick>
	<visible>![IsEmpty(skin.string(menu21906.master)) | SubString(skin.string(menu21906.visible),off)] | Window.IsVisible(6000)</visible>
	</item>
	<item>
	<label fallback="31014">$VAR[value_menu21907.label]</label>
	<property name="condition">$INFO[skin.string(menu21907.visible)]</property>
	<property name="name">menu21907</property>
	<property name="id">$INFO[skin.string(menu21907.master)]</property>
	<onclick condition="Window.IsVisible(6000)">SetFocus(5000)</onclick>
	<onclick condition="Window.IsVisible(Home)">Dialog.Close(6219)</onclick>
	<onclick condition="Window.IsVisible(Home)">Skin.SetString(submenu_action,$VAR[value_menu21907.action])</onclick>
	<visible>![IsEmpty(skin.string(menu21907.master)) | SubString(skin.string(menu21907.visible),off)] | Window.IsVisible(6000)</visible>
	</item>
	<item>
	<label fallback="31014">$VAR[value_menu21908.label]</label>
	<property name="condition">$INFO[skin.string(menu21908.visible)]</property>
	<property name="name">menu21908</property>
	<property name="id">$INFO[skin.string(menu21908.master)]</property>
	<onclick condition="Window.IsVisible(6000)">SetFocus(5000)</onclick>
	<onclick condition="Window.IsVisible(Home)">Dialog.Close(6219)</onclick>
	<onclick condition="Window.IsVisible(Home)">Skin.SetString(submenu_action,$VAR[value_menu21908.action])</onclick>
	<visible>![IsEmpty(skin.string(menu21908.master)) | SubString(skin.string(menu21908.visible),off)] | Window.IsVisible(6000)</visible>
	</item>
	<item>
	<label fallback="31014">$VAR[value_menu21909.label]</label>
	<property name="condition">$INFO[skin.string(menu21909.visible)]</property>
	<property name="name">menu21909</property>
	<property name="id">$INFO[skin.string(menu21909.master)]</property>
	<onclick condition="Window.IsVisible(6000)">SetFocus(5000)</onclick>
	<onclick condition="Window.IsVisible(Home)">Dialog.Close(6219)</onclick>
	<onclick condition="Window.IsVisible(Home)">Skin.SetString(submenu_action,$VAR[value_menu21909.action])</onclick>
	<visible>![IsEmpty(skin.string(menu21909.master)) | SubString(skin.string(menu21909.visible),off)] | Window.IsVisible(6000)</visible>
	</item>
	<item>
	<label fallback="31014">$VAR[value_menu21910.label]</label>
	<property name="condition">$INFO[skin.string(menu21910.visible)]</property>
	<property name="name">menu21910</property>
	<property name="id">$INFO[skin.string(menu21910.master)]</property>
	<onclick condition="Window.IsVisible(6000)">SetFocus(5000)</onclick>
	<onclick condition="Window.IsVisible(Home)">Dialog.Close(6219)</onclick>
	<onclick condition="Window.IsVisible(Home)">Skin.SetString(submenu_action,$VAR[value_menu21910.action])</onclick>
	<visible>![IsEmpty(skin.string(menu21910.master)) | SubString(skin.string(menu21910.visible),off)] | Window.IsVisible(6000)</visible>
	</item>
	<item>
	<label fallback="31014">$VAR[value_menu21911.label]</label>
	<property name="condition">$INFO[skin.string(menu21911.visible)]</property>
	<property name="name">menu21911</property>
	<property name="id">$INFO[skin.string(menu21911.master)]</property>
	<onclick condition="Window.IsVisible(6000)">SetFocus(5000)</onclick>
	<onclick condition="Window.IsVisible(Home)">Dialog.Close(6219)</onclick>
	<onclick condition="Window.IsVisible(Home)">Skin.SetString(submenu_action,$VAR[value_menu21911.action])</onclick>
	<visible>![IsEmpty(skin.string(menu21911.master)) | SubString(skin.string(menu21911.visible),off)] | Window.IsVisible(6000)</visible>
	</item>
	<item>
	<label fallback="31014">$VAR[value_menu21912.label]</label>
	<property name="condition">$INFO[skin.string(menu21912.visible)]</property>
	<property name="name">menu21912</property>
	<property name="id">$INFO[skin.string(menu21912.master)]</property>
	<onclick condition="Window.IsVisible(6000)">SetFocus(5000)</onclick>
	<onclick condition="Window.IsVisible(Home)">Dialog.Close(6219)</onclick>
	<onclick condition="Window.IsVisible(Home)">Skin.SetString(submenu_action,$VAR[value_menu21912.action])</onclick>
	<visible>![IsEmpty(skin.string(menu21912.master)) | SubString(skin.string(menu21912.visible),off)] | Window.IsVisible(6000)</visible>
	</item>
	<item>
	<label fallback="31014">$VAR[value_menu21913.label]</label>
	<property name="condition">$INFO[skin.string(menu21913.visible)]</property>
	<property name="name">menu21913</property>
	<property name="id">$INFO[skin.string(menu21913.master)]</property>
	<onclick condition="Window.IsVisible(6000)">SetFocus(5000)</onclick>
	<onclick condition="Window.IsVisible(Home)">Dialog.Close(6219)</onclick>
	<onclick condition="Window.IsVisible(Home)">Skin.SetString(submenu_action,$VAR[value_menu21913.action])</onclick>
	<visible>![IsEmpty(skin.string(menu21913.master)) | SubString(skin.string(menu21913.visible),off)] | Window.IsVisible(6000)</visible>
	</item>
	<item>
	<label fallback="31014">$VAR[value_menu21914.label]</label>
	<property name="condition">$INFO[skin.string(menu21914.visible)]</property>
	<property name="name">menu21914</property>
	<property name="id">$INFO[skin.string(menu21914.master)]</property>
	<onclick condition="Window.IsVisible(6000)">SetFocus(5000)</onclick>
	<onclick condition="Window.IsVisible(Home)">Dialog.Close(6219)</onclick>
	<onclick condition="Window.IsVisible(Home)">Skin.SetString(submenu_action,$VAR[value_menu21914.action])</onclick>
	<visible>![IsEmpty(skin.string(menu21914.master)) | SubString(skin.string(menu21914.visible),off)] | Window.IsVisible(6000)</visible>
	</item>
	<item>
	<label fallback="31014">$VAR[value_menu21915.label]</label>
	<property name="condition">$INFO[skin.string(menu21915.visible)]</property>
	<property name="name">menu21915</property>
	<property name="id">$INFO[skin.string(menu21915.master)]</property>
	<onclick condition="Window.IsVisible(6000)">SetFocus(5000)</onclick>
	<onclick condition="Window.IsVisible(Home)">Dialog.Close(6219)</onclick>
	<onclick condition="Window.IsVisible(Home)">Skin.SetString(submenu_action,$VAR[value_menu21915.action])</onclick>
	<visible>![IsEmpty(skin.string(menu21915.master)) | SubString(skin.string(menu21915.visible),off)] | Window.IsVisible(6000)</visible>
	</item>
	</content>
	</control>
	<include condition="Window.IsVisible(6000)">Glass</include>
	</control>
	</control>
	</controls>
</window>