<?xml version="1.0" encoding="UTF-8"?>
<window id="6056" type="dialog"><!-- Aeon MQ 6 --><!-- Musica recem tocada -->
	<defaultcontrol>-</defaultcontrol>
	<include>SubMenuCommon</include>
	<controls>
	<control type="group">
	<include condition="Window.IsVisible(6000)">MenuCustom</include>
	<control type="group"><!-- default group -->
	<include>Animation_SubMenu</include>
	<include condition="Window.IsVisible(6000)">SubmenuGoTo</include>
	<include condition="Window.IsVisible(Home)">SubMenuDefault</include>
	<control type="panel" id="9000">
	<include condition="Window.IsVisible(6000)">SubmenuVList</include>
	<include condition="Window.IsVisible(Home)">SubmenuHList</include>
	<content>
	<item>
	<label fallback="31014">$VAR[value_menu5601.label]</label>
	<property name="condition">$INFO[skin.string(menu5601.visible)]</property>
	<property name="name">menu5601</property>
	<property name="id">$INFO[skin.string(menu5601.master)]</property>
	<onclick condition="Window.IsVisible(6000)">SetFocus(5000)</onclick>
	<onclick condition="Window.IsVisible(Home)">Dialog.Close(6056)</onclick>
	<onclick condition="Window.IsVisible(Home)">Skin.SetString(submenu_action,$VAR[value_menu5601.action])</onclick>
	<visible>![IsEmpty(skin.string(menu5601.master)) | SubString(skin.string(menu5601.visible),off)] | Window.IsVisible(6000)</visible>
	</item>
	<item>
	<label fallback="31014">$VAR[value_menu5602.label]</label>
	<property name="condition">$INFO[skin.string(menu5602.visible)]</property>
	<property name="name">menu5602</property>
	<property name="id">$INFO[skin.string(menu5602.master)]</property>
	<onclick condition="Window.IsVisible(6000)">SetFocus(5000)</onclick>
	<onclick condition="Window.IsVisible(Home)">Dialog.Close(6056)</onclick>
	<onclick condition="Window.IsVisible(Home)">Skin.SetString(submenu_action,$VAR[value_menu5602.action])</onclick>
	<visible>![IsEmpty(skin.string(menu5602.master)) | SubString(skin.string(menu5602.visible),off)] | Window.IsVisible(6000)</visible>
	</item>
	<item>
	<label fallback="31014">$VAR[value_menu5603.label]</label>
	<property name="condition">$INFO[skin.string(menu5603.visible)]</property>
	<property name="name">menu5603</property>
	<property name="id">$INFO[skin.string(menu5603.master)]</property>
	<onclick condition="Window.IsVisible(6000)">SetFocus(5000)</onclick>
	<onclick condition="Window.IsVisible(Home)">Dialog.Close(6056)</onclick>
	<onclick condition="Window.IsVisible(Home)">Skin.SetString(submenu_action,$VAR[value_menu5603.action])</onclick>
	<visible>![IsEmpty(skin.string(menu5603.master)) | SubString(skin.string(menu5603.visible),off)] | Window.IsVisible(6000)</visible>
	</item>
	<item>
	<label fallback="31014">$VAR[value_menu5604.label]</label>
	<property name="condition">$INFO[skin.string(menu5604.visible)]</property>
	<property name="name">menu5604</property>
	<property name="id">$INFO[skin.string(menu5604.master)]</property>
	<onclick condition="Window.IsVisible(6000)">SetFocus(5000)</onclick>
	<onclick condition="Window.IsVisible(Home)">Dialog.Close(6056)</onclick>
	<onclick condition="Window.IsVisible(Home)">Skin.SetString(submenu_action,$VAR[value_menu5604.action])</onclick>
	<visible>![IsEmpty(skin.string(menu5604.master)) | SubString(skin.string(menu5604.visible),off)] | Window.IsVisible(6000)</visible>
	</item>
	<item>
	<label fallback="31014">$VAR[value_menu5605.label]</label>
	<property name="condition">$INFO[skin.string(menu5605.visible)]</property>
	<property name="name">menu5605</property>
	<property name="id">$INFO[skin.string(menu5605.master)]</property>
	<onclick condition="Window.IsVisible(6000)">SetFocus(5000)</onclick>
	<onclick condition="Window.IsVisible(Home)">Dialog.Close(6056)</onclick>
	<onclick condition="Window.IsVisible(Home)">Skin.SetString(submenu_action,$VAR[value_menu5605.action])</onclick>
	<visible>![IsEmpty(skin.string(menu5605.master)) | SubString(skin.string(menu5605.visible),off)] | Window.IsVisible(6000)</visible>
	</item>
	<item>
	<label fallback="31014">$VAR[value_menu5606.label]</label>
	<property name="condition">$INFO[skin.string(menu5606.visible)]</property>
	<property name="name">menu5606</property>
	<property name="id">$INFO[skin.string(menu5606.master)]</property>
	<onclick condition="Window.IsVisible(6000)">SetFocus(5000)</onclick>
	<onclick condition="Window.IsVisible(Home)">Dialog.Close(6056)</onclick>
	<onclick condition="Window.IsVisible(Home)">Skin.SetString(submenu_action,$VAR[value_menu5606.action])</onclick>
	<visible>![IsEmpty(skin.string(menu5606.master)) | SubString(skin.string(menu5606.visible),off)] | Window.IsVisible(6000)</visible>
	</item>
	<item>
	<label fallback="31014">$VAR[value_menu5607.label]</label>
	<property name="condition">$INFO[skin.string(menu5607.visible)]</property>
	<property name="name">menu5607</property>
	<property name="id">$INFO[skin.string(menu5607.master)]</property>
	<onclick condition="Window.IsVisible(6000)">SetFocus(5000)</onclick>
	<onclick condition="Window.IsVisible(Home)">Dialog.Close(6056)</onclick>
	<onclick condition="Window.IsVisible(Home)">Skin.SetString(submenu_action,$VAR[value_menu5607.action])</onclick>
	<visible>![IsEmpty(skin.string(menu5607.master)) | SubString(skin.string(menu5607.visible),off)] | Window.IsVisible(6000)</visible>
	</item>
	<item>
	<label fallback="31014">$VAR[value_menu5608.label]</label>
	<property name="condition">$INFO[skin.string(menu5608.visible)]</property>
	<property name="name">menu5608</property>
	<property name="id">$INFO[skin.string(menu5608.master)]</property>
	<onclick condition="Window.IsVisible(6000)">SetFocus(5000)</onclick>
	<onclick condition="Window.IsVisible(Home)">Dialog.Close(6056)</onclick>
	<onclick condition="Window.IsVisible(Home)">Skin.SetString(submenu_action,$VAR[value_menu5608.action])</onclick>
	<visible>![IsEmpty(skin.string(menu5608.master)) | SubString(skin.string(menu5608.visible),off)] | Window.IsVisible(6000)</visible>
	</item>
	<item>
	<label fallback="31014">$VAR[value_menu5609.label]</label>
	<property name="condition">$INFO[skin.string(menu5609.visible)]</property>
	<property name="name">menu5609</property>
	<property name="id">$INFO[skin.string(menu5609.master)]</property>
	<onclick condition="Window.IsVisible(6000)">SetFocus(5000)</onclick>
	<onclick condition="Window.IsVisible(Home)">Dialog.Close(6056)</onclick>
	<onclick condition="Window.IsVisible(Home)">Skin.SetString(submenu_action,$VAR[value_menu5609.action])</onclick>
	<visible>![IsEmpty(skin.string(menu5609.master)) | SubString(skin.string(menu5609.visible),off)] | Window.IsVisible(6000)</visible>
	</item>
	<item>
	<label fallback="31014">$VAR[value_menu5610.label]</label>
	<property name="condition">$INFO[skin.string(menu5610.visible)]</property>
	<property name="name">menu5610</property>
	<property name="id">$INFO[skin.string(menu5610.master)]</property>
	<onclick condition="Window.IsVisible(6000)">SetFocus(5000)</onclick>
	<onclick condition="Window.IsVisible(Home)">Dialog.Close(6056)</onclick>
	<onclick condition="Window.IsVisible(Home)">Skin.SetString(submenu_action,$VAR[value_menu5610.action])</onclick>
	<visible>![IsEmpty(skin.string(menu5610.master)) | SubString(skin.string(menu5610.visible),off)] | Window.IsVisible(6000)</visible>
	</item>
	</content>
	</control>
	<include condition="Window.IsVisible(6000)">Glass</include>
	</control>
	</control>
	</controls>
</window>