<?xml version="1.0" encoding="UTF-8"?>
<window id="6111" type="dialog"><!-- Aeon MQ 6 --><!-- V-Playlist 11 -->
	<defaultcontrol>-</defaultcontrol>
	<include>SubMenuCommon</include>
	<controls>
	<control type="group">
	<include condition="Window.IsVisible(6000)">MenuCustom</include>
	<control type="group"><!-- default group -->
	<include>Animation_SubMenu</include>
	<include condition="Window.IsVisible(6000)">SubmenuGoTo</include>
	<include condition="Window.IsVisible(Home)">SubMenuDefault</include>
	<control type="panel" id="9000">
	<include condition="Window.IsVisible(6000)">SubmenuVList</include>
	<include condition="Window.IsVisible(Home)">SubmenuHList</include>
	<content>
	<item>
	<label fallback="31014">$VAR[value_menu11101.label]</label>
	<property name="condition">$INFO[skin.string(menu11101.visible)]</property>
	<property name="name">menu11101</property>
	<property name="id">$INFO[skin.string(menu11101.master)]</property>
	<onclick condition="Window.IsVisible(6000)">SetFocus(5000)</onclick>
	<onclick condition="Window.IsVisible(Home)">Dialog.Close(6111)</onclick>
	<onclick condition="Window.IsVisible(Home)">Skin.SetString(submenu_action,$VAR[value_menu11101.action])</onclick>
	<visible>![IsEmpty(skin.string(menu11101.master)) | SubString(skin.string(menu11101.visible),off)] | Window.IsVisible(6000)</visible>
	</item>
	<item>
	<label fallback="31014">$VAR[value_menu11102.label]</label>
	<property name="condition">$INFO[skin.string(menu11102.visible)]</property>
	<property name="name">menu11102</property>
	<property name="id">$INFO[skin.string(menu11102.master)]</property>
	<onclick condition="Window.IsVisible(6000)">SetFocus(5000)</onclick>
	<onclick condition="Window.IsVisible(Home)">Dialog.Close(6111)</onclick>
	<onclick condition="Window.IsVisible(Home)">Skin.SetString(submenu_action,$VAR[value_menu11102.action])</onclick>
	<visible>![IsEmpty(skin.string(menu11102.master)) | SubString(skin.string(menu11102.visible),off)] | Window.IsVisible(6000)</visible>
	</item>
	<item>
	<label fallback="31014">$VAR[value_menu11103.label]</label>
	<property name="condition">$INFO[skin.string(menu11103.visible)]</property>
	<property name="name">menu11103</property>
	<property name="id">$INFO[skin.string(menu11103.master)]</property>
	<onclick condition="Window.IsVisible(6000)">SetFocus(5000)</onclick>
	<onclick condition="Window.IsVisible(Home)">Dialog.Close(6111)</onclick>
	<onclick condition="Window.IsVisible(Home)">Skin.SetString(submenu_action,$VAR[value_menu11103.action])</onclick>
	<visible>![IsEmpty(skin.string(menu11103.master)) | SubString(skin.string(menu11103.visible),off)] | Window.IsVisible(6000)</visible>
	</item>
	<item>
	<label fallback="31014">$VAR[value_menu11104.label]</label>
	<property name="condition">$INFO[skin.string(menu11104.visible)]</property>
	<property name="name">menu11104</property>
	<property name="id">$INFO[skin.string(menu11104.master)]</property>
	<onclick condition="Window.IsVisible(6000)">SetFocus(5000)</onclick>
	<onclick condition="Window.IsVisible(Home)">Dialog.Close(6111)</onclick>
	<onclick condition="Window.IsVisible(Home)">Skin.SetString(submenu_action,$VAR[value_menu11104.action])</onclick>
	<visible>![IsEmpty(skin.string(menu11104.master)) | SubString(skin.string(menu11104.visible),off)] | Window.IsVisible(6000)</visible>
	</item>
	<item>
	<label fallback="31014">$VAR[value_menu11105.label]</label>
	<property name="condition">$INFO[skin.string(menu11105.visible)]</property>
	<property name="name">menu11105</property>
	<property name="id">$INFO[skin.string(menu11105.master)]</property>
	<onclick condition="Window.IsVisible(6000)">SetFocus(5000)</onclick>
	<onclick condition="Window.IsVisible(Home)">Dialog.Close(6111)</onclick>
	<onclick condition="Window.IsVisible(Home)">Skin.SetString(submenu_action,$VAR[value_menu11105.action])</onclick>
	<visible>![IsEmpty(skin.string(menu11105.master)) | SubString(skin.string(menu11105.visible),off)] | Window.IsVisible(6000)</visible>
	</item>
	<item>
	<label fallback="31014">$VAR[value_menu11106.label]</label>
	<property name="condition">$INFO[skin.string(menu11106.visible)]</property>
	<property name="name">menu11106</property>
	<property name="id">$INFO[skin.string(menu11106.master)]</property>
	<onclick condition="Window.IsVisible(6000)">SetFocus(5000)</onclick>
	<onclick condition="Window.IsVisible(Home)">Dialog.Close(6111)</onclick>
	<onclick condition="Window.IsVisible(Home)">Skin.SetString(submenu_action,$VAR[value_menu11106.action])</onclick>
	<visible>![IsEmpty(skin.string(menu11106.master)) | SubString(skin.string(menu11106.visible),off)] | Window.IsVisible(6000)</visible>
	</item>
	<item>
	<label fallback="31014">$VAR[value_menu11107.label]</label>
	<property name="condition">$INFO[skin.string(menu11107.visible)]</property>
	<property name="name">menu11107</property>
	<property name="id">$INFO[skin.string(menu11107.master)]</property>
	<onclick condition="Window.IsVisible(6000)">SetFocus(5000)</onclick>
	<onclick condition="Window.IsVisible(Home)">Dialog.Close(6111)</onclick>
	<onclick condition="Window.IsVisible(Home)">Skin.SetString(submenu_action,$VAR[value_menu11107.action])</onclick>
	<visible>![IsEmpty(skin.string(menu11107.master)) | SubString(skin.string(menu11107.visible),off)] | Window.IsVisible(6000)</visible>
	</item>
	<item>
	<label fallback="31014">$VAR[value_menu11108.label]</label>
	<property name="condition">$INFO[skin.string(menu11108.visible)]</property>
	<property name="name">menu11108</property>
	<property name="id">$INFO[skin.string(menu11108.master)]</property>
	<onclick condition="Window.IsVisible(6000)">SetFocus(5000)</onclick>
	<onclick condition="Window.IsVisible(Home)">Dialog.Close(6111)</onclick>
	<onclick condition="Window.IsVisible(Home)">Skin.SetString(submenu_action,$VAR[value_menu11108.action])</onclick>
	<visible>![IsEmpty(skin.string(menu11108.master)) | SubString(skin.string(menu11108.visible),off)] | Window.IsVisible(6000)</visible>
	</item>
	<item>
	<label fallback="31014">$VAR[value_menu11109.label]</label>
	<property name="condition">$INFO[skin.string(menu11109.visible)]</property>
	<property name="name">menu11109</property>
	<property name="id">$INFO[skin.string(menu11109.master)]</property>
	<onclick condition="Window.IsVisible(6000)">SetFocus(5000)</onclick>
	<onclick condition="Window.IsVisible(Home)">Dialog.Close(6111)</onclick>
	<onclick condition="Window.IsVisible(Home)">Skin.SetString(submenu_action,$VAR[value_menu11109.action])</onclick>
	<visible>![IsEmpty(skin.string(menu11109.master)) | SubString(skin.string(menu11109.visible),off)] | Window.IsVisible(6000)</visible>
	</item>
	<item>
	<label fallback="31014">$VAR[value_menu11110.label]</label>
	<property name="condition">$INFO[skin.string(menu11110.visible)]</property>
	<property name="name">menu11110</property>
	<property name="id">$INFO[skin.string(menu11110.master)]</property>
	<onclick condition="Window.IsVisible(6000)">SetFocus(5000)</onclick>
	<onclick condition="Window.IsVisible(Home)">Dialog.Close(6111)</onclick>
	<onclick condition="Window.IsVisible(Home)">Skin.SetString(submenu_action,$VAR[value_menu11110.action])</onclick>
	<visible>![IsEmpty(skin.string(menu11110.master)) | SubString(skin.string(menu11110.visible),off)] | Window.IsVisible(6000)</visible>
	</item>
	<item>
	<label fallback="31014">$VAR[value_menu11111.label]</label>
	<property name="condition">$INFO[skin.string(menu11111.visible)]</property>
	<property name="name">menu11111</property>
	<property name="id">$INFO[skin.string(menu11111.master)]</property>
	<onclick condition="Window.IsVisible(6000)">SetFocus(5000)</onclick>
	<onclick condition="Window.IsVisible(Home)">Dialog.Close(6111)</onclick>
	<onclick condition="Window.IsVisible(Home)">Skin.SetString(submenu_action,$VAR[value_menu11111.action])</onclick>
	<visible>![IsEmpty(skin.string(menu11111.master)) | SubString(skin.string(menu11111.visible),off)] | Window.IsVisible(6000)</visible>
	</item>
	<item>
	<label fallback="31014">$VAR[value_menu11112.label]</label>
	<property name="condition">$INFO[skin.string(menu11112.visible)]</property>
	<property name="name">menu11112</property>
	<property name="id">$INFO[skin.string(menu11112.master)]</property>
	<onclick condition="Window.IsVisible(6000)">SetFocus(5000)</onclick>
	<onclick condition="Window.IsVisible(Home)">Dialog.Close(6111)</onclick>
	<onclick condition="Window.IsVisible(Home)">Skin.SetString(submenu_action,$VAR[value_menu11112.action])</onclick>
	<visible>![IsEmpty(skin.string(menu11112.master)) | SubString(skin.string(menu11112.visible),off)] | Window.IsVisible(6000)</visible>
	</item>
	<item>
	<label fallback="31014">$VAR[value_menu11113.label]</label>
	<property name="condition">$INFO[skin.string(menu11113.visible)]</property>
	<property name="name">menu11113</property>
	<property name="id">$INFO[skin.string(menu11113.master)]</property>
	<onclick condition="Window.IsVisible(6000)">SetFocus(5000)</onclick>
	<onclick condition="Window.IsVisible(Home)">Dialog.Close(6111)</onclick>
	<onclick condition="Window.IsVisible(Home)">Skin.SetString(submenu_action,$VAR[value_menu11113.action])</onclick>
	<visible>![IsEmpty(skin.string(menu11113.master)) | SubString(skin.string(menu11113.visible),off)] | Window.IsVisible(6000)</visible>
	</item>
	<item>
	<label fallback="31014">$VAR[value_menu11114.label]</label>
	<property name="condition">$INFO[skin.string(menu11114.visible)]</property>
	<property name="name">menu11114</property>
	<property name="id">$INFO[skin.string(menu11114.master)]</property>
	<onclick condition="Window.IsVisible(6000)">SetFocus(5000)</onclick>
	<onclick condition="Window.IsVisible(Home)">Dialog.Close(6111)</onclick>
	<onclick condition="Window.IsVisible(Home)">Skin.SetString(submenu_action,$VAR[value_menu11114.action])</onclick>
	<visible>![IsEmpty(skin.string(menu11114.master)) | SubString(skin.string(menu11114.visible),off)] | Window.IsVisible(6000)</visible>
	</item>
	<item>
	<label fallback="31014">$VAR[value_menu11115.label]</label>
	<property name="condition">$INFO[skin.string(menu11115.visible)]</property>
	<property name="name">menu11115</property>
	<property name="id">$INFO[skin.string(menu11115.master)]</property>
	<onclick condition="Window.IsVisible(6000)">SetFocus(5000)</onclick>
	<onclick condition="Window.IsVisible(Home)">Dialog.Close(6111)</onclick>
	<onclick condition="Window.IsVisible(Home)">Skin.SetString(submenu_action,$VAR[value_menu11115.action])</onclick>
	<visible>![IsEmpty(skin.string(menu11115.master)) | SubString(skin.string(menu11115.visible),off)] | Window.IsVisible(6000)</visible>
	</item>
	</content>
	</control>
	<include condition="Window.IsVisible(6000)">Glass</include>
	</control>
	</control>
	</controls>
</window>