<?xml version="1.0" encoding="UTF-8"?>
<window id="6060" type="dialog"><!-- Aeon MQ 6 --><!-- Musica playlists -->
	<defaultcontrol>-</defaultcontrol>
	<include>SubMenuCommon</include>
	<controls>
	<control type="group">
	<include condition="Window.IsVisible(6000)">MenuCustom</include>
	<control type="group"><!-- default group -->
	<include>Animation_SubMenu</include>
	<include condition="Window.IsVisible(6000)">SubmenuGoTo</include>
	<include condition="Window.IsVisible(Home)">SubMenuDefault</include>
	<control type="panel" id="9000">
	<include condition="Window.IsVisible(6000)">SubmenuVList</include>
	<include condition="Window.IsVisible(Home)">SubmenuHList</include>
	<content>
	<item>
	<label fallback="31014">$VAR[value_menu6001.label]</label>
	<property name="condition">$INFO[skin.string(menu6001.visible)]</property>
	<property name="name">menu6001</property>
	<property name="id">$INFO[skin.string(menu6001.master)]</property>
	<onclick condition="Window.IsVisible(6000)">SetFocus(5000)</onclick>
	<onclick condition="Window.IsVisible(Home)">Dialog.Close(6060)</onclick>
	<onclick condition="Window.IsVisible(Home)">Skin.SetString(submenu_action,$VAR[value_menu6001.action])</onclick>
	<visible>![IsEmpty(skin.string(menu6001.master)) | SubString(skin.string(menu6001.visible),off)] | Window.IsVisible(6000)</visible>
	</item>
	<item>
	<label fallback="31014">$VAR[value_menu6002.label]</label>
	<property name="condition">$INFO[skin.string(menu6002.visible)]</property>
	<property name="name">menu6002</property>
	<property name="id">$INFO[skin.string(menu6002.master)]</property>
	<onclick condition="Window.IsVisible(6000)">SetFocus(5000)</onclick>
	<onclick condition="Window.IsVisible(Home)">Dialog.Close(6060)</onclick>
	<onclick condition="Window.IsVisible(Home)">Skin.SetString(submenu_action,$VAR[value_menu6002.action])</onclick>
	<visible>![IsEmpty(skin.string(menu6002.master)) | SubString(skin.string(menu6002.visible),off)] | Window.IsVisible(6000)</visible>
	</item>
	<item>
	<label fallback="31014">$VAR[value_menu6003.label]</label>
	<property name="condition">$INFO[skin.string(menu6003.visible)]</property>
	<property name="name">menu6003</property>
	<property name="id">$INFO[skin.string(menu6003.master)]</property>
	<onclick condition="Window.IsVisible(6000)">SetFocus(5000)</onclick>
	<onclick condition="Window.IsVisible(Home)">Dialog.Close(6060)</onclick>
	<onclick condition="Window.IsVisible(Home)">Skin.SetString(submenu_action,$VAR[value_menu6003.action])</onclick>
	<visible>![IsEmpty(skin.string(menu6003.master)) | SubString(skin.string(menu6003.visible),off)] | Window.IsVisible(6000)</visible>
	</item>
	<item>
	<label fallback="31014">$VAR[value_menu6004.label]</label>
	<property name="condition">$INFO[skin.string(menu6004.visible)]</property>
	<property name="name">menu6004</property>
	<property name="id">$INFO[skin.string(menu6004.master)]</property>
	<onclick condition="Window.IsVisible(6000)">SetFocus(5000)</onclick>
	<onclick condition="Window.IsVisible(Home)">Dialog.Close(6060)</onclick>
	<onclick condition="Window.IsVisible(Home)">Skin.SetString(submenu_action,$VAR[value_menu6004.action])</onclick>
	<visible>![IsEmpty(skin.string(menu6004.master)) | SubString(skin.string(menu6004.visible),off)] | Window.IsVisible(6000)</visible>
	</item>
	<item>
	<label fallback="31014">$VAR[value_menu6005.label]</label>
	<property name="condition">$INFO[skin.string(menu6005.visible)]</property>
	<property name="name">menu6005</property>
	<property name="id">$INFO[skin.string(menu6005.master)]</property>
	<onclick condition="Window.IsVisible(6000)">SetFocus(5000)</onclick>
	<onclick condition="Window.IsVisible(Home)">Dialog.Close(6060)</onclick>
	<onclick condition="Window.IsVisible(Home)">Skin.SetString(submenu_action,$VAR[value_menu6005.action])</onclick>
	<visible>![IsEmpty(skin.string(menu6005.master)) | SubString(skin.string(menu6005.visible),off)] | Window.IsVisible(6000)</visible>
	</item>
	<item>
	<label fallback="31014">$VAR[value_menu6006.label]</label>
	<property name="condition">$INFO[skin.string(menu6006.visible)]</property>
	<property name="name">menu6006</property>
	<property name="id">$INFO[skin.string(menu6006.master)]</property>
	<onclick condition="Window.IsVisible(6000)">SetFocus(5000)</onclick>
	<onclick condition="Window.IsVisible(Home)">Dialog.Close(6060)</onclick>
	<onclick condition="Window.IsVisible(Home)">Skin.SetString(submenu_action,$VAR[value_menu6006.action])</onclick>
	<visible>![IsEmpty(skin.string(menu6006.master)) | SubString(skin.string(menu6006.visible),off)] | Window.IsVisible(6000)</visible>
	</item>
	<item>
	<label fallback="31014">$VAR[value_menu6007.label]</label>
	<property name="condition">$INFO[skin.string(menu6007.visible)]</property>
	<property name="name">menu6007</property>
	<property name="id">$INFO[skin.string(menu6007.master)]</property>
	<onclick condition="Window.IsVisible(6000)">SetFocus(5000)</onclick>
	<onclick condition="Window.IsVisible(Home)">Dialog.Close(6060)</onclick>
	<onclick condition="Window.IsVisible(Home)">Skin.SetString(submenu_action,$VAR[value_menu6007.action])</onclick>
	<visible>![IsEmpty(skin.string(menu6007.master)) | SubString(skin.string(menu6007.visible),off)] | Window.IsVisible(6000)</visible>
	</item>
	<item>
	<label fallback="31014">$VAR[value_menu6008.label]</label>
	<property name="condition">$INFO[skin.string(menu6008.visible)]</property>
	<property name="name">menu6008</property>
	<property name="id">$INFO[skin.string(menu6008.master)]</property>
	<onclick condition="Window.IsVisible(6000)">SetFocus(5000)</onclick>
	<onclick condition="Window.IsVisible(Home)">Dialog.Close(6060)</onclick>
	<onclick condition="Window.IsVisible(Home)">Skin.SetString(submenu_action,$VAR[value_menu6008.action])</onclick>
	<visible>![IsEmpty(skin.string(menu6008.master)) | SubString(skin.string(menu6008.visible),off)] | Window.IsVisible(6000)</visible>
	</item>
	<item>
	<label fallback="31014">$VAR[value_menu6009.label]</label>
	<property name="condition">$INFO[skin.string(menu6009.visible)]</property>
	<property name="name">menu6009</property>
	<property name="id">$INFO[skin.string(menu6009.master)]</property>
	<onclick condition="Window.IsVisible(6000)">SetFocus(5000)</onclick>
	<onclick condition="Window.IsVisible(Home)">Dialog.Close(6060)</onclick>
	<onclick condition="Window.IsVisible(Home)">Skin.SetString(submenu_action,$VAR[value_menu6009.action])</onclick>
	<visible>![IsEmpty(skin.string(menu6009.master)) | SubString(skin.string(menu6009.visible),off)] | Window.IsVisible(6000)</visible>
	</item>
	<item>
	<label fallback="31014">$VAR[value_menu6010.label]</label>
	<property name="condition">$INFO[skin.string(menu6010.visible)]</property>
	<property name="name">menu6010</property>
	<property name="id">$INFO[skin.string(menu6010.master)]</property>
	<onclick condition="Window.IsVisible(6000)">SetFocus(5000)</onclick>
	<onclick condition="Window.IsVisible(Home)">Dialog.Close(6060)</onclick>
	<onclick condition="Window.IsVisible(Home)">Skin.SetString(submenu_action,$VAR[value_menu6010.action])</onclick>
	<visible>![IsEmpty(skin.string(menu6010.master)) | SubString(skin.string(menu6010.visible),off)] | Window.IsVisible(6000)</visible>
	</item>
	</content>
	</control>
	<include condition="Window.IsVisible(6000)">Glass</include>
	</control>
	</control>
	</controls>
</window>