<?xml version="1.0" encoding="UTF-8"?>
<window id="6211" type="dialog"><!-- Aeon MQ 6 --><!-- A-Playlist 11 -->
	<defaultcontrol>-</defaultcontrol>
	<include>SubMenuCommon</include>
	<controls>
	<control type="group">
	<include condition="Window.IsVisible(6000)">MenuCustom</include>
	<control type="group"><!-- default group -->
	<include>Animation_SubMenu</include>
	<include condition="Window.IsVisible(6000)">SubmenuGoTo</include>
	<include condition="Window.IsVisible(Home)">SubMenuDefault</include>
	<control type="panel" id="9000">
	<include condition="Window.IsVisible(6000)">SubmenuVList</include>
	<include condition="Window.IsVisible(Home)">SubmenuHList</include>
	<content>
	<item>
	<label fallback="31014">$VAR[value_menu21101.label]</label>
	<property name="condition">$INFO[skin.string(menu21101.visible)]</property>
	<property name="name">menu21101</property>
	<property name="id">$INFO[skin.string(menu21101.master)]</property>
	<onclick condition="Window.IsVisible(6000)">SetFocus(5000)</onclick>
	<onclick condition="Window.IsVisible(Home)">Dialog.Close(6211)</onclick>
	<onclick condition="Window.IsVisible(Home)">Skin.SetString(submenu_action,$VAR[value_menu21101.action])</onclick>
	<visible>![IsEmpty(skin.string(menu21101.master)) | SubString(skin.string(menu21101.visible),off)] | Window.IsVisible(6000)</visible>
	</item>
	<item>
	<label fallback="31014">$VAR[value_menu21102.label]</label>
	<property name="condition">$INFO[skin.string(menu21102.visible)]</property>
	<property name="name">menu21102</property>
	<property name="id">$INFO[skin.string(menu21102.master)]</property>
	<onclick condition="Window.IsVisible(6000)">SetFocus(5000)</onclick>
	<onclick condition="Window.IsVisible(Home)">Dialog.Close(6211)</onclick>
	<onclick condition="Window.IsVisible(Home)">Skin.SetString(submenu_action,$VAR[value_menu21102.action])</onclick>
	<visible>![IsEmpty(skin.string(menu21102.master)) | SubString(skin.string(menu21102.visible),off)] | Window.IsVisible(6000)</visible>
	</item>
	<item>
	<label fallback="31014">$VAR[value_menu21103.label]</label>
	<property name="condition">$INFO[skin.string(menu21103.visible)]</property>
	<property name="name">menu21103</property>
	<property name="id">$INFO[skin.string(menu21103.master)]</property>
	<onclick condition="Window.IsVisible(6000)">SetFocus(5000)</onclick>
	<onclick condition="Window.IsVisible(Home)">Dialog.Close(6211)</onclick>
	<onclick condition="Window.IsVisible(Home)">Skin.SetString(submenu_action,$VAR[value_menu21103.action])</onclick>
	<visible>![IsEmpty(skin.string(menu21103.master)) | SubString(skin.string(menu21103.visible),off)] | Window.IsVisible(6000)</visible>
	</item>
	<item>
	<label fallback="31014">$VAR[value_menu21104.label]</label>
	<property name="condition">$INFO[skin.string(menu21104.visible)]</property>
	<property name="name">menu21104</property>
	<property name="id">$INFO[skin.string(menu21104.master)]</property>
	<onclick condition="Window.IsVisible(6000)">SetFocus(5000)</onclick>
	<onclick condition="Window.IsVisible(Home)">Dialog.Close(6211)</onclick>
	<onclick condition="Window.IsVisible(Home)">Skin.SetString(submenu_action,$VAR[value_menu21104.action])</onclick>
	<visible>![IsEmpty(skin.string(menu21104.master)) | SubString(skin.string(menu21104.visible),off)] | Window.IsVisible(6000)</visible>
	</item>
	<item>
	<label fallback="31014">$VAR[value_menu21105.label]</label>
	<property name="condition">$INFO[skin.string(menu21105.visible)]</property>
	<property name="name">menu21105</property>
	<property name="id">$INFO[skin.string(menu21105.master)]</property>
	<onclick condition="Window.IsVisible(6000)">SetFocus(5000)</onclick>
	<onclick condition="Window.IsVisible(Home)">Dialog.Close(6211)</onclick>
	<onclick condition="Window.IsVisible(Home)">Skin.SetString(submenu_action,$VAR[value_menu21105.action])</onclick>
	<visible>![IsEmpty(skin.string(menu21105.master)) | SubString(skin.string(menu21105.visible),off)] | Window.IsVisible(6000)</visible>
	</item>
	<item>
	<label fallback="31014">$VAR[value_menu21106.label]</label>
	<property name="condition">$INFO[skin.string(menu21106.visible)]</property>
	<property name="name">menu21106</property>
	<property name="id">$INFO[skin.string(menu21106.master)]</property>
	<onclick condition="Window.IsVisible(6000)">SetFocus(5000)</onclick>
	<onclick condition="Window.IsVisible(Home)">Dialog.Close(6211)</onclick>
	<onclick condition="Window.IsVisible(Home)">Skin.SetString(submenu_action,$VAR[value_menu21106.action])</onclick>
	<visible>![IsEmpty(skin.string(menu21106.master)) | SubString(skin.string(menu21106.visible),off)] | Window.IsVisible(6000)</visible>
	</item>
	<item>
	<label fallback="31014">$VAR[value_menu21107.label]</label>
	<property name="condition">$INFO[skin.string(menu21107.visible)]</property>
	<property name="name">menu21107</property>
	<property name="id">$INFO[skin.string(menu21107.master)]</property>
	<onclick condition="Window.IsVisible(6000)">SetFocus(5000)</onclick>
	<onclick condition="Window.IsVisible(Home)">Dialog.Close(6211)</onclick>
	<onclick condition="Window.IsVisible(Home)">Skin.SetString(submenu_action,$VAR[value_menu21107.action])</onclick>
	<visible>![IsEmpty(skin.string(menu21107.master)) | SubString(skin.string(menu21107.visible),off)] | Window.IsVisible(6000)</visible>
	</item>
	<item>
	<label fallback="31014">$VAR[value_menu21108.label]</label>
	<property name="condition">$INFO[skin.string(menu21108.visible)]</property>
	<property name="name">menu21108</property>
	<property name="id">$INFO[skin.string(menu21108.master)]</property>
	<onclick condition="Window.IsVisible(6000)">SetFocus(5000)</onclick>
	<onclick condition="Window.IsVisible(Home)">Dialog.Close(6211)</onclick>
	<onclick condition="Window.IsVisible(Home)">Skin.SetString(submenu_action,$VAR[value_menu21108.action])</onclick>
	<visible>![IsEmpty(skin.string(menu21108.master)) | SubString(skin.string(menu21108.visible),off)] | Window.IsVisible(6000)</visible>
	</item>
	<item>
	<label fallback="31014">$VAR[value_menu21109.label]</label>
	<property name="condition">$INFO[skin.string(menu21109.visible)]</property>
	<property name="name">menu21109</property>
	<property name="id">$INFO[skin.string(menu21109.master)]</property>
	<onclick condition="Window.IsVisible(6000)">SetFocus(5000)</onclick>
	<onclick condition="Window.IsVisible(Home)">Dialog.Close(6211)</onclick>
	<onclick condition="Window.IsVisible(Home)">Skin.SetString(submenu_action,$VAR[value_menu21109.action])</onclick>
	<visible>![IsEmpty(skin.string(menu21109.master)) | SubString(skin.string(menu21109.visible),off)] | Window.IsVisible(6000)</visible>
	</item>
	<item>
	<label fallback="31014">$VAR[value_menu21110.label]</label>
	<property name="condition">$INFO[skin.string(menu21110.visible)]</property>
	<property name="name">menu21110</property>
	<property name="id">$INFO[skin.string(menu21110.master)]</property>
	<onclick condition="Window.IsVisible(6000)">SetFocus(5000)</onclick>
	<onclick condition="Window.IsVisible(Home)">Dialog.Close(6211)</onclick>
	<onclick condition="Window.IsVisible(Home)">Skin.SetString(submenu_action,$VAR[value_menu21110.action])</onclick>
	<visible>![IsEmpty(skin.string(menu21110.master)) | SubString(skin.string(menu21110.visible),off)] | Window.IsVisible(6000)</visible>
	</item>
	<item>
	<label fallback="31014">$VAR[value_menu21111.label]</label>
	<property name="condition">$INFO[skin.string(menu21111.visible)]</property>
	<property name="name">menu21111</property>
	<property name="id">$INFO[skin.string(menu21111.master)]</property>
	<onclick condition="Window.IsVisible(6000)">SetFocus(5000)</onclick>
	<onclick condition="Window.IsVisible(Home)">Dialog.Close(6211)</onclick>
	<onclick condition="Window.IsVisible(Home)">Skin.SetString(submenu_action,$VAR[value_menu21111.action])</onclick>
	<visible>![IsEmpty(skin.string(menu21111.master)) | SubString(skin.string(menu21111.visible),off)] | Window.IsVisible(6000)</visible>
	</item>
	<item>
	<label fallback="31014">$VAR[value_menu21112.label]</label>
	<property name="condition">$INFO[skin.string(menu21112.visible)]</property>
	<property name="name">menu21112</property>
	<property name="id">$INFO[skin.string(menu21112.master)]</property>
	<onclick condition="Window.IsVisible(6000)">SetFocus(5000)</onclick>
	<onclick condition="Window.IsVisible(Home)">Dialog.Close(6211)</onclick>
	<onclick condition="Window.IsVisible(Home)">Skin.SetString(submenu_action,$VAR[value_menu21112.action])</onclick>
	<visible>![IsEmpty(skin.string(menu21112.master)) | SubString(skin.string(menu21112.visible),off)] | Window.IsVisible(6000)</visible>
	</item>
	<item>
	<label fallback="31014">$VAR[value_menu21113.label]</label>
	<property name="condition">$INFO[skin.string(menu21113.visible)]</property>
	<property name="name">menu21113</property>
	<property name="id">$INFO[skin.string(menu21113.master)]</property>
	<onclick condition="Window.IsVisible(6000)">SetFocus(5000)</onclick>
	<onclick condition="Window.IsVisible(Home)">Dialog.Close(6211)</onclick>
	<onclick condition="Window.IsVisible(Home)">Skin.SetString(submenu_action,$VAR[value_menu21113.action])</onclick>
	<visible>![IsEmpty(skin.string(menu21113.master)) | SubString(skin.string(menu21113.visible),off)] | Window.IsVisible(6000)</visible>
	</item>
	<item>
	<label fallback="31014">$VAR[value_menu21114.label]</label>
	<property name="condition">$INFO[skin.string(menu21114.visible)]</property>
	<property name="name">menu21114</property>
	<property name="id">$INFO[skin.string(menu21114.master)]</property>
	<onclick condition="Window.IsVisible(6000)">SetFocus(5000)</onclick>
	<onclick condition="Window.IsVisible(Home)">Dialog.Close(6211)</onclick>
	<onclick condition="Window.IsVisible(Home)">Skin.SetString(submenu_action,$VAR[value_menu21114.action])</onclick>
	<visible>![IsEmpty(skin.string(menu21114.master)) | SubString(skin.string(menu21114.visible),off)] | Window.IsVisible(6000)</visible>
	</item>
	<item>
	<label fallback="31014">$VAR[value_menu21115.label]</label>
	<property name="condition">$INFO[skin.string(menu21115.visible)]</property>
	<property name="name">menu21115</property>
	<property name="id">$INFO[skin.string(menu21115.master)]</property>
	<onclick condition="Window.IsVisible(6000)">SetFocus(5000)</onclick>
	<onclick condition="Window.IsVisible(Home)">Dialog.Close(6211)</onclick>
	<onclick condition="Window.IsVisible(Home)">Skin.SetString(submenu_action,$VAR[value_menu21115.action])</onclick>
	<visible>![IsEmpty(skin.string(menu21115.master)) | SubString(skin.string(menu21115.visible),off)] | Window.IsVisible(6000)</visible>
	</item>
	</content>
	</control>
	<include condition="Window.IsVisible(6000)">Glass</include>
	</control>
	</control>
	</controls>
</window>