<?xml version="1.0" encoding="UTF-8"?>
<window id="6030" type="dialog"><!-- Aeon MQ 6 --><!-- Disco -->
	<defaultcontrol>-</defaultcontrol>
	<include>SubMenuCommon</include>
	<controls>
	<control type="group">
	<include condition="Window.IsVisible(6000)">MenuCustom</include>
	<control type="group"><!-- default group -->
	<include>Animation_SubMenu</include>
	<include condition="Window.IsVisible(6000)">SubmenuGoTo</include>
	<include condition="Window.IsVisible(Home)">SubMenuDefault</include>
	<control type="panel" id="9000">
	<include condition="Window.IsVisible(6000)">SubmenuVList</include>
	<include condition="Window.IsVisible(Home)">SubmenuHList</include>
	<content>
	<item>
	<label fallback="31014">$VAR[value_menu3001.label]</label>
	<property name="condition">$INFO[skin.string(menu3001.visible)]</property>
	<property name="name">menu3001</property>
	<property name="id">$INFO[skin.string(menu3001.master)]</property>
	<onclick condition="Window.IsVisible(6000)">SetFocus(5000)</onclick>
	<onclick condition="Window.IsVisible(Home)">Dialog.Close(6030)</onclick>
	<onclick condition="Window.IsVisible(Home)">Skin.SetString(submenu_action,$VAR[value_menu3001.action])</onclick>
	<visible>![IsEmpty(skin.string(menu3001.master)) | SubString(skin.string(menu3001.visible),off)] | Window.IsVisible(6000)</visible>
	</item>
	<item>
	<label fallback="31014">$VAR[value_menu3002.label]</label>
	<property name="condition">$INFO[skin.string(menu3002.visible)]</property>
	<property name="name">menu3002</property>
	<property name="id">$INFO[skin.string(menu3002.master)]</property>
	<onclick condition="Window.IsVisible(6000)">SetFocus(5000)</onclick>
	<onclick condition="Window.IsVisible(Home)">Dialog.Close(6030)</onclick>
	<onclick condition="Window.IsVisible(Home)">Skin.SetString(submenu_action,$VAR[value_menu3002.action])</onclick>
	<visible>![IsEmpty(skin.string(menu3002.master)) | SubString(skin.string(menu3002.visible),off)] | Window.IsVisible(6000)</visible>
	</item>
	<item>
	<label fallback="31014">$VAR[value_menu3003.label]</label>
	<property name="condition">$INFO[skin.string(menu3003.visible)]</property>
	<property name="name">menu3003</property>
	<property name="id">$INFO[skin.string(menu3003.master)]</property>
	<onclick condition="Window.IsVisible(6000)">SetFocus(5000)</onclick>
	<onclick condition="Window.IsVisible(Home)">Dialog.Close(6030)</onclick>
	<onclick condition="Window.IsVisible(Home)">Skin.SetString(submenu_action,$VAR[value_menu3003.action])</onclick>
	<visible>![IsEmpty(skin.string(menu3003.master)) | SubString(skin.string(menu3003.visible),off)] | Window.IsVisible(6000)</visible>
	</item>
	<item>
	<label fallback="31014">$VAR[value_menu3004.label]</label>
	<property name="condition">$INFO[skin.string(menu3004.visible)]</property>
	<property name="name">menu3004</property>
	<property name="id">$INFO[skin.string(menu3004.master)]</property>
	<onclick condition="Window.IsVisible(6000)">SetFocus(5000)</onclick>
	<onclick condition="Window.IsVisible(Home)">Dialog.Close(6030)</onclick>
	<onclick condition="Window.IsVisible(Home)">Skin.SetString(submenu_action,$VAR[value_menu3004.action])</onclick>
	<visible>![IsEmpty(skin.string(menu3004.master)) | SubString(skin.string(menu3004.visible),off)] | Window.IsVisible(6000)</visible>
	</item>
	<item>
	<label fallback="31014">$VAR[value_menu3005.label]</label>
	<property name="condition">$INFO[skin.string(menu3005.visible)]</property>
	<property name="name">menu3005</property>
	<property name="id">$INFO[skin.string(menu3005.master)]</property>
	<onclick condition="Window.IsVisible(6000)">SetFocus(5000)</onclick>
	<onclick condition="Window.IsVisible(Home)">Dialog.Close(6030)</onclick>
	<onclick condition="Window.IsVisible(Home)">Skin.SetString(submenu_action,$VAR[value_menu3005.action])</onclick>
	<visible>![IsEmpty(skin.string(menu3005.master)) | SubString(skin.string(menu3005.visible),off)] | Window.IsVisible(6000)</visible>
	</item>
	<item>
	<label fallback="31014">$VAR[value_menu3006.label]</label>
	<property name="condition">$INFO[skin.string(menu3006.visible)]</property>
	<property name="name">menu3006</property>
	<property name="id">$INFO[skin.string(menu3006.master)]</property>
	<onclick condition="Window.IsVisible(6000)">SetFocus(5000)</onclick>
	<onclick condition="Window.IsVisible(Home)">Dialog.Close(6030)</onclick>
	<onclick condition="Window.IsVisible(Home)">Skin.SetString(submenu_action,$VAR[value_menu3006.action])</onclick>
	<visible>![IsEmpty(skin.string(menu3006.master)) | SubString(skin.string(menu3006.visible),off)] | Window.IsVisible(6000)</visible>
	</item>
	<item>
	<label fallback="31014">$VAR[value_menu3007.label]</label>
	<property name="condition">$INFO[skin.string(menu3007.visible)]</property>
	<property name="name">menu3007</property>
	<property name="id">$INFO[skin.string(menu3007.master)]</property>
	<onclick condition="Window.IsVisible(6000)">SetFocus(5000)</onclick>
	<onclick condition="Window.IsVisible(Home)">Dialog.Close(6030)</onclick>
	<onclick condition="Window.IsVisible(Home)">Skin.SetString(submenu_action,$VAR[value_menu3007.action])</onclick>
	<visible>![IsEmpty(skin.string(menu3007.master)) | SubString(skin.string(menu3007.visible),off)] | Window.IsVisible(6000)</visible>
	</item>
	<item>
	<label fallback="31014">$VAR[value_menu3008.label]</label>
	<property name="condition">$INFO[skin.string(menu3008.visible)]</property>
	<property name="name">menu3008</property>
	<property name="id">$INFO[skin.string(menu3008.master)]</property>
	<onclick condition="Window.IsVisible(6000)">SetFocus(5000)</onclick>
	<onclick condition="Window.IsVisible(Home)">Dialog.Close(6030)</onclick>
	<onclick condition="Window.IsVisible(Home)">Skin.SetString(submenu_action,$VAR[value_menu3008.action])</onclick>
	<visible>![IsEmpty(skin.string(menu3008.master)) | SubString(skin.string(menu3008.visible),off)] | Window.IsVisible(6000)</visible>
	</item>
	<item>
	<label fallback="31014">$VAR[value_menu3009.label]</label>
	<property name="condition">$INFO[skin.string(menu3009.visible)]</property>
	<property name="name">menu3009</property>
	<property name="id">$INFO[skin.string(menu3009.master)]</property>
	<onclick condition="Window.IsVisible(6000)">SetFocus(5000)</onclick>
	<onclick condition="Window.IsVisible(Home)">Dialog.Close(6030)</onclick>
	<onclick condition="Window.IsVisible(Home)">Skin.SetString(submenu_action,$VAR[value_menu3009.action])</onclick>
	<visible>![IsEmpty(skin.string(menu3009.master)) | SubString(skin.string(menu3009.visible),off)] | Window.IsVisible(6000)</visible>
	</item>
	<item>
	<label fallback="31014">$VAR[value_menu3010.label]</label>
	<property name="condition">$INFO[skin.string(menu3010.visible)]</property>
	<property name="name">menu3010</property>
	<property name="id">$INFO[skin.string(menu3010.master)]</property>
	<onclick condition="Window.IsVisible(6000)">SetFocus(5000)</onclick>
	<onclick condition="Window.IsVisible(Home)">Dialog.Close(6030)</onclick>
	<onclick condition="Window.IsVisible(Home)">Skin.SetString(submenu_action,$VAR[value_menu3010.action])</onclick>
	<visible>![IsEmpty(skin.string(menu3010.master)) | SubString(skin.string(menu3010.visible),off)] | Window.IsVisible(6000)</visible>
	</item>
	</content>
	</control>
	<include condition="Window.IsVisible(6000)">Glass</include>
	</control>
	</control>
	</controls>
</window>