<?xml version="1.0" encoding="UTF-8"?>
<window id="6055" type="dialog"><!-- Aeon MQ 6 --><!-- Concerto estudios -->
	<defaultcontrol>-</defaultcontrol>
	<include>SubMenuCommon</include>
	<controls>
	<control type="group">
	<include condition="Window.IsVisible(6000)">MenuCustom</include>
	<control type="group"><!-- default group -->
	<include>Animation_SubMenu</include>
	<include condition="Window.IsVisible(6000)">SubmenuGoTo</include>
	<include condition="Window.IsVisible(Home)">SubMenuDefault</include>
	<control type="panel" id="9000">
	<include condition="Window.IsVisible(6000)">SubmenuVList</include>
	<include condition="Window.IsVisible(Home)">SubmenuHList</include>
	<content>
	<item>
	<label fallback="31014">$VAR[value_menu5501.label]</label>
	<property name="condition">$INFO[skin.string(menu5501.visible)]</property>
	<property name="name">menu5501</property>
	<property name="id">$INFO[skin.string(menu5501.master)]</property>
	<onclick condition="Window.IsVisible(6000)">SetFocus(5000)</onclick>
	<onclick condition="Window.IsVisible(Home)">Dialog.Close(6055)</onclick>
	<onclick condition="Window.IsVisible(Home)">Skin.SetString(submenu_action,$VAR[value_menu5501.action])</onclick>
	<visible>![IsEmpty(skin.string(menu5501.master)) | SubString(skin.string(menu5501.visible),off)] | Window.IsVisible(6000)</visible>
	</item>
	<item>
	<label fallback="31014">$VAR[value_menu5502.label]</label>
	<property name="condition">$INFO[skin.string(menu5502.visible)]</property>
	<property name="name">menu5502</property>
	<property name="id">$INFO[skin.string(menu5502.master)]</property>
	<onclick condition="Window.IsVisible(6000)">SetFocus(5000)</onclick>
	<onclick condition="Window.IsVisible(Home)">Dialog.Close(6055)</onclick>
	<onclick condition="Window.IsVisible(Home)">Skin.SetString(submenu_action,$VAR[value_menu5502.action])</onclick>
	<visible>![IsEmpty(skin.string(menu5502.master)) | SubString(skin.string(menu5502.visible),off)] | Window.IsVisible(6000)</visible>
	</item>
	<item>
	<label fallback="31014">$VAR[value_menu5503.label]</label>
	<property name="condition">$INFO[skin.string(menu5503.visible)]</property>
	<property name="name">menu5503</property>
	<property name="id">$INFO[skin.string(menu5503.master)]</property>
	<onclick condition="Window.IsVisible(6000)">SetFocus(5000)</onclick>
	<onclick condition="Window.IsVisible(Home)">Dialog.Close(6055)</onclick>
	<onclick condition="Window.IsVisible(Home)">Skin.SetString(submenu_action,$VAR[value_menu5503.action])</onclick>
	<visible>![IsEmpty(skin.string(menu5503.master)) | SubString(skin.string(menu5503.visible),off)] | Window.IsVisible(6000)</visible>
	</item>
	<item>
	<label fallback="31014">$VAR[value_menu5504.label]</label>
	<property name="condition">$INFO[skin.string(menu5504.visible)]</property>
	<property name="name">menu5504</property>
	<property name="id">$INFO[skin.string(menu5504.master)]</property>
	<onclick condition="Window.IsVisible(6000)">SetFocus(5000)</onclick>
	<onclick condition="Window.IsVisible(Home)">Dialog.Close(6055)</onclick>
	<onclick condition="Window.IsVisible(Home)">Skin.SetString(submenu_action,$VAR[value_menu5504.action])</onclick>
	<visible>![IsEmpty(skin.string(menu5504.master)) | SubString(skin.string(menu5504.visible),off)] | Window.IsVisible(6000)</visible>
	</item>
	<item>
	<label fallback="31014">$VAR[value_menu5505.label]</label>
	<property name="condition">$INFO[skin.string(menu5505.visible)]</property>
	<property name="name">menu5505</property>
	<property name="id">$INFO[skin.string(menu5505.master)]</property>
	<onclick condition="Window.IsVisible(6000)">SetFocus(5000)</onclick>
	<onclick condition="Window.IsVisible(Home)">Dialog.Close(6055)</onclick>
	<onclick condition="Window.IsVisible(Home)">Skin.SetString(submenu_action,$VAR[value_menu5505.action])</onclick>
	<visible>![IsEmpty(skin.string(menu5505.master)) | SubString(skin.string(menu5505.visible),off)] | Window.IsVisible(6000)</visible>
	</item>
	<item>
	<label fallback="31014">$VAR[value_menu5506.label]</label>
	<property name="condition">$INFO[skin.string(menu5506.visible)]</property>
	<property name="name">menu5506</property>
	<property name="id">$INFO[skin.string(menu5506.master)]</property>
	<onclick condition="Window.IsVisible(6000)">SetFocus(5000)</onclick>
	<onclick condition="Window.IsVisible(Home)">Dialog.Close(6055)</onclick>
	<onclick condition="Window.IsVisible(Home)">Skin.SetString(submenu_action,$VAR[value_menu5506.action])</onclick>
	<visible>![IsEmpty(skin.string(menu5506.master)) | SubString(skin.string(menu5506.visible),off)] | Window.IsVisible(6000)</visible>
	</item>
	<item>
	<label fallback="31014">$VAR[value_menu5507.label]</label>
	<property name="condition">$INFO[skin.string(menu5507.visible)]</property>
	<property name="name">menu5507</property>
	<property name="id">$INFO[skin.string(menu5507.master)]</property>
	<onclick condition="Window.IsVisible(6000)">SetFocus(5000)</onclick>
	<onclick condition="Window.IsVisible(Home)">Dialog.Close(6055)</onclick>
	<onclick condition="Window.IsVisible(Home)">Skin.SetString(submenu_action,$VAR[value_menu5507.action])</onclick>
	<visible>![IsEmpty(skin.string(menu5507.master)) | SubString(skin.string(menu5507.visible),off)] | Window.IsVisible(6000)</visible>
	</item>
	<item>
	<label fallback="31014">$VAR[value_menu5508.label]</label>
	<property name="condition">$INFO[skin.string(menu5508.visible)]</property>
	<property name="name">menu5508</property>
	<property name="id">$INFO[skin.string(menu5508.master)]</property>
	<onclick condition="Window.IsVisible(6000)">SetFocus(5000)</onclick>
	<onclick condition="Window.IsVisible(Home)">Dialog.Close(6055)</onclick>
	<onclick condition="Window.IsVisible(Home)">Skin.SetString(submenu_action,$VAR[value_menu5508.action])</onclick>
	<visible>![IsEmpty(skin.string(menu5508.master)) | SubString(skin.string(menu5508.visible),off)] | Window.IsVisible(6000)</visible>
	</item>
	<item>
	<label fallback="31014">$VAR[value_menu5509.label]</label>
	<property name="condition">$INFO[skin.string(menu5509.visible)]</property>
	<property name="name">menu5509</property>
	<property name="id">$INFO[skin.string(menu5509.master)]</property>
	<onclick condition="Window.IsVisible(6000)">SetFocus(5000)</onclick>
	<onclick condition="Window.IsVisible(Home)">Dialog.Close(6055)</onclick>
	<onclick condition="Window.IsVisible(Home)">Skin.SetString(submenu_action,$VAR[value_menu5509.action])</onclick>
	<visible>![IsEmpty(skin.string(menu5509.master)) | SubString(skin.string(menu5509.visible),off)] | Window.IsVisible(6000)</visible>
	</item>
	<item>
	<label fallback="31014">$VAR[value_menu5510.label]</label>
	<property name="condition">$INFO[skin.string(menu5510.visible)]</property>
	<property name="name">menu5510</property>
	<property name="id">$INFO[skin.string(menu5510.master)]</property>
	<onclick condition="Window.IsVisible(6000)">SetFocus(5000)</onclick>
	<onclick condition="Window.IsVisible(Home)">Dialog.Close(6055)</onclick>
	<onclick condition="Window.IsVisible(Home)">Skin.SetString(submenu_action,$VAR[value_menu5510.action])</onclick>
	<visible>![IsEmpty(skin.string(menu5510.master)) | SubString(skin.string(menu5510.visible),off)] | Window.IsVisible(6000)</visible>
	</item>
	</content>
	</control>
	<include condition="Window.IsVisible(6000)">Glass</include>
	</control>
	</control>
	</controls>
</window>