<?xml version="1.0" encoding="UTF-8"?>
<window id="6625"><!-- Aeon MQ 6 -->
	<defaultcontrol always="true">9030</defaultcontrol>
	<controls>
	<control type="multiimage">
	<include>WindowBG</include>
	<imagepath background="true">$VAR[value_menutheme_settings]</imagepath>
	</control>
	<control type="group">
	<include>Animation_DialogPopup</include>
	<control type="image">
	<left>110</left>
	<top>0</top>
	<width>30</width>
	<height>720</height>
	<texture flipx="true">shadow.png</texture>
	<colordiffuse>C3FFFFFF</colordiffuse>
	</control>
	<control type="image">
	<left>1140</left>
	<top>0</top>
	<width>30</width>
	<height>720</height>
	<texture>shadow.png</texture>
	<colordiffuse>C3FFFFFF</colordiffuse>
	</control>
	<control type="image">
	<left>140</left>
	<top>0</top>
	<width>1000</width>
	<height>720</height>
	<texture>darkgrey.png</texture>
	<colordiffuse>$VAR[value_texturecolor]</colordiffuse>
	<include>Animation_DefaultGlass</include>
	</control>
	<control type="image">
	<left>140</left>
	<top>0</top>
	<width>1000</width>
	<height>80</height>
	<texture>black.png</texture>
	<colordiffuse>90FFFFFF</colordiffuse>
	</control>
	<control type="label">
	<left>215</left>
	<top>5</top>
	<width>852</width>
	<height>30</height>
	<align>center</align>
	<aligny>top</aligny>
	<label>31479</label>
	<font>Font_32</font>
	<textcolor>FFFFFAF0</textcolor>
	</control>
	<control type="label">
	<left>215</left>
	<top>45</top>
	<width>852</width>
	<height>30</height>
	<align>center</align>
	<aligny>top</aligny>
	<label>31140</label>
	<font>Font_18A</font>
	<textcolor>FFFFFAF0</textcolor>
	</control>
	<control type="grouplist" id="9030">
	<left>140</left>
	<top>100</top>
	<width>1000</width>
	<height>600</height>
	<itemgap>0</itemgap>
	<onleft>back</onleft>
	<onright>9031</onright>
	<onup>9030</onup>
	<ondown>9030</ondown>
	<pagecontrol>9031</pagecontrol>
	<scrolltime>200</scrolltime>	
	<control type="radiobutton" id="19299"><!-- Clicar e Ativar -->
	<radioposx>894</radioposx>
	<label>31496</label>
	<onclick>Skin.ToggleSetting(clickactivateview_video)</onclick>
	<selected>Skin.HasSetting(clickactivateview_video)</selected>
	</control>
	<control type="radiobutton" id="19252"><!-- Banner --><!-- 52 -->
	<radioposx>894</radioposx>
	<label>31811</label>
	<onclick>Skin.ToggleSetting(viewbanner_video)</onclick>
	<onclick condition="!Skin.HasSetting(viewbanner_video)">Skin.SetString(setviewvideo,52)</onclick>
	<onclick condition="!Skin.HasSetting(viewbanner_video) + Skin.HasSetting(clickactivateview_video)">back</onclick>
	<selected>Skin.HasSetting(viewbanner_video)</selected>
	<visible>StringCompare(skin.string(videocontent),movies) | StringCompare(skin.string(videocontent),tvshows) | StringCompare(skin.string(videocontent),seasons)</visible>
	</control>
	<control type="radiobutton" id="19253"><!-- BannerInfo --><!-- 53 -->
	<radioposx>894</radioposx>
	<label>31812</label>
	<onclick>Skin.ToggleSetting(viewbannerinfo_video)</onclick>
	<onclick condition="!Skin.HasSetting(viewbannerinfo_video)">Skin.SetString(setviewvideo,53)</onclick>
	<onclick condition="!Skin.HasSetting(viewbannerinfo_video) + Skin.HasSetting(clickactivateview_video)">back</onclick>
	<selected>Skin.HasSetting(viewbannerinfo_video)</selected>
	<visible>StringCompare(skin.string(videocontent),movies) | StringCompare(skin.string(videocontent),tvshows) | StringCompare(skin.string(videocontent),seasons)</visible>
	</control>
	<control type="radiobutton" id="19254"><!-- Poster --><!-- 54 -->
	<radioposx>894</radioposx>
	<label>31808</label>
	<onclick>Skin.ToggleSetting(viewposter_video)</onclick>
	<onclick condition="!Skin.HasSetting(viewposter_video)">Skin.SetString(setviewvideo,54)</onclick>
	<onclick condition="!Skin.HasSetting(viewposter_video) + Skin.HasSetting(clickactivateview_video)">back</onclick>
	<selected>Skin.HasSetting(viewposter_video)</selected>
	<visible>!StringCompare(skin.string(videocontent),years)</visible>
	</control>
	<control type="radiobutton" id="19269"><!-- PosterLite --><!-- 69 -->
	<radioposx>894</radioposx>
	<label>31815</label>
	<onclick>Skin.ToggleSetting(viewposterlite_video)</onclick>
	<onclick condition="!Skin.HasSetting(viewposterlite_video)">Skin.SetString(setviewvideo,69)</onclick>
	<onclick condition="!Skin.HasSetting(viewposterlite_video) + Skin.HasSetting(clickactivateview_video)">back</onclick>
	<selected>Skin.HasSetting(viewposterlite_video)</selected>
	<visible>![StringCompare(skin.string(videocontent),years) | StringCompare(skin.string(videocontent),genres) | StringCompare(skin.string(videocontent),actors) | StringCompare(skin.string(videocontent),countries) | StringCompare(skin.string(videocontent),studios) | StringCompare(skin.string(videocontent),programs) ]</visible>
	</control>
	<control type="radiobutton" id="19255"><!-- LowList --><!-- 55 -->
	<radioposx>894</radioposx>
	<label>31807</label>
	<onclick>Skin.ToggleSetting(viewlowlist_video)</onclick>
	<onclick condition="!Skin.HasSetting(viewlowlist_video)">Skin.SetString(setviewvideo,55)</onclick>
	<onclick condition="!Skin.HasSetting(viewlowlist_video) + Skin.HasSetting(clickactivateview_video)">back</onclick>
	<selected>Skin.HasSetting(viewlowlist_video)</selected>
	</control>
	<control type="radiobutton" id="19257"><!-- GlassList --><!-- 57 -->
	<radioposx>894</radioposx>
	<label>31821</label>
	<onclick>Skin.ToggleSetting(viewglasslist_video)</onclick>
	<onclick condition="!Skin.HasSetting(viewglasslist_video)">Skin.SetString(setviewvideo,57)</onclick>
	<onclick condition="!Skin.HasSetting(viewglasslist_video) + Skin.HasSetting(clickactivateview_video)">back</onclick>
	<selected>Skin.HasSetting(viewglasslist_video)</selected>
	<visible>![StringCompare(skin.string(videocontent),years) | StringCompare(skin.string(videocontent),programs)]</visible>
	</control>
	<control type="radiobutton" id="19270"><!-- PosterList --><!-- 70 -->
	<radioposx>894</radioposx>
	<label>31814</label>
	<onclick>Skin.ToggleSetting(viewposterlist_video)</onclick>
	<onclick condition="!Skin.HasSetting(viewposterlist_video)">Skin.SetString(setviewvideo,70)</onclick>
	<onclick condition="!Skin.HasSetting(viewposterlist_video) + Skin.HasSetting(clickactivateview_video)">back</onclick>
	<selected>Skin.HasSetting(viewposterlist_video)</selected>
	<visible>StringCompare(skin.string(videocontent),movies)</visible>
	</control>
	<control type="radiobutton" id="19259"><!-- Wide --><!-- 59 -->
	<radioposx>894</radioposx>
	<label>31813</label>
	<onclick>Skin.ToggleSetting(viewwide_video)</onclick>
	<onclick condition="!Skin.HasSetting(viewwide_video)">Skin.SetString(setviewvideo,59)</onclick>
	<onclick condition="!Skin.HasSetting(viewwide_video) + Skin.HasSetting(clickactivateview_video)">back</onclick>
	<selected>Skin.HasSetting(viewwide_video)</selected>
	</control>
	<control type="radiobutton" id="19256"><!-- Wall --><!-- 56 -->
	<radioposx>894</radioposx>
	<label>31805</label>
	<onclick>Skin.ToggleSetting(viewwall_video)</onclick>
	<onclick condition="!Skin.HasSetting(viewwall_video)">Skin.SetString(setviewvideo,56)</onclick>
	<onclick condition="!Skin.HasSetting(viewwall_video) + Skin.HasSetting(clickactivateview_video)">back</onclick>
	<selected>Skin.HasSetting(viewwall_video)</selected>
	<visible>![StringCompare(skin.string(videocontent),episodes) | StringCompare(skin.string(videocontent),sets) | StringCompare(skin.string(videocontent),years)]</visible>
	</control>
	<control type="radiobutton" id="19267"><!-- 3DWall --><!-- 67 -->
	<radioposx>894</radioposx>
	<label>31806</label>
	<onclick>Skin.ToggleSetting(view3dwall_video)</onclick>
	<onclick condition="!Skin.HasSetting(view3dwall_video)">Skin.SetString(setviewvideo,67)</onclick>
	<onclick condition="!Skin.HasSetting(view3dwall_video) + Skin.HasSetting(clickactivateview_video)">back</onclick>
	<selected>Skin.HasSetting(view3dwall_video)</selected>
	<visible>![StringCompare(skin.string(videocontent),sets) | StringCompare(skin.string(videocontent),years) | StringCompare(skin.string(videocontent),countries) | StringCompare(skin.string(videocontent),studios) | StringCompare(skin.string(videocontent),genres) | StringCompare(skin.string(videocontent),programs) ]</visible>
	</control>
	<control type="radiobutton" id="19262"><!-- Panel --><!-- 62 -->
	<radioposx>894</radioposx>
	<label>31818</label>
	<onclick>Skin.ToggleSetting(viewpanel_video)</onclick>
	<onclick condition="!Skin.HasSetting(viewpanel_video)">Skin.SetString(setviewvideo,62)</onclick>
	<onclick condition="!Skin.HasSetting(viewpanel_video) + Skin.HasSetting(clickactivateview_video)">back</onclick>
	<selected>Skin.HasSetting(viewpanel_video)</selected>
	<visible>!StringCompare(skin.string(videocontent),years)</visible>
	</control>
	<control type="radiobutton" id="19266"><!-- ShowCase --><!-- 66 -->
	<radioposx>894</radioposx>
	<label>31802</label>
	<onclick>Skin.ToggleSetting(viewshowcase_video)</onclick>
	<onclick condition="!Skin.HasSetting(viewshowcase_video)">Skin.SetString(setviewvideo,66)</onclick>
	<onclick condition="!Skin.HasSetting(viewshowcase_video) + Skin.HasSetting(clickactivateview_video)">back</onclick>
	<selected>Skin.HasSetting(viewshowcase_video)</selected>
	<visible>![StringCompare(skin.string(videocontent),episodes) | StringCompare(skin.string(videocontent),years) | StringCompare(skin.string(videocontent),genres) | StringCompare(skin.string(videocontent),programs) ]</visible>
	</control>
	<control type="radiobutton" id="19258"><!-- CoverFlow --><!-- 58 -->
	<radioposx>894</radioposx>
	<label>31810</label>
	<onclick>Skin.ToggleSetting(viewcoverflow_video)</onclick>
	<onclick condition="!Skin.HasSetting(viewcoverflow_video)">Skin.SetString(setviewvideo,58)</onclick>
	<onclick condition="!Skin.HasSetting(viewcoverflow_video) + Skin.HasSetting(clickactivateview_video)">back</onclick>
	<selected>Skin.HasSetting(viewcoverflow_video)</selected>
	<visible>![StringCompare(skin.string(videocontent),episodes) | StringCompare(skin.string(videocontent),years) | StringCompare(skin.string(videocontent),genres) | StringCompare(skin.string(videocontent),countries) | StringCompare(skin.string(videocontent),studios) | StringCompare(skin.string(videocontent),programs) ]</visible>
	</control>
	<control type="radiobutton" id="19260"><!-- ShowArt --><!-- 60 -->
	<radioposx>894</radioposx>
	<label>31819</label>
	<onclick>Skin.ToggleSetting(viewshowart_video)</onclick>
	<onclick condition="!Skin.HasSetting(viewshowart_video)">Skin.SetString(setviewvideo,60)</onclick>
	<onclick condition="!Skin.HasSetting(viewshowart_video) + Skin.HasSetting(clickactivateview_video)">back</onclick>
	<selected>Skin.HasSetting(viewshowart_video)</selected>
	<visible>![StringCompare(skin.string(videocontent),sets) | StringCompare(skin.string(videocontent),years) | StringCompare(skin.string(videocontent),genres) | StringCompare(skin.string(videocontent),actors) | StringCompare(skin.string(videocontent),programs) ]</visible>
	</control>
	<control type="radiobutton" id="19271">
	<radioposx>894</radioposx>
	<label>31816</label>
	<onclick>Skin.ToggleSetting(viewtotalart_video)</onclick>
	<onclick condition="!Skin.HasSetting(viewtotalart_video)">Skin.SetString(setviewvideo,71)</onclick>
	<onclick condition="!Skin.HasSetting(viewtotalart_video) + Skin.HasSetting(clickactivateview_video)">back</onclick>
	<selected>Skin.HasSetting(viewtotalart_video)</selected>
	<visible>StringCompare(skin.string(videocontent),movies)</visible>
	</control>
	<control type="radiobutton" id="19263"><!-- Shelf --><!-- 63 -->
	<radioposx>894</radioposx>
	<label>31809</label>
	<onclick>Skin.ToggleSetting(viewshelf_video)</onclick>
	<onclick condition="!Skin.HasSetting(viewshelf_video)">Skin.SetString(setviewvideo,63)</onclick>
	<onclick condition="!Skin.HasSetting(viewshelf_video) + Skin.HasSetting(clickactivateview_video)">back</onclick>
	<selected>Skin.HasSetting(viewshelf_video)</selected>
	<visible>![StringCompare(skin.string(videocontent),episodes) | StringCompare(skin.string(videocontent),years) | StringCompare(skin.string(videocontent),programs) ]</visible>
	</control>
	<control type="radiobutton" id="19261"><!-- Multiplex --><!-- 61 -->
	<radioposx>894</radioposx>
	<label>31803</label>
	<onclick>Skin.ToggleSetting(viewmultiplex_video)</onclick>
	<onclick condition="!Skin.HasSetting(viewmultiplex_video)">Skin.SetString(setviewvideo,61)</onclick>
	<onclick condition="!Skin.HasSetting(viewmultiplex_video) + Skin.HasSetting(clickactivateview_video)">back</onclick>
	<selected>Skin.HasSetting(viewmultiplex_video)</selected>
	<visible>![StringCompare(skin.string(videocontent),episodes) | StringCompare(skin.string(videocontent),years) | StringCompare(skin.string(videocontent),programs) ]</visible>
	</control>
	<control type="radiobutton" id="19264"><!-- LandScapeX --><!-- 64 -->
	<radioposx>894</radioposx>
	<label>31804</label>
	<onclick>Skin.ToggleSetting(viewlandscapex_video)</onclick>
	<onclick condition="!Skin.HasSetting(viewlandscapex_video)">Skin.SetString(setviewvideo,64)</onclick>
	<onclick condition="!Skin.HasSetting(viewlandscapex_video) + Skin.HasSetting(clickactivateview_video)">back</onclick>
	<selected>Skin.HasSetting(viewlandscapex_video)</selected>
	<visible>StringCompare(skin.string(videocontent),tvshows) | StringCompare(skin.string(videocontent),episodes)</visible>
	</control>
	<control type="radiobutton" id="19265"><!-- Sets --><!-- 65 -->
	<radioposx>894</radioposx>
	<label>31820</label>
	<onclick>Skin.ToggleSetting(viewsets_video)</onclick>
	<onclick condition="!Skin.HasSetting(viewsets_video)">Skin.SetString(setviewvideo,65)</onclick>
	<onclick condition="!Skin.HasSetting(viewsets_video) + Skin.HasSetting(clickactivateview_video)">back</onclick>
	<selected>Skin.HasSetting(viewsets_video)</selected>
	<visible>StringCompare(skin.string(videocontent),movies) | StringCompare(skin.string(videocontent),sets)</visible>	
	</control>
	</control>
	<control type="scrollbar" id="9031">
	<include>ScrollBar_Vertical</include>
	<left>1160</left>
	<top>100</top>
	<width>65</width>
	<height>600</height>
	<onleft>9030</onleft>
	<onright>9030</onright>
	</control>
	</control>
	</controls>
</window>