<?xml version="1.0" encoding="UTF-8"?>
<window id="6103" type="dialog"><!-- Aeon MQ 6 --><!-- V-Playlist 3 -->
	<defaultcontrol>-</defaultcontrol>
	<include>SubMenuCommon</include>
	<controls>
	<control type="group">
	<include condition="Window.IsVisible(6000)">MenuCustom</include>
	<control type="group"><!-- default group -->
	<include>Animation_SubMenu</include>
	<include condition="Window.IsVisible(6000)">SubmenuGoTo</include>
	<include condition="Window.IsVisible(Home)">SubMenuDefault</include>
	<control type="panel" id="9000">
	<include condition="Window.IsVisible(6000)">SubmenuVList</include>
	<include condition="Window.IsVisible(Home)">SubmenuHList</include>
	<content>
	<item>
	<label fallback="31014">$VAR[value_menu10301.label]</label>
	<property name="condition">$INFO[skin.string(menu10301.visible)]</property>
	<property name="name">menu10301</property>
	<property name="id">$INFO[skin.string(menu10301.master)]</property>
	<onclick condition="Window.IsVisible(6000)">SetFocus(5000)</onclick>
	<onclick condition="Window.IsVisible(Home)">Dialog.Close(6103)</onclick>
	<onclick condition="Window.IsVisible(Home)">Skin.SetString(submenu_action,$VAR[value_menu10301.action])</onclick>
	<visible>![IsEmpty(skin.string(menu10301.master)) | SubString(skin.string(menu10301.visible),off)] | Window.IsVisible(6000)</visible>
	</item>
	<item>
	<label fallback="31014">$VAR[value_menu10302.label]</label>
	<property name="condition">$INFO[skin.string(menu10302.visible)]</property>
	<property name="name">menu10302</property>
	<property name="id">$INFO[skin.string(menu10302.master)]</property>
	<onclick condition="Window.IsVisible(6000)">SetFocus(5000)</onclick>
	<onclick condition="Window.IsVisible(Home)">Dialog.Close(6103)</onclick>
	<onclick condition="Window.IsVisible(Home)">Skin.SetString(submenu_action,$VAR[value_menu10302.action])</onclick>
	<visible>![IsEmpty(skin.string(menu10302.master)) | SubString(skin.string(menu10302.visible),off)] | Window.IsVisible(6000)</visible>
	</item>
	<item>
	<label fallback="31014">$VAR[value_menu10303.label]</label>
	<property name="condition">$INFO[skin.string(menu10303.visible)]</property>
	<property name="name">menu10303</property>
	<property name="id">$INFO[skin.string(menu10303.master)]</property>
	<onclick condition="Window.IsVisible(6000)">SetFocus(5000)</onclick>
	<onclick condition="Window.IsVisible(Home)">Dialog.Close(6103)</onclick>
	<onclick condition="Window.IsVisible(Home)">Skin.SetString(submenu_action,$VAR[value_menu10303.action])</onclick>
	<visible>![IsEmpty(skin.string(menu10303.master)) | SubString(skin.string(menu10303.visible),off)] | Window.IsVisible(6000)</visible>
	</item>
	<item>
	<label fallback="31014">$VAR[value_menu10304.label]</label>
	<property name="condition">$INFO[skin.string(menu10304.visible)]</property>
	<property name="name">menu10304</property>
	<property name="id">$INFO[skin.string(menu10304.master)]</property>
	<onclick condition="Window.IsVisible(6000)">SetFocus(5000)</onclick>
	<onclick condition="Window.IsVisible(Home)">Dialog.Close(6103)</onclick>
	<onclick condition="Window.IsVisible(Home)">Skin.SetString(submenu_action,$VAR[value_menu10304.action])</onclick>
	<visible>![IsEmpty(skin.string(menu10304.master)) | SubString(skin.string(menu10304.visible),off)] | Window.IsVisible(6000)</visible>
	</item>
	<item>
	<label fallback="31014">$VAR[value_menu10305.label]</label>
	<property name="condition">$INFO[skin.string(menu10305.visible)]</property>
	<property name="name">menu10305</property>
	<property name="id">$INFO[skin.string(menu10305.master)]</property>
	<onclick condition="Window.IsVisible(6000)">SetFocus(5000)</onclick>
	<onclick condition="Window.IsVisible(Home)">Dialog.Close(6103)</onclick>
	<onclick condition="Window.IsVisible(Home)">Skin.SetString(submenu_action,$VAR[value_menu10305.action])</onclick>
	<visible>![IsEmpty(skin.string(menu10305.master)) | SubString(skin.string(menu10305.visible),off)] | Window.IsVisible(6000)</visible>
	</item>
	<item>
	<label fallback="31014">$VAR[value_menu10306.label]</label>
	<property name="condition">$INFO[skin.string(menu10306.visible)]</property>
	<property name="name">menu10306</property>
	<property name="id">$INFO[skin.string(menu10306.master)]</property>
	<onclick condition="Window.IsVisible(6000)">SetFocus(5000)</onclick>
	<onclick condition="Window.IsVisible(Home)">Dialog.Close(6103)</onclick>
	<onclick condition="Window.IsVisible(Home)">Skin.SetString(submenu_action,$VAR[value_menu10306.action])</onclick>
	<visible>![IsEmpty(skin.string(menu10306.master)) | SubString(skin.string(menu10306.visible),off)] | Window.IsVisible(6000)</visible>
	</item>
	<item>
	<label fallback="31014">$VAR[value_menu10307.label]</label>
	<property name="condition">$INFO[skin.string(menu10307.visible)]</property>
	<property name="name">menu10307</property>
	<property name="id">$INFO[skin.string(menu10307.master)]</property>
	<onclick condition="Window.IsVisible(6000)">SetFocus(5000)</onclick>
	<onclick condition="Window.IsVisible(Home)">Dialog.Close(6103)</onclick>
	<onclick condition="Window.IsVisible(Home)">Skin.SetString(submenu_action,$VAR[value_menu10307.action])</onclick>
	<visible>![IsEmpty(skin.string(menu10307.master)) | SubString(skin.string(menu10307.visible),off)] | Window.IsVisible(6000)</visible>
	</item>
	<item>
	<label fallback="31014">$VAR[value_menu10308.label]</label>
	<property name="condition">$INFO[skin.string(menu10308.visible)]</property>
	<property name="name">menu10308</property>
	<property name="id">$INFO[skin.string(menu10308.master)]</property>
	<onclick condition="Window.IsVisible(6000)">SetFocus(5000)</onclick>
	<onclick condition="Window.IsVisible(Home)">Dialog.Close(6103)</onclick>
	<onclick condition="Window.IsVisible(Home)">Skin.SetString(submenu_action,$VAR[value_menu10308.action])</onclick>
	<visible>![IsEmpty(skin.string(menu10308.master)) | SubString(skin.string(menu10308.visible),off)] | Window.IsVisible(6000)</visible>
	</item>
	<item>
	<label fallback="31014">$VAR[value_menu10309.label]</label>
	<property name="condition">$INFO[skin.string(menu10309.visible)]</property>
	<property name="name">menu10309</property>
	<property name="id">$INFO[skin.string(menu10309.master)]</property>
	<onclick condition="Window.IsVisible(6000)">SetFocus(5000)</onclick>
	<onclick condition="Window.IsVisible(Home)">Dialog.Close(6103)</onclick>
	<onclick condition="Window.IsVisible(Home)">Skin.SetString(submenu_action,$VAR[value_menu10309.action])</onclick>
	<visible>![IsEmpty(skin.string(menu10309.master)) | SubString(skin.string(menu10309.visible),off)] | Window.IsVisible(6000)</visible>
	</item>
	<item>
	<label fallback="31014">$VAR[value_menu10310.label]</label>
	<property name="condition">$INFO[skin.string(menu10310.visible)]</property>
	<property name="name">menu10310</property>
	<property name="id">$INFO[skin.string(menu10310.master)]</property>
	<onclick condition="Window.IsVisible(6000)">SetFocus(5000)</onclick>
	<onclick condition="Window.IsVisible(Home)">Dialog.Close(6103)</onclick>
	<onclick condition="Window.IsVisible(Home)">Skin.SetString(submenu_action,$VAR[value_menu10310.action])</onclick>
	<visible>![IsEmpty(skin.string(menu10310.master)) | SubString(skin.string(menu10310.visible),off)] | Window.IsVisible(6000)</visible>
	</item>
	<item>
	<label fallback="31014">$VAR[value_menu10311.label]</label>
	<property name="condition">$INFO[skin.string(menu10311.visible)]</property>
	<property name="name">menu10311</property>
	<property name="id">$INFO[skin.string(menu10311.master)]</property>
	<onclick condition="Window.IsVisible(6000)">SetFocus(5000)</onclick>
	<onclick condition="Window.IsVisible(Home)">Dialog.Close(6103)</onclick>
	<onclick condition="Window.IsVisible(Home)">Skin.SetString(submenu_action,$VAR[value_menu10311.action])</onclick>
	<visible>![IsEmpty(skin.string(menu10311.master)) | SubString(skin.string(menu10311.visible),off)] | Window.IsVisible(6000)</visible>
	</item>
	<item>
	<label fallback="31014">$VAR[value_menu10312.label]</label>
	<property name="condition">$INFO[skin.string(menu10312.visible)]</property>
	<property name="name">menu10312</property>
	<property name="id">$INFO[skin.string(menu10312.master)]</property>
	<onclick condition="Window.IsVisible(6000)">SetFocus(5000)</onclick>
	<onclick condition="Window.IsVisible(Home)">Dialog.Close(6103)</onclick>
	<onclick condition="Window.IsVisible(Home)">Skin.SetString(submenu_action,$VAR[value_menu10312.action])</onclick>
	<visible>![IsEmpty(skin.string(menu10312.master)) | SubString(skin.string(menu10312.visible),off)] | Window.IsVisible(6000)</visible>
	</item>
	<item>
	<label fallback="31014">$VAR[value_menu10313.label]</label>
	<property name="condition">$INFO[skin.string(menu10313.visible)]</property>
	<property name="name">menu10313</property>
	<property name="id">$INFO[skin.string(menu10313.master)]</property>
	<onclick condition="Window.IsVisible(6000)">SetFocus(5000)</onclick>
	<onclick condition="Window.IsVisible(Home)">Dialog.Close(6103)</onclick>
	<onclick condition="Window.IsVisible(Home)">Skin.SetString(submenu_action,$VAR[value_menu10313.action])</onclick>
	<visible>![IsEmpty(skin.string(menu10313.master)) | SubString(skin.string(menu10313.visible),off)] | Window.IsVisible(6000)</visible>
	</item>
	<item>
	<label fallback="31014">$VAR[value_menu10314.label]</label>
	<property name="condition">$INFO[skin.string(menu10314.visible)]</property>
	<property name="name">menu10314</property>
	<property name="id">$INFO[skin.string(menu10314.master)]</property>
	<onclick condition="Window.IsVisible(6000)">SetFocus(5000)</onclick>
	<onclick condition="Window.IsVisible(Home)">Dialog.Close(6103)</onclick>
	<onclick condition="Window.IsVisible(Home)">Skin.SetString(submenu_action,$VAR[value_menu10314.action])</onclick>
	<visible>![IsEmpty(skin.string(menu10314.master)) | SubString(skin.string(menu10314.visible),off)] | Window.IsVisible(6000)</visible>
	</item>
	<item>
	<label fallback="31014">$VAR[value_menu10315.label]</label>
	<property name="condition">$INFO[skin.string(menu10315.visible)]</property>
	<property name="name">menu10315</property>
	<property name="id">$INFO[skin.string(menu10315.master)]</property>
	<onclick condition="Window.IsVisible(6000)">SetFocus(5000)</onclick>
	<onclick condition="Window.IsVisible(Home)">Dialog.Close(6103)</onclick>
	<onclick condition="Window.IsVisible(Home)">Skin.SetString(submenu_action,$VAR[value_menu10315.action])</onclick>
	<visible>![IsEmpty(skin.string(menu10315.master)) | SubString(skin.string(menu10315.visible),off)] | Window.IsVisible(6000)</visible>
	</item>
	</content>
	</control>
	<include condition="Window.IsVisible(6000)">Glass</include>
	</control>
	</control>
	</controls>
</window>