<?xml version="1.0" encoding="UTF-8"?>
<window id="6409" type="dialog"><!-- Aeon MQ 6 --><!-- Favorito 9 -->
	<defaultcontrol>-</defaultcontrol>
	<include>SubMenuCommon</include>
	<controls>
	<control type="group">
	<include condition="Window.IsVisible(6000)">MenuCustom</include>
	<control type="group"><!-- default group -->
	<include>Animation_SubMenu</include>
	<include condition="Window.IsVisible(6000)">SubmenuGoTo</include>
	<include condition="Window.IsVisible(Home)">SubMenuDefault</include>
	<control type="panel" id="9000">
	<include condition="Window.IsVisible(6000)">SubmenuVList</include>
	<include condition="Window.IsVisible(Home)">SubmenuHList</include>
	<content>
	<item>
	<label fallback="31014">$VAR[value_menu40901.label]</label>
	<property name="condition">$INFO[skin.string(menu40901.visible)]</property>
	<property name="name">menu40901</property>
	<property name="id">$INFO[skin.string(menu40901.master)]</property>
	<onclick condition="Window.IsVisible(6000)">SetFocus(5000)</onclick>
	<onclick condition="Window.IsVisible(Home)">Dialog.Close(6409)</onclick>
	<onclick condition="Window.IsVisible(Home)">Skin.SetString(submenu_action,$VAR[value_menu40901.action])</onclick>
	<visible>![IsEmpty(skin.string(menu40901.master)) | SubString(skin.string(menu40901.visible),off)] | Window.IsVisible(6000)</visible>
	</item>
	<item>
	<label fallback="31014">$VAR[value_menu40902.label]</label>
	<property name="condition">$INFO[skin.string(menu40902.visible)]</property>
	<property name="name">menu40902</property>
	<property name="id">$INFO[skin.string(menu40902.master)]</property>
	<onclick condition="Window.IsVisible(6000)">SetFocus(5000)</onclick>
	<onclick condition="Window.IsVisible(Home)">Dialog.Close(6409)</onclick>
	<onclick condition="Window.IsVisible(Home)">Skin.SetString(submenu_action,$VAR[value_menu40902.action])</onclick>
	<visible>![IsEmpty(skin.string(menu40902.master)) | SubString(skin.string(menu40902.visible),off)] | Window.IsVisible(6000)</visible>
	</item>
	<item>
	<label fallback="31014">$VAR[value_menu40903.label]</label>
	<property name="condition">$INFO[skin.string(menu40903.visible)]</property>
	<property name="name">menu40903</property>
	<property name="id">$INFO[skin.string(menu40903.master)]</property>
	<onclick condition="Window.IsVisible(6000)">SetFocus(5000)</onclick>
	<onclick condition="Window.IsVisible(Home)">Dialog.Close(6409)</onclick>
	<onclick condition="Window.IsVisible(Home)">Skin.SetString(submenu_action,$VAR[value_menu40903.action])</onclick>
	<visible>![IsEmpty(skin.string(menu40903.master)) | SubString(skin.string(menu40903.visible),off)] | Window.IsVisible(6000)</visible>
	</item>
	<item>
	<label fallback="31014">$VAR[value_menu40904.label]</label>
	<property name="condition">$INFO[skin.string(menu40904.visible)]</property>
	<property name="name">menu40904</property>
	<property name="id">$INFO[skin.string(menu40904.master)]</property>
	<onclick condition="Window.IsVisible(6000)">SetFocus(5000)</onclick>
	<onclick condition="Window.IsVisible(Home)">Dialog.Close(6409)</onclick>
	<onclick condition="Window.IsVisible(Home)">Skin.SetString(submenu_action,$VAR[value_menu40904.action])</onclick>
	<visible>![IsEmpty(skin.string(menu40904.master)) | SubString(skin.string(menu40904.visible),off)] | Window.IsVisible(6000)</visible>
	</item>
	<item>
	<label fallback="31014">$VAR[value_menu40905.label]</label>
	<property name="condition">$INFO[skin.string(menu40905.visible)]</property>
	<property name="name">menu40905</property>
	<property name="id">$INFO[skin.string(menu40905.master)]</property>
	<onclick condition="Window.IsVisible(6000)">SetFocus(5000)</onclick>
	<onclick condition="Window.IsVisible(Home)">Dialog.Close(6409)</onclick>
	<onclick condition="Window.IsVisible(Home)">Skin.SetString(submenu_action,$VAR[value_menu40905.action])</onclick>
	<visible>![IsEmpty(skin.string(menu40905.master)) | SubString(skin.string(menu40905.visible),off)] | Window.IsVisible(6000)</visible>
	</item>
	<item>
	<label fallback="31014">$VAR[value_menu40906.label]</label>
	<property name="condition">$INFO[skin.string(menu40906.visible)]</property>
	<property name="name">menu40906</property>
	<property name="id">$INFO[skin.string(menu40906.master)]</property>
	<onclick condition="Window.IsVisible(6000)">SetFocus(5000)</onclick>
	<onclick condition="Window.IsVisible(Home)">Dialog.Close(6409)</onclick>
	<onclick condition="Window.IsVisible(Home)">Skin.SetString(submenu_action,$VAR[value_menu40906.action])</onclick>
	<visible>![IsEmpty(skin.string(menu40906.master)) | SubString(skin.string(menu40906.visible),off)] | Window.IsVisible(6000)</visible>
	</item>
	<item>
	<label fallback="31014">$VAR[value_menu40907.label]</label>
	<property name="condition">$INFO[skin.string(menu40907.visible)]</property>
	<property name="name">menu40907</property>
	<property name="id">$INFO[skin.string(menu40907.master)]</property>
	<onclick condition="Window.IsVisible(6000)">SetFocus(5000)</onclick>
	<onclick condition="Window.IsVisible(Home)">Dialog.Close(6409)</onclick>
	<onclick condition="Window.IsVisible(Home)">Skin.SetString(submenu_action,$VAR[value_menu40907.action])</onclick>
	<visible>![IsEmpty(skin.string(menu40907.master)) | SubString(skin.string(menu40907.visible),off)] | Window.IsVisible(6000)</visible>
	</item>
	<item>
	<label fallback="31014">$VAR[value_menu40908.label]</label>
	<property name="condition">$INFO[skin.string(menu40908.visible)]</property>
	<property name="name">menu40908</property>
	<property name="id">$INFO[skin.string(menu40908.master)]</property>
	<onclick condition="Window.IsVisible(6000)">SetFocus(5000)</onclick>
	<onclick condition="Window.IsVisible(Home)">Dialog.Close(6409)</onclick>
	<onclick condition="Window.IsVisible(Home)">Skin.SetString(submenu_action,$VAR[value_menu40908.action])</onclick>
	<visible>![IsEmpty(skin.string(menu40908.master)) | SubString(skin.string(menu40908.visible),off)] | Window.IsVisible(6000)</visible>
	</item>
	<item>
	<label fallback="31014">$VAR[value_menu40909.label]</label>
	<property name="condition">$INFO[skin.string(menu40909.visible)]</property>
	<property name="name">menu40909</property>
	<property name="id">$INFO[skin.string(menu40909.master)]</property>
	<onclick condition="Window.IsVisible(6000)">SetFocus(5000)</onclick>
	<onclick condition="Window.IsVisible(Home)">Dialog.Close(6409)</onclick>
	<onclick condition="Window.IsVisible(Home)">Skin.SetString(submenu_action,$VAR[value_menu40909.action])</onclick>
	<visible>![IsEmpty(skin.string(menu40909.master)) | SubString(skin.string(menu40909.visible),off)] | Window.IsVisible(6000)</visible>
	</item>
	<item>
	<label fallback="31014">$VAR[value_menu40910.label]</label>
	<property name="condition">$INFO[skin.string(menu40910.visible)]</property>
	<property name="name">menu40910</property>
	<property name="id">$INFO[skin.string(menu40910.master)]</property>
	<onclick condition="Window.IsVisible(6000)">SetFocus(5000)</onclick>
	<onclick condition="Window.IsVisible(Home)">Dialog.Close(6409)</onclick>
	<onclick condition="Window.IsVisible(Home)">Skin.SetString(submenu_action,$VAR[value_menu40910.action])</onclick>
	<visible>![IsEmpty(skin.string(menu40910.master)) | SubString(skin.string(menu40910.visible),off)] | Window.IsVisible(6000)</visible>
	</item>
	<item>
	<label fallback="31014">$VAR[value_menu40911.label]</label>
	<property name="condition">$INFO[skin.string(menu40911.visible)]</property>
	<property name="name">menu40911</property>
	<property name="id">$INFO[skin.string(menu40911.master)]</property>
	<onclick condition="Window.IsVisible(6000)">SetFocus(5000)</onclick>
	<onclick condition="Window.IsVisible(Home)">Dialog.Close(6409)</onclick>
	<onclick condition="Window.IsVisible(Home)">Skin.SetString(submenu_action,$VAR[value_menu40911.action])</onclick>
	<visible>![IsEmpty(skin.string(menu40911.master)) | SubString(skin.string(menu40911.visible),off)] | Window.IsVisible(6000)</visible>
	</item>
	<item>
	<label fallback="31014">$VAR[value_menu40912.label]</label>
	<property name="condition">$INFO[skin.string(menu40912.visible)]</property>
	<property name="name">menu40912</property>
	<property name="id">$INFO[skin.string(menu40912.master)]</property>
	<onclick condition="Window.IsVisible(6000)">SetFocus(5000)</onclick>
	<onclick condition="Window.IsVisible(Home)">Dialog.Close(6409)</onclick>
	<onclick condition="Window.IsVisible(Home)">Skin.SetString(submenu_action,$VAR[value_menu40912.action])</onclick>
	<visible>![IsEmpty(skin.string(menu40912.master)) | SubString(skin.string(menu40912.visible),off)] | Window.IsVisible(6000)</visible>
	</item>
	<item>
	<label fallback="31014">$VAR[value_menu40913.label]</label>
	<property name="condition">$INFO[skin.string(menu40913.visible)]</property>
	<property name="name">menu40913</property>
	<property name="id">$INFO[skin.string(menu40913.master)]</property>
	<onclick condition="Window.IsVisible(6000)">SetFocus(5000)</onclick>
	<onclick condition="Window.IsVisible(Home)">Dialog.Close(6409)</onclick>
	<onclick condition="Window.IsVisible(Home)">Skin.SetString(submenu_action,$VAR[value_menu40913.action])</onclick>
	<visible>![IsEmpty(skin.string(menu40913.master)) | SubString(skin.string(menu40913.visible),off)] | Window.IsVisible(6000)</visible>
	</item>
	<item>
	<label fallback="31014">$VAR[value_menu40914.label]</label>
	<property name="condition">$INFO[skin.string(menu40914.visible)]</property>
	<property name="name">menu40914</property>
	<property name="id">$INFO[skin.string(menu40914.master)]</property>
	<onclick condition="Window.IsVisible(6000)">SetFocus(5000)</onclick>
	<onclick condition="Window.IsVisible(Home)">Dialog.Close(6409)</onclick>
	<onclick condition="Window.IsVisible(Home)">Skin.SetString(submenu_action,$VAR[value_menu40914.action])</onclick>
	<visible>![IsEmpty(skin.string(menu40914.master)) | SubString(skin.string(menu40914.visible),off)] | Window.IsVisible(6000)</visible>
	</item>
	<item>
	<label fallback="31014">$VAR[value_menu40915.label]</label>
	<property name="condition">$INFO[skin.string(menu40915.visible)]</property>
	<property name="name">menu40915</property>
	<property name="id">$INFO[skin.string(menu40915.master)]</property>
	<onclick condition="Window.IsVisible(6000)">SetFocus(5000)</onclick>
	<onclick condition="Window.IsVisible(Home)">Dialog.Close(6409)</onclick>
	<onclick condition="Window.IsVisible(Home)">Skin.SetString(submenu_action,$VAR[value_menu40915.action])</onclick>
	<visible>![IsEmpty(skin.string(menu40915.master)) | SubString(skin.string(menu40915.visible),off)] | Window.IsVisible(6000)</visible>
	</item>
	</content>
	</control>
	<include condition="Window.IsVisible(6000)">Glass</include>
	</control>
	</control>
	</controls>
</window>