<?xml version="1.0" encoding="UTF-8"?>
<window id="6306" type="dialog"><!-- Aeon MQ 6 --><!-- Vnode 6 -->
	<defaultcontrol>-</defaultcontrol>
	<include>SubMenuCommon</include>
	<controls>
	<control type="group">
	<include condition="Window.IsVisible(6000)">MenuCustom</include>
	<control type="group"><!-- default group -->
	<include>Animation_SubMenu</include>
	<include condition="Window.IsVisible(6000)">SubmenuGoTo</include>
	<include condition="Window.IsVisible(Home)">SubMenuDefault</include>
	<control type="panel" id="9000">
	<include condition="Window.IsVisible(6000)">SubmenuVList</include>
	<include condition="Window.IsVisible(Home)">SubmenuHList</include>
	<content>
	<item>
	<label fallback="31014">$VAR[value_menu30601.label]</label>
	<property name="condition">$INFO[skin.string(menu30601.visible)]</property>
	<property name="name">menu30601</property>
	<property name="id">$INFO[skin.string(menu30601.master)]</property>
	<onclick condition="Window.IsVisible(6000)">SetFocus(5000)</onclick>
	<onclick condition="Window.IsVisible(Home)">Dialog.Close(6306)</onclick>
	<onclick condition="Window.IsVisible(Home)">Skin.SetString(submenu_action,$VAR[value_menu30601.action])</onclick>
	<visible>![IsEmpty(skin.string(menu30601.master)) | SubString(skin.string(menu30601.visible),off)] | Window.IsVisible(6000)</visible>
	</item>
	<item>
	<label fallback="31014">$VAR[value_menu30602.label]</label>
	<property name="condition">$INFO[skin.string(menu30602.visible)]</property>
	<property name="name">menu30602</property>
	<property name="id">$INFO[skin.string(menu30602.master)]</property>
	<onclick condition="Window.IsVisible(6000)">SetFocus(5000)</onclick>
	<onclick condition="Window.IsVisible(Home)">Dialog.Close(6306)</onclick>
	<onclick condition="Window.IsVisible(Home)">Skin.SetString(submenu_action,$VAR[value_menu30602.action])</onclick>
	<visible>![IsEmpty(skin.string(menu30602.master)) | SubString(skin.string(menu30602.visible),off)] | Window.IsVisible(6000)</visible>
	</item>
	<item>
	<label fallback="31014">$VAR[value_menu30603.label]</label>
	<property name="condition">$INFO[skin.string(menu30603.visible)]</property>
	<property name="name">menu30603</property>
	<property name="id">$INFO[skin.string(menu30603.master)]</property>
	<onclick condition="Window.IsVisible(6000)">SetFocus(5000)</onclick>
	<onclick condition="Window.IsVisible(Home)">Dialog.Close(6306)</onclick>
	<onclick condition="Window.IsVisible(Home)">Skin.SetString(submenu_action,$VAR[value_menu30603.action])</onclick>
	<visible>![IsEmpty(skin.string(menu30603.master)) | SubString(skin.string(menu30603.visible),off)] | Window.IsVisible(6000)</visible>
	</item>
	<item>
	<label fallback="31014">$VAR[value_menu30604.label]</label>
	<property name="condition">$INFO[skin.string(menu30604.visible)]</property>
	<property name="name">menu30604</property>
	<property name="id">$INFO[skin.string(menu30604.master)]</property>
	<onclick condition="Window.IsVisible(6000)">SetFocus(5000)</onclick>
	<onclick condition="Window.IsVisible(Home)">Dialog.Close(6306)</onclick>
	<onclick condition="Window.IsVisible(Home)">Skin.SetString(submenu_action,$VAR[value_menu30604.action])</onclick>
	<visible>![IsEmpty(skin.string(menu30604.master)) | SubString(skin.string(menu30604.visible),off)] | Window.IsVisible(6000)</visible>
	</item>
	<item>
	<label fallback="31014">$VAR[value_menu30605.label]</label>
	<property name="condition">$INFO[skin.string(menu30605.visible)]</property>
	<property name="name">menu30605</property>
	<property name="id">$INFO[skin.string(menu30605.master)]</property>
	<onclick condition="Window.IsVisible(6000)">SetFocus(5000)</onclick>
	<onclick condition="Window.IsVisible(Home)">Dialog.Close(6306)</onclick>
	<onclick condition="Window.IsVisible(Home)">Skin.SetString(submenu_action,$VAR[value_menu30605.action])</onclick>
	<visible>![IsEmpty(skin.string(menu30605.master)) | SubString(skin.string(menu30605.visible),off)] | Window.IsVisible(6000)</visible>
	</item>
	<item>
	<label fallback="31014">$VAR[value_menu30606.label]</label>
	<property name="condition">$INFO[skin.string(menu30606.visible)]</property>
	<property name="name">menu30606</property>
	<property name="id">$INFO[skin.string(menu30606.master)]</property>
	<onclick condition="Window.IsVisible(6000)">SetFocus(5000)</onclick>
	<onclick condition="Window.IsVisible(Home)">Dialog.Close(6306)</onclick>
	<onclick condition="Window.IsVisible(Home)">Skin.SetString(submenu_action,$VAR[value_menu30606.action])</onclick>
	<visible>![IsEmpty(skin.string(menu30606.master)) | SubString(skin.string(menu30606.visible),off)] | Window.IsVisible(6000)</visible>
	</item>
	<item>
	<label fallback="31014">$VAR[value_menu30607.label]</label>
	<property name="condition">$INFO[skin.string(menu30607.visible)]</property>
	<property name="name">menu30607</property>
	<property name="id">$INFO[skin.string(menu30607.master)]</property>
	<onclick condition="Window.IsVisible(6000)">SetFocus(5000)</onclick>
	<onclick condition="Window.IsVisible(Home)">Dialog.Close(6306)</onclick>
	<onclick condition="Window.IsVisible(Home)">Skin.SetString(submenu_action,$VAR[value_menu30607.action])</onclick>
	<visible>![IsEmpty(skin.string(menu30607.master)) | SubString(skin.string(menu30607.visible),off)] | Window.IsVisible(6000)</visible>
	</item>
	<item>
	<label fallback="31014">$VAR[value_menu30608.label]</label>
	<property name="condition">$INFO[skin.string(menu30608.visible)]</property>
	<property name="name">menu30608</property>
	<property name="id">$INFO[skin.string(menu30608.master)]</property>
	<onclick condition="Window.IsVisible(6000)">SetFocus(5000)</onclick>
	<onclick condition="Window.IsVisible(Home)">Dialog.Close(6306)</onclick>
	<onclick condition="Window.IsVisible(Home)">Skin.SetString(submenu_action,$VAR[value_menu30608.action])</onclick>
	<visible>![IsEmpty(skin.string(menu30608.master)) | SubString(skin.string(menu30608.visible),off)] | Window.IsVisible(6000)</visible>
	</item>
	<item>
	<label fallback="31014">$VAR[value_menu30609.label]</label>
	<property name="condition">$INFO[skin.string(menu30609.visible)]</property>
	<property name="name">menu30609</property>
	<property name="id">$INFO[skin.string(menu30609.master)]</property>
	<onclick condition="Window.IsVisible(6000)">SetFocus(5000)</onclick>
	<onclick condition="Window.IsVisible(Home)">Dialog.Close(6306)</onclick>
	<onclick condition="Window.IsVisible(Home)">Skin.SetString(submenu_action,$VAR[value_menu30609.action])</onclick>
	<visible>![IsEmpty(skin.string(menu30609.master)) | SubString(skin.string(menu30609.visible),off)] | Window.IsVisible(6000)</visible>
	</item>
	<item>
	<label fallback="31014">$VAR[value_menu30610.label]</label>
	<property name="condition">$INFO[skin.string(menu30610.visible)]</property>
	<property name="name">menu30610</property>
	<property name="id">$INFO[skin.string(menu30610.master)]</property>
	<onclick condition="Window.IsVisible(6000)">SetFocus(5000)</onclick>
	<onclick condition="Window.IsVisible(Home)">Dialog.Close(6306)</onclick>
	<onclick condition="Window.IsVisible(Home)">Skin.SetString(submenu_action,$VAR[value_menu30610.action])</onclick>
	<visible>![IsEmpty(skin.string(menu30610.master)) | SubString(skin.string(menu30610.visible),off)] | Window.IsVisible(6000)</visible>
	</item>
	<item>
	<label fallback="31014">$VAR[value_menu30611.label]</label>
	<property name="condition">$INFO[skin.string(menu30611.visible)]</property>
	<property name="name">menu30611</property>
	<property name="id">$INFO[skin.string(menu30611.master)]</property>
	<onclick condition="Window.IsVisible(6000)">SetFocus(5000)</onclick>
	<onclick condition="Window.IsVisible(Home)">Dialog.Close(6306)</onclick>
	<onclick condition="Window.IsVisible(Home)">Skin.SetString(submenu_action,$VAR[value_menu30611.action])</onclick>
	<visible>![IsEmpty(skin.string(menu30611.master)) | SubString(skin.string(menu30611.visible),off)] | Window.IsVisible(6000)</visible>
	</item>
	<item>
	<label fallback="31014">$VAR[value_menu30612.label]</label>
	<property name="condition">$INFO[skin.string(menu30612.visible)]</property>
	<property name="name">menu30612</property>
	<property name="id">$INFO[skin.string(menu30612.master)]</property>
	<onclick condition="Window.IsVisible(6000)">SetFocus(5000)</onclick>
	<onclick condition="Window.IsVisible(Home)">Dialog.Close(6306)</onclick>
	<onclick condition="Window.IsVisible(Home)">Skin.SetString(submenu_action,$VAR[value_menu30612.action])</onclick>
	<visible>![IsEmpty(skin.string(menu30612.master)) | SubString(skin.string(menu30612.visible),off)] | Window.IsVisible(6000)</visible>
	</item>
	<item>
	<label fallback="31014">$VAR[value_menu30613.label]</label>
	<property name="condition">$INFO[skin.string(menu30613.visible)]</property>
	<property name="name">menu30613</property>
	<property name="id">$INFO[skin.string(menu30613.master)]</property>
	<onclick condition="Window.IsVisible(6000)">SetFocus(5000)</onclick>
	<onclick condition="Window.IsVisible(Home)">Dialog.Close(6306)</onclick>
	<onclick condition="Window.IsVisible(Home)">Skin.SetString(submenu_action,$VAR[value_menu30613.action])</onclick>
	<visible>![IsEmpty(skin.string(menu30613.master)) | SubString(skin.string(menu30613.visible),off)] | Window.IsVisible(6000)</visible>
	</item>
	<item>
	<label fallback="31014">$VAR[value_menu30614.label]</label>
	<property name="condition">$INFO[skin.string(menu30614.visible)]</property>
	<property name="name">menu30614</property>
	<property name="id">$INFO[skin.string(menu30614.master)]</property>
	<onclick condition="Window.IsVisible(6000)">SetFocus(5000)</onclick>
	<onclick condition="Window.IsVisible(Home)">Dialog.Close(6306)</onclick>
	<onclick condition="Window.IsVisible(Home)">Skin.SetString(submenu_action,$VAR[value_menu30614.action])</onclick>
	<visible>![IsEmpty(skin.string(menu30614.master)) | SubString(skin.string(menu30614.visible),off)] | Window.IsVisible(6000)</visible>
	</item>
	<item>
	<label fallback="31014">$VAR[value_menu30615.label]</label>
	<property name="condition">$INFO[skin.string(menu30615.visible)]</property>
	<property name="name">menu30615</property>
	<property name="id">$INFO[skin.string(menu30615.master)]</property>
	<onclick condition="Window.IsVisible(6000)">SetFocus(5000)</onclick>
	<onclick condition="Window.IsVisible(Home)">Dialog.Close(6306)</onclick>
	<onclick condition="Window.IsVisible(Home)">Skin.SetString(submenu_action,$VAR[value_menu30615.action])</onclick>
	<visible>![IsEmpty(skin.string(menu30615.master)) | SubString(skin.string(menu30615.visible),off)] | Window.IsVisible(6000)</visible>
	</item>
	</content>
	</control>
	<include condition="Window.IsVisible(6000)">Glass</include>
	</control>
	</control>
	</controls>
</window>