<?xml version="1.0" encoding="UTF-8"?>
<window id="5099" type="dialog"><!-- Aeon MQ 6 --><!-- SubMenu Smart - 99 -->
	<defaultcontrol>-</defaultcontrol>
	<onload condition="!StringCompare(Container(9000).numitems,0)">SetFocus(9000)</onload>
	<onload condition="StringCompare(Container(9000).numitems,0)">SetFocus(9101)</onload>
	<onunload>Skin.Reset(submode)</onunload>
	<onunload condition="Skin.HasSetting(kioskcode)">Skin.Reset($INFO[skin.string(custom_code)])</onunload>
	<controls>
	<control type="group">
	<control type="group"><!-- default group -->
	<include>Animation_SubMenu</include>
	<include>SubMenuDefault</include>
	<control type="panel" id="9000">
	<include>SubmenuHList</include>
	<content>
	<item><!-- Shutdown -->
	<label>31144</label>
	<onclick>XBMC.ShutDown()</onclick>
	</item>
	<item><!-- Exit -->
	<label>31012</label>
	<onclick>XBMC.Quit()</onclick>
	</item>
	<item><!-- PowerDown -->
	<label>31058</label>
	<onclick>XBMC.PowerDown()</onclick>
	</item>
	<item><!-- Customizar Menu -->
	<label>31207</label>
	<onclick>Dialog.Close(5099)</onclick>
	<onclick>ActivateWindow(6000)</onclick>
	<onclick>Skin.SetBool(custommode)</onclick>
	<visible>![Skin.HasSetting(kiosk) | Skin.HasSetting(kiosksmart) + !SubString(skin.string(codestep),step3)]</visible>
	</item>
	<item><!-- Ajustes da skin -->
	<label>31371</label>
	<onclick>Dialog.Close(5099)</onclick>
	<onclick>ActivateWindow(skinsettings)</onclick>
	<visible>![Skin.HasSetting(kiosk) | Skin.HasSetting(kiosksmart) + !SubString(skin.string(codestep),step3)]</visible>
	</item>
	<item><!-- Kiosk Code -->
	<label>$VAR[value_kioskcode]</label>
	<onclick>Skin.SetString(custom_code,codestep)</onclick>
	<onclick condition="!SubString(skin.string(codestep),step3)">SetFocus(9100)</onclick>
	<onclick condition="!SubString(skin.string(codestep),step3)">ActivateWindow(629)</onclick>
	<visible>Skin.HasSetting(kioskcode) + !SubString(skin.string(codestep),step3)</visible>
	</item>
	</content>
	</control>
	</control>
	</control>
	</controls>
</window>