<?xml version="1.0" encoding="UTF-8"?>
<window id="6025" type="dialog"><!-- Aeon MQ 6 --><!-- Meu Menu 5 -->
	<defaultcontrol>-</defaultcontrol>
	<include>SubMenuCommon</include>
	<controls>
	<control type="group">
	<include condition="Window.IsVisible(6000)">MenuCustom</include>
	<control type="group"><!-- default group -->
	<include>Animation_SubMenu</include>
	<include condition="Window.IsVisible(6000)">SubmenuGoTo</include>
	<include condition="Window.IsVisible(Home)">SubMenuDefault</include>
	<control type="panel" id="9000">
	<include condition="Window.IsVisible(6000)">SubmenuVList</include>
	<include condition="Window.IsVisible(Home)">SubmenuHList</include>
	<content>
	<item>
	<label fallback="31014">$VAR[value_menu2501.label]</label>
	<property name="condition">$INFO[skin.string(menu2501.visible)]</property>
	<property name="name">menu2501</property>
	<property name="id">$INFO[skin.string(menu2501.master)]</property>
	<onclick condition="Window.IsVisible(6000)">SetFocus(5000)</onclick>
	<onclick condition="Window.IsVisible(Home)">Dialog.Close(6022)</onclick>
	<onclick condition="Window.IsVisible(Home)">Skin.SetString(submenu_action,$VAR[value_menu2501.action])</onclick>
	<visible>![IsEmpty(skin.string(menu2501.master)) | SubString(skin.string(menu2501.visible),off)] | Window.IsVisible(6000)</visible>
	</item>
	<item>
	<label fallback="31014">$VAR[value_menu2502.label]</label>
	<property name="condition">$INFO[skin.string(menu2502.visible)]</property>
	<property name="name">menu2502</property>
	<property name="id">$INFO[skin.string(menu2502.master)]</property>
	<onclick condition="Window.IsVisible(6000)">SetFocus(5000)</onclick>
	<onclick condition="Window.IsVisible(Home)">Dialog.Close(6022)</onclick>
	<onclick condition="Window.IsVisible(Home)">Skin.SetString(submenu_action,$VAR[value_menu2502.action])</onclick>
	<visible>![IsEmpty(skin.string(menu2502.master)) | SubString(skin.string(menu2502.visible),off)] | Window.IsVisible(6000)</visible>
	</item>
	<item>
	<label fallback="31014">$VAR[value_menu2503.label]</label>
	<property name="condition">$INFO[skin.string(menu2503.visible)]</property>
	<property name="name">menu2503</property>
	<property name="id">$INFO[skin.string(menu2503.master)]</property>
	<onclick condition="Window.IsVisible(6000)">SetFocus(5000)</onclick>
	<onclick condition="Window.IsVisible(Home)">Dialog.Close(6022)</onclick>
	<onclick condition="Window.IsVisible(Home)">Skin.SetString(submenu_action,$VAR[value_menu2503.action])</onclick>
	<visible>![IsEmpty(skin.string(menu2503.master)) | SubString(skin.string(menu2503.visible),off)] | Window.IsVisible(6000)</visible>
	</item>
	<item>
	<label fallback="31014">$VAR[value_menu2504.label]</label>
	<property name="condition">$INFO[skin.string(menu2504.visible)]</property>
	<property name="name">menu2504</property>
	<property name="id">$INFO[skin.string(menu2504.master)]</property>
	<onclick condition="Window.IsVisible(6000)">SetFocus(5000)</onclick>
	<onclick condition="Window.IsVisible(Home)">Dialog.Close(6022)</onclick>
	<onclick condition="Window.IsVisible(Home)">Skin.SetString(submenu_action,$VAR[value_menu2504.action])</onclick>
	<visible>![IsEmpty(skin.string(menu2504.master)) | SubString(skin.string(menu2504.visible),off)] | Window.IsVisible(6000)</visible>
	</item>
	<item>
	<label fallback="31014">$VAR[value_menu2505.label]</label>
	<property name="condition">$INFO[skin.string(menu2505.visible)]</property>
	<property name="name">menu2505</property>
	<property name="id">$INFO[skin.string(menu2505.master)]</property>
	<onclick condition="Window.IsVisible(6000)">SetFocus(5000)</onclick>
	<onclick condition="Window.IsVisible(Home)">Dialog.Close(6022)</onclick>
	<onclick condition="Window.IsVisible(Home)">Skin.SetString(submenu_action,$VAR[value_menu2505.action])</onclick>
	<visible>![IsEmpty(skin.string(menu2505.master)) | SubString(skin.string(menu2505.visible),off)] | Window.IsVisible(6000)</visible>
	</item>
	<item>
	<label fallback="31014">$VAR[value_menu2506.label]</label>
	<property name="condition">$INFO[skin.string(menu2506.visible)]</property>
	<property name="name">menu2506</property>
	<property name="id">$INFO[skin.string(menu2506.master)]</property>
	<onclick condition="Window.IsVisible(6000)">SetFocus(5000)</onclick>
	<onclick condition="Window.IsVisible(Home)">Dialog.Close(6022)</onclick>
	<onclick condition="Window.IsVisible(Home)">Skin.SetString(submenu_action,$VAR[value_menu2506.action])</onclick>
	<visible>![IsEmpty(skin.string(menu2506.master)) | SubString(skin.string(menu2506.visible),off)] | Window.IsVisible(6000)</visible>
	</item>
	<item>
	<label fallback="31014">$VAR[value_menu2507.label]</label>
	<property name="condition">$INFO[skin.string(menu2507.visible)]</property>
	<property name="name">menu2507</property>
	<property name="id">$INFO[skin.string(menu2507.master)]</property>
	<onclick condition="Window.IsVisible(6000)">SetFocus(5000)</onclick>
	<onclick condition="Window.IsVisible(Home)">Dialog.Close(6022)</onclick>
	<onclick condition="Window.IsVisible(Home)">Skin.SetString(submenu_action,$VAR[value_menu2507.action])</onclick>
	<visible>![IsEmpty(skin.string(menu2507.master)) | SubString(skin.string(menu2507.visible),off)] | Window.IsVisible(6000)</visible>
	</item>
	<item>
	<label fallback="31014">$VAR[value_menu2508.label]</label>
	<property name="condition">$INFO[skin.string(menu2508.visible)]</property>
	<property name="name">menu2508</property>
	<property name="id">$INFO[skin.string(menu2508.master)]</property>
	<onclick condition="Window.IsVisible(6000)">SetFocus(5000)</onclick>
	<onclick condition="Window.IsVisible(Home)">Dialog.Close(6022)</onclick>
	<onclick condition="Window.IsVisible(Home)">Skin.SetString(submenu_action,$VAR[value_menu2508.action])</onclick>
	<visible>![IsEmpty(skin.string(menu2508.master)) | SubString(skin.string(menu2508.visible),off)] | Window.IsVisible(6000)</visible>
	</item>
	<item>
	<label fallback="31014">$VAR[value_menu2509.label]</label>
	<property name="condition">$INFO[skin.string(menu2509.visible)]</property>
	<property name="name">menu2509</property>
	<property name="id">$INFO[skin.string(menu2509.master)]</property>
	<onclick condition="Window.IsVisible(6000)">SetFocus(5000)</onclick>
	<onclick condition="Window.IsVisible(Home)">Dialog.Close(6022)</onclick>
	<onclick condition="Window.IsVisible(Home)">Skin.SetString(submenu_action,$VAR[value_menu2509.action])</onclick>
	<visible>![IsEmpty(skin.string(menu2509.master)) | SubString(skin.string(menu2509.visible),off)] | Window.IsVisible(6000)</visible>
	</item>
	<item>
	<label fallback="31014">$VAR[value_menu2510.label]</label>
	<property name="condition">$INFO[skin.string(menu2510.visible)]</property>
	<property name="name">menu2510</property>
	<property name="id">$INFO[skin.string(menu2510.master)]</property>
	<onclick condition="Window.IsVisible(6000)">SetFocus(5000)</onclick>
	<onclick condition="Window.IsVisible(Home)">Dialog.Close(6022)</onclick>
	<onclick condition="Window.IsVisible(Home)">Skin.SetString(submenu_action,$VAR[value_menu2510.action])</onclick>
	<visible>![IsEmpty(skin.string(menu2510.master)) | SubString(skin.string(menu2510.visible),off)] | Window.IsVisible(6000)</visible>
	</item>
	<item>
	<label fallback="31014">$VAR[value_menu2511.label]</label>
	<property name="condition">$INFO[skin.string(menu2511.visible)]</property>
	<property name="name">menu2511</property>
	<property name="id">$INFO[skin.string(menu2511.master)]</property>
	<onclick condition="Window.IsVisible(6000)">SetFocus(5000)</onclick>
	<onclick condition="Window.IsVisible(Home)">Dialog.Close(6022)</onclick>
	<onclick condition="Window.IsVisible(Home)">Skin.SetString(submenu_action,$VAR[value_menu2511.action])</onclick>
	<visible>![IsEmpty(skin.string(menu2511.master)) | SubString(skin.string(menu2511.visible),off)] | Window.IsVisible(6000)</visible>
	</item>
	<item>
	<label fallback="31014">$VAR[value_menu2512.label]</label>
	<property name="condition">$INFO[skin.string(menu2512.visible)]</property>
	<property name="name">menu2512</property>
	<property name="id">$INFO[skin.string(menu2512.master)]</property>
	<onclick condition="Window.IsVisible(6000)">SetFocus(5000)</onclick>
	<onclick condition="Window.IsVisible(Home)">Dialog.Close(6022)</onclick>
	<onclick condition="Window.IsVisible(Home)">Skin.SetString(submenu_action,$VAR[value_menu2512.action])</onclick>
	<visible>![IsEmpty(skin.string(menu2512.master)) | SubString(skin.string(menu2512.visible),off)] | Window.IsVisible(6000)</visible>
	</item>
	</content>
	</control>
	<include condition="Window.IsVisible(6000)">Glass</include>
	</control>
	</control>
	</controls>
</window>