<?xml version="1.0" encoding="UTF-8"?>
<window id="6310" type="dialog"><!-- Aeon MQ 6 --><!-- Vnode 10 -->
	<defaultcontrol>-</defaultcontrol>
	<include>SubMenuCommon</include>
	<controls>
	<control type="group">
	<include condition="Window.IsVisible(6000)">MenuCustom</include>
	<control type="group"><!-- default group -->
	<include>Animation_SubMenu</include>
	<include condition="Window.IsVisible(6000)">SubmenuGoTo</include>
	<include condition="Window.IsVisible(Home)">SubMenuDefault</include>
	<control type="panel" id="9000">
	<include condition="Window.IsVisible(6000)">SubmenuVList</include>
	<include condition="Window.IsVisible(Home)">SubmenuHList</include>
	<content>
	<item>
	<label fallback="31014">$VAR[value_menu31001.label]</label>
	<property name="condition">$INFO[skin.string(menu31001.visible)]</property>
	<property name="name">menu31001</property>
	<property name="id">$INFO[skin.string(menu31001.master)]</property>
	<onclick condition="Window.IsVisible(6000)">SetFocus(5000)</onclick>
	<onclick condition="Window.IsVisible(Home)">Dialog.Close(6310)</onclick>
	<onclick condition="Window.IsVisible(Home)">Skin.SetString(submenu_action,$VAR[value_menu31001.action])</onclick>
	<visible>![IsEmpty(skin.string(menu31001.master)) | SubString(skin.string(menu31001.visible),off)] | Window.IsVisible(6000)</visible>
	</item>
	<item>
	<label fallback="31014">$VAR[value_menu31002.label]</label>
	<property name="condition">$INFO[skin.string(menu31002.visible)]</property>
	<property name="name">menu31002</property>
	<property name="id">$INFO[skin.string(menu31002.master)]</property>
	<onclick condition="Window.IsVisible(6000)">SetFocus(5000)</onclick>
	<onclick condition="Window.IsVisible(Home)">Dialog.Close(6310)</onclick>
	<onclick condition="Window.IsVisible(Home)">Skin.SetString(submenu_action,$VAR[value_menu31002.action])</onclick>
	<visible>![IsEmpty(skin.string(menu31002.master)) | SubString(skin.string(menu31002.visible),off)] | Window.IsVisible(6000)</visible>
	</item>
	<item>
	<label fallback="31014">$VAR[value_menu31003.label]</label>
	<property name="condition">$INFO[skin.string(menu31003.visible)]</property>
	<property name="name">menu31003</property>
	<property name="id">$INFO[skin.string(menu31003.master)]</property>
	<onclick condition="Window.IsVisible(6000)">SetFocus(5000)</onclick>
	<onclick condition="Window.IsVisible(Home)">Dialog.Close(6310)</onclick>
	<onclick condition="Window.IsVisible(Home)">Skin.SetString(submenu_action,$VAR[value_menu31003.action])</onclick>
	<visible>![IsEmpty(skin.string(menu31003.master)) | SubString(skin.string(menu31003.visible),off)] | Window.IsVisible(6000)</visible>
	</item>
	<item>
	<label fallback="31014">$VAR[value_menu31004.label]</label>
	<property name="condition">$INFO[skin.string(menu31004.visible)]</property>
	<property name="name">menu31004</property>
	<property name="id">$INFO[skin.string(menu31004.master)]</property>
	<onclick condition="Window.IsVisible(6000)">SetFocus(5000)</onclick>
	<onclick condition="Window.IsVisible(Home)">Dialog.Close(6310)</onclick>
	<onclick condition="Window.IsVisible(Home)">Skin.SetString(submenu_action,$VAR[value_menu31004.action])</onclick>
	<visible>![IsEmpty(skin.string(menu31004.master)) | SubString(skin.string(menu31004.visible),off)] | Window.IsVisible(6000)</visible>
	</item>
	<item>
	<label fallback="31014">$VAR[value_menu31005.label]</label>
	<property name="condition">$INFO[skin.string(menu31005.visible)]</property>
	<property name="name">menu31005</property>
	<property name="id">$INFO[skin.string(menu31005.master)]</property>
	<onclick condition="Window.IsVisible(6000)">SetFocus(5000)</onclick>
	<onclick condition="Window.IsVisible(Home)">Dialog.Close(6310)</onclick>
	<onclick condition="Window.IsVisible(Home)">Skin.SetString(submenu_action,$VAR[value_menu31005.action])</onclick>
	<visible>![IsEmpty(skin.string(menu31005.master)) | SubString(skin.string(menu31005.visible),off)] | Window.IsVisible(6000)</visible>
	</item>
	<item>
	<label fallback="31014">$VAR[value_menu31006.label]</label>
	<property name="condition">$INFO[skin.string(menu31006.visible)]</property>
	<property name="name">menu31006</property>
	<property name="id">$INFO[skin.string(menu31006.master)]</property>
	<onclick condition="Window.IsVisible(6000)">SetFocus(5000)</onclick>
	<onclick condition="Window.IsVisible(Home)">Dialog.Close(6310)</onclick>
	<onclick condition="Window.IsVisible(Home)">Skin.SetString(submenu_action,$VAR[value_menu31006.action])</onclick>
	<visible>![IsEmpty(skin.string(menu31006.master)) | SubString(skin.string(menu31006.visible),off)] | Window.IsVisible(6000)</visible>
	</item>
	<item>
	<label fallback="31014">$VAR[value_menu31007.label]</label>
	<property name="condition">$INFO[skin.string(menu31007.visible)]</property>
	<property name="name">menu31007</property>
	<property name="id">$INFO[skin.string(menu31007.master)]</property>
	<onclick condition="Window.IsVisible(6000)">SetFocus(5000)</onclick>
	<onclick condition="Window.IsVisible(Home)">Dialog.Close(6310)</onclick>
	<onclick condition="Window.IsVisible(Home)">Skin.SetString(submenu_action,$VAR[value_menu31007.action])</onclick>
	<visible>![IsEmpty(skin.string(menu31007.master)) | SubString(skin.string(menu31007.visible),off)] | Window.IsVisible(6000)</visible>
	</item>
	<item>
	<label fallback="31014">$VAR[value_menu31008.label]</label>
	<property name="condition">$INFO[skin.string(menu31008.visible)]</property>
	<property name="name">menu31008</property>
	<property name="id">$INFO[skin.string(menu31008.master)]</property>
	<onclick condition="Window.IsVisible(6000)">SetFocus(5000)</onclick>
	<onclick condition="Window.IsVisible(Home)">Dialog.Close(6310)</onclick>
	<onclick condition="Window.IsVisible(Home)">Skin.SetString(submenu_action,$VAR[value_menu31008.action])</onclick>
	<visible>![IsEmpty(skin.string(menu31008.master)) | SubString(skin.string(menu31008.visible),off)] | Window.IsVisible(6000)</visible>
	</item>
	<item>
	<label fallback="31014">$VAR[value_menu31009.label]</label>
	<property name="condition">$INFO[skin.string(menu31009.visible)]</property>
	<property name="name">menu31009</property>
	<property name="id">$INFO[skin.string(menu31009.master)]</property>
	<onclick condition="Window.IsVisible(6000)">SetFocus(5000)</onclick>
	<onclick condition="Window.IsVisible(Home)">Dialog.Close(6310)</onclick>
	<onclick condition="Window.IsVisible(Home)">Skin.SetString(submenu_action,$VAR[value_menu31009.action])</onclick>
	<visible>![IsEmpty(skin.string(menu31009.master)) | SubString(skin.string(menu31009.visible),off)] | Window.IsVisible(6000)</visible>
	</item>
	<item>
	<label fallback="31014">$VAR[value_menu31010.label]</label>
	<property name="condition">$INFO[skin.string(menu31010.visible)]</property>
	<property name="name">menu31010</property>
	<property name="id">$INFO[skin.string(menu31010.master)]</property>
	<onclick condition="Window.IsVisible(6000)">SetFocus(5000)</onclick>
	<onclick condition="Window.IsVisible(Home)">Dialog.Close(6310)</onclick>
	<onclick condition="Window.IsVisible(Home)">Skin.SetString(submenu_action,$VAR[value_menu31010.action])</onclick>
	<visible>![IsEmpty(skin.string(menu31010.master)) | SubString(skin.string(menu31010.visible),off)] | Window.IsVisible(6000)</visible>
	</item>
	<item>
	<label fallback="31014">$VAR[value_menu31011.label]</label>
	<property name="condition">$INFO[skin.string(menu31011.visible)]</property>
	<property name="name">menu31011</property>
	<property name="id">$INFO[skin.string(menu31011.master)]</property>
	<onclick condition="Window.IsVisible(6000)">SetFocus(5000)</onclick>
	<onclick condition="Window.IsVisible(Home)">Dialog.Close(6310)</onclick>
	<onclick condition="Window.IsVisible(Home)">Skin.SetString(submenu_action,$VAR[value_menu31011.action])</onclick>
	<visible>![IsEmpty(skin.string(menu31011.master)) | SubString(skin.string(menu31011.visible),off)] | Window.IsVisible(6000)</visible>
	</item>
	<item>
	<label fallback="31014">$VAR[value_menu31012.label]</label>
	<property name="condition">$INFO[skin.string(menu31012.visible)]</property>
	<property name="name">menu31012</property>
	<property name="id">$INFO[skin.string(menu31012.master)]</property>
	<onclick condition="Window.IsVisible(6000)">SetFocus(5000)</onclick>
	<onclick condition="Window.IsVisible(Home)">Dialog.Close(6310)</onclick>
	<onclick condition="Window.IsVisible(Home)">Skin.SetString(submenu_action,$VAR[value_menu31012.action])</onclick>
	<visible>![IsEmpty(skin.string(menu31012.master)) | SubString(skin.string(menu31012.visible),off)] | Window.IsVisible(6000)</visible>
	</item>
	<item>
	<label fallback="31014">$VAR[value_menu31013.label]</label>
	<property name="condition">$INFO[skin.string(menu31013.visible)]</property>
	<property name="name">menu31013</property>
	<property name="id">$INFO[skin.string(menu31013.master)]</property>
	<onclick condition="Window.IsVisible(6000)">SetFocus(5000)</onclick>
	<onclick condition="Window.IsVisible(Home)">Dialog.Close(6310)</onclick>
	<onclick condition="Window.IsVisible(Home)">Skin.SetString(submenu_action,$VAR[value_menu31013.action])</onclick>
	<visible>![IsEmpty(skin.string(menu31013.master)) | SubString(skin.string(menu31013.visible),off)] | Window.IsVisible(6000)</visible>
	</item>
	<item>
	<label fallback="31014">$VAR[value_menu31014.label]</label>
	<property name="condition">$INFO[skin.string(menu31014.visible)]</property>
	<property name="name">menu31014</property>
	<property name="id">$INFO[skin.string(menu31014.master)]</property>
	<onclick condition="Window.IsVisible(6000)">SetFocus(5000)</onclick>
	<onclick condition="Window.IsVisible(Home)">Dialog.Close(6310)</onclick>
	<onclick condition="Window.IsVisible(Home)">Skin.SetString(submenu_action,$VAR[value_menu31014.action])</onclick>
	<visible>![IsEmpty(skin.string(menu31014.master)) | SubString(skin.string(menu31014.visible),off)] | Window.IsVisible(6000)</visible>
	</item>
	<item>
	<label fallback="31014">$VAR[value_menu31015.label]</label>
	<property name="condition">$INFO[skin.string(menu31015.visible)]</property>
	<property name="name">menu31015</property>
	<property name="id">$INFO[skin.string(menu31015.master)]</property>
	<onclick condition="Window.IsVisible(6000)">SetFocus(5000)</onclick>
	<onclick condition="Window.IsVisible(Home)">Dialog.Close(6310)</onclick>
	<onclick condition="Window.IsVisible(Home)">Skin.SetString(submenu_action,$VAR[value_menu31015.action])</onclick>
	<visible>![IsEmpty(skin.string(menu31015.master)) | SubString(skin.string(menu31015.visible),off)] | Window.IsVisible(6000)</visible>
	</item>
	</content>
	</control>
	<include condition="Window.IsVisible(6000)">Glass</include>
	</control>
	</control>
	</controls>
</window>