<?xml version="1.0" encoding="UTF-8"?>
<window id="6513" type="dialog"><!-- Aeon MQ 6 --><!-- Addon 13 -->
	<defaultcontrol>-</defaultcontrol>
	<include>SubMenuCommon</include>
	<controls>
	<control type="group">
	<include condition="Window.IsVisible(6000)">MenuCustom</include>
	<control type="group"><!-- default group -->
	<include>Animation_SubMenu</include>
	<include condition="Window.IsVisible(6000)">SubmenuGoTo</include>
	<include condition="Window.IsVisible(Home)">SubMenuDefault</include>
	<control type="panel" id="9000">
	<include condition="Window.IsVisible(6000)">SubmenuVList</include>
	<include condition="Window.IsVisible(Home)">SubmenuHList</include>
	<content>
	<item>
	<label fallback="31014">$VAR[value_menu51301.label]</label>
	<property name="condition">$INFO[skin.string(menu51301.visible)]</property>
	<property name="name">menu51301</property>
	<property name="id">$INFO[skin.string(menu51301.master)]</property>
	<onclick condition="Window.IsVisible(6000)">SetFocus(5000)</onclick>
	<onclick condition="Window.IsVisible(Home)">Dialog.Close(6513)</onclick>
	<onclick condition="Window.IsVisible(Home)">Skin.SetString(submenu_action,$VAR[value_menu51301.action])</onclick>
	<visible>![IsEmpty(skin.string(menu51301.master)) | SubString(skin.string(menu51301.visible),off)] | Window.IsVisible(6000)</visible>
	</item>
	<item>
	<label fallback="31014">$VAR[value_menu51302.label]</label>
	<property name="condition">$INFO[skin.string(menu51302.visible)]</property>
	<property name="name">menu51302</property>
	<property name="id">$INFO[skin.string(menu51302.master)]</property>
	<onclick condition="Window.IsVisible(6000)">SetFocus(5000)</onclick>
	<onclick condition="Window.IsVisible(Home)">Dialog.Close(6513)</onclick>
	<onclick condition="Window.IsVisible(Home)">Skin.SetString(submenu_action,$VAR[value_menu51302.action])</onclick>
	<visible>![IsEmpty(skin.string(menu51302.master)) | SubString(skin.string(menu51302.visible),off)] | Window.IsVisible(6000)</visible>
	</item>
	<item>
	<label fallback="31014">$VAR[value_menu51303.label]</label>
	<property name="condition">$INFO[skin.string(menu51303.visible)]</property>
	<property name="name">menu51303</property>
	<property name="id">$INFO[skin.string(menu51303.master)]</property>
	<onclick condition="Window.IsVisible(6000)">SetFocus(5000)</onclick>
	<onclick condition="Window.IsVisible(Home)">Dialog.Close(6513)</onclick>
	<onclick condition="Window.IsVisible(Home)">Skin.SetString(submenu_action,$VAR[value_menu51303.action])</onclick>
	<visible>![IsEmpty(skin.string(menu51303.master)) | SubString(skin.string(menu51303.visible),off)] | Window.IsVisible(6000)</visible>
	</item>
	<item>
	<label fallback="31014">$VAR[value_menu51304.label]</label>
	<property name="condition">$INFO[skin.string(menu51304.visible)]</property>
	<property name="name">menu51304</property>
	<property name="id">$INFO[skin.string(menu51304.master)]</property>
	<onclick condition="Window.IsVisible(6000)">SetFocus(5000)</onclick>
	<onclick condition="Window.IsVisible(Home)">Dialog.Close(6513)</onclick>
	<onclick condition="Window.IsVisible(Home)">Skin.SetString(submenu_action,$VAR[value_menu51304.action])</onclick>
	<visible>![IsEmpty(skin.string(menu51304.master)) | SubString(skin.string(menu51304.visible),off)] | Window.IsVisible(6000)</visible>
	</item>
	<item>
	<label fallback="31014">$VAR[value_menu51305.label]</label>
	<property name="condition">$INFO[skin.string(menu51305.visible)]</property>
	<property name="name">menu51305</property>
	<property name="id">$INFO[skin.string(menu51305.master)]</property>
	<onclick condition="Window.IsVisible(6000)">SetFocus(5000)</onclick>
	<onclick condition="Window.IsVisible(Home)">Dialog.Close(6513)</onclick>
	<onclick condition="Window.IsVisible(Home)">Skin.SetString(submenu_action,$VAR[value_menu51305.action])</onclick>
	<visible>![IsEmpty(skin.string(menu51305.master)) | SubString(skin.string(menu51305.visible),off)] | Window.IsVisible(6000)</visible>
	</item>
	<item>
	<label fallback="31014">$VAR[value_menu51306.label]</label>
	<property name="condition">$INFO[skin.string(menu51306.visible)]</property>
	<property name="name">menu51306</property>
	<property name="id">$INFO[skin.string(menu51306.master)]</property>
	<onclick condition="Window.IsVisible(6000)">SetFocus(5000)</onclick>
	<onclick condition="Window.IsVisible(Home)">Dialog.Close(6513)</onclick>
	<onclick condition="Window.IsVisible(Home)">Skin.SetString(submenu_action,$VAR[value_menu51306.action])</onclick>
	<visible>![IsEmpty(skin.string(menu51306.master)) | SubString(skin.string(menu51306.visible),off)] | Window.IsVisible(6000)</visible>
	</item>
	<item>
	<label fallback="31014">$VAR[value_menu51307.label]</label>
	<property name="condition">$INFO[skin.string(menu51307.visible)]</property>
	<property name="name">menu51307</property>
	<property name="id">$INFO[skin.string(menu51307.master)]</property>
	<onclick condition="Window.IsVisible(6000)">SetFocus(5000)</onclick>
	<onclick condition="Window.IsVisible(Home)">Dialog.Close(6513)</onclick>
	<onclick condition="Window.IsVisible(Home)">Skin.SetString(submenu_action,$VAR[value_menu51307.action])</onclick>
	<visible>![IsEmpty(skin.string(menu51307.master)) | SubString(skin.string(menu51307.visible),off)] | Window.IsVisible(6000)</visible>
	</item>
	<item>
	<label fallback="31014">$VAR[value_menu51308.label]</label>
	<property name="condition">$INFO[skin.string(menu51308.visible)]</property>
	<property name="name">menu51308</property>
	<property name="id">$INFO[skin.string(menu51308.master)]</property>
	<onclick condition="Window.IsVisible(6000)">SetFocus(5000)</onclick>
	<onclick condition="Window.IsVisible(Home)">Dialog.Close(6513)</onclick>
	<onclick condition="Window.IsVisible(Home)">Skin.SetString(submenu_action,$VAR[value_menu51308.action])</onclick>
	<visible>![IsEmpty(skin.string(menu51308.master)) | SubString(skin.string(menu51308.visible),off)] | Window.IsVisible(6000)</visible>
	</item>
	<item>
	<label fallback="31014">$VAR[value_menu51309.label]</label>
	<property name="condition">$INFO[skin.string(menu51309.visible)]</property>
	<property name="name">menu51309</property>
	<property name="id">$INFO[skin.string(menu51309.master)]</property>
	<onclick condition="Window.IsVisible(6000)">SetFocus(5000)</onclick>
	<onclick condition="Window.IsVisible(Home)">Dialog.Close(6513)</onclick>
	<onclick condition="Window.IsVisible(Home)">Skin.SetString(submenu_action,$VAR[value_menu51309.action])</onclick>
	<visible>![IsEmpty(skin.string(menu51309.master)) | SubString(skin.string(menu51309.visible),off)] | Window.IsVisible(6000)</visible>
	</item>
	<item>
	<label fallback="31014">$VAR[value_menu51310.label]</label>
	<property name="condition">$INFO[skin.string(menu51310.visible)]</property>
	<property name="name">menu51310</property>
	<property name="id">$INFO[skin.string(menu51310.master)]</property>
	<onclick condition="Window.IsVisible(6000)">SetFocus(5000)</onclick>
	<onclick condition="Window.IsVisible(Home)">Dialog.Close(6513)</onclick>
	<onclick condition="Window.IsVisible(Home)">Skin.SetString(submenu_action,$VAR[value_menu51310.action])</onclick>
	<visible>![IsEmpty(skin.string(menu51310.master)) | SubString(skin.string(menu51310.visible),off)] | Window.IsVisible(6000)</visible>
	</item>
	<item>
	<label fallback="31014">$VAR[value_menu51311.label]</label>
	<property name="condition">$INFO[skin.string(menu51311.visible)]</property>
	<property name="name">menu51311</property>
	<property name="id">$INFO[skin.string(menu51311.master)]</property>
	<onclick condition="Window.IsVisible(6000)">SetFocus(5000)</onclick>
	<onclick condition="Window.IsVisible(Home)">Dialog.Close(6513)</onclick>
	<onclick condition="Window.IsVisible(Home)">Skin.SetString(submenu_action,$VAR[value_menu51311.action])</onclick>
	<visible>![IsEmpty(skin.string(menu51311.master)) | SubString(skin.string(menu51311.visible),off)] | Window.IsVisible(6000)</visible>
	</item>
	<item>
	<label fallback="31014">$VAR[value_menu51312.label]</label>
	<property name="condition">$INFO[skin.string(menu51312.visible)]</property>
	<property name="name">menu51312</property>
	<property name="id">$INFO[skin.string(menu51312.master)]</property>
	<onclick condition="Window.IsVisible(6000)">SetFocus(5000)</onclick>
	<onclick condition="Window.IsVisible(Home)">Dialog.Close(6513)</onclick>
	<onclick condition="Window.IsVisible(Home)">Skin.SetString(submenu_action,$VAR[value_menu51312.action])</onclick>
	<visible>![IsEmpty(skin.string(menu51312.master)) | SubString(skin.string(menu51312.visible),off)] | Window.IsVisible(6000)</visible>
	</item>
	<item>
	<label fallback="31014">$VAR[value_menu51313.label]</label>
	<property name="condition">$INFO[skin.string(menu51313.visible)]</property>
	<property name="name">menu51313</property>
	<property name="id">$INFO[skin.string(menu51313.master)]</property>
	<onclick condition="Window.IsVisible(6000)">SetFocus(5000)</onclick>
	<onclick condition="Window.IsVisible(Home)">Dialog.Close(6513)</onclick>
	<onclick condition="Window.IsVisible(Home)">Skin.SetString(submenu_action,$VAR[value_menu51313.action])</onclick>
	<visible>![IsEmpty(skin.string(menu51313.master)) | SubString(skin.string(menu51313.visible),off)] | Window.IsVisible(6000)</visible>
	</item>
	<item>
	<label fallback="31014">$VAR[value_menu51314.label]</label>
	<property name="condition">$INFO[skin.string(menu51314.visible)]</property>
	<property name="name">menu51314</property>
	<property name="id">$INFO[skin.string(menu51314.master)]</property>
	<onclick condition="Window.IsVisible(6000)">SetFocus(5000)</onclick>
	<onclick condition="Window.IsVisible(Home)">Dialog.Close(6513)</onclick>
	<onclick condition="Window.IsVisible(Home)">Skin.SetString(submenu_action,$VAR[value_menu51314.action])</onclick>
	<visible>![IsEmpty(skin.string(menu51314.master)) | SubString(skin.string(menu51314.visible),off)] | Window.IsVisible(6000)</visible>
	</item>
	<item>
	<label fallback="31014">$VAR[value_menu51315.label]</label>
	<property name="condition">$INFO[skin.string(menu51315.visible)]</property>
	<property name="name">menu51315</property>
	<property name="id">$INFO[skin.string(menu51315.master)]</property>
	<onclick condition="Window.IsVisible(6000)">SetFocus(5000)</onclick>
	<onclick condition="Window.IsVisible(Home)">Dialog.Close(6513)</onclick>
	<onclick condition="Window.IsVisible(Home)">Skin.SetString(submenu_action,$VAR[value_menu51315.action])</onclick>
	<visible>![IsEmpty(skin.string(menu51315.master)) | SubString(skin.string(menu51315.visible),off)] | Window.IsVisible(6000)</visible>
	</item>
	</content>
	</control>
	<include condition="Window.IsVisible(6000)">Glass</include>
	</control>
	</control>
	</controls>
</window>