<?xml version="1.0" encoding="UTF-8"?>
<window id="6314" type="dialog"><!-- Aeon MQ 6 --><!-- Vnode 14 -->
	<defaultcontrol>-</defaultcontrol>
	<include>SubMenuCommon</include>
	<controls>
	<control type="group">
	<include condition="Window.IsVisible(6000)">MenuCustom</include>
	<control type="group"><!-- default group -->
	<include>Animation_SubMenu</include>
	<include condition="Window.IsVisible(6000)">SubmenuGoTo</include>
	<include condition="Window.IsVisible(Home)">SubMenuDefault</include>
	<control type="panel" id="9000">
	<include condition="Window.IsVisible(6000)">SubmenuVList</include>
	<include condition="Window.IsVisible(Home)">SubmenuHList</include>
	<content>
	<item>
	<label fallback="31014">$VAR[value_menu31401.label]</label>
	<property name="condition">$INFO[skin.string(menu31401.visible)]</property>
	<property name="name">menu31401</property>
	<property name="id">$INFO[skin.string(menu31401.master)]</property>
	<onclick condition="Window.IsVisible(6000)">SetFocus(5000)</onclick>
	<onclick condition="Window.IsVisible(Home)">Dialog.Close(6314)</onclick>
	<onclick condition="Window.IsVisible(Home)">Skin.SetString(submenu_action,$VAR[value_menu31401.action])</onclick>
	<visible>![IsEmpty(skin.string(menu31401.master)) | SubString(skin.string(menu31401.visible),off)] | Window.IsVisible(6000)</visible>
	</item>
	<item>
	<label fallback="31014">$VAR[value_menu31402.label]</label>
	<property name="condition">$INFO[skin.string(menu31402.visible)]</property>
	<property name="name">menu31402</property>
	<property name="id">$INFO[skin.string(menu31402.master)]</property>
	<onclick condition="Window.IsVisible(6000)">SetFocus(5000)</onclick>
	<onclick condition="Window.IsVisible(Home)">Dialog.Close(6314)</onclick>
	<onclick condition="Window.IsVisible(Home)">Skin.SetString(submenu_action,$VAR[value_menu31402.action])</onclick>
	<visible>![IsEmpty(skin.string(menu31402.master)) | SubString(skin.string(menu31402.visible),off)] | Window.IsVisible(6000)</visible>
	</item>
	<item>
	<label fallback="31014">$VAR[value_menu31403.label]</label>
	<property name="condition">$INFO[skin.string(menu31403.visible)]</property>
	<property name="name">menu31403</property>
	<property name="id">$INFO[skin.string(menu31403.master)]</property>
	<onclick condition="Window.IsVisible(6000)">SetFocus(5000)</onclick>
	<onclick condition="Window.IsVisible(Home)">Dialog.Close(6314)</onclick>
	<onclick condition="Window.IsVisible(Home)">Skin.SetString(submenu_action,$VAR[value_menu31403.action])</onclick>
	<visible>![IsEmpty(skin.string(menu31403.master)) | SubString(skin.string(menu31403.visible),off)] | Window.IsVisible(6000)</visible>
	</item>
	<item>
	<label fallback="31014">$VAR[value_menu31404.label]</label>
	<property name="condition">$INFO[skin.string(menu31404.visible)]</property>
	<property name="name">menu31404</property>
	<property name="id">$INFO[skin.string(menu31404.master)]</property>
	<onclick condition="Window.IsVisible(6000)">SetFocus(5000)</onclick>
	<onclick condition="Window.IsVisible(Home)">Dialog.Close(6314)</onclick>
	<onclick condition="Window.IsVisible(Home)">Skin.SetString(submenu_action,$VAR[value_menu31404.action])</onclick>
	<visible>![IsEmpty(skin.string(menu31404.master)) | SubString(skin.string(menu31404.visible),off)] | Window.IsVisible(6000)</visible>
	</item>
	<item>
	<label fallback="31014">$VAR[value_menu31405.label]</label>
	<property name="condition">$INFO[skin.string(menu31405.visible)]</property>
	<property name="name">menu31405</property>
	<property name="id">$INFO[skin.string(menu31405.master)]</property>
	<onclick condition="Window.IsVisible(6000)">SetFocus(5000)</onclick>
	<onclick condition="Window.IsVisible(Home)">Dialog.Close(6314)</onclick>
	<onclick condition="Window.IsVisible(Home)">Skin.SetString(submenu_action,$VAR[value_menu31405.action])</onclick>
	<visible>![IsEmpty(skin.string(menu31405.master)) | SubString(skin.string(menu31405.visible),off)] | Window.IsVisible(6000)</visible>
	</item>
	<item>
	<label fallback="31014">$VAR[value_menu31406.label]</label>
	<property name="condition">$INFO[skin.string(menu31406.visible)]</property>
	<property name="name">menu31406</property>
	<property name="id">$INFO[skin.string(menu31406.master)]</property>
	<onclick condition="Window.IsVisible(6000)">SetFocus(5000)</onclick>
	<onclick condition="Window.IsVisible(Home)">Dialog.Close(6314)</onclick>
	<onclick condition="Window.IsVisible(Home)">Skin.SetString(submenu_action,$VAR[value_menu31406.action])</onclick>
	<visible>![IsEmpty(skin.string(menu31406.master)) | SubString(skin.string(menu31406.visible),off)] | Window.IsVisible(6000)</visible>
	</item>
	<item>
	<label fallback="31014">$VAR[value_menu31407.label]</label>
	<property name="condition">$INFO[skin.string(menu31407.visible)]</property>
	<property name="name">menu31407</property>
	<property name="id">$INFO[skin.string(menu31407.master)]</property>
	<onclick condition="Window.IsVisible(6000)">SetFocus(5000)</onclick>
	<onclick condition="Window.IsVisible(Home)">Dialog.Close(6314)</onclick>
	<onclick condition="Window.IsVisible(Home)">Skin.SetString(submenu_action,$VAR[value_menu31407.action])</onclick>
	<visible>![IsEmpty(skin.string(menu31407.master)) | SubString(skin.string(menu31407.visible),off)] | Window.IsVisible(6000)</visible>
	</item>
	<item>
	<label fallback="31014">$VAR[value_menu31408.label]</label>
	<property name="condition">$INFO[skin.string(menu31408.visible)]</property>
	<property name="name">menu31408</property>
	<property name="id">$INFO[skin.string(menu31408.master)]</property>
	<onclick condition="Window.IsVisible(6000)">SetFocus(5000)</onclick>
	<onclick condition="Window.IsVisible(Home)">Dialog.Close(6314)</onclick>
	<onclick condition="Window.IsVisible(Home)">Skin.SetString(submenu_action,$VAR[value_menu31408.action])</onclick>
	<visible>![IsEmpty(skin.string(menu31408.master)) | SubString(skin.string(menu31408.visible),off)] | Window.IsVisible(6000)</visible>
	</item>
	<item>
	<label fallback="31014">$VAR[value_menu31409.label]</label>
	<property name="condition">$INFO[skin.string(menu31409.visible)]</property>
	<property name="name">menu31409</property>
	<property name="id">$INFO[skin.string(menu31409.master)]</property>
	<onclick condition="Window.IsVisible(6000)">SetFocus(5000)</onclick>
	<onclick condition="Window.IsVisible(Home)">Dialog.Close(6314)</onclick>
	<onclick condition="Window.IsVisible(Home)">Skin.SetString(submenu_action,$VAR[value_menu31409.action])</onclick>
	<visible>![IsEmpty(skin.string(menu31409.master)) | SubString(skin.string(menu31409.visible),off)] | Window.IsVisible(6000)</visible>
	</item>
	<item>
	<label fallback="31014">$VAR[value_menu31410.label]</label>
	<property name="condition">$INFO[skin.string(menu31410.visible)]</property>
	<property name="name">menu31410</property>
	<property name="id">$INFO[skin.string(menu31410.master)]</property>
	<onclick condition="Window.IsVisible(6000)">SetFocus(5000)</onclick>
	<onclick condition="Window.IsVisible(Home)">Dialog.Close(6314)</onclick>
	<onclick condition="Window.IsVisible(Home)">Skin.SetString(submenu_action,$VAR[value_menu31410.action])</onclick>
	<visible>![IsEmpty(skin.string(menu31410.master)) | SubString(skin.string(menu31410.visible),off)] | Window.IsVisible(6000)</visible>
	</item>
	<item>
	<label fallback="31014">$VAR[value_menu31411.label]</label>
	<property name="condition">$INFO[skin.string(menu31411.visible)]</property>
	<property name="name">menu31411</property>
	<property name="id">$INFO[skin.string(menu31411.master)]</property>
	<onclick condition="Window.IsVisible(6000)">SetFocus(5000)</onclick>
	<onclick condition="Window.IsVisible(Home)">Dialog.Close(6314)</onclick>
	<onclick condition="Window.IsVisible(Home)">Skin.SetString(submenu_action,$VAR[value_menu31411.action])</onclick>
	<visible>![IsEmpty(skin.string(menu31411.master)) | SubString(skin.string(menu31411.visible),off)] | Window.IsVisible(6000)</visible>
	</item>
	<item>
	<label fallback="31014">$VAR[value_menu31412.label]</label>
	<property name="condition">$INFO[skin.string(menu31412.visible)]</property>
	<property name="name">menu31412</property>
	<property name="id">$INFO[skin.string(menu31412.master)]</property>
	<onclick condition="Window.IsVisible(6000)">SetFocus(5000)</onclick>
	<onclick condition="Window.IsVisible(Home)">Dialog.Close(6314)</onclick>
	<onclick condition="Window.IsVisible(Home)">Skin.SetString(submenu_action,$VAR[value_menu31412.action])</onclick>
	<visible>![IsEmpty(skin.string(menu31412.master)) | SubString(skin.string(menu31412.visible),off)] | Window.IsVisible(6000)</visible>
	</item>
	<item>
	<label fallback="31014">$VAR[value_menu31413.label]</label>
	<property name="condition">$INFO[skin.string(menu31413.visible)]</property>
	<property name="name">menu31413</property>
	<property name="id">$INFO[skin.string(menu31413.master)]</property>
	<onclick condition="Window.IsVisible(6000)">SetFocus(5000)</onclick>
	<onclick condition="Window.IsVisible(Home)">Dialog.Close(6314)</onclick>
	<onclick condition="Window.IsVisible(Home)">Skin.SetString(submenu_action,$VAR[value_menu31413.action])</onclick>
	<visible>![IsEmpty(skin.string(menu31413.master)) | SubString(skin.string(menu31413.visible),off)] | Window.IsVisible(6000)</visible>
	</item>
	<item>
	<label fallback="31014">$VAR[value_menu31414.label]</label>
	<property name="condition">$INFO[skin.string(menu31414.visible)]</property>
	<property name="name">menu31414</property>
	<property name="id">$INFO[skin.string(menu31414.master)]</property>
	<onclick condition="Window.IsVisible(6000)">SetFocus(5000)</onclick>
	<onclick condition="Window.IsVisible(Home)">Dialog.Close(6314)</onclick>
	<onclick condition="Window.IsVisible(Home)">Skin.SetString(submenu_action,$VAR[value_menu31414.action])</onclick>
	<visible>![IsEmpty(skin.string(menu31414.master)) | SubString(skin.string(menu31414.visible),off)] | Window.IsVisible(6000)</visible>
	</item>
	<item>
	<label fallback="31014">$VAR[value_menu31415.label]</label>
	<property name="condition">$INFO[skin.string(menu31415.visible)]</property>
	<property name="name">menu31415</property>
	<property name="id">$INFO[skin.string(menu31415.master)]</property>
	<onclick condition="Window.IsVisible(6000)">SetFocus(5000)</onclick>
	<onclick condition="Window.IsVisible(Home)">Dialog.Close(6314)</onclick>
	<onclick condition="Window.IsVisible(Home)">Skin.SetString(submenu_action,$VAR[value_menu31415.action])</onclick>
	<visible>![IsEmpty(skin.string(menu31415.master)) | SubString(skin.string(menu31415.visible),off)] | Window.IsVisible(6000)</visible>
	</item>
	</content>
	</control>
	<include condition="Window.IsVisible(6000)">Glass</include>
	</control>
	</control>
	</controls>
</window>