<?xml version="1.0" encoding="UTF-8"?>
<window id="6059" type="dialog"><!-- Aeon MQ 6 --><!-- Musica generos -->
	<defaultcontrol>-</defaultcontrol>
	<include>SubMenuCommon</include>
	<controls>
	<control type="group">
	<include condition="Window.IsVisible(6000)">MenuCustom</include>
	<control type="group"><!-- default group -->
	<include>Animation_SubMenu</include>
	<include condition="Window.IsVisible(6000)">SubmenuGoTo</include>
	<include condition="Window.IsVisible(Home)">SubMenuDefault</include>
	<control type="panel" id="9000">
	<include condition="Window.IsVisible(6000)">SubmenuVList</include>
	<include condition="Window.IsVisible(Home)">SubmenuHList</include>
	<content>
	<item>
	<label fallback="31014">$VAR[value_menu5901.label]</label>
	<property name="condition">$INFO[skin.string(menu5901.visible)]</property>
	<property name="name">menu5901</property>
	<property name="id">$INFO[skin.string(menu5901.master)]</property>
	<onclick condition="Window.IsVisible(6000)">SetFocus(5000)</onclick>
	<onclick condition="Window.IsVisible(Home)">Dialog.Close(6059)</onclick>
	<onclick condition="Window.IsVisible(Home)">Skin.SetString(submenu_action,$VAR[value_menu5901.action])</onclick>
	<visible>![IsEmpty(skin.string(menu5901.master)) | SubString(skin.string(menu5901.visible),off)] | Window.IsVisible(6000)</visible>
	</item>
	<item>
	<label fallback="31014">$VAR[value_menu5902.label]</label>
	<property name="condition">$INFO[skin.string(menu5902.visible)]</property>
	<property name="name">menu5902</property>
	<property name="id">$INFO[skin.string(menu5902.master)]</property>
	<onclick condition="Window.IsVisible(6000)">SetFocus(5000)</onclick>
	<onclick condition="Window.IsVisible(Home)">Dialog.Close(6059)</onclick>
	<onclick condition="Window.IsVisible(Home)">Skin.SetString(submenu_action,$VAR[value_menu5902.action])</onclick>
	<visible>![IsEmpty(skin.string(menu5902.master)) | SubString(skin.string(menu5902.visible),off)] | Window.IsVisible(6000)</visible>
	</item>
	<item>
	<label fallback="31014">$VAR[value_menu5903.label]</label>
	<property name="condition">$INFO[skin.string(menu5903.visible)]</property>
	<property name="name">menu5903</property>
	<property name="id">$INFO[skin.string(menu5903.master)]</property>
	<onclick condition="Window.IsVisible(6000)">SetFocus(5000)</onclick>
	<onclick condition="Window.IsVisible(Home)">Dialog.Close(6059)</onclick>
	<onclick condition="Window.IsVisible(Home)">Skin.SetString(submenu_action,$VAR[value_menu5903.action])</onclick>
	<visible>![IsEmpty(skin.string(menu5903.master)) | SubString(skin.string(menu5903.visible),off)] | Window.IsVisible(6000)</visible>
	</item>
	<item>
	<label fallback="31014">$VAR[value_menu5904.label]</label>
	<property name="condition">$INFO[skin.string(menu5904.visible)]</property>
	<property name="name">menu5904</property>
	<property name="id">$INFO[skin.string(menu5904.master)]</property>
	<onclick condition="Window.IsVisible(6000)">SetFocus(5000)</onclick>
	<onclick condition="Window.IsVisible(Home)">Dialog.Close(6059)</onclick>
	<onclick condition="Window.IsVisible(Home)">Skin.SetString(submenu_action,$VAR[value_menu5904.action])</onclick>
	<visible>![IsEmpty(skin.string(menu5904.master)) | SubString(skin.string(menu5904.visible),off)] | Window.IsVisible(6000)</visible>
	</item>
	<item>
	<label fallback="31014">$VAR[value_menu5905.label]</label>
	<property name="condition">$INFO[skin.string(menu5905.visible)]</property>
	<property name="name">menu5905</property>
	<property name="id">$INFO[skin.string(menu5905.master)]</property>
	<onclick condition="Window.IsVisible(6000)">SetFocus(5000)</onclick>
	<onclick condition="Window.IsVisible(Home)">Dialog.Close(6059)</onclick>
	<onclick condition="Window.IsVisible(Home)">Skin.SetString(submenu_action,$VAR[value_menu5905.action])</onclick>
	<visible>![IsEmpty(skin.string(menu5905.master)) | SubString(skin.string(menu5905.visible),off)] | Window.IsVisible(6000)</visible>
	</item>
	<item>
	<label fallback="31014">$VAR[value_menu5906.label]</label>
	<property name="condition">$INFO[skin.string(menu5906.visible)]</property>
	<property name="name">menu5906</property>
	<property name="id">$INFO[skin.string(menu5906.master)]</property>
	<onclick condition="Window.IsVisible(6000)">SetFocus(5000)</onclick>
	<onclick condition="Window.IsVisible(Home)">Dialog.Close(6059)</onclick>
	<onclick condition="Window.IsVisible(Home)">Skin.SetString(submenu_action,$VAR[value_menu5906.action])</onclick>
	<visible>![IsEmpty(skin.string(menu5906.master)) | SubString(skin.string(menu5906.visible),off)] | Window.IsVisible(6000)</visible>
	</item>
	<item>
	<label fallback="31014">$VAR[value_menu5907.label]</label>
	<property name="condition">$INFO[skin.string(menu5907.visible)]</property>
	<property name="name">menu5907</property>
	<property name="id">$INFO[skin.string(menu5907.master)]</property>
	<onclick condition="Window.IsVisible(6000)">SetFocus(5000)</onclick>
	<onclick condition="Window.IsVisible(Home)">Dialog.Close(6059)</onclick>
	<onclick condition="Window.IsVisible(Home)">Skin.SetString(submenu_action,$VAR[value_menu5907.action])</onclick>
	<visible>![IsEmpty(skin.string(menu5907.master)) | SubString(skin.string(menu5907.visible),off)] | Window.IsVisible(6000)</visible>
	</item>
	<item>
	<label fallback="31014">$VAR[value_menu5908.label]</label>
	<property name="condition">$INFO[skin.string(menu5908.visible)]</property>
	<property name="name">menu5908</property>
	<property name="id">$INFO[skin.string(menu5908.master)]</property>
	<onclick condition="Window.IsVisible(6000)">SetFocus(5000)</onclick>
	<onclick condition="Window.IsVisible(Home)">Dialog.Close(6059)</onclick>
	<onclick condition="Window.IsVisible(Home)">Skin.SetString(submenu_action,$VAR[value_menu5908.action])</onclick>
	<visible>![IsEmpty(skin.string(menu5908.master)) | SubString(skin.string(menu5908.visible),off)] | Window.IsVisible(6000)</visible>
	</item>
	<item>
	<label fallback="31014">$VAR[value_menu5909.label]</label>
	<property name="condition">$INFO[skin.string(menu5909.visible)]</property>
	<property name="name">menu5909</property>
	<property name="id">$INFO[skin.string(menu5909.master)]</property>
	<onclick condition="Window.IsVisible(6000)">SetFocus(5000)</onclick>
	<onclick condition="Window.IsVisible(Home)">Dialog.Close(6059)</onclick>
	<onclick condition="Window.IsVisible(Home)">Skin.SetString(submenu_action,$VAR[value_menu5909.action])</onclick>
	<visible>![IsEmpty(skin.string(menu5909.master)) | SubString(skin.string(menu5909.visible),off)] | Window.IsVisible(6000)</visible>
	</item>
	<item>
	<label fallback="31014">$VAR[value_menu5910.label]</label>
	<property name="condition">$INFO[skin.string(menu5910.visible)]</property>
	<property name="name">menu5910</property>
	<property name="id">$INFO[skin.string(menu5910.master)]</property>
	<onclick condition="Window.IsVisible(6000)">SetFocus(5000)</onclick>
	<onclick condition="Window.IsVisible(Home)">Dialog.Close(6059)</onclick>
	<onclick condition="Window.IsVisible(Home)">Skin.SetString(submenu_action,$VAR[value_menu5910.action])</onclick>
	<visible>![IsEmpty(skin.string(menu5910.master)) | SubString(skin.string(menu5910.visible),off)] | Window.IsVisible(6000)</visible>
	</item>
	</content>
	</control>
	<include condition="Window.IsVisible(6000)">Glass</include>
	</control>
	</control>
	</controls>
</window>