<?xml version="1.0" encoding="UTF-8"?>
<window id="6079" type="dialog"><!-- Aeon MQ 6 --><!-- Add-ons de musica -->
	<defaultcontrol>-</defaultcontrol>
	<include>SubMenuCommon</include>
	<controls>
	<control type="group">
	<include condition="Window.IsVisible(6000)">MenuCustom</include>
	<control type="group"><!-- default group -->
	<include>Animation_SubMenu</include>
	<include condition="Window.IsVisible(6000)">SubmenuGoTo</include>
	<include condition="Window.IsVisible(Home)">SubMenuDefault</include>
	<control type="panel" id="9000">
	<include condition="Window.IsVisible(6000)">SubmenuVList</include>
	<include condition="Window.IsVisible(Home)">SubmenuHList</include>
	<content>
	<item>
	<label fallback="31014">$VAR[value_menu7901.label]</label>
	<property name="condition">$INFO[skin.string(menu7901.visible)]</property>
	<property name="name">menu7901</property>
	<property name="id">$INFO[skin.string(menu7901.master)]</property>
	<onclick condition="Window.IsVisible(6000)">SetFocus(5000)</onclick>
	<onclick condition="Window.IsVisible(Home)">Dialog.Close(6079)</onclick>
	<onclick condition="Window.IsVisible(Home)">Skin.SetString(submenu_action,$VAR[value_menu7901.action])</onclick>
	<visible>![IsEmpty(skin.string(menu7901.master)) | SubString(skin.string(menu7901.visible),off)] | Window.IsVisible(6000)</visible>
	</item>
	<item>
	<label fallback="31014">$VAR[value_menu7902.label]</label>
	<property name="condition">$INFO[skin.string(menu7902.visible)]</property>
	<property name="name">menu7902</property>
	<property name="id">$INFO[skin.string(menu7902.master)]</property>
	<onclick condition="Window.IsVisible(6000)">SetFocus(5000)</onclick>
	<onclick condition="Window.IsVisible(Home)">Dialog.Close(6079)</onclick>
	<onclick condition="Window.IsVisible(Home)">Skin.SetString(submenu_action,$VAR[value_menu7902.action])</onclick>
	<visible>![IsEmpty(skin.string(menu7902.master)) | SubString(skin.string(menu7902.visible),off)] | Window.IsVisible(6000)</visible>
	</item>
	<item>
	<label fallback="31014">$VAR[value_menu7903.label]</label>
	<property name="condition">$INFO[skin.string(menu7903.visible)]</property>
	<property name="name">menu7903</property>
	<property name="id">$INFO[skin.string(menu7903.master)]</property>
	<onclick condition="Window.IsVisible(6000)">SetFocus(5000)</onclick>
	<onclick condition="Window.IsVisible(Home)">Dialog.Close(6079)</onclick>
	<onclick condition="Window.IsVisible(Home)">Skin.SetString(submenu_action,$VAR[value_menu7903.action])</onclick>
	<visible>![IsEmpty(skin.string(menu7903.master)) | SubString(skin.string(menu7903.visible),off)] | Window.IsVisible(6000)</visible>
	</item>
	<item>
	<label fallback="31014">$VAR[value_menu7904.label]</label>
	<property name="condition">$INFO[skin.string(menu7904.visible)]</property>
	<property name="name">menu7904</property>
	<property name="id">$INFO[skin.string(menu7904.master)]</property>
	<onclick condition="Window.IsVisible(6000)">SetFocus(5000)</onclick>
	<onclick condition="Window.IsVisible(Home)">Dialog.Close(6079)</onclick>
	<onclick condition="Window.IsVisible(Home)">Skin.SetString(submenu_action,$VAR[value_menu7904.action])</onclick>
	<visible>![IsEmpty(skin.string(menu7904.master)) | SubString(skin.string(menu7904.visible),off)] | Window.IsVisible(6000)</visible>
	</item>
	<item>
	<label fallback="31014">$VAR[value_menu7905.label]</label>
	<property name="condition">$INFO[skin.string(menu7905.visible)]</property>
	<property name="name">menu7905</property>
	<property name="id">$INFO[skin.string(menu7905.master)]</property>
	<onclick condition="Window.IsVisible(6000)">SetFocus(5000)</onclick>
	<onclick condition="Window.IsVisible(Home)">Dialog.Close(6079)</onclick>
	<onclick condition="Window.IsVisible(Home)">Skin.SetString(submenu_action,$VAR[value_menu7905.action])</onclick>
	<visible>![IsEmpty(skin.string(menu7905.master)) | SubString(skin.string(menu7905.visible),off)] | Window.IsVisible(6000)</visible>
	</item>
	<item>
	<label fallback="31014">$VAR[value_menu7906.label]</label>
	<property name="condition">$INFO[skin.string(menu7906.visible)]</property>
	<property name="name">menu7906</property>
	<property name="id">$INFO[skin.string(menu7906.master)]</property>
	<onclick condition="Window.IsVisible(6000)">SetFocus(5000)</onclick>
	<onclick condition="Window.IsVisible(Home)">Dialog.Close(6079)</onclick>
	<onclick condition="Window.IsVisible(Home)">Skin.SetString(submenu_action,$VAR[value_menu7906.action])</onclick>
	<visible>![IsEmpty(skin.string(menu7906.master)) | SubString(skin.string(menu7906.visible),off)] | Window.IsVisible(6000)</visible>
	</item>
	<item>
	<label fallback="31014">$VAR[value_menu7907.label]</label>
	<property name="condition">$INFO[skin.string(menu7907.visible)]</property>
	<property name="name">menu7907</property>
	<property name="id">$INFO[skin.string(menu7907.master)]</property>
	<onclick condition="Window.IsVisible(6000)">SetFocus(5000)</onclick>
	<onclick condition="Window.IsVisible(Home)">Dialog.Close(6079)</onclick>
	<onclick condition="Window.IsVisible(Home)">Skin.SetString(submenu_action,$VAR[value_menu7907.action])</onclick>
	<visible>![IsEmpty(skin.string(menu7907.master)) | SubString(skin.string(menu7907.visible),off)] | Window.IsVisible(6000)</visible>
	</item>
	<item>
	<label fallback="31014">$VAR[value_menu7908.label]</label>
	<property name="condition">$INFO[skin.string(menu7908.visible)]</property>
	<property name="name">menu7908</property>
	<property name="id">$INFO[skin.string(menu7908.master)]</property>
	<onclick condition="Window.IsVisible(6000)">SetFocus(5000)</onclick>
	<onclick condition="Window.IsVisible(Home)">Dialog.Close(6079)</onclick>
	<onclick condition="Window.IsVisible(Home)">Skin.SetString(submenu_action,$VAR[value_menu7908.action])</onclick>
	<visible>![IsEmpty(skin.string(menu7908.master)) | SubString(skin.string(menu7908.visible),off)] | Window.IsVisible(6000)</visible>
	</item>
	<item>
	<label fallback="31014">$VAR[value_menu7909.label]</label>
	<property name="condition">$INFO[skin.string(menu7909.visible)]</property>
	<property name="name">menu7909</property>
	<property name="id">$INFO[skin.string(menu7909.master)]</property>
	<onclick condition="Window.IsVisible(6000)">SetFocus(5000)</onclick>
	<onclick condition="Window.IsVisible(Home)">Dialog.Close(6079)</onclick>
	<onclick condition="Window.IsVisible(Home)">Skin.SetString(submenu_action,$VAR[value_menu7909.action])</onclick>
	<visible>![IsEmpty(skin.string(menu7909.master)) | SubString(skin.string(menu7909.visible),off)] | Window.IsVisible(6000)</visible>
	</item>
	<item>
	<label fallback="31014">$VAR[value_menu7910.label]</label>
	<property name="condition">$INFO[skin.string(menu7910.visible)]</property>
	<property name="name">menu7910</property>
	<property name="id">$INFO[skin.string(menu7910.master)]</property>
	<onclick condition="Window.IsVisible(6000)">SetFocus(5000)</onclick>
	<onclick condition="Window.IsVisible(Home)">Dialog.Close(6079)</onclick>
	<onclick condition="Window.IsVisible(Home)">Skin.SetString(submenu_action,$VAR[value_menu7910.action])</onclick>
	<visible>![IsEmpty(skin.string(menu7910.master)) | SubString(skin.string(menu7910.visible),off)] | Window.IsVisible(6000)</visible>
	</item>
	</content>
	</control>
	<include condition="Window.IsVisible(6000)">Glass</include>
	</control>
	</control>
	</controls>
</window>