<?xml version="1.0" encoding="UTF-8"?>
<window id="6035" type="dialog"><!-- Aeon MQ 6 --><!-- Filme cinema ex -->
	<defaultcontrol>-</defaultcontrol>
	<include>SubMenuCommon</include>
	<controls>
	<control type="group">
	<include condition="Window.IsVisible(6000)">MenuCustom</include>
	<control type="group"><!-- default group -->
	<include>Animation_SubMenu</include>
	<include condition="Window.IsVisible(6000)">SubmenuGoTo</include>
	<include condition="Window.IsVisible(Home)">SubMenuDefault</include>
	<control type="panel" id="9000">
	<include condition="Window.IsVisible(6000)">SubmenuVList</include>
	<include condition="Window.IsVisible(Home)">SubmenuHList</include>
	<content>
	<item>
	<label fallback="31014">$VAR[value_menu3501.label]</label>
	<property name="condition">$INFO[skin.string(menu3501.visible)]</property>
	<property name="name">menu3501</property>
	<property name="id">$INFO[skin.string(menu3501.master)]</property>
	<onclick condition="Window.IsVisible(6000)">SetFocus(5000)</onclick>
	<onclick condition="Window.IsVisible(Home)">Dialog.Close(6035)</onclick>
	<onclick condition="Window.IsVisible(Home)">Skin.SetString(submenu_action,$VAR[value_menu3501.action])</onclick>
	<visible>![IsEmpty(skin.string(menu3501.master)) | SubString(skin.string(menu3501.visible),off)] | Window.IsVisible(6000)</visible>
	</item>
	<item>
	<label fallback="31014">$VAR[value_menu3502.label]</label>
	<property name="condition">$INFO[skin.string(menu3502.visible)]</property>
	<property name="name">menu3502</property>
	<property name="id">$INFO[skin.string(menu3502.master)]</property>
	<onclick condition="Window.IsVisible(6000)">SetFocus(5000)</onclick>
	<onclick condition="Window.IsVisible(Home)">Dialog.Close(6035)</onclick>
	<onclick condition="Window.IsVisible(Home)">Skin.SetString(submenu_action,$VAR[value_menu3502.action])</onclick>
	<visible>![IsEmpty(skin.string(menu3502.master)) | SubString(skin.string(menu3502.visible),off)] | Window.IsVisible(6000)</visible>
	</item>
	<item>
	<label fallback="31014">$VAR[value_menu3503.label]</label>
	<property name="condition">$INFO[skin.string(menu3503.visible)]</property>
	<property name="name">menu3503</property>
	<property name="id">$INFO[skin.string(menu3503.master)]</property>
	<onclick condition="Window.IsVisible(6000)">SetFocus(5000)</onclick>
	<onclick condition="Window.IsVisible(Home)">Dialog.Close(6035)</onclick>
	<onclick condition="Window.IsVisible(Home)">Skin.SetString(submenu_action,$VAR[value_menu3503.action])</onclick>
	<visible>![IsEmpty(skin.string(menu3503.master)) | SubString(skin.string(menu3503.visible),off)] | Window.IsVisible(6000)</visible>
	</item>
	<item>
	<label fallback="31014">$VAR[value_menu3504.label]</label>
	<property name="condition">$INFO[skin.string(menu3504.visible)]</property>
	<property name="name">menu3504</property>
	<property name="id">$INFO[skin.string(menu3504.master)]</property>
	<onclick condition="Window.IsVisible(6000)">SetFocus(5000)</onclick>
	<onclick condition="Window.IsVisible(Home)">Dialog.Close(6035)</onclick>
	<onclick condition="Window.IsVisible(Home)">Skin.SetString(submenu_action,$VAR[value_menu3504.action])</onclick>
	<visible>![IsEmpty(skin.string(menu3504.master)) | SubString(skin.string(menu3504.visible),off)] | Window.IsVisible(6000)</visible>
	</item>
	<item>
	<label fallback="31014">$VAR[value_menu3505.label]</label>
	<property name="condition">$INFO[skin.string(menu3505.visible)]</property>
	<property name="name">menu3505</property>
	<property name="id">$INFO[skin.string(menu3505.master)]</property>
	<onclick condition="Window.IsVisible(6000)">SetFocus(5000)</onclick>
	<onclick condition="Window.IsVisible(Home)">Dialog.Close(6035)</onclick>
	<onclick condition="Window.IsVisible(Home)">Skin.SetString(submenu_action,$VAR[value_menu3505.action])</onclick>
	<visible>![IsEmpty(skin.string(menu3505.master)) | SubString(skin.string(menu3505.visible),off)] | Window.IsVisible(6000)</visible>
	</item>
	<item>
	<label fallback="31014">$VAR[value_menu3506.label]</label>
	<property name="condition">$INFO[skin.string(menu3506.visible)]</property>
	<property name="name">menu3506</property>
	<property name="id">$INFO[skin.string(menu3506.master)]</property>
	<onclick condition="Window.IsVisible(6000)">SetFocus(5000)</onclick>
	<onclick condition="Window.IsVisible(Home)">Dialog.Close(6035)</onclick>
	<onclick condition="Window.IsVisible(Home)">Skin.SetString(submenu_action,$VAR[value_menu3506.action])</onclick>
	<visible>![IsEmpty(skin.string(menu3506.master)) | SubString(skin.string(menu3506.visible),off)] | Window.IsVisible(6000)</visible>
	</item>
	<item>
	<label fallback="31014">$VAR[value_menu3507.label]</label>
	<property name="condition">$INFO[skin.string(menu3507.visible)]</property>
	<property name="name">menu3507</property>
	<property name="id">$INFO[skin.string(menu3507.master)]</property>
	<onclick condition="Window.IsVisible(6000)">SetFocus(5000)</onclick>
	<onclick condition="Window.IsVisible(Home)">Dialog.Close(6035)</onclick>
	<onclick condition="Window.IsVisible(Home)">Skin.SetString(submenu_action,$VAR[value_menu3507.action])</onclick>
	<visible>![IsEmpty(skin.string(menu3507.master)) | SubString(skin.string(menu3507.visible),off)] | Window.IsVisible(6000)</visible>
	</item>
	<item>
	<label fallback="31014">$VAR[value_menu3508.label]</label>
	<property name="condition">$INFO[skin.string(menu3508.visible)]</property>
	<property name="name">menu3508</property>
	<property name="id">$INFO[skin.string(menu3508.master)]</property>
	<onclick condition="Window.IsVisible(6000)">SetFocus(5000)</onclick>
	<onclick condition="Window.IsVisible(Home)">Dialog.Close(6035)</onclick>
	<onclick condition="Window.IsVisible(Home)">Skin.SetString(submenu_action,$VAR[value_menu3508.action])</onclick>
	<visible>![IsEmpty(skin.string(menu3508.master)) | SubString(skin.string(menu3508.visible),off)] | Window.IsVisible(6000)</visible>
	</item>
	<item>
	<label fallback="31014">$VAR[value_menu3509.label]</label>
	<property name="condition">$INFO[skin.string(menu3509.visible)]</property>
	<property name="name">menu3509</property>
	<property name="id">$INFO[skin.string(menu3509.master)]</property>
	<onclick condition="Window.IsVisible(6000)">SetFocus(5000)</onclick>
	<onclick condition="Window.IsVisible(Home)">Dialog.Close(6035)</onclick>
	<onclick condition="Window.IsVisible(Home)">Skin.SetString(submenu_action,$VAR[value_menu3509.action])</onclick>
	<visible>![IsEmpty(skin.string(menu3509.master)) | SubString(skin.string(menu3509.visible),off)] | Window.IsVisible(6000)</visible>
	</item>
	<item>
	<label fallback="31014">$VAR[value_menu3510.label]</label>
	<property name="condition">$INFO[skin.string(menu3510.visible)]</property>
	<property name="name">menu3510</property>
	<property name="id">$INFO[skin.string(menu3510.master)]</property>
	<onclick condition="Window.IsVisible(6000)">SetFocus(5000)</onclick>
	<onclick condition="Window.IsVisible(Home)">Dialog.Close(6035)</onclick>
	<onclick condition="Window.IsVisible(Home)">Skin.SetString(submenu_action,$VAR[value_menu3510.action])</onclick>
	<visible>![IsEmpty(skin.string(menu3510.master)) | SubString(skin.string(menu3510.visible),off)] | Window.IsVisible(6000)</visible>
	</item>
	</content>
	</control>
	<include condition="Window.IsVisible(6000)">Glass</include>
	</control>
	</control>
	</controls>
</window>