<?xml version="1.0" encoding="UTF-8"?>
<window id="6522" type="dialog"><!-- Aeon MQ 6 --><!-- Canais de TV -->
	<defaultcontrol>-</defaultcontrol>
	<include>SubMenuCommon</include>
	<controls>
	<control type="group">
	<include condition="Window.IsVisible(6000)">MenuCustom</include>
	<control type="group"><!-- default group -->
	<include>Animation_SubMenu</include>
	<include condition="Window.IsVisible(6000)">SubmenuGoTo</include>
	<include condition="Window.IsVisible(Home)">SubMenuDefault</include>
	<control type="panel" id="9000">
	<include condition="Window.IsVisible(6000)">SubmenuVList</include>
	<include condition="Window.IsVisible(Home)">SubmenuHList</include>
	<content>
	<item>
	<label fallback="31014">$VAR[value_menu52031.label]</label>
	<property name="condition">$INFO[skin.string(menu52031.visible)]</property>
	<property name="name">menu52031</property>
	<property name="id">$INFO[skin.string(menu52031.master)]</property>
	<onclick condition="Window.IsVisible(6000)">SetFocus(5000)</onclick>
	<onclick condition="Window.IsVisible(Home)">Dialog.Close(6522)</onclick>
	<onclick condition="Window.IsVisible(Home)">Skin.SetString(submenu_action,$VAR[value_menu52031.action])</onclick>
	<visible>![IsEmpty(skin.string(menu52031.master)) | SubString(skin.string(menu52031.visible),off)] | Window.IsVisible(6000)</visible>
	</item>
	<item>
	<label fallback="31014">$VAR[value_menu52032.label]</label>
	<property name="condition">$INFO[skin.string(menu52032.visible)]</property>
	<property name="name">menu52032</property>
	<property name="id">$INFO[skin.string(menu52032.master)]</property>
	<onclick condition="Window.IsVisible(6000)">SetFocus(5000)</onclick>
	<onclick condition="Window.IsVisible(Home)">Dialog.Close(6522)</onclick>
	<onclick condition="Window.IsVisible(Home)">Skin.SetString(submenu_action,$VAR[value_menu52032.action])</onclick>
	<visible>![IsEmpty(skin.string(menu52032.master)) | SubString(skin.string(menu52032.visible),off)] | Window.IsVisible(6000)</visible>
	</item>
	<item>
	<label fallback="31014">$VAR[value_menu52033.label]</label>
	<property name="condition">$INFO[skin.string(menu52033.visible)]</property>
	<property name="name">menu52033</property>
	<property name="id">$INFO[skin.string(menu52033.master)]</property>
	<onclick condition="Window.IsVisible(6000)">SetFocus(5000)</onclick>
	<onclick condition="Window.IsVisible(Home)">Dialog.Close(6522)</onclick>
	<onclick condition="Window.IsVisible(Home)">Skin.SetString(submenu_action,$VAR[value_menu52033.action])</onclick>
	<visible>![IsEmpty(skin.string(menu52033.master)) | SubString(skin.string(menu52033.visible),off)] | Window.IsVisible(6000)</visible>
	</item>
	<item>
	<label fallback="31014">$VAR[value_menu52034.label]</label>
	<property name="condition">$INFO[skin.string(menu52034.visible)]</property>
	<property name="name">menu52034</property>
	<property name="id">$INFO[skin.string(menu52034.master)]</property>
	<onclick condition="Window.IsVisible(6000)">SetFocus(5000)</onclick>
	<onclick condition="Window.IsVisible(Home)">Dialog.Close(6522)</onclick>
	<onclick condition="Window.IsVisible(Home)">Skin.SetString(submenu_action,$VAR[value_menu52034.action])</onclick>
	<visible>![IsEmpty(skin.string(menu52034.master)) | SubString(skin.string(menu52034.visible),off)] | Window.IsVisible(6000)</visible>
	</item>
	<item>
	<label fallback="31014">$VAR[value_menu52035.label]</label>
	<property name="condition">$INFO[skin.string(menu52035.visible)]</property>
	<property name="name">menu52035</property>
	<property name="id">$INFO[skin.string(menu52035.master)]</property>
	<onclick condition="Window.IsVisible(6000)">SetFocus(5000)</onclick>
	<onclick condition="Window.IsVisible(Home)">Dialog.Close(6522)</onclick>
	<onclick condition="Window.IsVisible(Home)">Skin.SetString(submenu_action,$VAR[value_menu52035.action])</onclick>
	<visible>![IsEmpty(skin.string(menu52035.master)) | SubString(skin.string(menu52035.visible),off)] | Window.IsVisible(6000)</visible>
	</item>
	</content>
	</control>
	<include condition="Window.IsVisible(6000)">Glass</include>
	</control>
	</control>
	</controls>
</window>