<?xml version="1.0" encoding="UTF-8"?>
<window id="6504" type="dialog"><!-- Aeon MQ 6 --><!-- Addon 4 -->
	<defaultcontrol>-</defaultcontrol>
	<include>SubMenuCommon</include>
	<controls>
	<control type="group">
	<include condition="Window.IsVisible(6000)">MenuCustom</include>
	<control type="group"><!-- default group -->
	<include>Animation_SubMenu</include>
	<include condition="Window.IsVisible(6000)">SubmenuGoTo</include>
	<include condition="Window.IsVisible(Home)">SubMenuDefault</include>
	<control type="panel" id="9000">
	<include condition="Window.IsVisible(6000)">SubmenuVList</include>
	<include condition="Window.IsVisible(Home)">SubmenuHList</include>
	<content>
	<item>
	<label fallback="31014">$VAR[value_menu50401.label]</label>
	<property name="condition">$INFO[skin.string(menu50401.visible)]</property>
	<property name="name">menu50401</property>
	<property name="id">$INFO[skin.string(menu50401.master)]</property>
	<onclick condition="Window.IsVisible(6000)">SetFocus(5000)</onclick>
	<onclick condition="Window.IsVisible(Home)">Dialog.Close(6504)</onclick>
	<onclick condition="Window.IsVisible(Home)">Skin.SetString(submenu_action,$VAR[value_menu50401.action])</onclick>
	<visible>![IsEmpty(skin.string(menu50401.master)) | SubString(skin.string(menu50401.visible),off)] | Window.IsVisible(6000)</visible>
	</item>
	<item>
	<label fallback="31014">$VAR[value_menu50402.label]</label>
	<property name="condition">$INFO[skin.string(menu50402.visible)]</property>
	<property name="name">menu50402</property>
	<property name="id">$INFO[skin.string(menu50402.master)]</property>
	<onclick condition="Window.IsVisible(6000)">SetFocus(5000)</onclick>
	<onclick condition="Window.IsVisible(Home)">Dialog.Close(6504)</onclick>
	<onclick condition="Window.IsVisible(Home)">Skin.SetString(submenu_action,$VAR[value_menu50402.action])</onclick>
	<visible>![IsEmpty(skin.string(menu50402.master)) | SubString(skin.string(menu50402.visible),off)] | Window.IsVisible(6000)</visible>
	</item>
	<item>
	<label fallback="31014">$VAR[value_menu50403.label]</label>
	<property name="condition">$INFO[skin.string(menu50403.visible)]</property>
	<property name="name">menu50403</property>
	<property name="id">$INFO[skin.string(menu50403.master)]</property>
	<onclick condition="Window.IsVisible(6000)">SetFocus(5000)</onclick>
	<onclick condition="Window.IsVisible(Home)">Dialog.Close(6504)</onclick>
	<onclick condition="Window.IsVisible(Home)">Skin.SetString(submenu_action,$VAR[value_menu50403.action])</onclick>
	<visible>![IsEmpty(skin.string(menu50403.master)) | SubString(skin.string(menu50403.visible),off)] | Window.IsVisible(6000)</visible>
	</item>
	<item>
	<label fallback="31014">$VAR[value_menu50404.label]</label>
	<property name="condition">$INFO[skin.string(menu50404.visible)]</property>
	<property name="name">menu50404</property>
	<property name="id">$INFO[skin.string(menu50404.master)]</property>
	<onclick condition="Window.IsVisible(6000)">SetFocus(5000)</onclick>
	<onclick condition="Window.IsVisible(Home)">Dialog.Close(6504)</onclick>
	<onclick condition="Window.IsVisible(Home)">Skin.SetString(submenu_action,$VAR[value_menu50404.action])</onclick>
	<visible>![IsEmpty(skin.string(menu50404.master)) | SubString(skin.string(menu50404.visible),off)] | Window.IsVisible(6000)</visible>
	</item>
	<item>
	<label fallback="31014">$VAR[value_menu50405.label]</label>
	<property name="condition">$INFO[skin.string(menu50405.visible)]</property>
	<property name="name">menu50405</property>
	<property name="id">$INFO[skin.string(menu50405.master)]</property>
	<onclick condition="Window.IsVisible(6000)">SetFocus(5000)</onclick>
	<onclick condition="Window.IsVisible(Home)">Dialog.Close(6504)</onclick>
	<onclick condition="Window.IsVisible(Home)">Skin.SetString(submenu_action,$VAR[value_menu50405.action])</onclick>
	<visible>![IsEmpty(skin.string(menu50405.master)) | SubString(skin.string(menu50405.visible),off)] | Window.IsVisible(6000)</visible>
	</item>
	<item>
	<label fallback="31014">$VAR[value_menu50406.label]</label>
	<property name="condition">$INFO[skin.string(menu50406.visible)]</property>
	<property name="name">menu50406</property>
	<property name="id">$INFO[skin.string(menu50406.master)]</property>
	<onclick condition="Window.IsVisible(6000)">SetFocus(5000)</onclick>
	<onclick condition="Window.IsVisible(Home)">Dialog.Close(6504)</onclick>
	<onclick condition="Window.IsVisible(Home)">Skin.SetString(submenu_action,$VAR[value_menu50406.action])</onclick>
	<visible>![IsEmpty(skin.string(menu50406.master)) | SubString(skin.string(menu50406.visible),off)] | Window.IsVisible(6000)</visible>
	</item>
	<item>
	<label fallback="31014">$VAR[value_menu50407.label]</label>
	<property name="condition">$INFO[skin.string(menu50407.visible)]</property>
	<property name="name">menu50407</property>
	<property name="id">$INFO[skin.string(menu50407.master)]</property>
	<onclick condition="Window.IsVisible(6000)">SetFocus(5000)</onclick>
	<onclick condition="Window.IsVisible(Home)">Dialog.Close(6504)</onclick>
	<onclick condition="Window.IsVisible(Home)">Skin.SetString(submenu_action,$VAR[value_menu50407.action])</onclick>
	<visible>![IsEmpty(skin.string(menu50407.master)) | SubString(skin.string(menu50407.visible),off)] | Window.IsVisible(6000)</visible>
	</item>
	<item>
	<label fallback="31014">$VAR[value_menu50408.label]</label>
	<property name="condition">$INFO[skin.string(menu50408.visible)]</property>
	<property name="name">menu50408</property>
	<property name="id">$INFO[skin.string(menu50408.master)]</property>
	<onclick condition="Window.IsVisible(6000)">SetFocus(5000)</onclick>
	<onclick condition="Window.IsVisible(Home)">Dialog.Close(6504)</onclick>
	<onclick condition="Window.IsVisible(Home)">Skin.SetString(submenu_action,$VAR[value_menu50408.action])</onclick>
	<visible>![IsEmpty(skin.string(menu50408.master)) | SubString(skin.string(menu50408.visible),off)] | Window.IsVisible(6000)</visible>
	</item>
	<item>
	<label fallback="31014">$VAR[value_menu50409.label]</label>
	<property name="condition">$INFO[skin.string(menu50409.visible)]</property>
	<property name="name">menu50409</property>
	<property name="id">$INFO[skin.string(menu50409.master)]</property>
	<onclick condition="Window.IsVisible(6000)">SetFocus(5000)</onclick>
	<onclick condition="Window.IsVisible(Home)">Dialog.Close(6504)</onclick>
	<onclick condition="Window.IsVisible(Home)">Skin.SetString(submenu_action,$VAR[value_menu50409.action])</onclick>
	<visible>![IsEmpty(skin.string(menu50409.master)) | SubString(skin.string(menu50409.visible),off)] | Window.IsVisible(6000)</visible>
	</item>
	<item>
	<label fallback="31014">$VAR[value_menu50410.label]</label>
	<property name="condition">$INFO[skin.string(menu50410.visible)]</property>
	<property name="name">menu50410</property>
	<property name="id">$INFO[skin.string(menu50410.master)]</property>
	<onclick condition="Window.IsVisible(6000)">SetFocus(5000)</onclick>
	<onclick condition="Window.IsVisible(Home)">Dialog.Close(6504)</onclick>
	<onclick condition="Window.IsVisible(Home)">Skin.SetString(submenu_action,$VAR[value_menu50410.action])</onclick>
	<visible>![IsEmpty(skin.string(menu50410.master)) | SubString(skin.string(menu50410.visible),off)] | Window.IsVisible(6000)</visible>
	</item>
	<item>
	<label fallback="31014">$VAR[value_menu50411.label]</label>
	<property name="condition">$INFO[skin.string(menu50411.visible)]</property>
	<property name="name">menu50411</property>
	<property name="id">$INFO[skin.string(menu50411.master)]</property>
	<onclick condition="Window.IsVisible(6000)">SetFocus(5000)</onclick>
	<onclick condition="Window.IsVisible(Home)">Dialog.Close(6504)</onclick>
	<onclick condition="Window.IsVisible(Home)">Skin.SetString(submenu_action,$VAR[value_menu50411.action])</onclick>
	<visible>![IsEmpty(skin.string(menu50411.master)) | SubString(skin.string(menu50411.visible),off)] | Window.IsVisible(6000)</visible>
	</item>
	<item>
	<label fallback="31014">$VAR[value_menu50412.label]</label>
	<property name="condition">$INFO[skin.string(menu50412.visible)]</property>
	<property name="name">menu50412</property>
	<property name="id">$INFO[skin.string(menu50412.master)]</property>
	<onclick condition="Window.IsVisible(6000)">SetFocus(5000)</onclick>
	<onclick condition="Window.IsVisible(Home)">Dialog.Close(6504)</onclick>
	<onclick condition="Window.IsVisible(Home)">Skin.SetString(submenu_action,$VAR[value_menu50412.action])</onclick>
	<visible>![IsEmpty(skin.string(menu50412.master)) | SubString(skin.string(menu50412.visible),off)] | Window.IsVisible(6000)</visible>
	</item>
	<item>
	<label fallback="31014">$VAR[value_menu50413.label]</label>
	<property name="condition">$INFO[skin.string(menu50413.visible)]</property>
	<property name="name">menu50413</property>
	<property name="id">$INFO[skin.string(menu50413.master)]</property>
	<onclick condition="Window.IsVisible(6000)">SetFocus(5000)</onclick>
	<onclick condition="Window.IsVisible(Home)">Dialog.Close(6504)</onclick>
	<onclick condition="Window.IsVisible(Home)">Skin.SetString(submenu_action,$VAR[value_menu50413.action])</onclick>
	<visible>![IsEmpty(skin.string(menu50413.master)) | SubString(skin.string(menu50413.visible),off)] | Window.IsVisible(6000)</visible>
	</item>
	<item>
	<label fallback="31014">$VAR[value_menu50414.label]</label>
	<property name="condition">$INFO[skin.string(menu50414.visible)]</property>
	<property name="name">menu50414</property>
	<property name="id">$INFO[skin.string(menu50414.master)]</property>
	<onclick condition="Window.IsVisible(6000)">SetFocus(5000)</onclick>
	<onclick condition="Window.IsVisible(Home)">Dialog.Close(6504)</onclick>
	<onclick condition="Window.IsVisible(Home)">Skin.SetString(submenu_action,$VAR[value_menu50414.action])</onclick>
	<visible>![IsEmpty(skin.string(menu50414.master)) | SubString(skin.string(menu50414.visible),off)] | Window.IsVisible(6000)</visible>
	</item>
	<item>
	<label fallback="31014">$VAR[value_menu50415.label]</label>
	<property name="condition">$INFO[skin.string(menu50415.visible)]</property>
	<property name="name">menu50415</property>
	<property name="id">$INFO[skin.string(menu50415.master)]</property>
	<onclick condition="Window.IsVisible(6000)">SetFocus(5000)</onclick>
	<onclick condition="Window.IsVisible(Home)">Dialog.Close(6504)</onclick>
	<onclick condition="Window.IsVisible(Home)">Skin.SetString(submenu_action,$VAR[value_menu50415.action])</onclick>
	<visible>![IsEmpty(skin.string(menu50415.master)) | SubString(skin.string(menu50415.visible),off)] | Window.IsVisible(6000)</visible>
	</item>
	</content>
	</control>
	<include condition="Window.IsVisible(6000)">Glass</include>
	</control>
	</control>
	</controls>
</window>