<?xml version="1.0" encoding="UTF-8"?>
<window id="6315" type="dialog"><!-- Aeon MQ 6 --><!-- Vnode 15 -->
	<defaultcontrol>-</defaultcontrol>
	<include>SubMenuCommon</include>
	<controls>
	<control type="group">
	<include condition="Window.IsVisible(6000)">MenuCustom</include>
	<control type="group"><!-- default group -->
	<include>Animation_SubMenu</include>
	<include condition="Window.IsVisible(6000)">SubmenuGoTo</include>
	<include condition="Window.IsVisible(Home)">SubMenuDefault</include>
	<control type="panel" id="9000">
	<include condition="Window.IsVisible(6000)">SubmenuVList</include>
	<include condition="Window.IsVisible(Home)">SubmenuHList</include>
	<content>
	<item>
	<label fallback="31014">$VAR[value_menu31501.label]</label>
	<property name="condition">$INFO[skin.string(menu31501.visible)]</property>
	<property name="name">menu31501</property>
	<property name="id">$INFO[skin.string(menu31501.master)]</property>
	<onclick condition="Window.IsVisible(6000)">SetFocus(5000)</onclick>
	<onclick condition="Window.IsVisible(Home)">Dialog.Close(6315)</onclick>
	<onclick condition="Window.IsVisible(Home)">Skin.SetString(submenu_action,$VAR[value_menu31501.action])</onclick>
	<visible>![IsEmpty(skin.string(menu31501.master)) | SubString(skin.string(menu31501.visible),off)] | Window.IsVisible(6000)</visible>
	</item>
	<item>
	<label fallback="31014">$VAR[value_menu31502.label]</label>
	<property name="condition">$INFO[skin.string(menu31502.visible)]</property>
	<property name="name">menu31502</property>
	<property name="id">$INFO[skin.string(menu31502.master)]</property>
	<onclick condition="Window.IsVisible(6000)">SetFocus(5000)</onclick>
	<onclick condition="Window.IsVisible(Home)">Dialog.Close(6315)</onclick>
	<onclick condition="Window.IsVisible(Home)">Skin.SetString(submenu_action,$VAR[value_menu31502.action])</onclick>
	<visible>![IsEmpty(skin.string(menu31502.master)) | SubString(skin.string(menu31502.visible),off)] | Window.IsVisible(6000)</visible>
	</item>
	<item>
	<label fallback="31014">$VAR[value_menu31503.label]</label>
	<property name="condition">$INFO[skin.string(menu31503.visible)]</property>
	<property name="name">menu31503</property>
	<property name="id">$INFO[skin.string(menu31503.master)]</property>
	<onclick condition="Window.IsVisible(6000)">SetFocus(5000)</onclick>
	<onclick condition="Window.IsVisible(Home)">Dialog.Close(6315)</onclick>
	<onclick condition="Window.IsVisible(Home)">Skin.SetString(submenu_action,$VAR[value_menu31503.action])</onclick>
	<visible>![IsEmpty(skin.string(menu31503.master)) | SubString(skin.string(menu31503.visible),off)] | Window.IsVisible(6000)</visible>
	</item>
	<item>
	<label fallback="31014">$VAR[value_menu31504.label]</label>
	<property name="condition">$INFO[skin.string(menu31504.visible)]</property>
	<property name="name">menu31504</property>
	<property name="id">$INFO[skin.string(menu31504.master)]</property>
	<onclick condition="Window.IsVisible(6000)">SetFocus(5000)</onclick>
	<onclick condition="Window.IsVisible(Home)">Dialog.Close(6315)</onclick>
	<onclick condition="Window.IsVisible(Home)">Skin.SetString(submenu_action,$VAR[value_menu31504.action])</onclick>
	<visible>![IsEmpty(skin.string(menu31504.master)) | SubString(skin.string(menu31504.visible),off)] | Window.IsVisible(6000)</visible>
	</item>
	<item>
	<label fallback="31014">$VAR[value_menu31505.label]</label>
	<property name="condition">$INFO[skin.string(menu31505.visible)]</property>
	<property name="name">menu31505</property>
	<property name="id">$INFO[skin.string(menu31505.master)]</property>
	<onclick condition="Window.IsVisible(6000)">SetFocus(5000)</onclick>
	<onclick condition="Window.IsVisible(Home)">Dialog.Close(6315)</onclick>
	<onclick condition="Window.IsVisible(Home)">Skin.SetString(submenu_action,$VAR[value_menu31505.action])</onclick>
	<visible>![IsEmpty(skin.string(menu31505.master)) | SubString(skin.string(menu31505.visible),off)] | Window.IsVisible(6000)</visible>
	</item>
	<item>
	<label fallback="31014">$VAR[value_menu31506.label]</label>
	<property name="condition">$INFO[skin.string(menu31506.visible)]</property>
	<property name="name">menu31506</property>
	<property name="id">$INFO[skin.string(menu31506.master)]</property>
	<onclick condition="Window.IsVisible(6000)">SetFocus(5000)</onclick>
	<onclick condition="Window.IsVisible(Home)">Dialog.Close(6315)</onclick>
	<onclick condition="Window.IsVisible(Home)">Skin.SetString(submenu_action,$VAR[value_menu31506.action])</onclick>
	<visible>![IsEmpty(skin.string(menu31506.master)) | SubString(skin.string(menu31506.visible),off)] | Window.IsVisible(6000)</visible>
	</item>
	<item>
	<label fallback="31014">$VAR[value_menu31507.label]</label>
	<property name="condition">$INFO[skin.string(menu31507.visible)]</property>
	<property name="name">menu31507</property>
	<property name="id">$INFO[skin.string(menu31507.master)]</property>
	<onclick condition="Window.IsVisible(6000)">SetFocus(5000)</onclick>
	<onclick condition="Window.IsVisible(Home)">Dialog.Close(6315)</onclick>
	<onclick condition="Window.IsVisible(Home)">Skin.SetString(submenu_action,$VAR[value_menu31507.action])</onclick>
	<visible>![IsEmpty(skin.string(menu31507.master)) | SubString(skin.string(menu31507.visible),off)] | Window.IsVisible(6000)</visible>
	</item>
	<item>
	<label fallback="31014">$VAR[value_menu31508.label]</label>
	<property name="condition">$INFO[skin.string(menu31508.visible)]</property>
	<property name="name">menu31508</property>
	<property name="id">$INFO[skin.string(menu31508.master)]</property>
	<onclick condition="Window.IsVisible(6000)">SetFocus(5000)</onclick>
	<onclick condition="Window.IsVisible(Home)">Dialog.Close(6315)</onclick>
	<onclick condition="Window.IsVisible(Home)">Skin.SetString(submenu_action,$VAR[value_menu31508.action])</onclick>
	<visible>![IsEmpty(skin.string(menu31508.master)) | SubString(skin.string(menu31508.visible),off)] | Window.IsVisible(6000)</visible>
	</item>
	<item>
	<label fallback="31014">$VAR[value_menu31509.label]</label>
	<property name="condition">$INFO[skin.string(menu31509.visible)]</property>
	<property name="name">menu31509</property>
	<property name="id">$INFO[skin.string(menu31509.master)]</property>
	<onclick condition="Window.IsVisible(6000)">SetFocus(5000)</onclick>
	<onclick condition="Window.IsVisible(Home)">Dialog.Close(6315)</onclick>
	<onclick condition="Window.IsVisible(Home)">Skin.SetString(submenu_action,$VAR[value_menu31509.action])</onclick>
	<visible>![IsEmpty(skin.string(menu31509.master)) | SubString(skin.string(menu31509.visible),off)] | Window.IsVisible(6000)</visible>
	</item>
	<item>
	<label fallback="31014">$VAR[value_menu31510.label]</label>
	<property name="condition">$INFO[skin.string(menu31510.visible)]</property>
	<property name="name">menu31510</property>
	<property name="id">$INFO[skin.string(menu31510.master)]</property>
	<onclick condition="Window.IsVisible(6000)">SetFocus(5000)</onclick>
	<onclick condition="Window.IsVisible(Home)">Dialog.Close(6315)</onclick>
	<onclick condition="Window.IsVisible(Home)">Skin.SetString(submenu_action,$VAR[value_menu31510.action])</onclick>
	<visible>![IsEmpty(skin.string(menu31510.master)) | SubString(skin.string(menu31510.visible),off)] | Window.IsVisible(6000)</visible>
	</item>
	<item>
	<label fallback="31014">$VAR[value_menu31511.label]</label>
	<property name="condition">$INFO[skin.string(menu31511.visible)]</property>
	<property name="name">menu31511</property>
	<property name="id">$INFO[skin.string(menu31511.master)]</property>
	<onclick condition="Window.IsVisible(6000)">SetFocus(5000)</onclick>
	<onclick condition="Window.IsVisible(Home)">Dialog.Close(6315)</onclick>
	<onclick condition="Window.IsVisible(Home)">Skin.SetString(submenu_action,$VAR[value_menu31511.action])</onclick>
	<visible>![IsEmpty(skin.string(menu31511.master)) | SubString(skin.string(menu31511.visible),off)] | Window.IsVisible(6000)</visible>
	</item>
	<item>
	<label fallback="31014">$VAR[value_menu31512.label]</label>
	<property name="condition">$INFO[skin.string(menu31512.visible)]</property>
	<property name="name">menu31512</property>
	<property name="id">$INFO[skin.string(menu31512.master)]</property>
	<onclick condition="Window.IsVisible(6000)">SetFocus(5000)</onclick>
	<onclick condition="Window.IsVisible(Home)">Dialog.Close(6315)</onclick>
	<onclick condition="Window.IsVisible(Home)">Skin.SetString(submenu_action,$VAR[value_menu31512.action])</onclick>
	<visible>![IsEmpty(skin.string(menu31512.master)) | SubString(skin.string(menu31512.visible),off)] | Window.IsVisible(6000)</visible>
	</item>
	<item>
	<label fallback="31014">$VAR[value_menu31513.label]</label>
	<property name="condition">$INFO[skin.string(menu31513.visible)]</property>
	<property name="name">menu31513</property>
	<property name="id">$INFO[skin.string(menu31513.master)]</property>
	<onclick condition="Window.IsVisible(6000)">SetFocus(5000)</onclick>
	<onclick condition="Window.IsVisible(Home)">Dialog.Close(6315)</onclick>
	<onclick condition="Window.IsVisible(Home)">Skin.SetString(submenu_action,$VAR[value_menu31513.action])</onclick>
	<visible>![IsEmpty(skin.string(menu31513.master)) | SubString(skin.string(menu31513.visible),off)] | Window.IsVisible(6000)</visible>
	</item>
	<item>
	<label fallback="31014">$VAR[value_menu31514.label]</label>
	<property name="condition">$INFO[skin.string(menu31514.visible)]</property>
	<property name="name">menu31514</property>
	<property name="id">$INFO[skin.string(menu31514.master)]</property>
	<onclick condition="Window.IsVisible(6000)">SetFocus(5000)</onclick>
	<onclick condition="Window.IsVisible(Home)">Dialog.Close(6315)</onclick>
	<onclick condition="Window.IsVisible(Home)">Skin.SetString(submenu_action,$VAR[value_menu31514.action])</onclick>
	<visible>![IsEmpty(skin.string(menu31514.master)) | SubString(skin.string(menu31514.visible),off)] | Window.IsVisible(6000)</visible>
	</item>
	<item>
	<label fallback="31014">$VAR[value_menu31515.label]</label>
	<property name="condition">$INFO[skin.string(menu31515.visible)]</property>
	<property name="name">menu31515</property>
	<property name="id">$INFO[skin.string(menu31515.master)]</property>
	<onclick condition="Window.IsVisible(6000)">SetFocus(5000)</onclick>
	<onclick condition="Window.IsVisible(Home)">Dialog.Close(6315)</onclick>
	<onclick condition="Window.IsVisible(Home)">Skin.SetString(submenu_action,$VAR[value_menu31515.action])</onclick>
	<visible>![IsEmpty(skin.string(menu31515.master)) | SubString(skin.string(menu31515.visible),off)] | Window.IsVisible(6000)</visible>
	</item>
	</content>
	</control>
	<include condition="Window.IsVisible(6000)">Glass</include>
	</control>
	</control>
	</controls>
</window>