<?xml version="1.0" encoding="UTF-8"?>
<window id="6007" type="dialog"><!-- Aeon MQ 6 --><!-- Jogos -->
	<defaultcontrol>-</defaultcontrol>
	<include>SubMenuCommon</include>
	<controls>
	<control type="group">
	<include condition="Window.IsVisible(6000)">MenuCustom</include>
	<control type="group"><!-- default group -->
	<include>Animation_SubMenu</include>
	<include condition="Window.IsVisible(6000)">SubmenuGoTo</include>
	<include condition="Window.IsVisible(Home)">SubMenuDefault</include>
	<control type="panel" id="9000">
	<include condition="Window.IsVisible(6000)">SubmenuVList</include>
	<include condition="Window.IsVisible(Home)">SubmenuHList</include>
	<content>
	<item>
	<label fallback="31014">$VAR[value_menu0701.label]</label>
	<property name="condition">$INFO[skin.string(menu0701.visible)]</property>
	<property name="name">menu0701</property>
	<property name="id">$INFO[skin.string(menu0701.master)]</property>
	<onclick condition="Window.IsVisible(6000)">SetFocus(5000)</onclick>
	<onclick condition="Window.IsVisible(Home)">Dialog.Close(6007)</onclick>
	<onclick condition="Window.IsVisible(Home)">Skin.SetString(submenu_action,$VAR[value_menu0701.action])</onclick>
	<visible>![IsEmpty(skin.string(menu0701.master)) | SubString(skin.string(menu0701.visible),off)] | Window.IsVisible(6000)</visible>
	</item>
	<item>
	<label fallback="31014">$VAR[value_menu0702.label]</label>
	<property name="condition">$INFO[skin.string(menu0702.visible)]</property>
	<property name="name">menu0702</property>
	<property name="id">$INFO[skin.string(menu0702.master)]</property>
	<onclick condition="Window.IsVisible(6000)">SetFocus(5000)</onclick>
	<onclick condition="Window.IsVisible(Home)">Dialog.Close(6007)</onclick>
	<onclick condition="Window.IsVisible(Home)">Skin.SetString(submenu_action,$VAR[value_menu0702.action])</onclick>
	<visible>![IsEmpty(skin.string(menu0702.master)) | SubString(skin.string(menu0702.visible),off)] | Window.IsVisible(6000)</visible>
	</item>
	<item>
	<label fallback="31014">$VAR[value_menu0703.label]</label>
	<property name="condition">$INFO[skin.string(menu0703.visible)]</property>
	<property name="name">menu0703</property>
	<property name="id">$INFO[skin.string(menu0703.master)]</property>
	<onclick condition="Window.IsVisible(6000)">SetFocus(5000)</onclick>
	<onclick condition="Window.IsVisible(Home)">Dialog.Close(6007)</onclick>
	<onclick condition="Window.IsVisible(Home)">Skin.SetString(submenu_action,$VAR[value_menu0703.action])</onclick>
	<visible>![IsEmpty(skin.string(menu0703.master)) | SubString(skin.string(menu0703.visible),off)] | Window.IsVisible(6000)</visible>
	</item>
	<item>
	<label fallback="31014">$VAR[value_menu0704.label]</label>
	<property name="condition">$INFO[skin.string(menu0704.visible)]</property>
	<property name="name">menu0704</property>
	<property name="id">$INFO[skin.string(menu0704.master)]</property>
	<onclick condition="Window.IsVisible(6000)">SetFocus(5000)</onclick>
	<onclick condition="Window.IsVisible(Home)">Dialog.Close(6007)</onclick>
	<onclick condition="Window.IsVisible(Home)">Skin.SetString(submenu_action,$VAR[value_menu0704.action])</onclick>
	<visible>![IsEmpty(skin.string(menu0704.master)) | SubString(skin.string(menu0704.visible),off)] | Window.IsVisible(6000)</visible>
	</item>
	<item>
	<label fallback="31014">$VAR[value_menu0705.label]</label>
	<property name="condition">$INFO[skin.string(menu0705.visible)]</property>
	<property name="name">menu0705</property>
	<property name="id">$INFO[skin.string(menu0705.master)]</property>
	<onclick condition="Window.IsVisible(6000)">SetFocus(5000)</onclick>
	<onclick condition="Window.IsVisible(Home)">Dialog.Close(6007)</onclick>
	<onclick condition="Window.IsVisible(Home)">Skin.SetString(submenu_action,$VAR[value_menu0705.action])</onclick>
	<visible>![IsEmpty(skin.string(menu0705.master)) | SubString(skin.string(menu0705.visible),off)] | Window.IsVisible(6000)</visible>
	</item>
	<item>
	<label fallback="31014">$VAR[value_menu0706.label]</label>
	<property name="condition">$INFO[skin.string(menu0706.visible)]</property>
	<property name="name">menu0706</property>
	<property name="id">$INFO[skin.string(menu0706.master)]</property>
	<onclick condition="Window.IsVisible(6000)">SetFocus(5000)</onclick>
	<onclick condition="Window.IsVisible(Home)">Dialog.Close(6007)</onclick>
	<onclick condition="Window.IsVisible(Home)">Skin.SetString(submenu_action,$VAR[value_menu0706.action])</onclick>
	<visible>![IsEmpty(skin.string(menu0706.master)) | SubString(skin.string(menu0706.visible),off)] | Window.IsVisible(6000)</visible>
	</item>
	<item>
	<label fallback="31014">$VAR[value_menu0707.label]</label>
	<property name="condition">$INFO[skin.string(menu0707.visible)]</property>
	<property name="name">menu0707</property>
	<property name="id">$INFO[skin.string(menu0707.master)]</property>
	<onclick condition="Window.IsVisible(6000)">SetFocus(5000)</onclick>
	<onclick condition="Window.IsVisible(Home)">Dialog.Close(6007)</onclick>
	<onclick condition="Window.IsVisible(Home)">Skin.SetString(submenu_action,$VAR[value_menu0707.action])</onclick>
	<visible>![IsEmpty(skin.string(menu0707.master)) | SubString(skin.string(menu0707.visible),off)] | Window.IsVisible(6000)</visible>
	</item>
	<item>
	<label fallback="31014">$VAR[value_menu0708.label]</label>
	<property name="condition">$INFO[skin.string(menu0708.visible)]</property>
	<property name="name">menu0708</property>
	<property name="id">$INFO[skin.string(menu0708.master)]</property>
	<onclick condition="Window.IsVisible(6000)">SetFocus(5000)</onclick>
	<onclick condition="Window.IsVisible(Home)">Dialog.Close(6007)</onclick>
	<onclick condition="Window.IsVisible(Home)">Skin.SetString(submenu_action,$VAR[value_menu0708.action])</onclick>
	<visible>![IsEmpty(skin.string(menu0708.master)) | SubString(skin.string(menu0708.visible),off)] | Window.IsVisible(6000)</visible>
	</item>
	<item>
	<label fallback="31014">$VAR[value_menu0709.label]</label>
	<property name="condition">$INFO[skin.string(menu0709.visible)]</property>
	<property name="name">menu0709</property>
	<property name="id">$INFO[skin.string(menu0709.master)]</property>
	<onclick condition="Window.IsVisible(6000)">SetFocus(5000)</onclick>
	<onclick condition="Window.IsVisible(Home)">Dialog.Close(6007)</onclick>
	<onclick condition="Window.IsVisible(Home)">Skin.SetString(submenu_action,$VAR[value_menu0709.action])</onclick>
	<visible>![IsEmpty(skin.string(menu0709.master)) | SubString(skin.string(menu0709.visible),off)] | Window.IsVisible(6000)</visible>
	</item>
	<item>
	<label fallback="31014">$VAR[value_menu0710.label]</label>
	<property name="condition">$INFO[skin.string(menu0710.visible)]</property>
	<property name="name">menu0710</property>
	<property name="id">$INFO[skin.string(menu0710.master)]</property>
	<onclick condition="Window.IsVisible(6000)">SetFocus(5000)</onclick>
	<onclick condition="Window.IsVisible(Home)">Dialog.Close(6007)</onclick>
	<onclick condition="Window.IsVisible(Home)">Skin.SetString(submenu_action,$VAR[value_menu0710.action])</onclick>
	<visible>![IsEmpty(skin.string(menu0710.master)) | SubString(skin.string(menu0710.visible),off)] | Window.IsVisible(6000)</visible>
	</item>
	<item>
	<label fallback="31014">$VAR[value_menu0711.label]</label>
	<property name="condition">$INFO[skin.string(menu0711.visible)]</property>
	<property name="name">menu0711</property>
	<property name="id">$INFO[skin.string(menu0711.master)]</property>
	<onclick condition="Window.IsVisible(6000)">SetFocus(5000)</onclick>
	<onclick condition="Window.IsVisible(Home)">Dialog.Close(6007)</onclick>
	<onclick condition="Window.IsVisible(Home)">Skin.SetString(submenu_action,$VAR[value_menu0711.action])</onclick>
	<visible>![IsEmpty(skin.string(menu0711.master)) | SubString(skin.string(menu0711.visible),off)] | Window.IsVisible(6000)</visible>
	</item>
	<item>
	<label fallback="31014">$VAR[value_menu0712.label]</label>
	<property name="condition">$INFO[skin.string(menu0712.visible)]</property>
	<property name="name">menu0712</property>
	<property name="id">$INFO[skin.string(menu0712.master)]</property>
	<onclick condition="Window.IsVisible(6000)">SetFocus(5000)</onclick>
	<onclick condition="Window.IsVisible(Home)">Dialog.Close(6007)</onclick>
	<onclick condition="Window.IsVisible(Home)">Skin.SetString(submenu_action,$VAR[value_menu0712.action])</onclick>
	<visible>![IsEmpty(skin.string(menu0712.master)) | SubString(skin.string(menu0712.visible),off)] | Window.IsVisible(6000)</visible>
	</item>
	<item>
	<label fallback="31014">$VAR[value_menu0713.label]</label>
	<property name="condition">$INFO[skin.string(menu0713.visible)]</property>
	<property name="name">menu0713</property>
	<property name="id">$INFO[skin.string(menu0713.master)]</property>
	<onclick condition="Window.IsVisible(6000)">SetFocus(5000)</onclick>
	<onclick condition="Window.IsVisible(Home)">Dialog.Close(6007)</onclick>
	<onclick condition="Window.IsVisible(Home)">Skin.SetString(submenu_action,$VAR[value_menu0713.action])</onclick>
	<visible>![IsEmpty(skin.string(menu0713.master)) | SubString(skin.string(menu0713.visible),off)] | Window.IsVisible(6000)</visible>
	</item>
	<item>
	<label fallback="31014">$VAR[value_menu0714.label]</label>
	<property name="condition">$INFO[skin.string(menu0714.visible)]</property>
	<property name="name">menu0714</property>
	<property name="id">$INFO[skin.string(menu0714.master)]</property>
	<onclick condition="Window.IsVisible(6000)">SetFocus(5000)</onclick>
	<onclick condition="Window.IsVisible(Home)">Dialog.Close(6007)</onclick>
	<onclick condition="Window.IsVisible(Home)">Skin.SetString(submenu_action,$VAR[value_menu0714.action])</onclick>
	<visible>![IsEmpty(skin.string(menu0714.master)) | SubString(skin.string(menu0714.visible),off)] | Window.IsVisible(6000)</visible>
	</item>
	<item>
	<label fallback="31014">$VAR[value_menu0715.label]</label>
	<property name="condition">$INFO[skin.string(menu0715.visible)]</property>
	<property name="name">menu0715</property>
	<property name="id">$INFO[skin.string(menu0715.master)]</property>
	<onclick condition="Window.IsVisible(6000)">SetFocus(5000)</onclick>
	<onclick condition="Window.IsVisible(Home)">Dialog.Close(6007)</onclick>
	<onclick condition="Window.IsVisible(Home)">Skin.SetString(submenu_action,$VAR[value_menu0715.action])</onclick>
	<visible>![IsEmpty(skin.string(menu0715.master)) | SubString(skin.string(menu0715.visible),off)] | Window.IsVisible(6000)</visible>
	</item>
	<item>
	<label fallback="31014">$VAR[value_menu0716.label]</label>
	<property name="condition">$INFO[skin.string(menu0716.visible)]</property>
	<property name="name">menu0716</property>
	<property name="id">$INFO[skin.string(menu0716.master)]</property>
	<onclick condition="Window.IsVisible(6000)">SetFocus(5000)</onclick>
	<onclick condition="Window.IsVisible(Home)">Dialog.Close(6007)</onclick>
	<onclick condition="Window.IsVisible(Home)">Skin.SetString(submenu_action,$VAR[value_menu0716.action])</onclick>
	<visible>![IsEmpty(skin.string(menu0716.master)) | SubString(skin.string(menu0716.visible),off)] | Window.IsVisible(6000)</visible>
	</item>
	<item>
	<label fallback="31014">$VAR[value_menu0717.label]</label>
	<property name="condition">$INFO[skin.string(menu0717.visible)]</property>
	<property name="name">menu0717</property>
	<property name="id">$INFO[skin.string(menu0717.master)]</property>
	<onclick condition="Window.IsVisible(6000)">SetFocus(5000)</onclick>
	<onclick condition="Window.IsVisible(Home)">Dialog.Close(6007)</onclick>
	<onclick condition="Window.IsVisible(Home)">Skin.SetString(submenu_action,$VAR[value_menu0717.action])</onclick>
	<visible>![IsEmpty(skin.string(menu0717.master)) | SubString(skin.string(menu0717.visible),off)] | Window.IsVisible(6000)</visible>
	</item>
	<item>
	<label fallback="31014">$VAR[value_menu0718.label]</label>
	<property name="condition">$INFO[skin.string(menu0718.visible)]</property>
	<property name="name">menu0718</property>
	<property name="id">$INFO[skin.string(menu0718.master)]</property>
	<onclick condition="Window.IsVisible(6000)">SetFocus(5000)</onclick>
	<onclick condition="Window.IsVisible(Home)">Dialog.Close(6007)</onclick>
	<onclick condition="Window.IsVisible(Home)">Skin.SetString(submenu_action,$VAR[value_menu0718.action])</onclick>
	<visible>![IsEmpty(skin.string(menu0718.master)) | SubString(skin.string(menu0718.visible),off)] | Window.IsVisible(6000)</visible>
	</item>
	<item>
	<label fallback="31014">$VAR[value_menu0719.label]</label>
	<property name="condition">$INFO[skin.string(menu0719.visible)]</property>
	<property name="name">menu0719</property>
	<property name="id">$INFO[skin.string(menu0719.master)]</property>
	<onclick condition="Window.IsVisible(6000)">SetFocus(5000)</onclick>
	<onclick condition="Window.IsVisible(Home)">Dialog.Close(6007)</onclick>
	<onclick condition="Window.IsVisible(Home)">Skin.SetString(submenu_action,$VAR[value_menu0719.action])</onclick>
	<visible>![IsEmpty(skin.string(menu0719.master)) | SubString(skin.string(menu0719.visible),off)] | Window.IsVisible(6000)</visible>
	</item>
	<item>
	<label fallback="31014">$VAR[value_menu0720.label]</label>
	<property name="condition">$INFO[skin.string(menu0720.visible)]</property>
	<property name="name">menu0720</property>
	<property name="id">$INFO[skin.string(menu0720.master)]</property>
	<onclick condition="Window.IsVisible(6000)">SetFocus(5000)</onclick>
	<onclick condition="Window.IsVisible(Home)">Dialog.Close(6007)</onclick>
	<onclick condition="Window.IsVisible(Home)">Skin.SetString(submenu_action,$VAR[value_menu0720.action])</onclick>
	<visible>![IsEmpty(skin.string(menu0720.master)) | SubString(skin.string(menu0720.visible),off)] | Window.IsVisible(6000)</visible>
	</item>
	</content>
	</control>
	<include condition="Window.IsVisible(6000)">Glass</include>
	</control>
	</control>
	</controls>
</window>