<?xml version="1.0" encoding="UTF-8"?>
<window id="6024" type="dialog"><!-- Aeon MQ 6 --><!-- Meu Menu 4 -->
	<defaultcontrol>-</defaultcontrol>
	<include>SubMenuCommon</include>
	<controls>
	<control type="group">
	<include condition="Window.IsVisible(6000)">MenuCustom</include>
	<control type="group"><!-- default group -->
	<include>Animation_SubMenu</include>
	<include condition="Window.IsVisible(6000)">SubmenuGoTo</include>
	<include condition="Window.IsVisible(Home)">SubMenuDefault</include>
	<control type="panel" id="9000">
	<include condition="Window.IsVisible(6000)">SubmenuVList</include>
	<include condition="Window.IsVisible(Home)">SubmenuHList</include>
	<content>
	<item>
	<label fallback="31014">$VAR[value_menu2401.label]</label>
	<property name="condition">$INFO[skin.string(menu2401.visible)]</property>
	<property name="name">menu2401</property>
	<property name="id">$INFO[skin.string(menu2401.master)]</property>
	<onclick condition="Window.IsVisible(6000)">SetFocus(5000)</onclick>
	<onclick condition="Window.IsVisible(Home)">Dialog.Close(6022)</onclick>
	<onclick condition="Window.IsVisible(Home)">Skin.SetString(submenu_action,$VAR[value_menu2401.action])</onclick>
	<visible>![IsEmpty(skin.string(menu2401.master)) | SubString(skin.string(menu2401.visible),off)] | Window.IsVisible(6000)</visible>
	</item>
	<item>
	<label fallback="31014">$VAR[value_menu2402.label]</label>
	<property name="condition">$INFO[skin.string(menu2402.visible)]</property>
	<property name="name">menu2402</property>
	<property name="id">$INFO[skin.string(menu2402.master)]</property>
	<onclick condition="Window.IsVisible(6000)">SetFocus(5000)</onclick>
	<onclick condition="Window.IsVisible(Home)">Dialog.Close(6022)</onclick>
	<onclick condition="Window.IsVisible(Home)">Skin.SetString(submenu_action,$VAR[value_menu2402.action])</onclick>
	<visible>![IsEmpty(skin.string(menu2402.master)) | SubString(skin.string(menu2402.visible),off)] | Window.IsVisible(6000)</visible>
	</item>
	<item>
	<label fallback="31014">$VAR[value_menu2403.label]</label>
	<property name="condition">$INFO[skin.string(menu2403.visible)]</property>
	<property name="name">menu2403</property>
	<property name="id">$INFO[skin.string(menu2403.master)]</property>
	<onclick condition="Window.IsVisible(6000)">SetFocus(5000)</onclick>
	<onclick condition="Window.IsVisible(Home)">Dialog.Close(6022)</onclick>
	<onclick condition="Window.IsVisible(Home)">Skin.SetString(submenu_action,$VAR[value_menu2403.action])</onclick>
	<visible>![IsEmpty(skin.string(menu2403.master)) | SubString(skin.string(menu2403.visible),off)] | Window.IsVisible(6000)</visible>
	</item>
	<item>
	<label fallback="31014">$VAR[value_menu2404.label]</label>
	<property name="condition">$INFO[skin.string(menu2404.visible)]</property>
	<property name="name">menu2404</property>
	<property name="id">$INFO[skin.string(menu2404.master)]</property>
	<onclick condition="Window.IsVisible(6000)">SetFocus(5000)</onclick>
	<onclick condition="Window.IsVisible(Home)">Dialog.Close(6022)</onclick>
	<onclick condition="Window.IsVisible(Home)">Skin.SetString(submenu_action,$VAR[value_menu2404.action])</onclick>
	<visible>![IsEmpty(skin.string(menu2404.master)) | SubString(skin.string(menu2404.visible),off)] | Window.IsVisible(6000)</visible>
	</item>
	<item>
	<label fallback="31014">$VAR[value_menu2405.label]</label>
	<property name="condition">$INFO[skin.string(menu2405.visible)]</property>
	<property name="name">menu2405</property>
	<property name="id">$INFO[skin.string(menu2405.master)]</property>
	<onclick condition="Window.IsVisible(6000)">SetFocus(5000)</onclick>
	<onclick condition="Window.IsVisible(Home)">Dialog.Close(6022)</onclick>
	<onclick condition="Window.IsVisible(Home)">Skin.SetString(submenu_action,$VAR[value_menu2405.action])</onclick>
	<visible>![IsEmpty(skin.string(menu2405.master)) | SubString(skin.string(menu2405.visible),off)] | Window.IsVisible(6000)</visible>
	</item>
	<item>
	<label fallback="31014">$VAR[value_menu2406.label]</label>
	<property name="condition">$INFO[skin.string(menu2406.visible)]</property>
	<property name="name">menu2406</property>
	<property name="id">$INFO[skin.string(menu2406.master)]</property>
	<onclick condition="Window.IsVisible(6000)">SetFocus(5000)</onclick>
	<onclick condition="Window.IsVisible(Home)">Dialog.Close(6022)</onclick>
	<onclick condition="Window.IsVisible(Home)">Skin.SetString(submenu_action,$VAR[value_menu2406.action])</onclick>
	<visible>![IsEmpty(skin.string(menu2406.master)) | SubString(skin.string(menu2406.visible),off)] | Window.IsVisible(6000)</visible>
	</item>
	<item>
	<label fallback="31014">$VAR[value_menu2407.label]</label>
	<property name="condition">$INFO[skin.string(menu2407.visible)]</property>
	<property name="name">menu2407</property>
	<property name="id">$INFO[skin.string(menu2407.master)]</property>
	<onclick condition="Window.IsVisible(6000)">SetFocus(5000)</onclick>
	<onclick condition="Window.IsVisible(Home)">Dialog.Close(6022)</onclick>
	<onclick condition="Window.IsVisible(Home)">Skin.SetString(submenu_action,$VAR[value_menu2407.action])</onclick>
	<visible>![IsEmpty(skin.string(menu2407.master)) | SubString(skin.string(menu2407.visible),off)] | Window.IsVisible(6000)</visible>
	</item>
	<item>
	<label fallback="31014">$VAR[value_menu2408.label]</label>
	<property name="condition">$INFO[skin.string(menu2408.visible)]</property>
	<property name="name">menu2408</property>
	<property name="id">$INFO[skin.string(menu2408.master)]</property>
	<onclick condition="Window.IsVisible(6000)">SetFocus(5000)</onclick>
	<onclick condition="Window.IsVisible(Home)">Dialog.Close(6022)</onclick>
	<onclick condition="Window.IsVisible(Home)">Skin.SetString(submenu_action,$VAR[value_menu2408.action])</onclick>
	<visible>![IsEmpty(skin.string(menu2408.master)) | SubString(skin.string(menu2408.visible),off)] | Window.IsVisible(6000)</visible>
	</item>
	<item>
	<label fallback="31014">$VAR[value_menu2409.label]</label>
	<property name="condition">$INFO[skin.string(menu2409.visible)]</property>
	<property name="name">menu2409</property>
	<property name="id">$INFO[skin.string(menu2409.master)]</property>
	<onclick condition="Window.IsVisible(6000)">SetFocus(5000)</onclick>
	<onclick condition="Window.IsVisible(Home)">Dialog.Close(6022)</onclick>
	<onclick condition="Window.IsVisible(Home)">Skin.SetString(submenu_action,$VAR[value_menu2409.action])</onclick>
	<visible>![IsEmpty(skin.string(menu2409.master)) | SubString(skin.string(menu2409.visible),off)] | Window.IsVisible(6000)</visible>
	</item>
	<item>
	<label fallback="31014">$VAR[value_menu2410.label]</label>
	<property name="condition">$INFO[skin.string(menu2410.visible)]</property>
	<property name="name">menu2410</property>
	<property name="id">$INFO[skin.string(menu2410.master)]</property>
	<onclick condition="Window.IsVisible(6000)">SetFocus(5000)</onclick>
	<onclick condition="Window.IsVisible(Home)">Dialog.Close(6022)</onclick>
	<onclick condition="Window.IsVisible(Home)">Skin.SetString(submenu_action,$VAR[value_menu2410.action])</onclick>
	<visible>![IsEmpty(skin.string(menu2410.master)) | SubString(skin.string(menu2410.visible),off)] | Window.IsVisible(6000)</visible>
	</item>
	<item>
	<label fallback="31014">$VAR[value_menu2411.label]</label>
	<property name="condition">$INFO[skin.string(menu2411.visible)]</property>
	<property name="name">menu2411</property>
	<property name="id">$INFO[skin.string(menu2411.master)]</property>
	<onclick condition="Window.IsVisible(6000)">SetFocus(5000)</onclick>
	<onclick condition="Window.IsVisible(Home)">Dialog.Close(6022)</onclick>
	<onclick condition="Window.IsVisible(Home)">Skin.SetString(submenu_action,$VAR[value_menu2411.action])</onclick>
	<visible>![IsEmpty(skin.string(menu2411.master)) | SubString(skin.string(menu2411.visible),off)] | Window.IsVisible(6000)</visible>
	</item>
	<item>
	<label fallback="31014">$VAR[value_menu2412.label]</label>
	<property name="condition">$INFO[skin.string(menu2412.visible)]</property>
	<property name="name">menu2412</property>
	<property name="id">$INFO[skin.string(menu2412.master)]</property>
	<onclick condition="Window.IsVisible(6000)">SetFocus(5000)</onclick>
	<onclick condition="Window.IsVisible(Home)">Dialog.Close(6022)</onclick>
	<onclick condition="Window.IsVisible(Home)">Skin.SetString(submenu_action,$VAR[value_menu2412.action])</onclick>
	<visible>![IsEmpty(skin.string(menu2412.master)) | SubString(skin.string(menu2412.visible),off)] | Window.IsVisible(6000)</visible>
	</item>
	</content>
	</control>
	<include condition="Window.IsVisible(6000)">Glass</include>
	</control>
	</control>
	</controls>
</window>