<?xml version="1.0" encoding="UTF-8"?>
<window id="6029" type="dialog"><!-- Aeon MQ 6 --><!-- Video playlists -->
	<defaultcontrol>-</defaultcontrol>
	<include>SubMenuCommon</include>
	<controls>
	<control type="group">
	<include condition="Window.IsVisible(6000)">MenuCustom</include>
	<control type="group"><!-- default group -->
	<include>Animation_SubMenu</include>
	<include condition="Window.IsVisible(6000)">SubmenuGoTo</include>
	<include condition="Window.IsVisible(Home)">SubMenuDefault</include>
	<control type="panel" id="9000">
	<include condition="Window.IsVisible(6000)">SubmenuVList</include>
	<include condition="Window.IsVisible(Home)">SubmenuHList</include>
	<content>
	<item>
	<label fallback="31014">$VAR[value_menu2901.label]</label>
	<property name="condition">$INFO[skin.string(menu2901.visible)]</property>
	<property name="name">menu2901</property>
	<property name="id">$INFO[skin.string(menu2901.master)]</property>
	<onclick condition="Window.IsVisible(6000)">SetFocus(5000)</onclick>
	<onclick condition="Window.IsVisible(Home)">Dialog.Close(6029)</onclick>
	<onclick condition="Window.IsVisible(Home)">Skin.SetString(submenu_action,$VAR[value_menu2901.action])</onclick>
	<visible>![IsEmpty(skin.string(menu2901.master)) | SubString(skin.string(menu2901.visible),off)] | Window.IsVisible(6000)</visible>
	</item>
	<item>
	<label fallback="31014">$VAR[value_menu2902.label]</label>
	<property name="condition">$INFO[skin.string(menu2902.visible)]</property>
	<property name="name">menu2902</property>
	<property name="id">$INFO[skin.string(menu2902.master)]</property>
	<onclick condition="Window.IsVisible(6000)">SetFocus(5000)</onclick>
	<onclick condition="Window.IsVisible(Home)">Dialog.Close(6029)</onclick>
	<onclick condition="Window.IsVisible(Home)">Skin.SetString(submenu_action,$VAR[value_menu2902.action])</onclick>
	<visible>![IsEmpty(skin.string(menu2902.master)) | SubString(skin.string(menu2902.visible),off)] | Window.IsVisible(6000)</visible>
	</item>
	<item>
	<label fallback="31014">$VAR[value_menu2903.label]</label>
	<property name="condition">$INFO[skin.string(menu2903.visible)]</property>
	<property name="name">menu2903</property>
	<property name="id">$INFO[skin.string(menu2903.master)]</property>
	<onclick condition="Window.IsVisible(6000)">SetFocus(5000)</onclick>
	<onclick condition="Window.IsVisible(Home)">Dialog.Close(6029)</onclick>
	<onclick condition="Window.IsVisible(Home)">Skin.SetString(submenu_action,$VAR[value_menu2903.action])</onclick>
	<visible>![IsEmpty(skin.string(menu2903.master)) | SubString(skin.string(menu2903.visible),off)] | Window.IsVisible(6000)</visible>
	</item>
	<item>
	<label fallback="31014">$VAR[value_menu2904.label]</label>
	<property name="condition">$INFO[skin.string(menu2904.visible)]</property>
	<property name="name">menu2904</property>
	<property name="id">$INFO[skin.string(menu2904.master)]</property>
	<onclick condition="Window.IsVisible(6000)">SetFocus(5000)</onclick>
	<onclick condition="Window.IsVisible(Home)">Dialog.Close(6029)</onclick>
	<onclick condition="Window.IsVisible(Home)">Skin.SetString(submenu_action,$VAR[value_menu2904.action])</onclick>
	<visible>![IsEmpty(skin.string(menu2904.master)) | SubString(skin.string(menu2904.visible),off)] | Window.IsVisible(6000)</visible>
	</item>
	<item>
	<label fallback="31014">$VAR[value_menu2905.label]</label>
	<property name="condition">$INFO[skin.string(menu2905.visible)]</property>
	<property name="name">menu2905</property>
	<property name="id">$INFO[skin.string(menu2905.master)]</property>
	<onclick condition="Window.IsVisible(6000)">SetFocus(5000)</onclick>
	<onclick condition="Window.IsVisible(Home)">Dialog.Close(6029)</onclick>
	<onclick condition="Window.IsVisible(Home)">Skin.SetString(submenu_action,$VAR[value_menu2905.action])</onclick>
	<visible>![IsEmpty(skin.string(menu2905.master)) | SubString(skin.string(menu2905.visible),off)] | Window.IsVisible(6000)</visible>
	</item>
	<item>
	<label fallback="31014">$VAR[value_menu2906.label]</label>
	<property name="condition">$INFO[skin.string(menu2906.visible)]</property>
	<property name="name">menu2906</property>
	<property name="id">$INFO[skin.string(menu2906.master)]</property>
	<onclick condition="Window.IsVisible(6000)">SetFocus(5000)</onclick>
	<onclick condition="Window.IsVisible(Home)">Dialog.Close(6029)</onclick>
	<onclick condition="Window.IsVisible(Home)">Skin.SetString(submenu_action,$VAR[value_menu2906.action])</onclick>
	<visible>![IsEmpty(skin.string(menu2906.master)) | SubString(skin.string(menu2906.visible),off)] | Window.IsVisible(6000)</visible>
	</item>
	<item>
	<label fallback="31014">$VAR[value_menu2907.label]</label>
	<property name="condition">$INFO[skin.string(menu2907.visible)]</property>
	<property name="name">menu2907</property>
	<property name="id">$INFO[skin.string(menu2907.master)]</property>
	<onclick condition="Window.IsVisible(6000)">SetFocus(5000)</onclick>
	<onclick condition="Window.IsVisible(Home)">Dialog.Close(6029)</onclick>
	<onclick condition="Window.IsVisible(Home)">Skin.SetString(submenu_action,$VAR[value_menu2907.action])</onclick>
	<visible>![IsEmpty(skin.string(menu2907.master)) | SubString(skin.string(menu2907.visible),off)] | Window.IsVisible(6000)</visible>
	</item>
	<item>
	<label fallback="31014">$VAR[value_menu2908.label]</label>
	<property name="condition">$INFO[skin.string(menu2908.visible)]</property>
	<property name="name">menu2908</property>
	<property name="id">$INFO[skin.string(menu2908.master)]</property>
	<onclick condition="Window.IsVisible(6000)">SetFocus(5000)</onclick>
	<onclick condition="Window.IsVisible(Home)">Dialog.Close(6029)</onclick>
	<onclick condition="Window.IsVisible(Home)">Skin.SetString(submenu_action,$VAR[value_menu2908.action])</onclick>
	<visible>![IsEmpty(skin.string(menu2908.master)) | SubString(skin.string(menu2908.visible),off)] | Window.IsVisible(6000)</visible>
	</item>
	<item>
	<label fallback="31014">$VAR[value_menu2909.label]</label>
	<property name="condition">$INFO[skin.string(menu2909.visible)]</property>
	<property name="name">menu2909</property>
	<property name="id">$INFO[skin.string(menu2909.master)]</property>
	<onclick condition="Window.IsVisible(6000)">SetFocus(5000)</onclick>
	<onclick condition="Window.IsVisible(Home)">Dialog.Close(6029)</onclick>
	<onclick condition="Window.IsVisible(Home)">Skin.SetString(submenu_action,$VAR[value_menu2909.action])</onclick>
	<visible>![IsEmpty(skin.string(menu2909.master)) | SubString(skin.string(menu2909.visible),off)] | Window.IsVisible(6000)</visible>
	</item>
	<item>
	<label fallback="31014">$VAR[value_menu2910.label]</label>
	<property name="condition">$INFO[skin.string(menu2910.visible)]</property>
	<property name="name">menu2910</property>
	<property name="id">$INFO[skin.string(menu2910.master)]</property>
	<onclick condition="Window.IsVisible(6000)">SetFocus(5000)</onclick>
	<onclick condition="Window.IsVisible(Home)">Dialog.Close(6029)</onclick>
	<onclick condition="Window.IsVisible(Home)">Skin.SetString(submenu_action,$VAR[value_menu2910.action])</onclick>
	<visible>![IsEmpty(skin.string(menu2910.master)) | SubString(skin.string(menu2910.visible),off)] | Window.IsVisible(6000)</visible>
	</item>
	</content>
	</control>
	<include condition="Window.IsVisible(6000)">Glass</include>
	</control>
	</control>
	</controls>
</window>