<?xml version="1.0" encoding="UTF-8"?>
<window id="6106" type="dialog"><!-- Aeon MQ 6 --><!-- V-Playlist 6 -->
	<defaultcontrol>-</defaultcontrol>
	<include>SubMenuCommon</include>
	<controls>
	<control type="group">
	<include condition="Window.IsVisible(6000)">MenuCustom</include>
	<control type="group"><!-- default group -->
	<include>Animation_SubMenu</include>
	<include condition="Window.IsVisible(6000)">SubmenuGoTo</include>
	<include condition="Window.IsVisible(Home)">SubMenuDefault</include>
	<control type="panel" id="9000">
	<include condition="Window.IsVisible(6000)">SubmenuVList</include>
	<include condition="Window.IsVisible(Home)">SubmenuHList</include>
	<content>
	<item>
	<label fallback="31014">$VAR[value_menu10601.label]</label>
	<property name="condition">$INFO[skin.string(menu10601.visible)]</property>
	<property name="name">menu10601</property>
	<property name="id">$INFO[skin.string(menu10601.master)]</property>
	<onclick condition="Window.IsVisible(6000)">SetFocus(5000)</onclick>
	<onclick condition="Window.IsVisible(Home)">Dialog.Close(6106)</onclick>
	<onclick condition="Window.IsVisible(Home)">Skin.SetString(submenu_action,$VAR[value_menu10601.action])</onclick>
	<visible>![IsEmpty(skin.string(menu10601.master)) | SubString(skin.string(menu10601.visible),off)] | Window.IsVisible(6000)</visible>
	</item>
	<item>
	<label fallback="31014">$VAR[value_menu10602.label]</label>
	<property name="condition">$INFO[skin.string(menu10602.visible)]</property>
	<property name="name">menu10602</property>
	<property name="id">$INFO[skin.string(menu10602.master)]</property>
	<onclick condition="Window.IsVisible(6000)">SetFocus(5000)</onclick>
	<onclick condition="Window.IsVisible(Home)">Dialog.Close(6106)</onclick>
	<onclick condition="Window.IsVisible(Home)">Skin.SetString(submenu_action,$VAR[value_menu10602.action])</onclick>
	<visible>![IsEmpty(skin.string(menu10602.master)) | SubString(skin.string(menu10602.visible),off)] | Window.IsVisible(6000)</visible>
	</item>
	<item>
	<label fallback="31014">$VAR[value_menu10603.label]</label>
	<property name="condition">$INFO[skin.string(menu10603.visible)]</property>
	<property name="name">menu10603</property>
	<property name="id">$INFO[skin.string(menu10603.master)]</property>
	<onclick condition="Window.IsVisible(6000)">SetFocus(5000)</onclick>
	<onclick condition="Window.IsVisible(Home)">Dialog.Close(6106)</onclick>
	<onclick condition="Window.IsVisible(Home)">Skin.SetString(submenu_action,$VAR[value_menu10603.action])</onclick>
	<visible>![IsEmpty(skin.string(menu10603.master)) | SubString(skin.string(menu10603.visible),off)] | Window.IsVisible(6000)</visible>
	</item>
	<item>
	<label fallback="31014">$VAR[value_menu10604.label]</label>
	<property name="condition">$INFO[skin.string(menu10604.visible)]</property>
	<property name="name">menu10604</property>
	<property name="id">$INFO[skin.string(menu10604.master)]</property>
	<onclick condition="Window.IsVisible(6000)">SetFocus(5000)</onclick>
	<onclick condition="Window.IsVisible(Home)">Dialog.Close(6106)</onclick>
	<onclick condition="Window.IsVisible(Home)">Skin.SetString(submenu_action,$VAR[value_menu10604.action])</onclick>
	<visible>![IsEmpty(skin.string(menu10604.master)) | SubString(skin.string(menu10604.visible),off)] | Window.IsVisible(6000)</visible>
	</item>
	<item>
	<label fallback="31014">$VAR[value_menu10605.label]</label>
	<property name="condition">$INFO[skin.string(menu10605.visible)]</property>
	<property name="name">menu10605</property>
	<property name="id">$INFO[skin.string(menu10605.master)]</property>
	<onclick condition="Window.IsVisible(6000)">SetFocus(5000)</onclick>
	<onclick condition="Window.IsVisible(Home)">Dialog.Close(6106)</onclick>
	<onclick condition="Window.IsVisible(Home)">Skin.SetString(submenu_action,$VAR[value_menu10605.action])</onclick>
	<visible>![IsEmpty(skin.string(menu10605.master)) | SubString(skin.string(menu10605.visible),off)] | Window.IsVisible(6000)</visible>
	</item>
	<item>
	<label fallback="31014">$VAR[value_menu10606.label]</label>
	<property name="condition">$INFO[skin.string(menu10606.visible)]</property>
	<property name="name">menu10606</property>
	<property name="id">$INFO[skin.string(menu10606.master)]</property>
	<onclick condition="Window.IsVisible(6000)">SetFocus(5000)</onclick>
	<onclick condition="Window.IsVisible(Home)">Dialog.Close(6106)</onclick>
	<onclick condition="Window.IsVisible(Home)">Skin.SetString(submenu_action,$VAR[value_menu10606.action])</onclick>
	<visible>![IsEmpty(skin.string(menu10606.master)) | SubString(skin.string(menu10606.visible),off)] | Window.IsVisible(6000)</visible>
	</item>
	<item>
	<label fallback="31014">$VAR[value_menu10607.label]</label>
	<property name="condition">$INFO[skin.string(menu10607.visible)]</property>
	<property name="name">menu10607</property>
	<property name="id">$INFO[skin.string(menu10607.master)]</property>
	<onclick condition="Window.IsVisible(6000)">SetFocus(5000)</onclick>
	<onclick condition="Window.IsVisible(Home)">Dialog.Close(6106)</onclick>
	<onclick condition="Window.IsVisible(Home)">Skin.SetString(submenu_action,$VAR[value_menu10607.action])</onclick>
	<visible>![IsEmpty(skin.string(menu10607.master)) | SubString(skin.string(menu10607.visible),off)] | Window.IsVisible(6000)</visible>
	</item>
	<item>
	<label fallback="31014">$VAR[value_menu10608.label]</label>
	<property name="condition">$INFO[skin.string(menu10608.visible)]</property>
	<property name="name">menu10608</property>
	<property name="id">$INFO[skin.string(menu10608.master)]</property>
	<onclick condition="Window.IsVisible(6000)">SetFocus(5000)</onclick>
	<onclick condition="Window.IsVisible(Home)">Dialog.Close(6106)</onclick>
	<onclick condition="Window.IsVisible(Home)">Skin.SetString(submenu_action,$VAR[value_menu10608.action])</onclick>
	<visible>![IsEmpty(skin.string(menu10608.master)) | SubString(skin.string(menu10608.visible),off)] | Window.IsVisible(6000)</visible>
	</item>
	<item>
	<label fallback="31014">$VAR[value_menu10609.label]</label>
	<property name="condition">$INFO[skin.string(menu10609.visible)]</property>
	<property name="name">menu10609</property>
	<property name="id">$INFO[skin.string(menu10609.master)]</property>
	<onclick condition="Window.IsVisible(6000)">SetFocus(5000)</onclick>
	<onclick condition="Window.IsVisible(Home)">Dialog.Close(6106)</onclick>
	<onclick condition="Window.IsVisible(Home)">Skin.SetString(submenu_action,$VAR[value_menu10609.action])</onclick>
	<visible>![IsEmpty(skin.string(menu10609.master)) | SubString(skin.string(menu10609.visible),off)] | Window.IsVisible(6000)</visible>
	</item>
	<item>
	<label fallback="31014">$VAR[value_menu10610.label]</label>
	<property name="condition">$INFO[skin.string(menu10610.visible)]</property>
	<property name="name">menu10610</property>
	<property name="id">$INFO[skin.string(menu10610.master)]</property>
	<onclick condition="Window.IsVisible(6000)">SetFocus(5000)</onclick>
	<onclick condition="Window.IsVisible(Home)">Dialog.Close(6106)</onclick>
	<onclick condition="Window.IsVisible(Home)">Skin.SetString(submenu_action,$VAR[value_menu10610.action])</onclick>
	<visible>![IsEmpty(skin.string(menu10610.master)) | SubString(skin.string(menu10610.visible),off)] | Window.IsVisible(6000)</visible>
	</item>
	<item>
	<label fallback="31014">$VAR[value_menu10611.label]</label>
	<property name="condition">$INFO[skin.string(menu10611.visible)]</property>
	<property name="name">menu10611</property>
	<property name="id">$INFO[skin.string(menu10611.master)]</property>
	<onclick condition="Window.IsVisible(6000)">SetFocus(5000)</onclick>
	<onclick condition="Window.IsVisible(Home)">Dialog.Close(6106)</onclick>
	<onclick condition="Window.IsVisible(Home)">Skin.SetString(submenu_action,$VAR[value_menu10611.action])</onclick>
	<visible>![IsEmpty(skin.string(menu10611.master)) | SubString(skin.string(menu10611.visible),off)] | Window.IsVisible(6000)</visible>
	</item>
	<item>
	<label fallback="31014">$VAR[value_menu10612.label]</label>
	<property name="condition">$INFO[skin.string(menu10612.visible)]</property>
	<property name="name">menu10612</property>
	<property name="id">$INFO[skin.string(menu10612.master)]</property>
	<onclick condition="Window.IsVisible(6000)">SetFocus(5000)</onclick>
	<onclick condition="Window.IsVisible(Home)">Dialog.Close(6106)</onclick>
	<onclick condition="Window.IsVisible(Home)">Skin.SetString(submenu_action,$VAR[value_menu10612.action])</onclick>
	<visible>![IsEmpty(skin.string(menu10612.master)) | SubString(skin.string(menu10612.visible),off)] | Window.IsVisible(6000)</visible>
	</item>
	<item>
	<label fallback="31014">$VAR[value_menu10613.label]</label>
	<property name="condition">$INFO[skin.string(menu10613.visible)]</property>
	<property name="name">menu10613</property>
	<property name="id">$INFO[skin.string(menu10613.master)]</property>
	<onclick condition="Window.IsVisible(6000)">SetFocus(5000)</onclick>
	<onclick condition="Window.IsVisible(Home)">Dialog.Close(6106)</onclick>
	<onclick condition="Window.IsVisible(Home)">Skin.SetString(submenu_action,$VAR[value_menu10613.action])</onclick>
	<visible>![IsEmpty(skin.string(menu10613.master)) | SubString(skin.string(menu10613.visible),off)] | Window.IsVisible(6000)</visible>
	</item>
	<item>
	<label fallback="31014">$VAR[value_menu10614.label]</label>
	<property name="condition">$INFO[skin.string(menu10614.visible)]</property>
	<property name="name">menu10614</property>
	<property name="id">$INFO[skin.string(menu10614.master)]</property>
	<onclick condition="Window.IsVisible(6000)">SetFocus(5000)</onclick>
	<onclick condition="Window.IsVisible(Home)">Dialog.Close(6106)</onclick>
	<onclick condition="Window.IsVisible(Home)">Skin.SetString(submenu_action,$VAR[value_menu10614.action])</onclick>
	<visible>![IsEmpty(skin.string(menu10614.master)) | SubString(skin.string(menu10614.visible),off)] | Window.IsVisible(6000)</visible>
	</item>
	<item>
	<label fallback="31014">$VAR[value_menu10615.label]</label>
	<property name="condition">$INFO[skin.string(menu10615.visible)]</property>
	<property name="name">menu10615</property>
	<property name="id">$INFO[skin.string(menu10615.master)]</property>
	<onclick condition="Window.IsVisible(6000)">SetFocus(5000)</onclick>
	<onclick condition="Window.IsVisible(Home)">Dialog.Close(6106)</onclick>
	<onclick condition="Window.IsVisible(Home)">Skin.SetString(submenu_action,$VAR[value_menu10615.action])</onclick>
	<visible>![IsEmpty(skin.string(menu10615.master)) | SubString(skin.string(menu10615.visible),off)] | Window.IsVisible(6000)</visible>
	</item>
	</content>
	</control>
	<include condition="Window.IsVisible(6000)">Glass</include>
	</control>
	</control>
	</controls>
</window>