<?xml version="1.0" encoding="UTF-8"?>
<window id="6202" type="dialog"><!-- Aeon MQ 6 --><!-- A-Playlist 2 -->
	<defaultcontrol>-</defaultcontrol>
	<include>SubMenuCommon</include>
	<controls>
	<control type="group">
	<include condition="Window.IsVisible(6000)">MenuCustom</include>
	<control type="group"><!-- default group -->
	<include>Animation_SubMenu</include>
	<include condition="Window.IsVisible(6000)">SubmenuGoTo</include>
	<include condition="Window.IsVisible(Home)">SubMenuDefault</include>
	<control type="panel" id="9000">
	<include condition="Window.IsVisible(6000)">SubmenuVList</include>
	<include condition="Window.IsVisible(Home)">SubmenuHList</include>
	<content>
	<item>
	<label fallback="31014">$VAR[value_menu20201.label]</label>
	<property name="condition">$INFO[skin.string(menu20201.visible)]</property>
	<property name="name">menu20201</property>
	<property name="id">$INFO[skin.string(menu20201.master)]</property>
	<onclick condition="Window.IsVisible(6000)">SetFocus(5000)</onclick>
	<onclick condition="Window.IsVisible(Home)">Dialog.Close(6202)</onclick>
	<onclick condition="Window.IsVisible(Home)">Skin.SetString(submenu_action,$VAR[value_menu20201.action])</onclick>
	<visible>![IsEmpty(skin.string(menu20201.master)) | SubString(skin.string(menu20201.visible),off)] | Window.IsVisible(6000)</visible>
	</item>
	<item>
	<label fallback="31014">$VAR[value_menu20202.label]</label>
	<property name="condition">$INFO[skin.string(menu20202.visible)]</property>
	<property name="name">menu20202</property>
	<property name="id">$INFO[skin.string(menu20202.master)]</property>
	<onclick condition="Window.IsVisible(6000)">SetFocus(5000)</onclick>
	<onclick condition="Window.IsVisible(Home)">Dialog.Close(6202)</onclick>
	<onclick condition="Window.IsVisible(Home)">Skin.SetString(submenu_action,$VAR[value_menu20202.action])</onclick>
	<visible>![IsEmpty(skin.string(menu20202.master)) | SubString(skin.string(menu20202.visible),off)] | Window.IsVisible(6000)</visible>
	</item>
	<item>
	<label fallback="31014">$VAR[value_menu20203.label]</label>
	<property name="condition">$INFO[skin.string(menu20203.visible)]</property>
	<property name="name">menu20203</property>
	<property name="id">$INFO[skin.string(menu20203.master)]</property>
	<onclick condition="Window.IsVisible(6000)">SetFocus(5000)</onclick>
	<onclick condition="Window.IsVisible(Home)">Dialog.Close(6202)</onclick>
	<onclick condition="Window.IsVisible(Home)">Skin.SetString(submenu_action,$VAR[value_menu20203.action])</onclick>
	<visible>![IsEmpty(skin.string(menu20203.master)) | SubString(skin.string(menu20203.visible),off)] | Window.IsVisible(6000)</visible>
	</item>
	<item>
	<label fallback="31014">$VAR[value_menu20204.label]</label>
	<property name="condition">$INFO[skin.string(menu20204.visible)]</property>
	<property name="name">menu20204</property>
	<property name="id">$INFO[skin.string(menu20204.master)]</property>
	<onclick condition="Window.IsVisible(6000)">SetFocus(5000)</onclick>
	<onclick condition="Window.IsVisible(Home)">Dialog.Close(6202)</onclick>
	<onclick condition="Window.IsVisible(Home)">Skin.SetString(submenu_action,$VAR[value_menu20204.action])</onclick>
	<visible>![IsEmpty(skin.string(menu20204.master)) | SubString(skin.string(menu20204.visible),off)] | Window.IsVisible(6000)</visible>
	</item>
	<item>
	<label fallback="31014">$VAR[value_menu20205.label]</label>
	<property name="condition">$INFO[skin.string(menu20205.visible)]</property>
	<property name="name">menu20205</property>
	<property name="id">$INFO[skin.string(menu20205.master)]</property>
	<onclick condition="Window.IsVisible(6000)">SetFocus(5000)</onclick>
	<onclick condition="Window.IsVisible(Home)">Dialog.Close(6202)</onclick>
	<onclick condition="Window.IsVisible(Home)">Skin.SetString(submenu_action,$VAR[value_menu20205.action])</onclick>
	<visible>![IsEmpty(skin.string(menu20205.master)) | SubString(skin.string(menu20205.visible),off)] | Window.IsVisible(6000)</visible>
	</item>
	<item>
	<label fallback="31014">$VAR[value_menu20206.label]</label>
	<property name="condition">$INFO[skin.string(menu20206.visible)]</property>
	<property name="name">menu20206</property>
	<property name="id">$INFO[skin.string(menu20206.master)]</property>
	<onclick condition="Window.IsVisible(6000)">SetFocus(5000)</onclick>
	<onclick condition="Window.IsVisible(Home)">Dialog.Close(6202)</onclick>
	<onclick condition="Window.IsVisible(Home)">Skin.SetString(submenu_action,$VAR[value_menu20206.action])</onclick>
	<visible>![IsEmpty(skin.string(menu20206.master)) | SubString(skin.string(menu20206.visible),off)] | Window.IsVisible(6000)</visible>
	</item>
	<item>
	<label fallback="31014">$VAR[value_menu20207.label]</label>
	<property name="condition">$INFO[skin.string(menu20207.visible)]</property>
	<property name="name">menu20207</property>
	<property name="id">$INFO[skin.string(menu20207.master)]</property>
	<onclick condition="Window.IsVisible(6000)">SetFocus(5000)</onclick>
	<onclick condition="Window.IsVisible(Home)">Dialog.Close(6202)</onclick>
	<onclick condition="Window.IsVisible(Home)">Skin.SetString(submenu_action,$VAR[value_menu20207.action])</onclick>
	<visible>![IsEmpty(skin.string(menu20207.master)) | SubString(skin.string(menu20207.visible),off)] | Window.IsVisible(6000)</visible>
	</item>
	<item>
	<label fallback="31014">$VAR[value_menu20208.label]</label>
	<property name="condition">$INFO[skin.string(menu20208.visible)]</property>
	<property name="name">menu20208</property>
	<property name="id">$INFO[skin.string(menu20208.master)]</property>
	<onclick condition="Window.IsVisible(6000)">SetFocus(5000)</onclick>
	<onclick condition="Window.IsVisible(Home)">Dialog.Close(6202)</onclick>
	<onclick condition="Window.IsVisible(Home)">Skin.SetString(submenu_action,$VAR[value_menu20208.action])</onclick>
	<visible>![IsEmpty(skin.string(menu20208.master)) | SubString(skin.string(menu20208.visible),off)] | Window.IsVisible(6000)</visible>
	</item>
	<item>
	<label fallback="31014">$VAR[value_menu20209.label]</label>
	<property name="condition">$INFO[skin.string(menu20209.visible)]</property>
	<property name="name">menu20209</property>
	<property name="id">$INFO[skin.string(menu20209.master)]</property>
	<onclick condition="Window.IsVisible(6000)">SetFocus(5000)</onclick>
	<onclick condition="Window.IsVisible(Home)">Dialog.Close(6202)</onclick>
	<onclick condition="Window.IsVisible(Home)">Skin.SetString(submenu_action,$VAR[value_menu20209.action])</onclick>
	<visible>![IsEmpty(skin.string(menu20209.master)) | SubString(skin.string(menu20209.visible),off)] | Window.IsVisible(6000)</visible>
	</item>
	<item>
	<label fallback="31014">$VAR[value_menu20210.label]</label>
	<property name="condition">$INFO[skin.string(menu20210.visible)]</property>
	<property name="name">menu20210</property>
	<property name="id">$INFO[skin.string(menu20210.master)]</property>
	<onclick condition="Window.IsVisible(6000)">SetFocus(5000)</onclick>
	<onclick condition="Window.IsVisible(Home)">Dialog.Close(6202)</onclick>
	<onclick condition="Window.IsVisible(Home)">Skin.SetString(submenu_action,$VAR[value_menu20210.action])</onclick>
	<visible>![IsEmpty(skin.string(menu20210.master)) | SubString(skin.string(menu20210.visible),off)] | Window.IsVisible(6000)</visible>
	</item>
	<item>
	<label fallback="31014">$VAR[value_menu20211.label]</label>
	<property name="condition">$INFO[skin.string(menu20211.visible)]</property>
	<property name="name">menu20211</property>
	<property name="id">$INFO[skin.string(menu20211.master)]</property>
	<onclick condition="Window.IsVisible(6000)">SetFocus(5000)</onclick>
	<onclick condition="Window.IsVisible(Home)">Dialog.Close(6202)</onclick>
	<onclick condition="Window.IsVisible(Home)">Skin.SetString(submenu_action,$VAR[value_menu20211.action])</onclick>
	<visible>![IsEmpty(skin.string(menu20211.master)) | SubString(skin.string(menu20211.visible),off)] | Window.IsVisible(6000)</visible>
	</item>
	<item>
	<label fallback="31014">$VAR[value_menu20212.label]</label>
	<property name="condition">$INFO[skin.string(menu20212.visible)]</property>
	<property name="name">menu20212</property>
	<property name="id">$INFO[skin.string(menu20212.master)]</property>
	<onclick condition="Window.IsVisible(6000)">SetFocus(5000)</onclick>
	<onclick condition="Window.IsVisible(Home)">Dialog.Close(6202)</onclick>
	<onclick condition="Window.IsVisible(Home)">Skin.SetString(submenu_action,$VAR[value_menu20212.action])</onclick>
	<visible>![IsEmpty(skin.string(menu20212.master)) | SubString(skin.string(menu20212.visible),off)] | Window.IsVisible(6000)</visible>
	</item>
	<item>
	<label fallback="31014">$VAR[value_menu20213.label]</label>
	<property name="condition">$INFO[skin.string(menu20213.visible)]</property>
	<property name="name">menu20213</property>
	<property name="id">$INFO[skin.string(menu20213.master)]</property>
	<onclick condition="Window.IsVisible(6000)">SetFocus(5000)</onclick>
	<onclick condition="Window.IsVisible(Home)">Dialog.Close(6202)</onclick>
	<onclick condition="Window.IsVisible(Home)">Skin.SetString(submenu_action,$VAR[value_menu20213.action])</onclick>
	<visible>![IsEmpty(skin.string(menu20213.master)) | SubString(skin.string(menu20213.visible),off)] | Window.IsVisible(6000)</visible>
	</item>
	<item>
	<label fallback="31014">$VAR[value_menu20214.label]</label>
	<property name="condition">$INFO[skin.string(menu20214.visible)]</property>
	<property name="name">menu20214</property>
	<property name="id">$INFO[skin.string(menu20214.master)]</property>
	<onclick condition="Window.IsVisible(6000)">SetFocus(5000)</onclick>
	<onclick condition="Window.IsVisible(Home)">Dialog.Close(6202)</onclick>
	<onclick condition="Window.IsVisible(Home)">Skin.SetString(submenu_action,$VAR[value_menu20214.action])</onclick>
	<visible>![IsEmpty(skin.string(menu20214.master)) | SubString(skin.string(menu20214.visible),off)] | Window.IsVisible(6000)</visible>
	</item>
	<item>
	<label fallback="31014">$VAR[value_menu20215.label]</label>
	<property name="condition">$INFO[skin.string(menu20215.visible)]</property>
	<property name="name">menu20215</property>
	<property name="id">$INFO[skin.string(menu20215.master)]</property>
	<onclick condition="Window.IsVisible(6000)">SetFocus(5000)</onclick>
	<onclick condition="Window.IsVisible(Home)">Dialog.Close(6202)</onclick>
	<onclick condition="Window.IsVisible(Home)">Skin.SetString(submenu_action,$VAR[value_menu20215.action])</onclick>
	<visible>![IsEmpty(skin.string(menu20215.master)) | SubString(skin.string(menu20215.visible),off)] | Window.IsVisible(6000)</visible>
	</item>
	</content>
	</control>
	<include condition="Window.IsVisible(6000)">Glass</include>
	</control>
	</control>
	</controls>
</window>