<?xml version="1.0" encoding="UTF-8"?>
<window id="6052" type="dialog"><!-- Aeon MQ 6 --><!-- Concerto artistas -->
	<defaultcontrol>-</defaultcontrol>
	<include>SubMenuCommon</include>
	<controls>
	<control type="group">
	<include condition="Window.IsVisible(6000)">MenuCustom</include>
	<control type="group"><!-- default group -->
	<include>Animation_SubMenu</include>
	<include condition="Window.IsVisible(6000)">SubmenuGoTo</include>
	<include condition="Window.IsVisible(Home)">SubMenuDefault</include>
	<control type="panel" id="9000">
	<include condition="Window.IsVisible(6000)">SubmenuVList</include>
	<include condition="Window.IsVisible(Home)">SubmenuHList</include>
	<content>
	<item>
	<label fallback="31014">$VAR[value_menu5201.label]</label>
	<property name="condition">$INFO[skin.string(menu5201.visible)]</property>
	<property name="name">menu5201</property>
	<property name="id">$INFO[skin.string(menu5201.master)]</property>
	<onclick condition="Window.IsVisible(6000)">SetFocus(5000)</onclick>
	<onclick condition="Window.IsVisible(Home)">Dialog.Close(6052)</onclick>
	<onclick condition="Window.IsVisible(Home)">Skin.SetString(submenu_action,$VAR[value_menu5201.action])</onclick>
	<visible>![IsEmpty(skin.string(menu5201.master)) | SubString(skin.string(menu5201.visible),off)] | Window.IsVisible(6000)</visible>
	</item>
	<item>
	<label fallback="31014">$VAR[value_menu5202.label]</label>
	<property name="condition">$INFO[skin.string(menu5202.visible)]</property>
	<property name="name">menu5202</property>
	<property name="id">$INFO[skin.string(menu5202.master)]</property>
	<onclick condition="Window.IsVisible(6000)">SetFocus(5000)</onclick>
	<onclick condition="Window.IsVisible(Home)">Dialog.Close(6052)</onclick>
	<onclick condition="Window.IsVisible(Home)">Skin.SetString(submenu_action,$VAR[value_menu5202.action])</onclick>
	<visible>![IsEmpty(skin.string(menu5202.master)) | SubString(skin.string(menu5202.visible),off)] | Window.IsVisible(6000)</visible>
	</item>
	<item>
	<label fallback="31014">$VAR[value_menu5203.label]</label>
	<property name="condition">$INFO[skin.string(menu5203.visible)]</property>
	<property name="name">menu5203</property>
	<property name="id">$INFO[skin.string(menu5203.master)]</property>
	<onclick condition="Window.IsVisible(6000)">SetFocus(5000)</onclick>
	<onclick condition="Window.IsVisible(Home)">Dialog.Close(6052)</onclick>
	<onclick condition="Window.IsVisible(Home)">Skin.SetString(submenu_action,$VAR[value_menu5203.action])</onclick>
	<visible>![IsEmpty(skin.string(menu5203.master)) | SubString(skin.string(menu5203.visible),off)] | Window.IsVisible(6000)</visible>
	</item>
	<item>
	<label fallback="31014">$VAR[value_menu5204.label]</label>
	<property name="condition">$INFO[skin.string(menu5204.visible)]</property>
	<property name="name">menu5204</property>
	<property name="id">$INFO[skin.string(menu5204.master)]</property>
	<onclick condition="Window.IsVisible(6000)">SetFocus(5000)</onclick>
	<onclick condition="Window.IsVisible(Home)">Dialog.Close(6052)</onclick>
	<onclick condition="Window.IsVisible(Home)">Skin.SetString(submenu_action,$VAR[value_menu5204.action])</onclick>
	<visible>![IsEmpty(skin.string(menu5204.master)) | SubString(skin.string(menu5204.visible),off)] | Window.IsVisible(6000)</visible>
	</item>
	<item>
	<label fallback="31014">$VAR[value_menu5205.label]</label>
	<property name="condition">$INFO[skin.string(menu5205.visible)]</property>
	<property name="name">menu5205</property>
	<property name="id">$INFO[skin.string(menu5205.master)]</property>
	<onclick condition="Window.IsVisible(6000)">SetFocus(5000)</onclick>
	<onclick condition="Window.IsVisible(Home)">Dialog.Close(6052)</onclick>
	<onclick condition="Window.IsVisible(Home)">Skin.SetString(submenu_action,$VAR[value_menu5205.action])</onclick>
	<visible>![IsEmpty(skin.string(menu5205.master)) | SubString(skin.string(menu5205.visible),off)] | Window.IsVisible(6000)</visible>
	</item>
	<item>
	<label fallback="31014">$VAR[value_menu5206.label]</label>
	<property name="condition">$INFO[skin.string(menu5206.visible)]</property>
	<property name="name">menu5206</property>
	<property name="id">$INFO[skin.string(menu5206.master)]</property>
	<onclick condition="Window.IsVisible(6000)">SetFocus(5000)</onclick>
	<onclick condition="Window.IsVisible(Home)">Dialog.Close(6052)</onclick>
	<onclick condition="Window.IsVisible(Home)">Skin.SetString(submenu_action,$VAR[value_menu5206.action])</onclick>
	<visible>![IsEmpty(skin.string(menu5206.master)) | SubString(skin.string(menu5206.visible),off)] | Window.IsVisible(6000)</visible>
	</item>
	<item>
	<label fallback="31014">$VAR[value_menu5207.label]</label>
	<property name="condition">$INFO[skin.string(menu5207.visible)]</property>
	<property name="name">menu5207</property>
	<property name="id">$INFO[skin.string(menu5207.master)]</property>
	<onclick condition="Window.IsVisible(6000)">SetFocus(5000)</onclick>
	<onclick condition="Window.IsVisible(Home)">Dialog.Close(6052)</onclick>
	<onclick condition="Window.IsVisible(Home)">Skin.SetString(submenu_action,$VAR[value_menu5207.action])</onclick>
	<visible>![IsEmpty(skin.string(menu5207.master)) | SubString(skin.string(menu5207.visible),off)] | Window.IsVisible(6000)</visible>
	</item>
	<item>
	<label fallback="31014">$VAR[value_menu5208.label]</label>
	<property name="condition">$INFO[skin.string(menu5208.visible)]</property>
	<property name="name">menu5208</property>
	<property name="id">$INFO[skin.string(menu5208.master)]</property>
	<onclick condition="Window.IsVisible(6000)">SetFocus(5000)</onclick>
	<onclick condition="Window.IsVisible(Home)">Dialog.Close(6052)</onclick>
	<onclick condition="Window.IsVisible(Home)">Skin.SetString(submenu_action,$VAR[value_menu5208.action])</onclick>
	<visible>![IsEmpty(skin.string(menu5208.master)) | SubString(skin.string(menu5208.visible),off)] | Window.IsVisible(6000)</visible>
	</item>
	<item>
	<label fallback="31014">$VAR[value_menu5209.label]</label>
	<property name="condition">$INFO[skin.string(menu5209.visible)]</property>
	<property name="name">menu5209</property>
	<property name="id">$INFO[skin.string(menu5209.master)]</property>
	<onclick condition="Window.IsVisible(6000)">SetFocus(5000)</onclick>
	<onclick condition="Window.IsVisible(Home)">Dialog.Close(6052)</onclick>
	<onclick condition="Window.IsVisible(Home)">Skin.SetString(submenu_action,$VAR[value_menu5209.action])</onclick>
	<visible>![IsEmpty(skin.string(menu5209.master)) | SubString(skin.string(menu5209.visible),off)] | Window.IsVisible(6000)</visible>
	</item>
	<item>
	<label fallback="31014">$VAR[value_menu5210.label]</label>
	<property name="condition">$INFO[skin.string(menu5210.visible)]</property>
	<property name="name">menu5210</property>
	<property name="id">$INFO[skin.string(menu5210.master)]</property>
	<onclick condition="Window.IsVisible(6000)">SetFocus(5000)</onclick>
	<onclick condition="Window.IsVisible(Home)">Dialog.Close(6052)</onclick>
	<onclick condition="Window.IsVisible(Home)">Skin.SetString(submenu_action,$VAR[value_menu5210.action])</onclick>
	<visible>![IsEmpty(skin.string(menu5210.master)) | SubString(skin.string(menu5210.visible),off)] | Window.IsVisible(6000)</visible>
	</item>
	</content>
	</control>
	<include condition="Window.IsVisible(6000)">Glass</include>
	</control>
	</control>
	</controls>
</window>