<?xml version="1.0" encoding="UTF-8"?>
<window id="6520" type="dialog"><!-- Aeon MQ 6 --><!-- Addon 20 -->
	<defaultcontrol>-</defaultcontrol>
	<include>SubMenuCommon</include>
	<controls>
	<control type="group">
	<include condition="Window.IsVisible(6000)">MenuCustom</include>
	<control type="group"><!-- default group -->
	<include>Animation_SubMenu</include>
	<include condition="Window.IsVisible(6000)">SubmenuGoTo</include>
	<include condition="Window.IsVisible(Home)">SubMenuDefault</include>
	<control type="panel" id="9000">
	<include condition="Window.IsVisible(6000)">SubmenuVList</include>
	<include condition="Window.IsVisible(Home)">SubmenuHList</include>
	<content>
	<item>
	<label fallback="31014">$VAR[value_menu52001.label]</label>
	<property name="condition">$INFO[skin.string(menu52001.visible)]</property>
	<property name="name">menu52001</property>
	<property name="id">$INFO[skin.string(menu52001.master)]</property>
	<onclick condition="Window.IsVisible(6000)">SetFocus(5000)</onclick>
	<onclick condition="Window.IsVisible(Home)">Dialog.Close(6520)</onclick>
	<onclick condition="Window.IsVisible(Home)">Skin.SetString(submenu_action,$VAR[value_menu52001.action])</onclick>
	<visible>![IsEmpty(skin.string(menu52001.master)) | SubString(skin.string(menu52001.visible),off)] | Window.IsVisible(6000)</visible>
	</item>
	<item>
	<label fallback="31014">$VAR[value_menu52002.label]</label>
	<property name="condition">$INFO[skin.string(menu52002.visible)]</property>
	<property name="name">menu52002</property>
	<property name="id">$INFO[skin.string(menu52002.master)]</property>
	<onclick condition="Window.IsVisible(6000)">SetFocus(5000)</onclick>
	<onclick condition="Window.IsVisible(Home)">Dialog.Close(6520)</onclick>
	<onclick condition="Window.IsVisible(Home)">Skin.SetString(submenu_action,$VAR[value_menu52002.action])</onclick>
	<visible>![IsEmpty(skin.string(menu52002.master)) | SubString(skin.string(menu52002.visible),off)] | Window.IsVisible(6000)</visible>
	</item>
	<item>
	<label fallback="31014">$VAR[value_menu52003.label]</label>
	<property name="condition">$INFO[skin.string(menu52003.visible)]</property>
	<property name="name">menu52003</property>
	<property name="id">$INFO[skin.string(menu52003.master)]</property>
	<onclick condition="Window.IsVisible(6000)">SetFocus(5000)</onclick>
	<onclick condition="Window.IsVisible(Home)">Dialog.Close(6520)</onclick>
	<onclick condition="Window.IsVisible(Home)">Skin.SetString(submenu_action,$VAR[value_menu52003.action])</onclick>
	<visible>![IsEmpty(skin.string(menu52003.master)) | SubString(skin.string(menu52003.visible),off)] | Window.IsVisible(6000)</visible>
	</item>
	<item>
	<label fallback="31014">$VAR[value_menu52004.label]</label>
	<property name="condition">$INFO[skin.string(menu52004.visible)]</property>
	<property name="name">menu52004</property>
	<property name="id">$INFO[skin.string(menu52004.master)]</property>
	<onclick condition="Window.IsVisible(6000)">SetFocus(5000)</onclick>
	<onclick condition="Window.IsVisible(Home)">Dialog.Close(6520)</onclick>
	<onclick condition="Window.IsVisible(Home)">Skin.SetString(submenu_action,$VAR[value_menu52004.action])</onclick>
	<visible>![IsEmpty(skin.string(menu52004.master)) | SubString(skin.string(menu52004.visible),off)] | Window.IsVisible(6000)</visible>
	</item>
	<item>
	<label fallback="31014">$VAR[value_menu52005.label]</label>
	<property name="condition">$INFO[skin.string(menu52005.visible)]</property>
	<property name="name">menu52005</property>
	<property name="id">$INFO[skin.string(menu52005.master)]</property>
	<onclick condition="Window.IsVisible(6000)">SetFocus(5000)</onclick>
	<onclick condition="Window.IsVisible(Home)">Dialog.Close(6520)</onclick>
	<onclick condition="Window.IsVisible(Home)">Skin.SetString(submenu_action,$VAR[value_menu52005.action])</onclick>
	<visible>![IsEmpty(skin.string(menu52005.master)) | SubString(skin.string(menu52005.visible),off)] | Window.IsVisible(6000)</visible>
	</item>
	<item>
	<label fallback="31014">$VAR[value_menu52006.label]</label>
	<property name="condition">$INFO[skin.string(menu52006.visible)]</property>
	<property name="name">menu52006</property>
	<property name="id">$INFO[skin.string(menu52006.master)]</property>
	<onclick condition="Window.IsVisible(6000)">SetFocus(5000)</onclick>
	<onclick condition="Window.IsVisible(Home)">Dialog.Close(6520)</onclick>
	<onclick condition="Window.IsVisible(Home)">Skin.SetString(submenu_action,$VAR[value_menu52006.action])</onclick>
	<visible>![IsEmpty(skin.string(menu52006.master)) | SubString(skin.string(menu52006.visible),off)] | Window.IsVisible(6000)</visible>
	</item>
	<item>
	<label fallback="31014">$VAR[value_menu52007.label]</label>
	<property name="condition">$INFO[skin.string(menu52007.visible)]</property>
	<property name="name">menu52007</property>
	<property name="id">$INFO[skin.string(menu52007.master)]</property>
	<onclick condition="Window.IsVisible(6000)">SetFocus(5000)</onclick>
	<onclick condition="Window.IsVisible(Home)">Dialog.Close(6520)</onclick>
	<onclick condition="Window.IsVisible(Home)">Skin.SetString(submenu_action,$VAR[value_menu52007.action])</onclick>
	<visible>![IsEmpty(skin.string(menu52007.master)) | SubString(skin.string(menu52007.visible),off)] | Window.IsVisible(6000)</visible>
	</item>
	<item>
	<label fallback="31014">$VAR[value_menu52008.label]</label>
	<property name="condition">$INFO[skin.string(menu52008.visible)]</property>
	<property name="name">menu52008</property>
	<property name="id">$INFO[skin.string(menu52008.master)]</property>
	<onclick condition="Window.IsVisible(6000)">SetFocus(5000)</onclick>
	<onclick condition="Window.IsVisible(Home)">Dialog.Close(6520)</onclick>
	<onclick condition="Window.IsVisible(Home)">Skin.SetString(submenu_action,$VAR[value_menu52008.action])</onclick>
	<visible>![IsEmpty(skin.string(menu52008.master)) | SubString(skin.string(menu52008.visible),off)] | Window.IsVisible(6000)</visible>
	</item>
	<item>
	<label fallback="31014">$VAR[value_menu52009.label]</label>
	<property name="condition">$INFO[skin.string(menu52009.visible)]</property>
	<property name="name">menu52009</property>
	<property name="id">$INFO[skin.string(menu52009.master)]</property>
	<onclick condition="Window.IsVisible(6000)">SetFocus(5000)</onclick>
	<onclick condition="Window.IsVisible(Home)">Dialog.Close(6520)</onclick>
	<onclick condition="Window.IsVisible(Home)">Skin.SetString(submenu_action,$VAR[value_menu52009.action])</onclick>
	<visible>![IsEmpty(skin.string(menu52009.master)) | SubString(skin.string(menu52009.visible),off)] | Window.IsVisible(6000)</visible>
	</item>
	<item>
	<label fallback="31014">$VAR[value_menu52010.label]</label>
	<property name="condition">$INFO[skin.string(menu52010.visible)]</property>
	<property name="name">menu52010</property>
	<property name="id">$INFO[skin.string(menu52010.master)]</property>
	<onclick condition="Window.IsVisible(6000)">SetFocus(5000)</onclick>
	<onclick condition="Window.IsVisible(Home)">Dialog.Close(6520)</onclick>
	<onclick condition="Window.IsVisible(Home)">Skin.SetString(submenu_action,$VAR[value_menu52010.action])</onclick>
	<visible>![IsEmpty(skin.string(menu52010.master)) | SubString(skin.string(menu52010.visible),off)] | Window.IsVisible(6000)</visible>
	</item>
	<item>
	<label fallback="31014">$VAR[value_menu52011.label]</label>
	<property name="condition">$INFO[skin.string(menu52011.visible)]</property>
	<property name="name">menu52011</property>
	<property name="id">$INFO[skin.string(menu52011.master)]</property>
	<onclick condition="Window.IsVisible(6000)">SetFocus(5000)</onclick>
	<onclick condition="Window.IsVisible(Home)">Dialog.Close(6520)</onclick>
	<onclick condition="Window.IsVisible(Home)">Skin.SetString(submenu_action,$VAR[value_menu52011.action])</onclick>
	<visible>![IsEmpty(skin.string(menu52011.master)) | SubString(skin.string(menu52011.visible),off)] | Window.IsVisible(6000)</visible>
	</item>
	<item>
	<label fallback="31014">$VAR[value_menu52012.label]</label>
	<property name="condition">$INFO[skin.string(menu52012.visible)]</property>
	<property name="name">menu52012</property>
	<property name="id">$INFO[skin.string(menu52012.master)]</property>
	<onclick condition="Window.IsVisible(6000)">SetFocus(5000)</onclick>
	<onclick condition="Window.IsVisible(Home)">Dialog.Close(6520)</onclick>
	<onclick condition="Window.IsVisible(Home)">Skin.SetString(submenu_action,$VAR[value_menu52012.action])</onclick>
	<visible>![IsEmpty(skin.string(menu52012.master)) | SubString(skin.string(menu52012.visible),off)] | Window.IsVisible(6000)</visible>
	</item>
	<item>
	<label fallback="31014">$VAR[value_menu52013.label]</label>
	<property name="condition">$INFO[skin.string(menu52013.visible)]</property>
	<property name="name">menu52013</property>
	<property name="id">$INFO[skin.string(menu52013.master)]</property>
	<onclick condition="Window.IsVisible(6000)">SetFocus(5000)</onclick>
	<onclick condition="Window.IsVisible(Home)">Dialog.Close(6520)</onclick>
	<onclick condition="Window.IsVisible(Home)">Skin.SetString(submenu_action,$VAR[value_menu52013.action])</onclick>
	<visible>![IsEmpty(skin.string(menu52013.master)) | SubString(skin.string(menu52013.visible),off)] | Window.IsVisible(6000)</visible>
	</item>
	<item>
	<label fallback="31014">$VAR[value_menu52014.label]</label>
	<property name="condition">$INFO[skin.string(menu52014.visible)]</property>
	<property name="name">menu52014</property>
	<property name="id">$INFO[skin.string(menu52014.master)]</property>
	<onclick condition="Window.IsVisible(6000)">SetFocus(5000)</onclick>
	<onclick condition="Window.IsVisible(Home)">Dialog.Close(6520)</onclick>
	<onclick condition="Window.IsVisible(Home)">Skin.SetString(submenu_action,$VAR[value_menu52014.action])</onclick>
	<visible>![IsEmpty(skin.string(menu52014.master)) | SubString(skin.string(menu52014.visible),off)] | Window.IsVisible(6000)</visible>
	</item>
	<item>
	<label fallback="31014">$VAR[value_menu52015.label]</label>
	<property name="condition">$INFO[skin.string(menu52015.visible)]</property>
	<property name="name">menu52015</property>
	<property name="id">$INFO[skin.string(menu52015.master)]</property>
	<onclick condition="Window.IsVisible(6000)">SetFocus(5000)</onclick>
	<onclick condition="Window.IsVisible(Home)">Dialog.Close(6520)</onclick>
	<onclick condition="Window.IsVisible(Home)">Skin.SetString(submenu_action,$VAR[value_menu52015.action])</onclick>
	<visible>![IsEmpty(skin.string(menu52015.master)) | SubString(skin.string(menu52015.visible),off)] | Window.IsVisible(6000)</visible>
	</item>
	</content>
	</control>
	<include condition="Window.IsVisible(6000)">Glass</include>
	</control>
	</control>
	</controls>
</window>