<?xml version="1.0" encoding="UTF-8"?>
<window id="6061" type="dialog"><!-- Aeon MQ 6 --><!-- Musica artistas -->
	<defaultcontrol>-</defaultcontrol>
	<include>SubMenuCommon</include>
	<controls>
	<control type="group">
	<include condition="Window.IsVisible(6000)">MenuCustom</include>
	<control type="group"><!-- default group -->
	<include>Animation_SubMenu</include>
	<include condition="Window.IsVisible(6000)">SubmenuGoTo</include>
	<include condition="Window.IsVisible(Home)">SubMenuDefault</include>
	<control type="panel" id="9000">
	<include condition="Window.IsVisible(6000)">SubmenuVList</include>
	<include condition="Window.IsVisible(Home)">SubmenuHList</include>
	<content>
	<item>
	<label fallback="31014">$VAR[value_menu6101.label]</label>
	<property name="condition">$INFO[skin.string(menu6101.visible)]</property>
	<property name="name">menu6101</property>
	<property name="id">$INFO[skin.string(menu6101.master)]</property>
	<onclick condition="Window.IsVisible(6000)">SetFocus(5000)</onclick>
	<onclick condition="Window.IsVisible(Home)">Dialog.Close(6061)</onclick>
	<onclick condition="Window.IsVisible(Home)">Skin.SetString(submenu_action,$VAR[value_menu6101.action])</onclick>
	<visible>![IsEmpty(skin.string(menu6101.master)) | SubString(skin.string(menu6101.visible),off)] | Window.IsVisible(6000)</visible>
	</item>
	<item>
	<label fallback="31014">$VAR[value_menu6102.label]</label>
	<property name="condition">$INFO[skin.string(menu6102.visible)]</property>
	<property name="name">menu6102</property>
	<property name="id">$INFO[skin.string(menu6102.master)]</property>
	<onclick condition="Window.IsVisible(6000)">SetFocus(5000)</onclick>
	<onclick condition="Window.IsVisible(Home)">Dialog.Close(6061)</onclick>
	<onclick condition="Window.IsVisible(Home)">Skin.SetString(submenu_action,$VAR[value_menu6102.action])</onclick>
	<visible>![IsEmpty(skin.string(menu6102.master)) | SubString(skin.string(menu6102.visible),off)] | Window.IsVisible(6000)</visible>
	</item>
	<item>
	<label fallback="31014">$VAR[value_menu6103.label]</label>
	<property name="condition">$INFO[skin.string(menu6103.visible)]</property>
	<property name="name">menu6103</property>
	<property name="id">$INFO[skin.string(menu6103.master)]</property>
	<onclick condition="Window.IsVisible(6000)">SetFocus(5000)</onclick>
	<onclick condition="Window.IsVisible(Home)">Dialog.Close(6061)</onclick>
	<onclick condition="Window.IsVisible(Home)">Skin.SetString(submenu_action,$VAR[value_menu6103.action])</onclick>
	<visible>![IsEmpty(skin.string(menu6103.master)) | SubString(skin.string(menu6103.visible),off)] | Window.IsVisible(6000)</visible>
	</item>
	<item>
	<label fallback="31014">$VAR[value_menu6104.label]</label>
	<property name="condition">$INFO[skin.string(menu6104.visible)]</property>
	<property name="name">menu6104</property>
	<property name="id">$INFO[skin.string(menu6104.master)]</property>
	<onclick condition="Window.IsVisible(6000)">SetFocus(5000)</onclick>
	<onclick condition="Window.IsVisible(Home)">Dialog.Close(6061)</onclick>
	<onclick condition="Window.IsVisible(Home)">Skin.SetString(submenu_action,$VAR[value_menu6104.action])</onclick>
	<visible>![IsEmpty(skin.string(menu6104.master)) | SubString(skin.string(menu6104.visible),off)] | Window.IsVisible(6000)</visible>
	</item>
	<item>
	<label fallback="31014">$VAR[value_menu6105.label]</label>
	<property name="condition">$INFO[skin.string(menu6105.visible)]</property>
	<property name="name">menu6105</property>
	<property name="id">$INFO[skin.string(menu6105.master)]</property>
	<onclick condition="Window.IsVisible(6000)">SetFocus(5000)</onclick>
	<onclick condition="Window.IsVisible(Home)">Dialog.Close(6061)</onclick>
	<onclick condition="Window.IsVisible(Home)">Skin.SetString(submenu_action,$VAR[value_menu6105.action])</onclick>
	<visible>![IsEmpty(skin.string(menu6105.master)) | SubString(skin.string(menu6105.visible),off)] | Window.IsVisible(6000)</visible>
	</item>
	<item>
	<label fallback="31014">$VAR[value_menu6106.label]</label>
	<property name="condition">$INFO[skin.string(menu6106.visible)]</property>
	<property name="name">menu6106</property>
	<property name="id">$INFO[skin.string(menu6106.master)]</property>
	<onclick condition="Window.IsVisible(6000)">SetFocus(5000)</onclick>
	<onclick condition="Window.IsVisible(Home)">Dialog.Close(6061)</onclick>
	<onclick condition="Window.IsVisible(Home)">Skin.SetString(submenu_action,$VAR[value_menu6106.action])</onclick>
	<visible>![IsEmpty(skin.string(menu6106.master)) | SubString(skin.string(menu6106.visible),off)] | Window.IsVisible(6000)</visible>
	</item>
	<item>
	<label fallback="31014">$VAR[value_menu6107.label]</label>
	<property name="condition">$INFO[skin.string(menu6107.visible)]</property>
	<property name="name">menu6107</property>
	<property name="id">$INFO[skin.string(menu6107.master)]</property>
	<onclick condition="Window.IsVisible(6000)">SetFocus(5000)</onclick>
	<onclick condition="Window.IsVisible(Home)">Dialog.Close(6061)</onclick>
	<onclick condition="Window.IsVisible(Home)">Skin.SetString(submenu_action,$VAR[value_menu6107.action])</onclick>
	<visible>![IsEmpty(skin.string(menu6107.master)) | SubString(skin.string(menu6107.visible),off)] | Window.IsVisible(6000)</visible>
	</item>
	<item>
	<label fallback="31014">$VAR[value_menu6108.label]</label>
	<property name="condition">$INFO[skin.string(menu6108.visible)]</property>
	<property name="name">menu6108</property>
	<property name="id">$INFO[skin.string(menu6108.master)]</property>
	<onclick condition="Window.IsVisible(6000)">SetFocus(5000)</onclick>
	<onclick condition="Window.IsVisible(Home)">Dialog.Close(6061)</onclick>
	<onclick condition="Window.IsVisible(Home)">Skin.SetString(submenu_action,$VAR[value_menu6108.action])</onclick>
	<visible>![IsEmpty(skin.string(menu6108.master)) | SubString(skin.string(menu6108.visible),off)] | Window.IsVisible(6000)</visible>
	</item>
	<item>
	<label fallback="31014">$VAR[value_menu6109.label]</label>
	<property name="condition">$INFO[skin.string(menu6109.visible)]</property>
	<property name="name">menu6109</property>
	<property name="id">$INFO[skin.string(menu6109.master)]</property>
	<onclick condition="Window.IsVisible(6000)">SetFocus(5000)</onclick>
	<onclick condition="Window.IsVisible(Home)">Dialog.Close(6061)</onclick>
	<onclick condition="Window.IsVisible(Home)">Skin.SetString(submenu_action,$VAR[value_menu6109.action])</onclick>
	<visible>![IsEmpty(skin.string(menu6109.master)) | SubString(skin.string(menu6109.visible),off)] | Window.IsVisible(6000)</visible>
	</item>
	<item>
	<label fallback="31014">$VAR[value_menu6110.label]</label>
	<property name="condition">$INFO[skin.string(menu6110.visible)]</property>
	<property name="name">menu6110</property>
	<property name="id">$INFO[skin.string(menu6110.master)]</property>
	<onclick condition="Window.IsVisible(6000)">SetFocus(5000)</onclick>
	<onclick condition="Window.IsVisible(Home)">Dialog.Close(6061)</onclick>
	<onclick condition="Window.IsVisible(Home)">Skin.SetString(submenu_action,$VAR[value_menu6110.action])</onclick>
	<visible>![IsEmpty(skin.string(menu6110.master)) | SubString(skin.string(menu6110.visible),off)] | Window.IsVisible(6000)</visible>
	</item>
	</content>
	</control>
	<include condition="Window.IsVisible(6000)">Glass</include>
	</control>
	</control>
	</controls>
</window>