<?xml version="1.0" encoding="UTF-8"?>
<window id="6038" type="dialog"><!-- Aeon MQ 6 --><!-- Filme atores -->
	<defaultcontrol>-</defaultcontrol>
	<include>SubMenuCommon</include>
	<controls>
	<control type="group">
	<include condition="Window.IsVisible(6000)">MenuCustom</include>
	<control type="group"><!-- default group -->
	<include>Animation_SubMenu</include>
	<include condition="Window.IsVisible(6000)">SubmenuGoTo</include>
	<include condition="Window.IsVisible(Home)">SubMenuDefault</include>
	<control type="panel" id="9000">
	<include condition="Window.IsVisible(6000)">SubmenuVList</include>
	<include condition="Window.IsVisible(Home)">SubmenuHList</include>
	<content>
	<item>
	<label fallback="31014">$VAR[value_menu3801.label]</label>
	<property name="condition">$INFO[skin.string(menu3801.visible)]</property>
	<property name="name">menu3801</property>
	<property name="id">$INFO[skin.string(menu3801.master)]</property>
	<onclick condition="Window.IsVisible(6000)">SetFocus(5000)</onclick>
	<onclick condition="Window.IsVisible(Home)">Dialog.Close(6038)</onclick>
	<onclick condition="Window.IsVisible(Home)">Skin.SetString(submenu_action,$VAR[value_menu3801.action])</onclick>
	<visible>![IsEmpty(skin.string(menu3801.master)) | SubString(skin.string(menu3801.visible),off)] | Window.IsVisible(6000)</visible>
	</item>
	<item>
	<label fallback="31014">$VAR[value_menu3802.label]</label>
	<property name="condition">$INFO[skin.string(menu3802.visible)]</property>
	<property name="name">menu3802</property>
	<property name="id">$INFO[skin.string(menu3802.master)]</property>
	<onclick condition="Window.IsVisible(6000)">SetFocus(5000)</onclick>
	<onclick condition="Window.IsVisible(Home)">Dialog.Close(6038)</onclick>
	<onclick condition="Window.IsVisible(Home)">Skin.SetString(submenu_action,$VAR[value_menu3802.action])</onclick>
	<visible>![IsEmpty(skin.string(menu3802.master)) | SubString(skin.string(menu3802.visible),off)] | Window.IsVisible(6000)</visible>
	</item>
	<item>
	<label fallback="31014">$VAR[value_menu3803.label]</label>
	<property name="condition">$INFO[skin.string(menu3803.visible)]</property>
	<property name="name">menu3803</property>
	<property name="id">$INFO[skin.string(menu3803.master)]</property>
	<onclick condition="Window.IsVisible(6000)">SetFocus(5000)</onclick>
	<onclick condition="Window.IsVisible(Home)">Dialog.Close(6038)</onclick>
	<onclick condition="Window.IsVisible(Home)">Skin.SetString(submenu_action,$VAR[value_menu3803.action])</onclick>
	<visible>![IsEmpty(skin.string(menu3803.master)) | SubString(skin.string(menu3803.visible),off)] | Window.IsVisible(6000)</visible>
	</item>
	<item>
	<label fallback="31014">$VAR[value_menu3804.label]</label>
	<property name="condition">$INFO[skin.string(menu3804.visible)]</property>
	<property name="name">menu3804</property>
	<property name="id">$INFO[skin.string(menu3804.master)]</property>
	<onclick condition="Window.IsVisible(6000)">SetFocus(5000)</onclick>
	<onclick condition="Window.IsVisible(Home)">Dialog.Close(6038)</onclick>
	<onclick condition="Window.IsVisible(Home)">Skin.SetString(submenu_action,$VAR[value_menu3804.action])</onclick>
	<visible>![IsEmpty(skin.string(menu3804.master)) | SubString(skin.string(menu3804.visible),off)] | Window.IsVisible(6000)</visible>
	</item>
	<item>
	<label fallback="31014">$VAR[value_menu3805.label]</label>
	<property name="condition">$INFO[skin.string(menu3805.visible)]</property>
	<property name="name">menu3805</property>
	<property name="id">$INFO[skin.string(menu3805.master)]</property>
	<onclick condition="Window.IsVisible(6000)">SetFocus(5000)</onclick>
	<onclick condition="Window.IsVisible(Home)">Dialog.Close(6038)</onclick>
	<onclick condition="Window.IsVisible(Home)">Skin.SetString(submenu_action,$VAR[value_menu3805.action])</onclick>
	<visible>![IsEmpty(skin.string(menu3805.master)) | SubString(skin.string(menu3805.visible),off)] | Window.IsVisible(6000)</visible>
	</item>
	<item>
	<label fallback="31014">$VAR[value_menu3806.label]</label>
	<property name="condition">$INFO[skin.string(menu3806.visible)]</property>
	<property name="name">menu3806</property>
	<property name="id">$INFO[skin.string(menu3806.master)]</property>
	<onclick condition="Window.IsVisible(6000)">SetFocus(5000)</onclick>
	<onclick condition="Window.IsVisible(Home)">Dialog.Close(6038)</onclick>
	<onclick condition="Window.IsVisible(Home)">Skin.SetString(submenu_action,$VAR[value_menu3806.action])</onclick>
	<visible>![IsEmpty(skin.string(menu3806.master)) | SubString(skin.string(menu3806.visible),off)] | Window.IsVisible(6000)</visible>
	</item>
	<item>
	<label fallback="31014">$VAR[value_menu3807.label]</label>
	<property name="condition">$INFO[skin.string(menu3807.visible)]</property>
	<property name="name">menu3807</property>
	<property name="id">$INFO[skin.string(menu3807.master)]</property>
	<onclick condition="Window.IsVisible(6000)">SetFocus(5000)</onclick>
	<onclick condition="Window.IsVisible(Home)">Dialog.Close(6038)</onclick>
	<onclick condition="Window.IsVisible(Home)">Skin.SetString(submenu_action,$VAR[value_menu3807.action])</onclick>
	<visible>![IsEmpty(skin.string(menu3807.master)) | SubString(skin.string(menu3807.visible),off)] | Window.IsVisible(6000)</visible>
	</item>
	<item>
	<label fallback="31014">$VAR[value_menu3808.label]</label>
	<property name="condition">$INFO[skin.string(menu3808.visible)]</property>
	<property name="name">menu3808</property>
	<property name="id">$INFO[skin.string(menu3808.master)]</property>
	<onclick condition="Window.IsVisible(6000)">SetFocus(5000)</onclick>
	<onclick condition="Window.IsVisible(Home)">Dialog.Close(6038)</onclick>
	<onclick condition="Window.IsVisible(Home)">Skin.SetString(submenu_action,$VAR[value_menu3808.action])</onclick>
	<visible>![IsEmpty(skin.string(menu3808.master)) | SubString(skin.string(menu3808.visible),off)] | Window.IsVisible(6000)</visible>
	</item>
	<item>
	<label fallback="31014">$VAR[value_menu3809.label]</label>
	<property name="condition">$INFO[skin.string(menu3809.visible)]</property>
	<property name="name">menu3809</property>
	<property name="id">$INFO[skin.string(menu3809.master)]</property>
	<onclick condition="Window.IsVisible(6000)">SetFocus(5000)</onclick>
	<onclick condition="Window.IsVisible(Home)">Dialog.Close(6038)</onclick>
	<onclick condition="Window.IsVisible(Home)">Skin.SetString(submenu_action,$VAR[value_menu3809.action])</onclick>
	<visible>![IsEmpty(skin.string(menu3809.master)) | SubString(skin.string(menu3809.visible),off)] | Window.IsVisible(6000)</visible>
	</item>
	<item>
	<label fallback="31014">$VAR[value_menu3810.label]</label>
	<property name="condition">$INFO[skin.string(menu3810.visible)]</property>
	<property name="name">menu3810</property>
	<property name="id">$INFO[skin.string(menu3810.master)]</property>
	<onclick condition="Window.IsVisible(6000)">SetFocus(5000)</onclick>
	<onclick condition="Window.IsVisible(Home)">Dialog.Close(6038)</onclick>
	<onclick condition="Window.IsVisible(Home)">Skin.SetString(submenu_action,$VAR[value_menu3810.action])</onclick>
	<visible>![IsEmpty(skin.string(menu3810.master)) | SubString(skin.string(menu3810.visible),off)] | Window.IsVisible(6000)</visible>
	</item>
	</content>
	</control>
	<include condition="Window.IsVisible(6000)">Glass</include>
	</control>
	</control>
	</controls>
</window>