<?xml version="1.0" encoding="UTF-8"?>
<window id="6065" type="dialog"><!-- Aeon MQ 6 --><!-- Musica modo festa -->
	<defaultcontrol>-</defaultcontrol>
	<include>SubMenuCommon</include>
	<controls>
	<control type="group">
	<include condition="Window.IsVisible(6000)">MenuCustom</include>
	<control type="group"><!-- default group -->
	<include>Animation_SubMenu</include>
	<include condition="Window.IsVisible(6000)">SubmenuGoTo</include>
	<include condition="Window.IsVisible(Home)">SubMenuDefault</include>
	<control type="panel" id="9000">
	<include condition="Window.IsVisible(6000)">SubmenuVList</include>
	<include condition="Window.IsVisible(Home)">SubmenuHList</include>
	<content>
	<item>
	<label fallback="31014">$VAR[value_menu6501.label]</label>
	<property name="condition">$INFO[skin.string(menu6501.visible)]</property>
	<property name="name">menu6501</property>
	<property name="id">$INFO[skin.string(menu6501.master)]</property>
	<onclick condition="Window.IsVisible(6000)">SetFocus(5000)</onclick>
	<onclick condition="Window.IsVisible(Home)">Dialog.Close(6065)</onclick>
	<onclick condition="Window.IsVisible(Home)">Skin.SetString(submenu_action,$VAR[value_menu6501.action])</onclick>
	<visible>![IsEmpty(skin.string(menu6501.master)) | SubString(skin.string(menu6501.visible),off)] | Window.IsVisible(6000)</visible>
	</item>
	<item>
	<label fallback="31014">$VAR[value_menu6502.label]</label>
	<property name="condition">$INFO[skin.string(menu6502.visible)]</property>
	<property name="name">menu6502</property>
	<property name="id">$INFO[skin.string(menu6502.master)]</property>
	<onclick condition="Window.IsVisible(6000)">SetFocus(5000)</onclick>
	<onclick condition="Window.IsVisible(Home)">Dialog.Close(6065)</onclick>
	<onclick condition="Window.IsVisible(Home)">Skin.SetString(submenu_action,$VAR[value_menu6502.action])</onclick>
	<visible>![IsEmpty(skin.string(menu6502.master)) | SubString(skin.string(menu6502.visible),off)] | Window.IsVisible(6000)</visible>
	</item>
	<item>
	<label fallback="31014">$VAR[value_menu6503.label]</label>
	<property name="condition">$INFO[skin.string(menu6503.visible)]</property>
	<property name="name">menu6503</property>
	<property name="id">$INFO[skin.string(menu6503.master)]</property>
	<onclick condition="Window.IsVisible(6000)">SetFocus(5000)</onclick>
	<onclick condition="Window.IsVisible(Home)">Dialog.Close(6065)</onclick>
	<onclick condition="Window.IsVisible(Home)">Skin.SetString(submenu_action,$VAR[value_menu6503.action])</onclick>
	<visible>![IsEmpty(skin.string(menu6503.master)) | SubString(skin.string(menu6503.visible),off)] | Window.IsVisible(6000)</visible>
	</item>
	<item>
	<label fallback="31014">$VAR[value_menu6504.label]</label>
	<property name="condition">$INFO[skin.string(menu6504.visible)]</property>
	<property name="name">menu6504</property>
	<property name="id">$INFO[skin.string(menu6504.master)]</property>
	<onclick condition="Window.IsVisible(6000)">SetFocus(5000)</onclick>
	<onclick condition="Window.IsVisible(Home)">Dialog.Close(6065)</onclick>
	<onclick condition="Window.IsVisible(Home)">Skin.SetString(submenu_action,$VAR[value_menu6504.action])</onclick>
	<visible>![IsEmpty(skin.string(menu6504.master)) | SubString(skin.string(menu6504.visible),off)] | Window.IsVisible(6000)</visible>
	</item>
	<item>
	<label fallback="31014">$VAR[value_menu6505.label]</label>
	<property name="condition">$INFO[skin.string(menu6505.visible)]</property>
	<property name="name">menu6505</property>
	<property name="id">$INFO[skin.string(menu6505.master)]</property>
	<onclick condition="Window.IsVisible(6000)">SetFocus(5000)</onclick>
	<onclick condition="Window.IsVisible(Home)">Dialog.Close(6065)</onclick>
	<onclick condition="Window.IsVisible(Home)">Skin.SetString(submenu_action,$VAR[value_menu6505.action])</onclick>
	<visible>![IsEmpty(skin.string(menu6505.master)) | SubString(skin.string(menu6505.visible),off)] | Window.IsVisible(6000)</visible>
	</item>
	<item>
	<label fallback="31014">$VAR[value_menu6506.label]</label>
	<property name="condition">$INFO[skin.string(menu6506.visible)]</property>
	<property name="name">menu6506</property>
	<property name="id">$INFO[skin.string(menu6506.master)]</property>
	<onclick condition="Window.IsVisible(6000)">SetFocus(5000)</onclick>
	<onclick condition="Window.IsVisible(Home)">Dialog.Close(6065)</onclick>
	<onclick condition="Window.IsVisible(Home)">Skin.SetString(submenu_action,$VAR[value_menu6506.action])</onclick>
	<visible>![IsEmpty(skin.string(menu6506.master)) | SubString(skin.string(menu6506.visible),off)] | Window.IsVisible(6000)</visible>
	</item>
	<item>
	<label fallback="31014">$VAR[value_menu6507.label]</label>
	<property name="condition">$INFO[skin.string(menu6507.visible)]</property>
	<property name="name">menu6507</property>
	<property name="id">$INFO[skin.string(menu6507.master)]</property>
	<onclick condition="Window.IsVisible(6000)">SetFocus(5000)</onclick>
	<onclick condition="Window.IsVisible(Home)">Dialog.Close(6065)</onclick>
	<onclick condition="Window.IsVisible(Home)">Skin.SetString(submenu_action,$VAR[value_menu6507.action])</onclick>
	<visible>![IsEmpty(skin.string(menu6507.master)) | SubString(skin.string(menu6507.visible),off)] | Window.IsVisible(6000)</visible>
	</item>
	<item>
	<label fallback="31014">$VAR[value_menu6508.label]</label>
	<property name="condition">$INFO[skin.string(menu6508.visible)]</property>
	<property name="name">menu6508</property>
	<property name="id">$INFO[skin.string(menu6508.master)]</property>
	<onclick condition="Window.IsVisible(6000)">SetFocus(5000)</onclick>
	<onclick condition="Window.IsVisible(Home)">Dialog.Close(6065)</onclick>
	<onclick condition="Window.IsVisible(Home)">Skin.SetString(submenu_action,$VAR[value_menu6508.action])</onclick>
	<visible>![IsEmpty(skin.string(menu6508.master)) | SubString(skin.string(menu6508.visible),off)] | Window.IsVisible(6000)</visible>
	</item>
	<item>
	<label fallback="31014">$VAR[value_menu6509.label]</label>
	<property name="condition">$INFO[skin.string(menu6509.visible)]</property>
	<property name="name">menu6509</property>
	<property name="id">$INFO[skin.string(menu6509.master)]</property>
	<onclick condition="Window.IsVisible(6000)">SetFocus(5000)</onclick>
	<onclick condition="Window.IsVisible(Home)">Dialog.Close(6065)</onclick>
	<onclick condition="Window.IsVisible(Home)">Skin.SetString(submenu_action,$VAR[value_menu6509.action])</onclick>
	<visible>![IsEmpty(skin.string(menu6509.master)) | SubString(skin.string(menu6509.visible),off)] | Window.IsVisible(6000)</visible>
	</item>
	<item>
	<label fallback="31014">$VAR[value_menu6510.label]</label>
	<property name="condition">$INFO[skin.string(menu6510.visible)]</property>
	<property name="name">menu6510</property>
	<property name="id">$INFO[skin.string(menu6510.master)]</property>
	<onclick condition="Window.IsVisible(6000)">SetFocus(5000)</onclick>
	<onclick condition="Window.IsVisible(Home)">Dialog.Close(6065)</onclick>
	<onclick condition="Window.IsVisible(Home)">Skin.SetString(submenu_action,$VAR[value_menu6510.action])</onclick>
	<visible>![IsEmpty(skin.string(menu6510.master)) | SubString(skin.string(menu6510.visible),off)] | Window.IsVisible(6000)</visible>
	</item>
	</content>
	</control>
	<include condition="Window.IsVisible(6000)">Glass</include>
	</control>
	</control>
	</controls>
</window>