<?xml version="1.0" encoding="UTF-8"?>
<window id="6064" type="dialog"><!-- Aeon MQ 6 --><!-- Musica arquivos -->
	<defaultcontrol>-</defaultcontrol>
	<include>SubMenuCommon</include>
	<controls>
	<control type="group">
	<include condition="Window.IsVisible(6000)">MenuCustom</include>
	<control type="group"><!-- default group -->
	<include>Animation_SubMenu</include>
	<include condition="Window.IsVisible(6000)">SubmenuGoTo</include>
	<include condition="Window.IsVisible(Home)">SubMenuDefault</include>
	<control type="panel" id="9000">
	<include condition="Window.IsVisible(6000)">SubmenuVList</include>
	<include condition="Window.IsVisible(Home)">SubmenuHList</include>
	<content>
	<item>
	<label fallback="31014">$VAR[value_menu6401.label]</label>
	<property name="condition">$INFO[skin.string(menu6401.visible)]</property>
	<property name="name">menu6401</property>
	<property name="id">$INFO[skin.string(menu6401.master)]</property>
	<onclick condition="Window.IsVisible(6000)">SetFocus(5000)</onclick>
	<onclick condition="Window.IsVisible(Home)">Dialog.Close(6064)</onclick>
	<onclick condition="Window.IsVisible(Home)">Skin.SetString(submenu_action,$VAR[value_menu6401.action])</onclick>
	<visible>![IsEmpty(skin.string(menu6401.master)) | SubString(skin.string(menu6401.visible),off)] | Window.IsVisible(6000)</visible>
	</item>
	<item>
	<label fallback="31014">$VAR[value_menu6402.label]</label>
	<property name="condition">$INFO[skin.string(menu6402.visible)]</property>
	<property name="name">menu6402</property>
	<property name="id">$INFO[skin.string(menu6402.master)]</property>
	<onclick condition="Window.IsVisible(6000)">SetFocus(5000)</onclick>
	<onclick condition="Window.IsVisible(Home)">Dialog.Close(6064)</onclick>
	<onclick condition="Window.IsVisible(Home)">Skin.SetString(submenu_action,$VAR[value_menu6402.action])</onclick>
	<visible>![IsEmpty(skin.string(menu6402.master)) | SubString(skin.string(menu6402.visible),off)] | Window.IsVisible(6000)</visible>
	</item>
	<item>
	<label fallback="31014">$VAR[value_menu6403.label]</label>
	<property name="condition">$INFO[skin.string(menu6403.visible)]</property>
	<property name="name">menu6403</property>
	<property name="id">$INFO[skin.string(menu6403.master)]</property>
	<onclick condition="Window.IsVisible(6000)">SetFocus(5000)</onclick>
	<onclick condition="Window.IsVisible(Home)">Dialog.Close(6064)</onclick>
	<onclick condition="Window.IsVisible(Home)">Skin.SetString(submenu_action,$VAR[value_menu6403.action])</onclick>
	<visible>![IsEmpty(skin.string(menu6403.master)) | SubString(skin.string(menu6403.visible),off)] | Window.IsVisible(6000)</visible>
	</item>
	<item>
	<label fallback="31014">$VAR[value_menu6404.label]</label>
	<property name="condition">$INFO[skin.string(menu6404.visible)]</property>
	<property name="name">menu6404</property>
	<property name="id">$INFO[skin.string(menu6404.master)]</property>
	<onclick condition="Window.IsVisible(6000)">SetFocus(5000)</onclick>
	<onclick condition="Window.IsVisible(Home)">Dialog.Close(6064)</onclick>
	<onclick condition="Window.IsVisible(Home)">Skin.SetString(submenu_action,$VAR[value_menu6404.action])</onclick>
	<visible>![IsEmpty(skin.string(menu6404.master)) | SubString(skin.string(menu6404.visible),off)] | Window.IsVisible(6000)</visible>
	</item>
	<item>
	<label fallback="31014">$VAR[value_menu6405.label]</label>
	<property name="condition">$INFO[skin.string(menu6405.visible)]</property>
	<property name="name">menu6405</property>
	<property name="id">$INFO[skin.string(menu6405.master)]</property>
	<onclick condition="Window.IsVisible(6000)">SetFocus(5000)</onclick>
	<onclick condition="Window.IsVisible(Home)">Dialog.Close(6064)</onclick>
	<onclick condition="Window.IsVisible(Home)">Skin.SetString(submenu_action,$VAR[value_menu6405.action])</onclick>
	<visible>![IsEmpty(skin.string(menu6405.master)) | SubString(skin.string(menu6405.visible),off)] | Window.IsVisible(6000)</visible>
	</item>
	<item>
	<label fallback="31014">$VAR[value_menu6406.label]</label>
	<property name="condition">$INFO[skin.string(menu6406.visible)]</property>
	<property name="name">menu6406</property>
	<property name="id">$INFO[skin.string(menu6406.master)]</property>
	<onclick condition="Window.IsVisible(6000)">SetFocus(5000)</onclick>
	<onclick condition="Window.IsVisible(Home)">Dialog.Close(6064)</onclick>
	<onclick condition="Window.IsVisible(Home)">Skin.SetString(submenu_action,$VAR[value_menu6406.action])</onclick>
	<visible>![IsEmpty(skin.string(menu6406.master)) | SubString(skin.string(menu6406.visible),off)] | Window.IsVisible(6000)</visible>
	</item>
	<item>
	<label fallback="31014">$VAR[value_menu6407.label]</label>
	<property name="condition">$INFO[skin.string(menu6407.visible)]</property>
	<property name="name">menu6407</property>
	<property name="id">$INFO[skin.string(menu6407.master)]</property>
	<onclick condition="Window.IsVisible(6000)">SetFocus(5000)</onclick>
	<onclick condition="Window.IsVisible(Home)">Dialog.Close(6064)</onclick>
	<onclick condition="Window.IsVisible(Home)">Skin.SetString(submenu_action,$VAR[value_menu6407.action])</onclick>
	<visible>![IsEmpty(skin.string(menu6407.master)) | SubString(skin.string(menu6407.visible),off)] | Window.IsVisible(6000)</visible>
	</item>
	<item>
	<label fallback="31014">$VAR[value_menu6408.label]</label>
	<property name="condition">$INFO[skin.string(menu6408.visible)]</property>
	<property name="name">menu6408</property>
	<property name="id">$INFO[skin.string(menu6408.master)]</property>
	<onclick condition="Window.IsVisible(6000)">SetFocus(5000)</onclick>
	<onclick condition="Window.IsVisible(Home)">Dialog.Close(6064)</onclick>
	<onclick condition="Window.IsVisible(Home)">Skin.SetString(submenu_action,$VAR[value_menu6408.action])</onclick>
	<visible>![IsEmpty(skin.string(menu6408.master)) | SubString(skin.string(menu6408.visible),off)] | Window.IsVisible(6000)</visible>
	</item>
	<item>
	<label fallback="31014">$VAR[value_menu6409.label]</label>
	<property name="condition">$INFO[skin.string(menu6409.visible)]</property>
	<property name="name">menu6409</property>
	<property name="id">$INFO[skin.string(menu6409.master)]</property>
	<onclick condition="Window.IsVisible(6000)">SetFocus(5000)</onclick>
	<onclick condition="Window.IsVisible(Home)">Dialog.Close(6064)</onclick>
	<onclick condition="Window.IsVisible(Home)">Skin.SetString(submenu_action,$VAR[value_menu6409.action])</onclick>
	<visible>![IsEmpty(skin.string(menu6409.master)) | SubString(skin.string(menu6409.visible),off)] | Window.IsVisible(6000)</visible>
	</item>
	<item>
	<label fallback="31014">$VAR[value_menu6410.label]</label>
	<property name="condition">$INFO[skin.string(menu6410.visible)]</property>
	<property name="name">menu6410</property>
	<property name="id">$INFO[skin.string(menu6410.master)]</property>
	<onclick condition="Window.IsVisible(6000)">SetFocus(5000)</onclick>
	<onclick condition="Window.IsVisible(Home)">Dialog.Close(6064)</onclick>
	<onclick condition="Window.IsVisible(Home)">Skin.SetString(submenu_action,$VAR[value_menu6410.action])</onclick>
	<visible>![IsEmpty(skin.string(menu6410.master)) | SubString(skin.string(menu6410.visible),off)] | Window.IsVisible(6000)</visible>
	</item>
	</content>
	</control>
	<include condition="Window.IsVisible(6000)">Glass</include>
	</control>
	</control>
	</controls>
</window>