<?xml version="1.0" encoding="UTF-8"?>
<window id="6005" type="dialog"><!-- Aeon MQ 6 --><!-- Tv ao vivo -->
	<defaultcontrol>-</defaultcontrol>
	<include>SubMenuCommon</include>
	<controls>
	<control type="group">
	<include condition="Window.IsVisible(6000)">MenuCustom</include>
	<control type="group"><!-- default group -->
	<include>Animation_SubMenu</include>
	<include condition="Window.IsVisible(6000)">SubmenuGoTo</include>
	<include condition="Window.IsVisible(Home)">SubMenuDefault</include>
	<control type="panel" id="9000">
	<include condition="Window.IsVisible(6000)">SubmenuVList</include>
	<include condition="Window.IsVisible(Home)">SubmenuHList</include>
	<content>
	<item>
	<label fallback="31014">$VAR[value_menu0501.label]</label>
	<property name="condition">$INFO[skin.string(menu0501.visible)]</property>
	<property name="name">menu0501</property>
	<property name="id">$INFO[skin.string(menu0501.master)]</property>
	<onclick condition="Window.IsVisible(6000)">SetFocus(5000)</onclick>
	<onclick condition="Window.IsVisible(Home)">Dialog.Close(6005)</onclick>
	<onclick condition="Window.IsVisible(Home)">Skin.SetString(submenu_action,$VAR[value_menu0501.action])</onclick>
	<visible>![IsEmpty(skin.string(menu0501.master)) | SubString(skin.string(menu0501.visible),off)] | Window.IsVisible(6000)</visible>
	</item>
	<item>
	<label fallback="31014">$VAR[value_menu0502.label]</label>
	<property name="condition">$INFO[skin.string(menu0502.visible)]</property>
	<property name="name">menu0502</property>
	<property name="id">$INFO[skin.string(menu0502.master)]</property>
	<onclick condition="Window.IsVisible(6000)">SetFocus(5000)</onclick>
	<onclick condition="Window.IsVisible(Home)">Dialog.Close(6005)</onclick>
	<onclick condition="Window.IsVisible(Home)">Skin.SetString(submenu_action,$VAR[value_menu0502.action])</onclick>
	<visible>![IsEmpty(skin.string(menu0502.master)) | SubString(skin.string(menu0502.visible),off)] | Window.IsVisible(6000)</visible>
	</item>
	<item>
	<label fallback="31014">$VAR[value_menu0503.label]</label>
	<property name="condition">$INFO[skin.string(menu0503.visible)]</property>
	<property name="name">menu0503</property>
	<property name="id">$INFO[skin.string(menu0503.master)]</property>
	<onclick condition="Window.IsVisible(6000)">SetFocus(5000)</onclick>
	<onclick condition="Window.IsVisible(Home)">Dialog.Close(6005)</onclick>
	<onclick condition="Window.IsVisible(Home)">Skin.SetString(submenu_action,$VAR[value_menu0503.action])</onclick>
	<visible>![IsEmpty(skin.string(menu0503.master)) | SubString(skin.string(menu0503.visible),off)] | Window.IsVisible(6000)</visible>
	</item>
	<item>
	<label fallback="31014">$VAR[value_menu0504.label]</label>
	<property name="condition">$INFO[skin.string(menu0504.visible)]</property>
	<property name="name">menu0504</property>
	<property name="id">$INFO[skin.string(menu0504.master)]</property>
	<onclick condition="Window.IsVisible(6000)">SetFocus(5000)</onclick>
	<onclick condition="Window.IsVisible(Home)">Dialog.Close(6005)</onclick>
	<onclick condition="Window.IsVisible(Home)">Skin.SetString(submenu_action,$VAR[value_menu0504.action])</onclick>
	<visible>![IsEmpty(skin.string(menu0504.master)) | SubString(skin.string(menu0504.visible),off)] | Window.IsVisible(6000)</visible>
	</item>
	<item>
	<label fallback="31014">$VAR[value_menu0505.label]</label>
	<property name="condition">$INFO[skin.string(menu0505.visible)]</property>
	<property name="name">menu0505</property>
	<property name="id">$INFO[skin.string(menu0505.master)]</property>
	<onclick condition="Window.IsVisible(6000)">SetFocus(5000)</onclick>
	<onclick condition="Window.IsVisible(Home)">Dialog.Close(6005)</onclick>
	<onclick condition="Window.IsVisible(Home)">Skin.SetString(submenu_action,$VAR[value_menu0505.action])</onclick>
	<visible>![IsEmpty(skin.string(menu0505.master)) | SubString(skin.string(menu0505.visible),off)] | Window.IsVisible(6000)</visible>
	</item>
	<item>
	<label fallback="31014">$VAR[value_menu0506.label]</label>
	<property name="condition">$INFO[skin.string(menu0506.visible)]</property>
	<property name="name">menu0506</property>
	<property name="id">$INFO[skin.string(menu0506.master)]</property>
	<onclick condition="Window.IsVisible(6000)">SetFocus(5000)</onclick>
	<onclick condition="Window.IsVisible(Home)">Dialog.Close(6005)</onclick>
	<onclick condition="Window.IsVisible(Home)">Skin.SetString(submenu_action,$VAR[value_menu0506.action])</onclick>
	<visible>![IsEmpty(skin.string(menu0506.master)) | SubString(skin.string(menu0506.visible),off)] | Window.IsVisible(6000)</visible>
	</item>
	<item>
	<label fallback="31014">$VAR[value_menu0507.label]</label>
	<property name="condition">$INFO[skin.string(menu0507.visible)]</property>
	<property name="name">menu0507</property>
	<property name="id">$INFO[skin.string(menu0507.master)]</property>
	<onclick condition="Window.IsVisible(6000)">SetFocus(5000)</onclick>
	<onclick condition="Window.IsVisible(Home)">Dialog.Close(6005)</onclick>
	<onclick condition="Window.IsVisible(Home)">Skin.SetString(submenu_action,$VAR[value_menu0507.action])</onclick>
	<visible>![IsEmpty(skin.string(menu0507.master)) | SubString(skin.string(menu0507.visible),off)] | Window.IsVisible(6000)</visible>
	</item>
	<item>
	<label fallback="31014">$VAR[value_menu0508.label]</label>
	<property name="condition">$INFO[skin.string(menu0508.visible)]</property>
	<property name="name">menu0508</property>
	<property name="id">$INFO[skin.string(menu0508.master)]</property>
	<onclick condition="Window.IsVisible(6000)">SetFocus(5000)</onclick>
	<onclick condition="Window.IsVisible(Home)">Dialog.Close(6005)</onclick>
	<onclick condition="Window.IsVisible(Home)">Skin.SetString(submenu_action,$VAR[value_menu0508.action])</onclick>
	<visible>![IsEmpty(skin.string(menu0508.master)) | SubString(skin.string(menu0508.visible),off)] | Window.IsVisible(6000)</visible>
	</item>
	<item>
	<label fallback="31014">$VAR[value_menu0509.label]</label>
	<property name="condition">$INFO[skin.string(menu0509.visible)]</property>
	<property name="name">menu0509</property>
	<property name="id">$INFO[skin.string(menu0509.master)]</property>
	<onclick condition="Window.IsVisible(6000)">SetFocus(5000)</onclick>
	<onclick condition="Window.IsVisible(Home)">Dialog.Close(6005)</onclick>
	<onclick condition="Window.IsVisible(Home)">Skin.SetString(submenu_action,$VAR[value_menu0509.action])</onclick>
	<visible>![IsEmpty(skin.string(menu0509.master)) | SubString(skin.string(menu0509.visible),off)] | Window.IsVisible(6000)</visible>
	</item>
	<item>
	<label fallback="31014">$VAR[value_menu0510.label]</label>
	<property name="condition">$INFO[skin.string(menu0510.visible)]</property>
	<property name="name">menu0510</property>
	<property name="id">$INFO[skin.string(menu0510.master)]</property>
	<onclick condition="Window.IsVisible(6000)">SetFocus(5000)</onclick>
	<onclick condition="Window.IsVisible(Home)">Dialog.Close(6005)</onclick>
	<onclick condition="Window.IsVisible(Home)">Skin.SetString(submenu_action,$VAR[value_menu0510.action])</onclick>
	<visible>![IsEmpty(skin.string(menu0510.master)) | SubString(skin.string(menu0510.visible),off)] | Window.IsVisible(6000)</visible>
	</item>
	<item>
	<label fallback="31014">$VAR[value_menu0511.label]</label>
	<property name="condition">$INFO[skin.string(menu0511.visible)]</property>
	<property name="name">menu0511</property>
	<property name="id">$INFO[skin.string(menu0511.master)]</property>
	<onclick condition="Window.IsVisible(6000)">SetFocus(5000)</onclick>
	<onclick condition="Window.IsVisible(Home)">Dialog.Close(6005)</onclick>
	<onclick condition="Window.IsVisible(Home)">Skin.SetString(submenu_action,$VAR[value_menu0511.action])</onclick>
	<visible>![IsEmpty(skin.string(menu0511.master)) | SubString(skin.string(menu0511.visible),off)] | Window.IsVisible(6000)</visible>
	</item>
	<item>
	<label fallback="31014">$VAR[value_menu0512.label]</label>
	<property name="condition">$INFO[skin.string(menu0512.visible)]</property>
	<property name="name">menu0512</property>
	<property name="id">$INFO[skin.string(menu0512.master)]</property>
	<onclick condition="Window.IsVisible(6000)">SetFocus(5000)</onclick>
	<onclick condition="Window.IsVisible(Home)">Dialog.Close(6005)</onclick>
	<onclick condition="Window.IsVisible(Home)">Skin.SetString(submenu_action,$VAR[value_menu0512.action])</onclick>
	<visible>![IsEmpty(skin.string(menu0512.master)) | SubString(skin.string(menu0512.visible),off)] | Window.IsVisible(6000)</visible>
	</item>
	<item>
	<label fallback="31014">$VAR[value_menu0513.label]</label>
	<property name="condition">$INFO[skin.string(menu0513.visible)]</property>
	<property name="name">menu0513</property>
	<property name="id">$INFO[skin.string(menu0513.master)]</property>
	<onclick condition="Window.IsVisible(6000)">SetFocus(5000)</onclick>
	<onclick condition="Window.IsVisible(Home)">Dialog.Close(6005)</onclick>
	<onclick condition="Window.IsVisible(Home)">Skin.SetString(submenu_action,$VAR[value_menu0513.action])</onclick>
	<visible>![IsEmpty(skin.string(menu0513.master)) | SubString(skin.string(menu0513.visible),off)] | Window.IsVisible(6000)</visible>
	</item>
	<item>
	<label fallback="31014">$VAR[value_menu0514.label]</label>
	<property name="condition">$INFO[skin.string(menu0514.visible)]</property>
	<property name="name">menu0514</property>
	<property name="id">$INFO[skin.string(menu0514.master)]</property>
	<onclick condition="Window.IsVisible(6000)">SetFocus(5000)</onclick>
	<onclick condition="Window.IsVisible(Home)">Dialog.Close(6005)</onclick>
	<onclick condition="Window.IsVisible(Home)">Skin.SetString(submenu_action,$VAR[value_menu0514.action])</onclick>
	<visible>![IsEmpty(skin.string(menu0514.master)) | SubString(skin.string(menu0514.visible),off)] | Window.IsVisible(6000)</visible>
	</item>
	<item>
	<label fallback="31014">$VAR[value_menu0515.label]</label>
	<property name="condition">$INFO[skin.string(menu0515.visible)]</property>
	<property name="name">menu0515</property>
	<property name="id">$INFO[skin.string(menu0515.master)]</property>
	<onclick condition="Window.IsVisible(6000)">SetFocus(5000)</onclick>
	<onclick condition="Window.IsVisible(Home)">Dialog.Close(6005)</onclick>
	<onclick condition="Window.IsVisible(Home)">Skin.SetString(submenu_action,$VAR[value_menu0515.action])</onclick>
	<visible>![IsEmpty(skin.string(menu0515.master)) | SubString(skin.string(menu0515.visible),off)] | Window.IsVisible(6000)</visible>
	</item>
	<item>
	<label fallback="31014">$VAR[value_menu0516.label]</label>
	<property name="condition">$INFO[skin.string(menu0516.visible)]</property>
	<property name="name">menu0516</property>
	<property name="id">$INFO[skin.string(menu0516.master)]</property>
	<onclick condition="Window.IsVisible(6000)">SetFocus(5000)</onclick>
	<onclick condition="Window.IsVisible(Home)">Dialog.Close(6005)</onclick>
	<onclick condition="Window.IsVisible(Home)">Skin.SetString(submenu_action,$VAR[value_menu0516.action])</onclick>
	<visible>![IsEmpty(skin.string(menu0516.master)) | SubString(skin.string(menu0516.visible),off)] | Window.IsVisible(6000)</visible>
	</item>
	<item>
	<label fallback="31014">$VAR[value_menu0517.label]</label>
	<property name="condition">$INFO[skin.string(menu0517.visible)]</property>
	<property name="name">menu0517</property>
	<property name="id">$INFO[skin.string(menu0517.master)]</property>
	<onclick condition="Window.IsVisible(6000)">SetFocus(5000)</onclick>
	<onclick condition="Window.IsVisible(Home)">Dialog.Close(6005)</onclick>
	<onclick condition="Window.IsVisible(Home)">Skin.SetString(submenu_action,$VAR[value_menu0517.action])</onclick>
	<visible>![IsEmpty(skin.string(menu0517.master)) | SubString(skin.string(menu0517.visible),off)] | Window.IsVisible(6000)</visible>
	</item>
	<item>
	<label fallback="31014">$VAR[value_menu0518.label]</label>
	<property name="condition">$INFO[skin.string(menu0518.visible)]</property>
	<property name="name">menu0518</property>
	<property name="id">$INFO[skin.string(menu0518.master)]</property>
	<onclick condition="Window.IsVisible(6000)">SetFocus(5000)</onclick>
	<onclick condition="Window.IsVisible(Home)">Dialog.Close(6005)</onclick>
	<onclick condition="Window.IsVisible(Home)">Skin.SetString(submenu_action,$VAR[value_menu0518.action])</onclick>
	<visible>![IsEmpty(skin.string(menu0518.master)) | SubString(skin.string(menu0518.visible),off)] | Window.IsVisible(6000)</visible>
	</item>
	<item>
	<label fallback="31014">$VAR[value_menu0519.label]</label>
	<property name="condition">$INFO[skin.string(menu0519.visible)]</property>
	<property name="name">menu0519</property>
	<property name="id">$INFO[skin.string(menu0519.master)]</property>
	<onclick condition="Window.IsVisible(6000)">SetFocus(5000)</onclick>
	<onclick condition="Window.IsVisible(Home)">Dialog.Close(6005)</onclick>
	<onclick condition="Window.IsVisible(Home)">Skin.SetString(submenu_action,$VAR[value_menu0519.action])</onclick>
	<visible>![IsEmpty(skin.string(menu0519.master)) | SubString(skin.string(menu0519.visible),off)] | Window.IsVisible(6000)</visible>
	</item>
	<item>
	<label fallback="31014">$VAR[value_menu0520.label]</label>
	<property name="condition">$INFO[skin.string(menu0520.visible)]</property>
	<property name="name">menu0520</property>
	<property name="id">$INFO[skin.string(menu0520.master)]</property>
	<onclick condition="Window.IsVisible(6000)">SetFocus(5000)</onclick>
	<onclick condition="Window.IsVisible(Home)">Dialog.Close(6005)</onclick>
	<onclick condition="Window.IsVisible(Home)">Skin.SetString(submenu_action,$VAR[value_menu0520.action])</onclick>
	<visible>![IsEmpty(skin.string(menu0520.master)) | SubString(skin.string(menu0520.visible),off)] | Window.IsVisible(6000)</visible>
	</item>
	</content>
	</control>
	<include condition="Window.IsVisible(6000)">Glass</include>
	</control>
	</control>
	</controls>
</window>