<?xml version="1.0" encoding="UTF-8"?>
<window id="6313" type="dialog"><!-- Aeon MQ 6 --><!-- Vnode 13 -->
	<defaultcontrol>-</defaultcontrol>
	<include>SubMenuCommon</include>
	<controls>
	<control type="group">
	<include condition="Window.IsVisible(6000)">MenuCustom</include>
	<control type="group"><!-- default group -->
	<include>Animation_SubMenu</include>
	<include condition="Window.IsVisible(6000)">SubmenuGoTo</include>
	<include condition="Window.IsVisible(Home)">SubMenuDefault</include>
	<control type="panel" id="9000">
	<include condition="Window.IsVisible(6000)">SubmenuVList</include>
	<include condition="Window.IsVisible(Home)">SubmenuHList</include>
	<content>
	<item>
	<label fallback="31014">$VAR[value_menu31301.label]</label>
	<property name="condition">$INFO[skin.string(menu31301.visible)]</property>
	<property name="name">menu31301</property>
	<property name="id">$INFO[skin.string(menu31301.master)]</property>
	<onclick condition="Window.IsVisible(6000)">SetFocus(5000)</onclick>
	<onclick condition="Window.IsVisible(Home)">Dialog.Close(6313)</onclick>
	<onclick condition="Window.IsVisible(Home)">Skin.SetString(submenu_action,$VAR[value_menu31301.action])</onclick>
	<visible>![IsEmpty(skin.string(menu31301.master)) | SubString(skin.string(menu31301.visible),off)] | Window.IsVisible(6000)</visible>
	</item>
	<item>
	<label fallback="31014">$VAR[value_menu31302.label]</label>
	<property name="condition">$INFO[skin.string(menu31302.visible)]</property>
	<property name="name">menu31302</property>
	<property name="id">$INFO[skin.string(menu31302.master)]</property>
	<onclick condition="Window.IsVisible(6000)">SetFocus(5000)</onclick>
	<onclick condition="Window.IsVisible(Home)">Dialog.Close(6313)</onclick>
	<onclick condition="Window.IsVisible(Home)">Skin.SetString(submenu_action,$VAR[value_menu31302.action])</onclick>
	<visible>![IsEmpty(skin.string(menu31302.master)) | SubString(skin.string(menu31302.visible),off)] | Window.IsVisible(6000)</visible>
	</item>
	<item>
	<label fallback="31014">$VAR[value_menu31303.label]</label>
	<property name="condition">$INFO[skin.string(menu31303.visible)]</property>
	<property name="name">menu31303</property>
	<property name="id">$INFO[skin.string(menu31303.master)]</property>
	<onclick condition="Window.IsVisible(6000)">SetFocus(5000)</onclick>
	<onclick condition="Window.IsVisible(Home)">Dialog.Close(6313)</onclick>
	<onclick condition="Window.IsVisible(Home)">Skin.SetString(submenu_action,$VAR[value_menu31303.action])</onclick>
	<visible>![IsEmpty(skin.string(menu31303.master)) | SubString(skin.string(menu31303.visible),off)] | Window.IsVisible(6000)</visible>
	</item>
	<item>
	<label fallback="31014">$VAR[value_menu31304.label]</label>
	<property name="condition">$INFO[skin.string(menu31304.visible)]</property>
	<property name="name">menu31304</property>
	<property name="id">$INFO[skin.string(menu31304.master)]</property>
	<onclick condition="Window.IsVisible(6000)">SetFocus(5000)</onclick>
	<onclick condition="Window.IsVisible(Home)">Dialog.Close(6313)</onclick>
	<onclick condition="Window.IsVisible(Home)">Skin.SetString(submenu_action,$VAR[value_menu31304.action])</onclick>
	<visible>![IsEmpty(skin.string(menu31304.master)) | SubString(skin.string(menu31304.visible),off)] | Window.IsVisible(6000)</visible>
	</item>
	<item>
	<label fallback="31014">$VAR[value_menu31305.label]</label>
	<property name="condition">$INFO[skin.string(menu31305.visible)]</property>
	<property name="name">menu31305</property>
	<property name="id">$INFO[skin.string(menu31305.master)]</property>
	<onclick condition="Window.IsVisible(6000)">SetFocus(5000)</onclick>
	<onclick condition="Window.IsVisible(Home)">Dialog.Close(6313)</onclick>
	<onclick condition="Window.IsVisible(Home)">Skin.SetString(submenu_action,$VAR[value_menu31305.action])</onclick>
	<visible>![IsEmpty(skin.string(menu31305.master)) | SubString(skin.string(menu31305.visible),off)] | Window.IsVisible(6000)</visible>
	</item>
	<item>
	<label fallback="31014">$VAR[value_menu31306.label]</label>
	<property name="condition">$INFO[skin.string(menu31306.visible)]</property>
	<property name="name">menu31306</property>
	<property name="id">$INFO[skin.string(menu31306.master)]</property>
	<onclick condition="Window.IsVisible(6000)">SetFocus(5000)</onclick>
	<onclick condition="Window.IsVisible(Home)">Dialog.Close(6313)</onclick>
	<onclick condition="Window.IsVisible(Home)">Skin.SetString(submenu_action,$VAR[value_menu31306.action])</onclick>
	<visible>![IsEmpty(skin.string(menu31306.master)) | SubString(skin.string(menu31306.visible),off)] | Window.IsVisible(6000)</visible>
	</item>
	<item>
	<label fallback="31014">$VAR[value_menu31307.label]</label>
	<property name="condition">$INFO[skin.string(menu31307.visible)]</property>
	<property name="name">menu31307</property>
	<property name="id">$INFO[skin.string(menu31307.master)]</property>
	<onclick condition="Window.IsVisible(6000)">SetFocus(5000)</onclick>
	<onclick condition="Window.IsVisible(Home)">Dialog.Close(6313)</onclick>
	<onclick condition="Window.IsVisible(Home)">Skin.SetString(submenu_action,$VAR[value_menu31307.action])</onclick>
	<visible>![IsEmpty(skin.string(menu31307.master)) | SubString(skin.string(menu31307.visible),off)] | Window.IsVisible(6000)</visible>
	</item>
	<item>
	<label fallback="31014">$VAR[value_menu31308.label]</label>
	<property name="condition">$INFO[skin.string(menu31308.visible)]</property>
	<property name="name">menu31308</property>
	<property name="id">$INFO[skin.string(menu31308.master)]</property>
	<onclick condition="Window.IsVisible(6000)">SetFocus(5000)</onclick>
	<onclick condition="Window.IsVisible(Home)">Dialog.Close(6313)</onclick>
	<onclick condition="Window.IsVisible(Home)">Skin.SetString(submenu_action,$VAR[value_menu31308.action])</onclick>
	<visible>![IsEmpty(skin.string(menu31308.master)) | SubString(skin.string(menu31308.visible),off)] | Window.IsVisible(6000)</visible>
	</item>
	<item>
	<label fallback="31014">$VAR[value_menu31309.label]</label>
	<property name="condition">$INFO[skin.string(menu31309.visible)]</property>
	<property name="name">menu31309</property>
	<property name="id">$INFO[skin.string(menu31309.master)]</property>
	<onclick condition="Window.IsVisible(6000)">SetFocus(5000)</onclick>
	<onclick condition="Window.IsVisible(Home)">Dialog.Close(6313)</onclick>
	<onclick condition="Window.IsVisible(Home)">Skin.SetString(submenu_action,$VAR[value_menu31309.action])</onclick>
	<visible>![IsEmpty(skin.string(menu31309.master)) | SubString(skin.string(menu31309.visible),off)] | Window.IsVisible(6000)</visible>
	</item>
	<item>
	<label fallback="31014">$VAR[value_menu31310.label]</label>
	<property name="condition">$INFO[skin.string(menu31310.visible)]</property>
	<property name="name">menu31310</property>
	<property name="id">$INFO[skin.string(menu31310.master)]</property>
	<onclick condition="Window.IsVisible(6000)">SetFocus(5000)</onclick>
	<onclick condition="Window.IsVisible(Home)">Dialog.Close(6313)</onclick>
	<onclick condition="Window.IsVisible(Home)">Skin.SetString(submenu_action,$VAR[value_menu31310.action])</onclick>
	<visible>![IsEmpty(skin.string(menu31310.master)) | SubString(skin.string(menu31310.visible),off)] | Window.IsVisible(6000)</visible>
	</item>
	<item>
	<label fallback="31014">$VAR[value_menu31311.label]</label>
	<property name="condition">$INFO[skin.string(menu31311.visible)]</property>
	<property name="name">menu31311</property>
	<property name="id">$INFO[skin.string(menu31311.master)]</property>
	<onclick condition="Window.IsVisible(6000)">SetFocus(5000)</onclick>
	<onclick condition="Window.IsVisible(Home)">Dialog.Close(6313)</onclick>
	<onclick condition="Window.IsVisible(Home)">Skin.SetString(submenu_action,$VAR[value_menu31311.action])</onclick>
	<visible>![IsEmpty(skin.string(menu31311.master)) | SubString(skin.string(menu31311.visible),off)] | Window.IsVisible(6000)</visible>
	</item>
	<item>
	<label fallback="31014">$VAR[value_menu31312.label]</label>
	<property name="condition">$INFO[skin.string(menu31312.visible)]</property>
	<property name="name">menu31312</property>
	<property name="id">$INFO[skin.string(menu31312.master)]</property>
	<onclick condition="Window.IsVisible(6000)">SetFocus(5000)</onclick>
	<onclick condition="Window.IsVisible(Home)">Dialog.Close(6313)</onclick>
	<onclick condition="Window.IsVisible(Home)">Skin.SetString(submenu_action,$VAR[value_menu31312.action])</onclick>
	<visible>![IsEmpty(skin.string(menu31312.master)) | SubString(skin.string(menu31312.visible),off)] | Window.IsVisible(6000)</visible>
	</item>
	<item>
	<label fallback="31014">$VAR[value_menu31313.label]</label>
	<property name="condition">$INFO[skin.string(menu31313.visible)]</property>
	<property name="name">menu31313</property>
	<property name="id">$INFO[skin.string(menu31313.master)]</property>
	<onclick condition="Window.IsVisible(6000)">SetFocus(5000)</onclick>
	<onclick condition="Window.IsVisible(Home)">Dialog.Close(6313)</onclick>
	<onclick condition="Window.IsVisible(Home)">Skin.SetString(submenu_action,$VAR[value_menu31313.action])</onclick>
	<visible>![IsEmpty(skin.string(menu31313.master)) | SubString(skin.string(menu31313.visible),off)] | Window.IsVisible(6000)</visible>
	</item>
	<item>
	<label fallback="31014">$VAR[value_menu31314.label]</label>
	<property name="condition">$INFO[skin.string(menu31314.visible)]</property>
	<property name="name">menu31314</property>
	<property name="id">$INFO[skin.string(menu31314.master)]</property>
	<onclick condition="Window.IsVisible(6000)">SetFocus(5000)</onclick>
	<onclick condition="Window.IsVisible(Home)">Dialog.Close(6313)</onclick>
	<onclick condition="Window.IsVisible(Home)">Skin.SetString(submenu_action,$VAR[value_menu31314.action])</onclick>
	<visible>![IsEmpty(skin.string(menu31314.master)) | SubString(skin.string(menu31314.visible),off)] | Window.IsVisible(6000)</visible>
	</item>
	<item>
	<label fallback="31014">$VAR[value_menu31315.label]</label>
	<property name="condition">$INFO[skin.string(menu31315.visible)]</property>
	<property name="name">menu31315</property>
	<property name="id">$INFO[skin.string(menu31315.master)]</property>
	<onclick condition="Window.IsVisible(6000)">SetFocus(5000)</onclick>
	<onclick condition="Window.IsVisible(Home)">Dialog.Close(6313)</onclick>
	<onclick condition="Window.IsVisible(Home)">Skin.SetString(submenu_action,$VAR[value_menu31315.action])</onclick>
	<visible>![IsEmpty(skin.string(menu31315.master)) | SubString(skin.string(menu31315.visible),off)] | Window.IsVisible(6000)</visible>
	</item>
	</content>
	</control>
	<include condition="Window.IsVisible(6000)">Glass</include>
	</control>
	</control>
	</controls>
</window>