<?xml version="1.0" encoding="UTF-8"?>
<window id="6403" type="dialog"><!-- Aeon MQ 6 --><!-- Favorito 3 -->
	<defaultcontrol>-</defaultcontrol>
	<include>SubMenuCommon</include>
	<controls>
	<control type="group">
	<include condition="Window.IsVisible(6000)">MenuCustom</include>
	<control type="group"><!-- default group -->
	<include>Animation_SubMenu</include>
	<include condition="Window.IsVisible(6000)">SubmenuGoTo</include>
	<include condition="Window.IsVisible(Home)">SubMenuDefault</include>
	<control type="panel" id="9000">
	<include condition="Window.IsVisible(6000)">SubmenuVList</include>
	<include condition="Window.IsVisible(Home)">SubmenuHList</include>
	<content>
	<item>
	<label fallback="31014">$VAR[value_menu40301.label]</label>
	<property name="condition">$INFO[skin.string(menu40301.visible)]</property>
	<property name="name">menu40301</property>
	<property name="id">$INFO[skin.string(menu40301.master)]</property>
	<onclick condition="Window.IsVisible(6000)">SetFocus(5000)</onclick>
	<onclick condition="Window.IsVisible(Home)">Dialog.Close(6403)</onclick>
	<onclick condition="Window.IsVisible(Home)">Skin.SetString(submenu_action,$VAR[value_menu40301.action])</onclick>
	<visible>![IsEmpty(skin.string(menu40301.master)) | SubString(skin.string(menu40301.visible),off)] | Window.IsVisible(6000)</visible>
	</item>
	<item>
	<label fallback="31014">$VAR[value_menu40302.label]</label>
	<property name="condition">$INFO[skin.string(menu40302.visible)]</property>
	<property name="name">menu40302</property>
	<property name="id">$INFO[skin.string(menu40302.master)]</property>
	<onclick condition="Window.IsVisible(6000)">SetFocus(5000)</onclick>
	<onclick condition="Window.IsVisible(Home)">Dialog.Close(6403)</onclick>
	<onclick condition="Window.IsVisible(Home)">Skin.SetString(submenu_action,$VAR[value_menu40302.action])</onclick>
	<visible>![IsEmpty(skin.string(menu40302.master)) | SubString(skin.string(menu40302.visible),off)] | Window.IsVisible(6000)</visible>
	</item>
	<item>
	<label fallback="31014">$VAR[value_menu40303.label]</label>
	<property name="condition">$INFO[skin.string(menu40303.visible)]</property>
	<property name="name">menu40303</property>
	<property name="id">$INFO[skin.string(menu40303.master)]</property>
	<onclick condition="Window.IsVisible(6000)">SetFocus(5000)</onclick>
	<onclick condition="Window.IsVisible(Home)">Dialog.Close(6403)</onclick>
	<onclick condition="Window.IsVisible(Home)">Skin.SetString(submenu_action,$VAR[value_menu40303.action])</onclick>
	<visible>![IsEmpty(skin.string(menu40303.master)) | SubString(skin.string(menu40303.visible),off)] | Window.IsVisible(6000)</visible>
	</item>
	<item>
	<label fallback="31014">$VAR[value_menu40304.label]</label>
	<property name="condition">$INFO[skin.string(menu40304.visible)]</property>
	<property name="name">menu40304</property>
	<property name="id">$INFO[skin.string(menu40304.master)]</property>
	<onclick condition="Window.IsVisible(6000)">SetFocus(5000)</onclick>
	<onclick condition="Window.IsVisible(Home)">Dialog.Close(6403)</onclick>
	<onclick condition="Window.IsVisible(Home)">Skin.SetString(submenu_action,$VAR[value_menu40304.action])</onclick>
	<visible>![IsEmpty(skin.string(menu40304.master)) | SubString(skin.string(menu40304.visible),off)] | Window.IsVisible(6000)</visible>
	</item>
	<item>
	<label fallback="31014">$VAR[value_menu40305.label]</label>
	<property name="condition">$INFO[skin.string(menu40305.visible)]</property>
	<property name="name">menu40305</property>
	<property name="id">$INFO[skin.string(menu40305.master)]</property>
	<onclick condition="Window.IsVisible(6000)">SetFocus(5000)</onclick>
	<onclick condition="Window.IsVisible(Home)">Dialog.Close(6403)</onclick>
	<onclick condition="Window.IsVisible(Home)">Skin.SetString(submenu_action,$VAR[value_menu40305.action])</onclick>
	<visible>![IsEmpty(skin.string(menu40305.master)) | SubString(skin.string(menu40305.visible),off)] | Window.IsVisible(6000)</visible>
	</item>
	<item>
	<label fallback="31014">$VAR[value_menu40306.label]</label>
	<property name="condition">$INFO[skin.string(menu40306.visible)]</property>
	<property name="name">menu40306</property>
	<property name="id">$INFO[skin.string(menu40306.master)]</property>
	<onclick condition="Window.IsVisible(6000)">SetFocus(5000)</onclick>
	<onclick condition="Window.IsVisible(Home)">Dialog.Close(6403)</onclick>
	<onclick condition="Window.IsVisible(Home)">Skin.SetString(submenu_action,$VAR[value_menu40306.action])</onclick>
	<visible>![IsEmpty(skin.string(menu40306.master)) | SubString(skin.string(menu40306.visible),off)] | Window.IsVisible(6000)</visible>
	</item>
	<item>
	<label fallback="31014">$VAR[value_menu40307.label]</label>
	<property name="condition">$INFO[skin.string(menu40307.visible)]</property>
	<property name="name">menu40307</property>
	<property name="id">$INFO[skin.string(menu40307.master)]</property>
	<onclick condition="Window.IsVisible(6000)">SetFocus(5000)</onclick>
	<onclick condition="Window.IsVisible(Home)">Dialog.Close(6403)</onclick>
	<onclick condition="Window.IsVisible(Home)">Skin.SetString(submenu_action,$VAR[value_menu40307.action])</onclick>
	<visible>![IsEmpty(skin.string(menu40307.master)) | SubString(skin.string(menu40307.visible),off)] | Window.IsVisible(6000)</visible>
	</item>
	<item>
	<label fallback="31014">$VAR[value_menu40308.label]</label>
	<property name="condition">$INFO[skin.string(menu40308.visible)]</property>
	<property name="name">menu40308</property>
	<property name="id">$INFO[skin.string(menu40308.master)]</property>
	<onclick condition="Window.IsVisible(6000)">SetFocus(5000)</onclick>
	<onclick condition="Window.IsVisible(Home)">Dialog.Close(6403)</onclick>
	<onclick condition="Window.IsVisible(Home)">Skin.SetString(submenu_action,$VAR[value_menu40308.action])</onclick>
	<visible>![IsEmpty(skin.string(menu40308.master)) | SubString(skin.string(menu40308.visible),off)] | Window.IsVisible(6000)</visible>
	</item>
	<item>
	<label fallback="31014">$VAR[value_menu40309.label]</label>
	<property name="condition">$INFO[skin.string(menu40309.visible)]</property>
	<property name="name">menu40309</property>
	<property name="id">$INFO[skin.string(menu40309.master)]</property>
	<onclick condition="Window.IsVisible(6000)">SetFocus(5000)</onclick>
	<onclick condition="Window.IsVisible(Home)">Dialog.Close(6403)</onclick>
	<onclick condition="Window.IsVisible(Home)">Skin.SetString(submenu_action,$VAR[value_menu40309.action])</onclick>
	<visible>![IsEmpty(skin.string(menu40309.master)) | SubString(skin.string(menu40309.visible),off)] | Window.IsVisible(6000)</visible>
	</item>
	<item>
	<label fallback="31014">$VAR[value_menu40310.label]</label>
	<property name="condition">$INFO[skin.string(menu40310.visible)]</property>
	<property name="name">menu40310</property>
	<property name="id">$INFO[skin.string(menu40310.master)]</property>
	<onclick condition="Window.IsVisible(6000)">SetFocus(5000)</onclick>
	<onclick condition="Window.IsVisible(Home)">Dialog.Close(6403)</onclick>
	<onclick condition="Window.IsVisible(Home)">Skin.SetString(submenu_action,$VAR[value_menu40310.action])</onclick>
	<visible>![IsEmpty(skin.string(menu40310.master)) | SubString(skin.string(menu40310.visible),off)] | Window.IsVisible(6000)</visible>
	</item>
	<item>
	<label fallback="31014">$VAR[value_menu40311.label]</label>
	<property name="condition">$INFO[skin.string(menu40311.visible)]</property>
	<property name="name">menu40311</property>
	<property name="id">$INFO[skin.string(menu40311.master)]</property>
	<onclick condition="Window.IsVisible(6000)">SetFocus(5000)</onclick>
	<onclick condition="Window.IsVisible(Home)">Dialog.Close(6403)</onclick>
	<onclick condition="Window.IsVisible(Home)">Skin.SetString(submenu_action,$VAR[value_menu40311.action])</onclick>
	<visible>![IsEmpty(skin.string(menu40311.master)) | SubString(skin.string(menu40311.visible),off)] | Window.IsVisible(6000)</visible>
	</item>
	<item>
	<label fallback="31014">$VAR[value_menu40312.label]</label>
	<property name="condition">$INFO[skin.string(menu40312.visible)]</property>
	<property name="name">menu40312</property>
	<property name="id">$INFO[skin.string(menu40312.master)]</property>
	<onclick condition="Window.IsVisible(6000)">SetFocus(5000)</onclick>
	<onclick condition="Window.IsVisible(Home)">Dialog.Close(6403)</onclick>
	<onclick condition="Window.IsVisible(Home)">Skin.SetString(submenu_action,$VAR[value_menu40312.action])</onclick>
	<visible>![IsEmpty(skin.string(menu40312.master)) | SubString(skin.string(menu40312.visible),off)] | Window.IsVisible(6000)</visible>
	</item>
	<item>
	<label fallback="31014">$VAR[value_menu40313.label]</label>
	<property name="condition">$INFO[skin.string(menu40313.visible)]</property>
	<property name="name">menu40313</property>
	<property name="id">$INFO[skin.string(menu40313.master)]</property>
	<onclick condition="Window.IsVisible(6000)">SetFocus(5000)</onclick>
	<onclick condition="Window.IsVisible(Home)">Dialog.Close(6403)</onclick>
	<onclick condition="Window.IsVisible(Home)">Skin.SetString(submenu_action,$VAR[value_menu40313.action])</onclick>
	<visible>![IsEmpty(skin.string(menu40313.master)) | SubString(skin.string(menu40313.visible),off)] | Window.IsVisible(6000)</visible>
	</item>
	<item>
	<label fallback="31014">$VAR[value_menu40314.label]</label>
	<property name="condition">$INFO[skin.string(menu40314.visible)]</property>
	<property name="name">menu40314</property>
	<property name="id">$INFO[skin.string(menu40314.master)]</property>
	<onclick condition="Window.IsVisible(6000)">SetFocus(5000)</onclick>
	<onclick condition="Window.IsVisible(Home)">Dialog.Close(6403)</onclick>
	<onclick condition="Window.IsVisible(Home)">Skin.SetString(submenu_action,$VAR[value_menu40314.action])</onclick>
	<visible>![IsEmpty(skin.string(menu40314.master)) | SubString(skin.string(menu40314.visible),off)] | Window.IsVisible(6000)</visible>
	</item>
	<item>
	<label fallback="31014">$VAR[value_menu40315.label]</label>
	<property name="condition">$INFO[skin.string(menu40315.visible)]</property>
	<property name="name">menu40315</property>
	<property name="id">$INFO[skin.string(menu40315.master)]</property>
	<onclick condition="Window.IsVisible(6000)">SetFocus(5000)</onclick>
	<onclick condition="Window.IsVisible(Home)">Dialog.Close(6403)</onclick>
	<onclick condition="Window.IsVisible(Home)">Skin.SetString(submenu_action,$VAR[value_menu40315.action])</onclick>
	<visible>![IsEmpty(skin.string(menu40315.master)) | SubString(skin.string(menu40315.visible),off)] | Window.IsVisible(6000)</visible>
	</item>
	</content>
	</control>
	<include condition="Window.IsVisible(6000)">Glass</include>
	</control>
	</control>
	</controls>
</window>