<?xml version="1.0" encoding="UTF-8"?>
<window id="6117" type="dialog"><!-- Aeon MQ 6 --><!-- V-Playlist 17 -->
	<defaultcontrol>-</defaultcontrol>
	<include>SubMenuCommon</include>
	<controls>
	<control type="group">
	<include condition="Window.IsVisible(6000)">MenuCustom</include>
	<control type="group"><!-- default group -->
	<include>Animation_SubMenu</include>
	<include condition="Window.IsVisible(6000)">SubmenuGoTo</include>
	<include condition="Window.IsVisible(Home)">SubMenuDefault</include>
	<control type="panel" id="9000">
	<include condition="Window.IsVisible(6000)">SubmenuVList</include>
	<include condition="Window.IsVisible(Home)">SubmenuHList</include>
	<content>
	<item>
	<label fallback="31014">$VAR[value_menu11701.label]</label>
	<property name="condition">$INFO[skin.string(menu11701.visible)]</property>
	<property name="name">menu11701</property>
	<property name="id">$INFO[skin.string(menu11701.master)]</property>
	<onclick condition="Window.IsVisible(6000)">SetFocus(5000)</onclick>
	<onclick condition="Window.IsVisible(Home)">Dialog.Close(6117)</onclick>
	<onclick condition="Window.IsVisible(Home)">Skin.SetString(submenu_action,$VAR[value_menu11701.action])</onclick>
	<visible>![IsEmpty(skin.string(menu11701.master)) | SubString(skin.string(menu11701.visible),off)] | Window.IsVisible(6000)</visible>
	</item>
	<item>
	<label fallback="31014">$VAR[value_menu11702.label]</label>
	<property name="condition">$INFO[skin.string(menu11702.visible)]</property>
	<property name="name">menu11702</property>
	<property name="id">$INFO[skin.string(menu11702.master)]</property>
	<onclick condition="Window.IsVisible(6000)">SetFocus(5000)</onclick>
	<onclick condition="Window.IsVisible(Home)">Dialog.Close(6117)</onclick>
	<onclick condition="Window.IsVisible(Home)">Skin.SetString(submenu_action,$VAR[value_menu11702.action])</onclick>
	<visible>![IsEmpty(skin.string(menu11702.master)) | SubString(skin.string(menu11702.visible),off)] | Window.IsVisible(6000)</visible>
	</item>
	<item>
	<label fallback="31014">$VAR[value_menu11703.label]</label>
	<property name="condition">$INFO[skin.string(menu11703.visible)]</property>
	<property name="name">menu11703</property>
	<property name="id">$INFO[skin.string(menu11703.master)]</property>
	<onclick condition="Window.IsVisible(6000)">SetFocus(5000)</onclick>
	<onclick condition="Window.IsVisible(Home)">Dialog.Close(6117)</onclick>
	<onclick condition="Window.IsVisible(Home)">Skin.SetString(submenu_action,$VAR[value_menu11703.action])</onclick>
	<visible>![IsEmpty(skin.string(menu11703.master)) | SubString(skin.string(menu11703.visible),off)] | Window.IsVisible(6000)</visible>
	</item>
	<item>
	<label fallback="31014">$VAR[value_menu11704.label]</label>
	<property name="condition">$INFO[skin.string(menu11704.visible)]</property>
	<property name="name">menu11704</property>
	<property name="id">$INFO[skin.string(menu11704.master)]</property>
	<onclick condition="Window.IsVisible(6000)">SetFocus(5000)</onclick>
	<onclick condition="Window.IsVisible(Home)">Dialog.Close(6117)</onclick>
	<onclick condition="Window.IsVisible(Home)">Skin.SetString(submenu_action,$VAR[value_menu11704.action])</onclick>
	<visible>![IsEmpty(skin.string(menu11704.master)) | SubString(skin.string(menu11704.visible),off)] | Window.IsVisible(6000)</visible>
	</item>
	<item>
	<label fallback="31014">$VAR[value_menu11705.label]</label>
	<property name="condition">$INFO[skin.string(menu11705.visible)]</property>
	<property name="name">menu11705</property>
	<property name="id">$INFO[skin.string(menu11705.master)]</property>
	<onclick condition="Window.IsVisible(6000)">SetFocus(5000)</onclick>
	<onclick condition="Window.IsVisible(Home)">Dialog.Close(6117)</onclick>
	<onclick condition="Window.IsVisible(Home)">Skin.SetString(submenu_action,$VAR[value_menu11705.action])</onclick>
	<visible>![IsEmpty(skin.string(menu11705.master)) | SubString(skin.string(menu11705.visible),off)] | Window.IsVisible(6000)</visible>
	</item>
	<item>
	<label fallback="31014">$VAR[value_menu11706.label]</label>
	<property name="condition">$INFO[skin.string(menu11706.visible)]</property>
	<property name="name">menu11706</property>
	<property name="id">$INFO[skin.string(menu11706.master)]</property>
	<onclick condition="Window.IsVisible(6000)">SetFocus(5000)</onclick>
	<onclick condition="Window.IsVisible(Home)">Dialog.Close(6117)</onclick>
	<onclick condition="Window.IsVisible(Home)">Skin.SetString(submenu_action,$VAR[value_menu11706.action])</onclick>
	<visible>![IsEmpty(skin.string(menu11706.master)) | SubString(skin.string(menu11706.visible),off)] | Window.IsVisible(6000)</visible>
	</item>
	<item>
	<label fallback="31014">$VAR[value_menu11707.label]</label>
	<property name="condition">$INFO[skin.string(menu11707.visible)]</property>
	<property name="name">menu11707</property>
	<property name="id">$INFO[skin.string(menu11707.master)]</property>
	<onclick condition="Window.IsVisible(6000)">SetFocus(5000)</onclick>
	<onclick condition="Window.IsVisible(Home)">Dialog.Close(6117)</onclick>
	<onclick condition="Window.IsVisible(Home)">Skin.SetString(submenu_action,$VAR[value_menu11707.action])</onclick>
	<visible>![IsEmpty(skin.string(menu11707.master)) | SubString(skin.string(menu11707.visible),off)] | Window.IsVisible(6000)</visible>
	</item>
	<item>
	<label fallback="31014">$VAR[value_menu11708.label]</label>
	<property name="condition">$INFO[skin.string(menu11708.visible)]</property>
	<property name="name">menu11708</property>
	<property name="id">$INFO[skin.string(menu11708.master)]</property>
	<onclick condition="Window.IsVisible(6000)">SetFocus(5000)</onclick>
	<onclick condition="Window.IsVisible(Home)">Dialog.Close(6117)</onclick>
	<onclick condition="Window.IsVisible(Home)">Skin.SetString(submenu_action,$VAR[value_menu11708.action])</onclick>
	<visible>![IsEmpty(skin.string(menu11708.master)) | SubString(skin.string(menu11708.visible),off)] | Window.IsVisible(6000)</visible>
	</item>
	<item>
	<label fallback="31014">$VAR[value_menu11709.label]</label>
	<property name="condition">$INFO[skin.string(menu11709.visible)]</property>
	<property name="name">menu11709</property>
	<property name="id">$INFO[skin.string(menu11709.master)]</property>
	<onclick condition="Window.IsVisible(6000)">SetFocus(5000)</onclick>
	<onclick condition="Window.IsVisible(Home)">Dialog.Close(6117)</onclick>
	<onclick condition="Window.IsVisible(Home)">Skin.SetString(submenu_action,$VAR[value_menu11709.action])</onclick>
	<visible>![IsEmpty(skin.string(menu11709.master)) | SubString(skin.string(menu11709.visible),off)] | Window.IsVisible(6000)</visible>
	</item>
	<item>
	<label fallback="31014">$VAR[value_menu11710.label]</label>
	<property name="condition">$INFO[skin.string(menu11710.visible)]</property>
	<property name="name">menu11710</property>
	<property name="id">$INFO[skin.string(menu11710.master)]</property>
	<onclick condition="Window.IsVisible(6000)">SetFocus(5000)</onclick>
	<onclick condition="Window.IsVisible(Home)">Dialog.Close(6117)</onclick>
	<onclick condition="Window.IsVisible(Home)">Skin.SetString(submenu_action,$VAR[value_menu11710.action])</onclick>
	<visible>![IsEmpty(skin.string(menu11710.master)) | SubString(skin.string(menu11710.visible),off)] | Window.IsVisible(6000)</visible>
	</item>
	<item>
	<label fallback="31014">$VAR[value_menu11711.label]</label>
	<property name="condition">$INFO[skin.string(menu11711.visible)]</property>
	<property name="name">menu11711</property>
	<property name="id">$INFO[skin.string(menu11711.master)]</property>
	<onclick condition="Window.IsVisible(6000)">SetFocus(5000)</onclick>
	<onclick condition="Window.IsVisible(Home)">Dialog.Close(6117)</onclick>
	<onclick condition="Window.IsVisible(Home)">Skin.SetString(submenu_action,$VAR[value_menu11711.action])</onclick>
	<visible>![IsEmpty(skin.string(menu11711.master)) | SubString(skin.string(menu11711.visible),off)] | Window.IsVisible(6000)</visible>
	</item>
	<item>
	<label fallback="31014">$VAR[value_menu11712.label]</label>
	<property name="condition">$INFO[skin.string(menu11712.visible)]</property>
	<property name="name">menu11712</property>
	<property name="id">$INFO[skin.string(menu11712.master)]</property>
	<onclick condition="Window.IsVisible(6000)">SetFocus(5000)</onclick>
	<onclick condition="Window.IsVisible(Home)">Dialog.Close(6117)</onclick>
	<onclick condition="Window.IsVisible(Home)">Skin.SetString(submenu_action,$VAR[value_menu11712.action])</onclick>
	<visible>![IsEmpty(skin.string(menu11712.master)) | SubString(skin.string(menu11712.visible),off)] | Window.IsVisible(6000)</visible>
	</item>
	<item>
	<label fallback="31014">$VAR[value_menu11713.label]</label>
	<property name="condition">$INFO[skin.string(menu11713.visible)]</property>
	<property name="name">menu11713</property>
	<property name="id">$INFO[skin.string(menu11713.master)]</property>
	<onclick condition="Window.IsVisible(6000)">SetFocus(5000)</onclick>
	<onclick condition="Window.IsVisible(Home)">Dialog.Close(6117)</onclick>
	<onclick condition="Window.IsVisible(Home)">Skin.SetString(submenu_action,$VAR[value_menu11713.action])</onclick>
	<visible>![IsEmpty(skin.string(menu11713.master)) | SubString(skin.string(menu11713.visible),off)] | Window.IsVisible(6000)</visible>
	</item>
	<item>
	<label fallback="31014">$VAR[value_menu11714.label]</label>
	<property name="condition">$INFO[skin.string(menu11714.visible)]</property>
	<property name="name">menu11714</property>
	<property name="id">$INFO[skin.string(menu11714.master)]</property>
	<onclick condition="Window.IsVisible(6000)">SetFocus(5000)</onclick>
	<onclick condition="Window.IsVisible(Home)">Dialog.Close(6117)</onclick>
	<onclick condition="Window.IsVisible(Home)">Skin.SetString(submenu_action,$VAR[value_menu11714.action])</onclick>
	<visible>![IsEmpty(skin.string(menu11714.master)) | SubString(skin.string(menu11714.visible),off)] | Window.IsVisible(6000)</visible>
	</item>
	<item>
	<label fallback="31014">$VAR[value_menu11715.label]</label>
	<property name="condition">$INFO[skin.string(menu11715.visible)]</property>
	<property name="name">menu11715</property>
	<property name="id">$INFO[skin.string(menu11715.master)]</property>
	<onclick condition="Window.IsVisible(6000)">SetFocus(5000)</onclick>
	<onclick condition="Window.IsVisible(Home)">Dialog.Close(6117)</onclick>
	<onclick condition="Window.IsVisible(Home)">Skin.SetString(submenu_action,$VAR[value_menu11715.action])</onclick>
	<visible>![IsEmpty(skin.string(menu11715.master)) | SubString(skin.string(menu11715.visible),off)] | Window.IsVisible(6000)</visible>
	</item>
	</content>
	</control>
	<include condition="Window.IsVisible(6000)">Glass</include>
	</control>
	</control>
	</controls>
</window>