<?xml version="1.0" encoding="UTF-8"?>
<window id="6034" type="dialog"><!-- Aeon MQ 6 --><!-- Filme sets -->
	<defaultcontrol>-</defaultcontrol>
	<include>SubMenuCommon</include>
	<controls>
	<control type="group">
	<include condition="Window.IsVisible(6000)">MenuCustom</include>
	<control type="group"><!-- default group -->
	<include>Animation_SubMenu</include>
	<include condition="Window.IsVisible(6000)">SubmenuGoTo</include>
	<include condition="Window.IsVisible(Home)">SubMenuDefault</include>
	<control type="panel" id="9000">
	<include condition="Window.IsVisible(6000)">SubmenuVList</include>
	<include condition="Window.IsVisible(Home)">SubmenuHList</include>
	<content>
	<item>
	<label fallback="31014">$VAR[value_menu3401.label]</label>
	<property name="condition">$INFO[skin.string(menu3401.visible)]</property>
	<property name="name">menu3401</property>
	<property name="id">$INFO[skin.string(menu3401.master)]</property>
	<onclick condition="Window.IsVisible(6000)">SetFocus(5000)</onclick>
	<onclick condition="Window.IsVisible(Home)">Dialog.Close(6034)</onclick>
	<onclick condition="Window.IsVisible(Home)">Skin.SetString(submenu_action,$VAR[value_menu3401.action])</onclick>
	<visible>![IsEmpty(skin.string(menu3401.master)) | SubString(skin.string(menu3401.visible),off)] | Window.IsVisible(6000)</visible>
	</item>
	<item>
	<label fallback="31014">$VAR[value_menu3402.label]</label>
	<property name="condition">$INFO[skin.string(menu3402.visible)]</property>
	<property name="name">menu3402</property>
	<property name="id">$INFO[skin.string(menu3402.master)]</property>
	<onclick condition="Window.IsVisible(6000)">SetFocus(5000)</onclick>
	<onclick condition="Window.IsVisible(Home)">Dialog.Close(6034)</onclick>
	<onclick condition="Window.IsVisible(Home)">Skin.SetString(submenu_action,$VAR[value_menu3402.action])</onclick>
	<visible>![IsEmpty(skin.string(menu3402.master)) | SubString(skin.string(menu3402.visible),off)] | Window.IsVisible(6000)</visible>
	</item>
	<item>
	<label fallback="31014">$VAR[value_menu3403.label]</label>
	<property name="condition">$INFO[skin.string(menu3403.visible)]</property>
	<property name="name">menu3403</property>
	<property name="id">$INFO[skin.string(menu3403.master)]</property>
	<onclick condition="Window.IsVisible(6000)">SetFocus(5000)</onclick>
	<onclick condition="Window.IsVisible(Home)">Dialog.Close(6034)</onclick>
	<onclick condition="Window.IsVisible(Home)">Skin.SetString(submenu_action,$VAR[value_menu3403.action])</onclick>
	<visible>![IsEmpty(skin.string(menu3403.master)) | SubString(skin.string(menu3403.visible),off)] | Window.IsVisible(6000)</visible>
	</item>
	<item>
	<label fallback="31014">$VAR[value_menu3404.label]</label>
	<property name="condition">$INFO[skin.string(menu3404.visible)]</property>
	<property name="name">menu3404</property>
	<property name="id">$INFO[skin.string(menu3404.master)]</property>
	<onclick condition="Window.IsVisible(6000)">SetFocus(5000)</onclick>
	<onclick condition="Window.IsVisible(Home)">Dialog.Close(6034)</onclick>
	<onclick condition="Window.IsVisible(Home)">Skin.SetString(submenu_action,$VAR[value_menu3404.action])</onclick>
	<visible>![IsEmpty(skin.string(menu3404.master)) | SubString(skin.string(menu3404.visible),off)] | Window.IsVisible(6000)</visible>
	</item>
	<item>
	<label fallback="31014">$VAR[value_menu3405.label]</label>
	<property name="condition">$INFO[skin.string(menu3405.visible)]</property>
	<property name="name">menu3405</property>
	<property name="id">$INFO[skin.string(menu3405.master)]</property>
	<onclick condition="Window.IsVisible(6000)">SetFocus(5000)</onclick>
	<onclick condition="Window.IsVisible(Home)">Dialog.Close(6034)</onclick>
	<onclick condition="Window.IsVisible(Home)">Skin.SetString(submenu_action,$VAR[value_menu3405.action])</onclick>
	<visible>![IsEmpty(skin.string(menu3405.master)) | SubString(skin.string(menu3405.visible),off)] | Window.IsVisible(6000)</visible>
	</item>
	<item>
	<label fallback="31014">$VAR[value_menu3406.label]</label>
	<property name="condition">$INFO[skin.string(menu3406.visible)]</property>
	<property name="name">menu3406</property>
	<property name="id">$INFO[skin.string(menu3406.master)]</property>
	<onclick condition="Window.IsVisible(6000)">SetFocus(5000)</onclick>
	<onclick condition="Window.IsVisible(Home)">Dialog.Close(6034)</onclick>
	<onclick condition="Window.IsVisible(Home)">Skin.SetString(submenu_action,$VAR[value_menu3406.action])</onclick>
	<visible>![IsEmpty(skin.string(menu3406.master)) | SubString(skin.string(menu3406.visible),off)] | Window.IsVisible(6000)</visible>
	</item>
	<item>
	<label fallback="31014">$VAR[value_menu3407.label]</label>
	<property name="condition">$INFO[skin.string(menu3407.visible)]</property>
	<property name="name">menu3407</property>
	<property name="id">$INFO[skin.string(menu3407.master)]</property>
	<onclick condition="Window.IsVisible(6000)">SetFocus(5000)</onclick>
	<onclick condition="Window.IsVisible(Home)">Dialog.Close(6034)</onclick>
	<onclick condition="Window.IsVisible(Home)">Skin.SetString(submenu_action,$VAR[value_menu3407.action])</onclick>
	<visible>![IsEmpty(skin.string(menu3407.master)) | SubString(skin.string(menu3407.visible),off)] | Window.IsVisible(6000)</visible>
	</item>
	<item>
	<label fallback="31014">$VAR[value_menu3408.label]</label>
	<property name="condition">$INFO[skin.string(menu3408.visible)]</property>
	<property name="name">menu3408</property>
	<property name="id">$INFO[skin.string(menu3408.master)]</property>
	<onclick condition="Window.IsVisible(6000)">SetFocus(5000)</onclick>
	<onclick condition="Window.IsVisible(Home)">Dialog.Close(6034)</onclick>
	<onclick condition="Window.IsVisible(Home)">Skin.SetString(submenu_action,$VAR[value_menu3408.action])</onclick>
	<visible>![IsEmpty(skin.string(menu3408.master)) | SubString(skin.string(menu3408.visible),off)] | Window.IsVisible(6000)</visible>
	</item>
	<item>
	<label fallback="31014">$VAR[value_menu3409.label]</label>
	<property name="condition">$INFO[skin.string(menu3409.visible)]</property>
	<property name="name">menu3409</property>
	<property name="id">$INFO[skin.string(menu3409.master)]</property>
	<onclick condition="Window.IsVisible(6000)">SetFocus(5000)</onclick>
	<onclick condition="Window.IsVisible(Home)">Dialog.Close(6034)</onclick>
	<onclick condition="Window.IsVisible(Home)">Skin.SetString(submenu_action,$VAR[value_menu3409.action])</onclick>
	<visible>![IsEmpty(skin.string(menu3409.master)) | SubString(skin.string(menu3409.visible),off)] | Window.IsVisible(6000)</visible>
	</item>
	<item>
	<label fallback="31014">$VAR[value_menu3410.label]</label>
	<property name="condition">$INFO[skin.string(menu3410.visible)]</property>
	<property name="name">menu3410</property>
	<property name="id">$INFO[skin.string(menu3410.master)]</property>
	<onclick condition="Window.IsVisible(6000)">SetFocus(5000)</onclick>
	<onclick condition="Window.IsVisible(Home)">Dialog.Close(6034)</onclick>
	<onclick condition="Window.IsVisible(Home)">Skin.SetString(submenu_action,$VAR[value_menu3410.action])</onclick>
	<visible>![IsEmpty(skin.string(menu3410.master)) | SubString(skin.string(menu3410.visible),off)] | Window.IsVisible(6000)</visible>
	</item>
	</content>
	</control>
	<include condition="Window.IsVisible(6000)">Glass</include>
	</control>
	</control>
	</controls>
</window>