<?xml version="1.0" encoding="UTF-8"?>
<window id="6031" type="dialog"><!-- Aeon MQ 6 --><!-- Ejetar disco -->
	<defaultcontrol>-</defaultcontrol>
	<include>SubMenuCommon</include>
	<controls>
	<control type="group">
	<include condition="Window.IsVisible(6000)">MenuCustom</include>
	<control type="group"><!-- default group -->
	<include>Animation_SubMenu</include>
	<include condition="Window.IsVisible(6000)">SubmenuGoTo</include>
	<include condition="Window.IsVisible(Home)">SubMenuDefault</include>
	<control type="panel" id="9000">
	<include condition="Window.IsVisible(6000)">SubmenuVList</include>
	<include condition="Window.IsVisible(Home)">SubmenuHList</include>
	<content>
	<item>
	<label fallback="31014">$VAR[value_menu3101.label]</label>
	<property name="condition">$INFO[skin.string(menu3101.visible)]</property>
	<property name="name">menu3101</property>
	<property name="id">$INFO[skin.string(menu3101.master)]</property>
	<onclick condition="Window.IsVisible(6000)">SetFocus(5000)</onclick>
	<onclick condition="Window.IsVisible(Home)">Dialog.Close(6031)</onclick>
	<onclick condition="Window.IsVisible(Home)">Skin.SetString(submenu_action,$VAR[value_menu3101.action])</onclick>
	<visible>![IsEmpty(skin.string(menu3101.master)) | SubString(skin.string(menu3101.visible),off)] | Window.IsVisible(6000)</visible>
	</item>
	<item>
	<label fallback="31014">$VAR[value_menu3102.label]</label>
	<property name="condition">$INFO[skin.string(menu3102.visible)]</property>
	<property name="name">menu3102</property>
	<property name="id">$INFO[skin.string(menu3102.master)]</property>
	<onclick condition="Window.IsVisible(6000)">SetFocus(5000)</onclick>
	<onclick condition="Window.IsVisible(Home)">Dialog.Close(6031)</onclick>
	<onclick condition="Window.IsVisible(Home)">Skin.SetString(submenu_action,$VAR[value_menu3102.action])</onclick>
	<visible>![IsEmpty(skin.string(menu3102.master)) | SubString(skin.string(menu3102.visible),off)] | Window.IsVisible(6000)</visible>
	</item>
	<item>
	<label fallback="31014">$VAR[value_menu3103.label]</label>
	<property name="condition">$INFO[skin.string(menu3103.visible)]</property>
	<property name="name">menu3103</property>
	<property name="id">$INFO[skin.string(menu3103.master)]</property>
	<onclick condition="Window.IsVisible(6000)">SetFocus(5000)</onclick>
	<onclick condition="Window.IsVisible(Home)">Dialog.Close(6031)</onclick>
	<onclick condition="Window.IsVisible(Home)">Skin.SetString(submenu_action,$VAR[value_menu3103.action])</onclick>
	<visible>![IsEmpty(skin.string(menu3103.master)) | SubString(skin.string(menu3103.visible),off)] | Window.IsVisible(6000)</visible>
	</item>
	<item>
	<label fallback="31014">$VAR[value_menu3104.label]</label>
	<property name="condition">$INFO[skin.string(menu3104.visible)]</property>
	<property name="name">menu3104</property>
	<property name="id">$INFO[skin.string(menu3104.master)]</property>
	<onclick condition="Window.IsVisible(6000)">SetFocus(5000)</onclick>
	<onclick condition="Window.IsVisible(Home)">Dialog.Close(6031)</onclick>
	<onclick condition="Window.IsVisible(Home)">Skin.SetString(submenu_action,$VAR[value_menu3104.action])</onclick>
	<visible>![IsEmpty(skin.string(menu3104.master)) | SubString(skin.string(menu3104.visible),off)] | Window.IsVisible(6000)</visible>
	</item>
	<item>
	<label fallback="31014">$VAR[value_menu3105.label]</label>
	<property name="condition">$INFO[skin.string(menu3105.visible)]</property>
	<property name="name">menu3105</property>
	<property name="id">$INFO[skin.string(menu3105.master)]</property>
	<onclick condition="Window.IsVisible(6000)">SetFocus(5000)</onclick>
	<onclick condition="Window.IsVisible(Home)">Dialog.Close(6031)</onclick>
	<onclick condition="Window.IsVisible(Home)">Skin.SetString(submenu_action,$VAR[value_menu3105.action])</onclick>
	<visible>![IsEmpty(skin.string(menu3105.master)) | SubString(skin.string(menu3105.visible),off)] | Window.IsVisible(6000)</visible>
	</item>
	<item>
	<label fallback="31014">$VAR[value_menu3106.label]</label>
	<property name="condition">$INFO[skin.string(menu3106.visible)]</property>
	<property name="name">menu3106</property>
	<property name="id">$INFO[skin.string(menu3106.master)]</property>
	<onclick condition="Window.IsVisible(6000)">SetFocus(5000)</onclick>
	<onclick condition="Window.IsVisible(Home)">Dialog.Close(6031)</onclick>
	<onclick condition="Window.IsVisible(Home)">Skin.SetString(submenu_action,$VAR[value_menu3106.action])</onclick>
	<visible>![IsEmpty(skin.string(menu3106.master)) | SubString(skin.string(menu3106.visible),off)] | Window.IsVisible(6000)</visible>
	</item>
	<item>
	<label fallback="31014">$VAR[value_menu3107.label]</label>
	<property name="condition">$INFO[skin.string(menu3107.visible)]</property>
	<property name="name">menu3107</property>
	<property name="id">$INFO[skin.string(menu3107.master)]</property>
	<onclick condition="Window.IsVisible(6000)">SetFocus(5000)</onclick>
	<onclick condition="Window.IsVisible(Home)">Dialog.Close(6031)</onclick>
	<onclick condition="Window.IsVisible(Home)">Skin.SetString(submenu_action,$VAR[value_menu3107.action])</onclick>
	<visible>![IsEmpty(skin.string(menu3107.master)) | SubString(skin.string(menu3107.visible),off)] | Window.IsVisible(6000)</visible>
	</item>
	<item>
	<label fallback="31014">$VAR[value_menu3108.label]</label>
	<property name="condition">$INFO[skin.string(menu3108.visible)]</property>
	<property name="name">menu3108</property>
	<property name="id">$INFO[skin.string(menu3108.master)]</property>
	<onclick condition="Window.IsVisible(6000)">SetFocus(5000)</onclick>
	<onclick condition="Window.IsVisible(Home)">Dialog.Close(6031)</onclick>
	<onclick condition="Window.IsVisible(Home)">Skin.SetString(submenu_action,$VAR[value_menu3108.action])</onclick>
	<visible>![IsEmpty(skin.string(menu3108.master)) | SubString(skin.string(menu3108.visible),off)] | Window.IsVisible(6000)</visible>
	</item>
	<item>
	<label fallback="31014">$VAR[value_menu3109.label]</label>
	<property name="condition">$INFO[skin.string(menu3109.visible)]</property>
	<property name="name">menu3109</property>
	<property name="id">$INFO[skin.string(menu3109.master)]</property>
	<onclick condition="Window.IsVisible(6000)">SetFocus(5000)</onclick>
	<onclick condition="Window.IsVisible(Home)">Dialog.Close(6031)</onclick>
	<onclick condition="Window.IsVisible(Home)">Skin.SetString(submenu_action,$VAR[value_menu3109.action])</onclick>
	<visible>![IsEmpty(skin.string(menu3109.master)) | SubString(skin.string(menu3109.visible),off)] | Window.IsVisible(6000)</visible>
	</item>
	<item>
	<label fallback="31014">$VAR[value_menu3110.label]</label>
	<property name="condition">$INFO[skin.string(menu3110.visible)]</property>
	<property name="name">menu3110</property>
	<property name="id">$INFO[skin.string(menu3110.master)]</property>
	<onclick condition="Window.IsVisible(6000)">SetFocus(5000)</onclick>
	<onclick condition="Window.IsVisible(Home)">Dialog.Close(6031)</onclick>
	<onclick condition="Window.IsVisible(Home)">Skin.SetString(submenu_action,$VAR[value_menu3110.action])</onclick>
	<visible>![IsEmpty(skin.string(menu3110.master)) | SubString(skin.string(menu3110.visible),off)] | Window.IsVisible(6000)</visible>
	</item>
	</content>
	</control>
	<include condition="Window.IsVisible(6000)">Glass</include>
	</control>
	</control>
	</controls>
</window>