<?xml version="1.0" encoding="UTF-8"?>
<window id="6628"><!-- Aeon MQ 6 -->
	<defaultcontrol always="true">892</defaultcontrol>
	<allowoverlay>no</allowoverlay>
	<controls>
	<control type="button" id="892">
	<include>InvisibleButton</include>
	<onclick>noop</onclick>
	<onfocus>Skin.ResetSettings</onfocus>
	<onfocus>AlarmClock(nextstep,SetFocus(900),0:02,true)</onfocus>
	</control>
	<control type="group">
	<animation effect="fade" time="800">Visible</animation>
	<animation effect="fade" time="500">Hidden</animation>
	<control type="button" id="900">
	<include>InvisibleButton</include>
	<onclick>noop</onclick>
	<onfocus>Skin.SetString(font,font1)</onfocus>
	<onfocus>Skin.SetString(animationwindow,zoom)</onfocus>
	<onfocus>Skin.SetString(colortexture,sky)</onfocus>
	<onfocus>Skin.SetString(idcolortexture,105)</onfocus>
	<onfocus>Skin.SetString(glasstexture,75)</onfocus>
	<onfocus>Skin.SetString(idglasstexture,253)</onfocus>
	<onfocus>Skin.SetString(colorheader,sky)</onfocus>
	<onfocus>Skin.SetString(idcolorheader,130)</onfocus>
	<onfocus>Skin.SetString(colorfont,white)</onfocus>
	<onfocus>Skin.SetString(idcolorfont,321)</onfocus>
	<onfocus>Skin.SetString(colorstyle,nocolor)</onfocus>
	<onfocus>Skin.SetString(idcolorstyle,351)</onfocus>
	<onfocus>Skin.SetString(glassstyle,75)</onfocus>
	<onfocus>Skin.SetString(idglassstyle,264)</onfocus>	
	<onfocus>Skin.SetString(glasspanel,75)</onfocus>
	<onfocus>Skin.SetString(colorflags,white)</onfocus>
	<onfocus>Skin.SetString(idcolorflags,472)</onfocus>	
	<onfocus>Skin.SetString(colorfloor,deepblue)</onfocus>
	<onfocus>Skin.SetString(idcolorfloor,505)</onfocus>	
	<onfocus>Skin.SetString(glassfloor,55)</onfocus>
	<onfocus>Skin.SetString(idglassfloor,556)</onfocus>
	<onfocus>Skin.SetString(wallglass,05)</onfocus>
	<onfocus>Skin.SetString(bannerglass,05)</onfocus>
	<onfocus>Skin.SetString(theme,colors)</onfocus>
	<onfocus>Skin.SetString(style,metal)</onfocus>
	<onfocus>Skin.SetString(mainmenustyle,metal.png)</onfocus>	
	<onfocus>Skin.SetString(stylewatched,0)</onfocus>
	<onfocus>Skin.SetString(colorwatched,red)</onfocus>
	<onfocus>Skin.SetString(idcolorwatched,221)</onfocus>
	<onfocus>Skin.SetString(widgetsnumber,12)</onfocus>
	<onfocus>Skin.SetString(widgetsmode,on)</onfocus>
	<onfocus>Skin.SetString(widgets_seconds,3)</onfocus>
	<onfocus>Skin.SetString(widemovies.art,poster)</onfocus>
	<onfocus>Skin.SetString(widetvshows.art,poster)</onfocus>
	<onfocus>Skin.SetString(wideconcerts.art,poster)</onfocus>
	<onfocus>Skin.SetString(viewpanel.art,poster)</onfocus>
	<onfocus>Skin.SetString(case_default,deepblue)</onfocus>
	<onfocus>Skin.SetString(case_bluray,sky)</onfocus>
	<onfocus>Skin.SetString(case_3dbd,orange)</onfocus>
	<onfocus>Skin.SetString(case_webtv,red)</onfocus>
	<onfocus>Skin.SetString(case_hdtv,violet)</onfocus>
	<onfocus>Skin.SetString(case_dvd,grey)</onfocus>
	<onfocus>Skin.SetString(case_set,blood)</onfocus>
	<onfocus>Skin.SetString(case_4k,chocolate)</onfocus>
	<onfocus>Skin.SetString(idcasecolor_default,171)</onfocus>
	<onfocus>Skin.SetString(idcasecolor_bluray,170)</onfocus>
	<onfocus>Skin.SetString(idcasecolor_3dbd,182)</onfocus>
	<onfocus>Skin.SetString(idcasecolor_webtv,176)</onfocus>
	<onfocus>Skin.SetString(idcasecolor_hdtv,185)</onfocus>
	<onfocus>Skin.SetString(idcasecolor_dvd,188)</onfocus>
	<onfocus>Skin.SetString(idcasecolor_set,177)</onfocus>
	<onfocus>Skin.SetString(idcasecolor_4k,179)</onfocus>
	<onfocus>Skin.SetString(glasscase,65)</onfocus>
	<onfocus>Skin.SetString(idglasscase,604)</onfocus>	
	<onfocus>Skin.SetString(codec_default,default)</onfocus>
	<onfocus>Skin.SetString(idcodec_default,201)</onfocus>
	<onfocus>Skin.SetString(codec_bluray,bluray)</onfocus>
	<onfocus>Skin.SetString(idcodec_bluray,202)</onfocus>
	<onfocus>Skin.SetString(codec_3dbd,3dbd)</onfocus>
	<onfocus>Skin.SetString(idcodec_3dbd,203)</onfocus>
	<onfocus>Skin.SetString(codec_webtv,webtv)</onfocus>
	<onfocus>Skin.SetString(idcodec_webtv,204)</onfocus>
	<onfocus>Skin.SetString(codec_hdtv,hdtv)</onfocus>
	<onfocus>Skin.SetString(idcodec_hdtv,205)</onfocus>
	<onfocus>Skin.SetString(codec_dvd,dvd)</onfocus>
	<onfocus>Skin.SetString(idcodec_dvd,206)</onfocus>
	<onfocus>Skin.SetString(codec_set,set)</onfocus>
	<onfocus>Skin.SetString(idcodec_set,207)</onfocus>
	<onfocus>Skin.SetString(codec_4k,4k)</onfocus>
	<onfocus>Skin.SetString(idcodec_4k,208)</onfocus>
	<onfocus>Skin.SetString(panel_seconds,3)</onfocus>
	<onfocus>Skin.SetString(gamevideo_seconds,2)</onfocus>
	<onfocus>Skin.SetString(games_video,auto)</onfocus>
	<onfocus>Skin.SetString(moviesfanart,fanart)</onfocus>
	<onfocus>Skin.SetString(tvshowsfanart,fanart)</onfocus>
	<onfocus>Skin.SetString(seasonsfanart,fanart)</onfocus>
	<onfocus>Skin.SetString(episodesfanart,fanart)</onfocus>
	<onfocus>Skin.SetString(musicvideosfanart,fanart)</onfocus>
	<onfocus>Skin.SetString(musicfanart,fanart)</onfocus>
	<onfocus>Skin.SetString(programsfanart,fanart)</onfocus>
	<onfocus>Skin.SetString(gamesfanart,fanart)</onfocus>
	<onfocus>Skin.SetString(setsfanart,fanart)</onfocus>
	<onfocus>Skin.SetString(videogenrefanart,genre)</onfocus>
	<onfocus>Skin.SetString(musicgenrefanart,genre)</onfocus>
	<onfocus>Skin.SetString(multiplexlayout,fanart)</onfocus>
	<onfocus>Skin.SetString(multiplexgameslayout,fanart)</onfocus>
	<onfocus>Skin.SetString(showcaselayout,fanart)</onfocus>
	<onfocus>Skin.SetString(showcasevideopanel,auto)</onfocus>
	<onfocus>Skin.SetString(landscapexlayout,fanart)</onfocus>
	<onfocus>Skin.SetString(multiplexvideopanel,auto)</onfocus>
	<onfocus>Skin.SetString(multiplexgamespanel,auto)</onfocus>
	<onfocus>Skin.SetString(glasslistvideopanel,auto)</onfocus>
	<onfocus>Skin.SetString(showartvideopanel,auto)</onfocus>	
	<onfocus>Skin.SetString(showartvideogrid,default)</onfocus>	
	<onfocus>Skin.SetString(wallvideogrid,default)</onfocus>
	<onfocus>Skin.SetString(wallvideopanel,auto)</onfocus>
	<onfocus>Skin.SetString(wallmusicgrid,default)</onfocus>
	<onfocus>Skin.SetString(wallmusicpanel,auto)</onfocus>
	<onfocus>Skin.SetString(wallprogramsgrid,default)</onfocus>
	<onfocus>Skin.SetString(wallprogramspanel,auto)</onfocus>
	<onfocus>Skin.SetString(wallpicsgrid,default)</onfocus>
	<onfocus>Skin.SetString(wallpicspanel,auto)</onfocus>
	<onfocus>Skin.SetString(wallgamesgrid,default)</onfocus>
	<onfocus>Skin.SetString(wallgamespanel,auto)</onfocus>
	<onfocus>Skin.SetString(bannervideopanel,auto)</onfocus>
	<onfocus>Skin.SetString(panelvideogrid,default)</onfocus>	
	<onfocus>Skin.SetString(PLInfoPanelMovies,infopanelmanual)</onfocus>
	<onfocus>Skin.SetString(PLInfoPanelTVShows,infopanelmanual)</onfocus>
	<onfocus>Skin.SetString(PLInfoPanelSeasons,infopanelmanual)</onfocus>
	<onfocus>Skin.SetString(PLInfoPanelEpisodes,infopanelmanual)</onfocus>
	<onfocus>Skin.SetString(PLInfoPanelSets,infopanelmanual)</onfocus>
	<onfocus>Skin.SetString(PosterLiteMovies,poster)</onfocus>
	<onfocus>Skin.SetString(PosterLiteConcerts,poster)</onfocus>
	<onfocus>Skin.SetString(PosterLiteTVShows,poster)</onfocus>
	<onfocus>Skin.SetString(PosterLiteSeasons,poster)</onfocus>
	<onfocus>Skin.SetString(PosterLiteEpisodes,landscape)</onfocus>
	<onfocus>Skin.SetString(PosterLiteSets,poster)</onfocus>
	<onfocus>Skin.SetString(PosterLitePlusMovies,noicon)</onfocus>
	<onfocus>Skin.SetString(PosterLitePlusConcerts,noicon)</onfocus>
	<onfocus>Skin.SetString(PosterLitePlusTVShows,banner)</onfocus>
	<onfocus>Skin.SetString(PosterLitePlusSeasons,banner)</onfocus>
	<onfocus>Skin.SetString(PosterLitePlusEpisodes,banner)</onfocus>
	<onfocus>Skin.SetString(PosterLitePlusSets,noicon)</onfocus>
	<onfocus>Skin.SetString(weather_mode,7days)</onfocus>
	<onfocus>Skin.SetString(weatherconditionbg,northamerica)</onfocus>
	<onfocus>Skin.SetString(lyricscript_path,script.cu.lrclyrics)</onfocus>
	<onfocus>Skin.SetString(vis_bg,slideshowmosaicmix)</onfocus>
	<onfocus>Skin.SetString(vis_layout,style3)</onfocus>
	<onfocus>Skin.SetString(games_link,rcb)</onfocus>
	<onfocus>Skin.SetString(videofurniture,full)</onfocus>
	<onfocus>Skin.SetString(audiofurniture,full)</onfocus>
	<onfocus>Skin.SetString(homebg_seconds,5000)</onfocus>
	<onfocus>Skin.SetString(discaudio,0)</onfocus>
	<onfocus>Skin.SetString(discvideo,0)</onfocus>
	<onfocus>Skin.SetString(cdart_seconds,4000)</onfocus>
	<onfocus>Skin.SetString(mediaflags,on)</onfocus>
	<onfocus>Skin.SetString(extrapack,special://userdata/addon_data/skin.aeonmq6.extrapack/)</onfocus>
	<onfocus>Skin.SetBool(visanimation_panscan)</onfocus>
	<onfocus>Skin.SetBool(ontvtunes)</onfocus>
	<onfocus>AlarmClock(nextstep,SetFocus(901),0:03,true)</onfocus>
	</control>
	<control type="button" id="901">
	<include>InvisibleButton</include>
	<onclick>noop</onclick>
	<onfocus>Skin.SetString(menu1.master,movies)</onfocus>
	<onfocus>Skin.SetString(menu1.action,ActivateWindow(videos,movietitles,return))</onfocus>
	<onfocus>Skin.SetString(menu2.master,tvshows)</onfocus>
	<onfocus>Skin.SetString(menu2.action,ActivateWindow(videos,tvshowtitles,return))</onfocus>
	<onfocus>Skin.SetString(menu3.master,concerts)</onfocus>
	<onfocus>Skin.SetString(menu3.action,ActivateWindow(videos,musicvideotitles,return))</onfocus>
	<onfocus>Skin.SetString(menu4.master,music)</onfocus>
	<onfocus>Skin.SetString(menu4.action,ActivateWindow(music))</onfocus>
	<onfocus>Skin.SetString(menu5.master,livetv)</onfocus>
	<onfocus>Skin.SetString(menu5.action,ActivateWindow(TVChannels))</onfocus>
	<onfocus>Skin.SetString(menu6.master,radio)</onfocus>
	<onfocus>Skin.SetString(menu6.action,ActivateWindow(RadioChannels))</onfocus>
	<onfocus>Skin.SetString(menu7.master,favourites)</onfocus>
	<onfocus>Skin.SetString(menu7.action,ActivateWindow(favourites))</onfocus>
	<onfocus>Skin.SetString(menu8.master,games)</onfocus>
	<onfocus>Skin.SetString(menu8.action,RunScript(script.games.rom.collection.browser))</onfocus>
	<onfocus>Skin.SetString(menu10.master,pictures)</onfocus>
	<onfocus>Skin.SetString(menu10.action,ActivateWindow(pictures))</onfocus>
	<onfocus>Skin.SetString(menu11.master,weather)</onfocus>
	<onfocus>Skin.SetString(menu11.widgets,weather)</onfocus>
	<onfocus>Skin.SetString(menu11.action,ActivateWindow(weather))</onfocus>
	<onfocus>Skin.SetString(menu12.master,settings)</onfocus>
	<onfocus>Skin.SetString(menu12.widgets,settings)</onfocus>
	<onfocus>Skin.SetString(menu12.action,ActivateWindow(settings))</onfocus>
	<onfocus>Skin.SetString(menu13.master,shutdown)</onfocus>
	<onfocus>Skin.SetString(menu13.action,XBMC.ShutDown())</onfocus>
	<onfocus>Skin.SetString(menu14.master,extras)</onfocus>
	<onfocus>Skin.SetString(menu14.action,SetFocus(5100))</onfocus>
	<onfocus>Skin.SetString(menu9.master,programs)</onfocus>
	<onfocus condition="!System.Platform.Android">Skin.SetString(menu9.action,ActivateWindow(Programs,Addons,return))</onfocus>
	<onfocus condition="System.Platform.Android">Skin.SetString(menu9.action,ActivateWindow(Programs))</onfocus>
	<onfocus>AlarmClock(nextstep,SetFocus(902),0:02,true)</onfocus>
	</control>
	<control type="button" id="902">
	<include>InvisibleButton</include>
	<onclick>noop</onclick>
	<onfocus>Skin.SetString(menu0101.master,movierecently)</onfocus><!-- Filme recentes -->
	<onfocus>Skin.SetString(menu0101.action,ActivateWindow(videos,recentlyaddedmovies,return))</onfocus>
	<onfocus>Skin.SetString(menu0102.master,moviesets)</onfocus><!-- Filme sets -->
	<onfocus>Skin.SetString(menu0102.action,ActivateWindow(videos,moviesets,return))</onfocus>
	<onfocus>Skin.SetString(menu0103.master,moviegenres)</onfocus><!-- Filme generos -->
	<onfocus>Skin.SetString(menu0103.action,ActivateWindow(videos,moviegenres,return))</onfocus>
	<onfocus>Skin.SetString(menu0104.master,movieyears)</onfocus><!-- Filme anos -->
	<onfocus>Skin.SetString(menu0104.action,ActivateWindow(videos,movieyears,return))</onfocus>
	<onfocus>Skin.SetString(menu0105.master,movieactors)</onfocus><!-- Filme atores -->
	<onfocus>Skin.SetString(menu0105.action,ActivateWindow(videos,movieactors,return))</onfocus>
	<onfocus>Skin.SetString(menu0106.master,moviedirectors)</onfocus><!-- Filme diretores -->
	<onfocus>Skin.SetString(menu0106.action,ActivateWindow(videos,moviedirectors,return))</onfocus>
	<onfocus>Skin.SetString(menu0107.master,moviestudios)</onfocus><!-- Filme estudios -->
	<onfocus>Skin.SetString(menu0107.action,ActivateWindow(videos,moviestudios,return))</onfocus>
	<onfocus>Skin.SetString(menu0108.master,moviecountries)</onfocus><!-- Filme paises -->
	<onfocus>Skin.SetString(menu0108.action,ActivateWindow(videos,moviecountries,return))</onfocus>
	<onfocus>Skin.SetString(menu0109.master,movietags)</onfocus><!-- Filme tags -->
	<onfocus>Skin.SetString(menu0109.action,ActivateWindow(videos,movietags,return))</onfocus>
	<onfocus>Skin.SetString(menu0110.master,videocleanlibrary)</onfocus><!-- Video limpar colecao -->
	<onfocus>Skin.SetString(menu0110.action,CleanLibrary(video))</onfocus>
	<onfocus>Skin.SetString(menu0111.master,videoupdatelibrary)</onfocus><!-- Video atualizar colecao -->
	<onfocus>Skin.SetString(menu0111.action,UpdateLibrary(video))</onfocus>
	<onfocus>Skin.SetString(menu0112.master,videofiles)</onfocus><!-- Video arquivos -->
	<onfocus>Skin.SetString(menu0112.action,ActivateWindow(videos,files))</onfocus>
	<onfocus>Skin.SetString(menu0113.master,globalsearch)</onfocus><!-- Global search -->
	<onfocus>Skin.SetString(menu0113.action,RunScript(script.globalsearch))</onfocus>
	<onfocus>AlarmClock(nextstep,SetFocus(903),0:02,true)</onfocus>
	</control>
	<control type="button" id="903">
	<include>InvisibleButton</include>
	<onclick>noop</onclick>
	<onfocus>Skin.SetString(menu0201.master,tvshowrecently)</onfocus><!-- Episodios recentes -->
	<onfocus>Skin.SetString(menu0201.action,ActivateWindow(videos,recentlyaddedepisodes,return))</onfocus>
	<onfocus>Skin.SetString(menu0202.master,tvguide)</onfocus><!-- Guia de TV -->
	<onfocus>Skin.SetString(menu0202.action,RunScript(script.tv.show.next.aired))</onfocus>
	<onfocus>Skin.SetString(menu0203.master,tvshowgenres)</onfocus><!-- Seriado generos -->
	<onfocus>Skin.SetString(menu0203.action,ActivateWindow(videos,tvshowgenres,return))</onfocus>
	<onfocus>Skin.SetString(menu0204.master,tvshowyears)</onfocus><!-- Seriado anos -->
	<onfocus>Skin.SetString(menu0204.action,ActivateWindow(videos,tvshowyears,return))</onfocus>
	<onfocus>Skin.SetString(menu0205.master,tvshowactors)</onfocus><!-- Seriado atores -->
	<onfocus>Skin.SetString(menu0205.action,ActivateWindow(videos,tvshowactors,return))</onfocus>
	<onfocus>Skin.SetString(menu0206.master,tvshowstudios)</onfocus><!-- Seriado estudios -->
	<onfocus>Skin.SetString(menu0206.action,ActivateWindow(videos,tvshowstudios,return))</onfocus>
	<onfocus>Skin.SetString(menu0207.master,videocleanlibrary)</onfocus><!-- Video limpar colecao -->
	<onfocus>Skin.SetString(menu0207.action,CleanLibrary(video))</onfocus>
	<onfocus>Skin.SetString(menu0208.master,videoupdatelibrary)</onfocus><!-- Video atualizar colecao -->
	<onfocus>Skin.SetString(menu0208.action,UpdateLibrary(video))</onfocus>
	<onfocus>Skin.SetString(menu0209.master,videofiles)</onfocus><!-- Video arquivos -->
	<onfocus>Skin.SetString(menu0209.action,ActivateWindow(videos,files))</onfocus>
	<onfocus>Skin.SetString(menu0210.master,globalsearch)</onfocus><!-- Global search -->
	<onfocus>Skin.SetString(menu0210.action,RunScript(script.globalsearch))</onfocus>
	<onfocus>AlarmClock(nextstep,SetFocus(904),0:02,true)</onfocus>
	</control>
	<control type="button" id="904">
	<include>InvisibleButton</include>
	<onclick>noop</onclick>
	<onfocus>Skin.SetString(menu0301.master,concertrecently)</onfocus><!-- Concerto recentes -->
	<onfocus>Skin.SetString(menu0301.action,ActivateWindow(videos,recentlyaddedmusicvideos,return))</onfocus>
	<onfocus>Skin.SetString(menu0302.master,concertgenres)</onfocus><!-- Concerto generos -->
	<onfocus>Skin.SetString(menu0302.action,ActivateWindow(videos,musicvideogenres,return))</onfocus>
	<onfocus>Skin.SetString(menu0303.master,concertyears)</onfocus><!-- Concerto anos -->
	<onfocus>Skin.SetString(menu0303.action,ActivateWindow(videos,musicvideoyears,return))</onfocus>
	<onfocus>Skin.SetString(menu0304.master,concertartists)</onfocus><!-- Concerto artistas -->
	<onfocus>Skin.SetString(menu0304.action,ActivateWindow(videos,musicvideoartists,return))</onfocus>
	<onfocus>Skin.SetString(menu0305.master,concertalbums)</onfocus><!-- Concerto albuns -->
	<onfocus>Skin.SetString(menu0305.action,ActivateWindow(videos,musicvideoalbums,return))</onfocus>
	<onfocus>Skin.SetString(menu0306.master,concertdirectors)</onfocus><!-- Concerto diretores -->
	<onfocus>Skin.SetString(menu0306.action,ActivateWindow(videos,musicvideodirectors,return))</onfocus>
	<onfocus>Skin.SetString(menu0307.master,concertstudios)</onfocus><!-- Concerto estudios -->
	<onfocus>Skin.SetString(menu0307.action,ActivateWindow(videos,musicvideostudios,return))</onfocus>
	<onfocus>Skin.SetString(menu0308.master,videocleanlibrary)</onfocus><!-- Video limpar colecao -->
	<onfocus>Skin.SetString(menu0308.action,CleanLibrary(video))</onfocus>
	<onfocus>Skin.SetString(menu0309.master,videoupdatelibrary)</onfocus><!-- Video atualizar colecao -->
	<onfocus>Skin.SetString(menu0309.action,UpdateLibrary(video))</onfocus>
	<onfocus>Skin.SetString(menu0310.master,videofiles)</onfocus><!-- Video arquivos -->
	<onfocus>Skin.SetString(menu0310.action,ActivateWindow(videos,files))</onfocus>
	<onfocus>Skin.SetString(menu0311.master,globalsearch)</onfocus><!-- Global search -->
	<onfocus>Skin.SetString(menu0311.action,RunScript(script.globalsearch))</onfocus>
	<onfocus>AlarmClock(nextstep,SetFocus(905),0:02,true)</onfocus>
	</control>
	<control type="button" id="905">
	<include>InvisibleButton</include>
	<onclick>noop</onclick>
	<onfocus>Skin.SetString(menu0501.master,livetvchannels)</onfocus><!-- Canais de TV -->
	<onfocus>Skin.SetString(menu0501.action,ActivateWindow(TVChannels))</onfocus>
	<onfocus>Skin.SetString(menu0502.master,livetvepg)</onfocus><!-- EPG -->
	<onfocus>Skin.SetString(menu0502.action,ActivateWindow(TVGuide))</onfocus>
	<onfocus>Skin.SetString(menu0503.master,livetvsearch)</onfocus><!-- Procura -->
	<onfocus>Skin.SetString(menu0503.action,ActivateWindow(TVSearch))</onfocus>
	<onfocus>Skin.SetString(menu0504.master,livetvrecords)</onfocus><!-- Gravacoes -->
	<onfocus>Skin.SetString(menu0504.action,ActivateWindow(TVRecordings))</onfocus>
	<onfocus>Skin.SetString(menu0505.master,livetvtimers)</onfocus><!-- Agendamento -->
	<onfocus>Skin.SetString(menu0505.action,ActivateWindow(TVTimers))</onfocus>
	<onfocus>Skin.SetString(menu0506.master,livetvsettings)</onfocus><!-- Ajustes -->
	<onfocus>Skin.SetString(menu0506.action,ActivateWindow(pvrsettings))</onfocus>
	<onfocus>AlarmClock(nextstep,SetFocus(906),0:02,true)</onfocus>
	</control>
	<control type="button" id="906">
	<include>InvisibleButton</include>
	<onclick>noop</onclick>
	<onfocus>Skin.SetString(menu0401.master,musicrecentlyplayed)</onfocus><!-- Musica recem tocada -->
	<onfocus>Skin.SetString(menu0401.action,ActivateWindow(musiclibrary,recentlyplayedalbums,return))</onfocus>
	<onfocus>Skin.SetString(menu0402.master,musicrecently)</onfocus><!-- Musica recentes -->
	<onfocus>Skin.SetString(menu0402.action,ActivateWindow(musiclibrary,recentlyaddedalbums,return))</onfocus>
	<onfocus>Skin.SetString(menu0403.master,musicvideoclips)</onfocus><!-- Musica video clipes -->
	<onfocus>Skin.SetString(menu0403.action,ActivateWindow(videos,plugin://plugin.video.youtube/?path=/root/search&amp;feed=search&amp;search=$INFO[MusicPlayer.Artist],return))</onfocus>
	<onfocus>Skin.SetString(menu0404.master,musicgenres)</onfocus><!-- Musica generos -->
	<onfocus>Skin.SetString(menu0404.action,ActivateWindow(musiclibrary,genres,return))</onfocus>
	<onfocus>Skin.SetString(menu0405.master,musicplaylists)</onfocus><!-- Musica playlists -->
	<onfocus>Skin.SetString(menu0405.action,ActivateWindow(musiclibrary,playlists,return))</onfocus>
	<onfocus>Skin.SetString(menu0406.master,musicartists)</onfocus><!-- Musica artistas -->
	<onfocus>Skin.SetString(menu0406.action,ActivateWindow(musiclibrary,artists,return))</onfocus>
	<onfocus>Skin.SetString(menu0407.master,musicalbums)</onfocus><!-- Musica albuns -->
	<onfocus>Skin.SetString(menu0407.action,ActivateWindow(musiclibrary,albums,return))</onfocus>
	<onfocus>Skin.SetString(menu0408.master,musicsongs)</onfocus><!-- Musica faixas -->
	<onfocus>Skin.SetString(menu0408.action,ActivateWindow(musiclibrary,songs,return))</onfocus>
	<onfocus>Skin.SetString(menu0409.master,musicfiles)</onfocus><!-- Musica arquivos -->
	<onfocus>Skin.SetString(menu0409.action,ActivateWindow(musicfiles))</onfocus>
	<onfocus>Skin.SetString(menu0410.master,musicpartymode)</onfocus><!-- Musica modo festa -->
	<onfocus>Skin.SetString(menu0410.action,PlayerControl(Partymode(music)))</onfocus>
	<onfocus>Skin.SetString(menu0411.master,musiccompilations)</onfocus><!-- Musica compilacoes -->
	<onfocus>Skin.SetString(menu0411.action,ActivateWindow(musiclibrary,compilations,return))</onfocus>
	<onfocus>Skin.SetString(menu0412.master,musictop100)</onfocus><!-- Musica top100 -->
	<onfocus>Skin.SetString(menu0412.action,ActivateWindow(musiclibrary,top100,return))</onfocus>
	<onfocus>Skin.SetString(menu0413.master,musiccleanlibrary)</onfocus><!-- Musica limpar colecao -->
	<onfocus>Skin.SetString(menu0413.action,CleanLibrary(music))</onfocus>
	<onfocus>Skin.SetString(menu0414.master,musicupdatelibrary)</onfocus><!-- Musica atualizar colecao -->
	<onfocus>Skin.SetString(menu0414.action,UpdateLibrary(music))</onfocus>
	<onfocus>Skin.SetString(menu0415.master,globalsearch)</onfocus><!-- Global search -->
	<onfocus>Skin.SetString(menu0415.action,RunScript(script.globalsearch))</onfocus>
	<onfocus>AlarmClock(nextstep,SetFocus(907),0:02,true)</onfocus>
	</control>
	<control type="button" id="907">
	<include>InvisibleButton</include>
	<onclick>noop</onclick>
	<onfocus>Skin.SetString(menu1001.master,weather36hour)</onfocus><!-- Clima 36 horas -->
	<onfocus>Skin.SetString(menu1001.action,Skin.SetString(weather_mode,36hour))</onfocus>
	<onfocus>Skin.SetString(menu1002.master,weatherweekend)</onfocus><!-- Clima final de semana -->
	<onfocus>Skin.SetString(menu1002.action,Skin.SetString(weather_mode,weekend))</onfocus>
	<onfocus>Skin.SetString(menu1003.master,weather7days)</onfocus><!-- Clima 7 dias -->
	<onfocus>Skin.SetString(menu1003.action,Skin.SetString(weather_mode,7days))</onfocus>
	<onfocus>Skin.SetString(menu1004.master,weatheralerts)</onfocus><!-- Clima alertas -->
	<onfocus>Skin.SetString(menu1004.action,Skin.SetString(weather_mode,alerts))</onfocus>
	<onfocus>Skin.SetString(menu1005.master,weathersettings)</onfocus><!-- Clima ajustes -->
	<onfocus>Skin.SetString(menu1005.action,ActivateWindow(weathersettings))</onfocus>
	<onfocus>Skin.SetString(menu1006.master,weathersettings)</onfocus><!-- Clima estacoes -->
	<onfocus>Skin.SetString(menu1006.action,ActivateWindow(6633))</onfocus>
	<onfocus>AlarmClock(nextstep,SetFocus(908),0:02,true)</onfocus>
	</control>
	<control type="button" id="908">
	<include>InvisibleButton</include>
	<onclick>noop</onclick>
	<onfocus>Skin.SetString(menu1101.master,settingscustom)</onfocus><!-- Customizar menu -->
	<onfocus>Skin.SetString(menu1101.action,ActivateWindow(6000))</onfocus>
	<onfocus>Skin.SetString(menu1102.master,settingspresets)</onfocus><!-- Pre-definicoes -->
	<onfocus>Skin.SetString(menu1102.action,ActivateWindow(6630))</onfocus>
	<onfocus>Skin.SetString(menu1103.master,settingsskin)</onfocus><!-- Ajustes da skin -->
	<onfocus>Skin.SetString(menu1103.action,ActivateWindow(skinsettings))</onfocus>
	<onfocus>Skin.SetString(menu1104.master,settingsaddons)</onfocus><!-- Janela Add-ons -->
	<onfocus>Skin.SetString(menu1104.action,ActivateWindow(addonbrowser))</onfocus>
	<onfocus>Skin.SetString(menu1105.master,settingsaddonsprograms)</onfocus><!-- Add-ons de programas -->
	<onfocus>Skin.SetString(menu1105.action,ActivateWindow(programs,addons,return))</onfocus>
	<onfocus>Skin.SetString(menu1106.master,settingsaddonsvideo)</onfocus><!-- Add-ons de video -->
	<onfocus>Skin.SetString(menu1106.action,ActivateWindow(video,addons,return))</onfocus>
	<onfocus>Skin.SetString(menu1107.master,settingsaddonsmusic)</onfocus><!-- Add-ons de musica -->
	<onfocus>Skin.SetString(menu1107.action,ActivateWindow(music,addons,return))</onfocus>
	<onfocus>Skin.SetString(menu1108.master,settingsaddonspictures)</onfocus><!-- Add-ons de imagem -->
	<onfocus>Skin.SetString(menu1108.action,ActivateWindow(pictures,addons,return))</onfocus>
	<onfocus>Skin.SetString(menu1109.master,settingsfilemanager)</onfocus><!-- Gerenciador de arquivos -->
	<onfocus>Skin.SetString(menu1109.action,ActivateWindow(filemanager))</onfocus>
	<onfocus>Skin.SetString(menu1110.master,settingssystem)</onfocus><!-- Info do sistema -->
	<onfocus>Skin.SetString(menu1110.action,ActivateWindow(systeminfo))</onfocus>
	<onfocus>AlarmClock(nextstep,SetFocus(909),0:02,true)</onfocus>
	</control>
	<control type="button" id="909">
	<include>InvisibleButton</include>
	<onclick>noop</onclick>
	<onfocus>Skin.SetString(menu1201.master,quit)</onfocus><!-- Sair -->
	<onfocus>Skin.SetString(menu1201.action,Quit)</onfocus>
	<onfocus>Skin.SetString(menu1202.master,powerdown)</onfocus><!-- Desligar sistema -->
	<onfocus>Skin.SetString(menu1202.action,Powerdown)</onfocus>
	<onfocus>Skin.SetString(menu1203.master,reboot)</onfocus><!-- Reiniciar sistema -->
	<onfocus>Skin.SetString(menu1203.action,Reboot)</onfocus>
	<onfocus>Skin.SetString(menu1204.master,suspend)</onfocus><!-- Suspender -->
	<onfocus>Skin.SetString(menu1204.action,Suspend)</onfocus>
	<onfocus>Skin.SetString(menu1205.master,hibernate)</onfocus><!-- Hibernar -->
	<onfocus>Skin.SetString(menu1205.action,Hibernate)</onfocus>
	<onfocus>Skin.SetString(menu1206.master,timer)</onfocus><!-- Temporizador -->
	<onfocus>Skin.SetString(menu1206.action,XBMC.AlarmClock(shutdowntimer,XBMC.Powerdown()))</onfocus>
	<onfocus>Skin.SetString(menu1207.master,canceltimer)</onfocus><!-- Cancelar temporizador -->
	<onfocus>Skin.SetString(menu1207.action,XBMC.CancelAlarm(shutdowntimer))</onfocus>
	<onfocus>Skin.SetString(menu1208.master,logoff))</onfocus><!-- Deslogar -->
	<onfocus>Skin.SetString(menu1208.action,System.Logoff)</onfocus>
	<onfocus>AlarmClock(nextstep,SetFocus(910),0:02,true)</onfocus>
	</control>
	<control type="button" id="910">
	<include>InvisibleButton</include>
	<onclick>noop</onclick>	
	<onfocus>AlarmClock(nextstep,SetFocus(911),0:02,true)</onfocus>
	</control>
	<control type="button" id="911">
	<include>InvisibleButton</include>
	<onclick>noop</onclick>
	<onfocus>Skin.SetString(defaultsettings,1)</onfocus>
	<onfocus>ReplaceWindow(Home)</onfocus>
	</control>
	<control type="image">
	<left>0</left>
	<top>0</top>
	<width>1280</width>
	<height>720</height>
	<texture>special://skin/backgrounds/settings.jpg</texture>
	<colordiffuse>1566CCC4</colordiffuse>
	<include>Animation_Fade</include>
	</control>
	<control type="image"><!-- Logo da skin -->
	<left>490</left>
	<top>180</top>
	<width>300</width>
	<height>169</height>
	<align>left</align>
	<aspectratio>keep</aspectratio>
	<texture>aeonmq6_logo.png</texture>
	</control>
	<control type="label"><!-- Versao e detalhes -->
	<left>100</left>
	<top>320</top>
	<width>1080</width>
	<height>200</height>
	<align>center</align>
	<aligny>top</aligny>
	<textcolor>B6FFFAF0</textcolor>
	<font>Font_21</font>
	<label>$VAR[value_settingsstep]</label>
	</control>
	<control type="label" id="915"><!-- Porcentagem -->
	<left>125</left>
	<top>480</top>
	<width>1080</width>
	<height>100</height>
	<align>center</align>
	<aligny>top</aligny>
	<textcolor>B6FFFAF0</textcolor>
	<font>Font_30</font>
	<label>$VAR[value_settingsstep2]</label>
	</control>
	<control type="image">
	<left>0</left>
	<top>374</top>
	<width>1200</width>
	<height>4</height>
	<align>left</align>
	<texture>divider.png</texture>
	</control>
	<control type="image">
	<left>580</left>
	<top>480</top>	
	<width>40</width>
	<height>40</height>
	<align>center</align>
	<texture background="true">dialogs_busy.png</texture>
	<colordiffuse>FF00AFFF</colordiffuse>
	<aspectratio>keep</aspectratio>
	<animation effect="rotate" start="360" end="0" center="auto" time="2000" loop="true" condition="true">Conditional</animation>
	<animation effect="fade" start="10" end="90" time="600" condition="true" pulse="true">Conditional</animation>
	<visible>!IsEmpty(Control.GetLabel(915))</visible>
	</control>
	</control>
	</controls>
</window>