<?xml version="1.0" encoding="UTF-8"?>
<window id="6633" type="dialog"><!-- Aeon MQ 6 -->
	<defaultcontrol always="true">9060</defaultcontrol>
	<controls>
	<control type="group">
	<include>Animation_DialogPopup</include>
	<control type="image">
	<left>410</left>
	<top>230</top>
	<width>454</width>
	<height>39</height>
	<texture>gradient_focus.png</texture>
	<colordiffuse>$VAR[value_headercolor]</colordiffuse>
	</control>
	<control type="image">
	<left>410</left>
	<top>200</top>
	<width>454</width>
	<height>39</height>
	<texture>dialogs_context_nofocus.png</texture>
	<colordiffuse>F9FFFFFF</colordiffuse>
	</control>
	<control type="label">
	<left>490</left>
	<top>208</top>
	<width>300</width>
	<height>40</height>
	<align>center</align>
	<label>31876</label>
	<font>Font_20</font>
	<textcolor>$VAR[value_headercolor]</textcolor>
	</control>
	<control type="grouplist" id="9060">
	<left>410</left>
	<top>250</top>
	<width>454</width>
	<height max="670">auto</height>
	<itemgap>0</itemgap>
	<onleft>Dialog.Close(6633)</onleft>
	<onright>Dialog.Close(6633)</onright>
	<control type="button" id="9061">
	<include>DialogContext_Button</include>
	<label>31720</label>
	<onclick>Dialog.Close(6633)</onclick>
	<onclick>Skin.SetString(weatherconditionbg,northamerica)</onclick>
	<onclick>SetFocus(9000)</onclick>
	</control>
	<control type="button" id="9062">
	<include>DialogContext_Button</include>
	<label>31721</label>
	<onclick>Dialog.Close(6633)</onclick>
	<onclick>Skin.SetString(weatherconditionbg,southamerica)</onclick>
	<onclick>SetFocus(9000)</onclick>
	</control>
	</control>
	</control>
	</controls>
</window>