<?xml version="1.0" encoding="UTF-8"?>
<window id="6022" type="dialog"><!-- Aeon MQ 6 --><!-- Meu Menu 2 -->
	<defaultcontrol>-</defaultcontrol>
	<include>SubMenuCommon</include>
	<controls>
	<control type="group">
	<include condition="Window.IsVisible(6000)">MenuCustom</include>
	<control type="group"><!-- default group -->
	<include>Animation_SubMenu</include>
	<include condition="Window.IsVisible(6000)">SubmenuGoTo</include>
	<include condition="Window.IsVisible(Home)">SubMenuDefault</include>
	<control type="panel" id="9000">
	<include condition="Window.IsVisible(6000)">SubmenuVList</include>
	<include condition="Window.IsVisible(Home)">SubmenuHList</include>
	<content>
	<item>
	<label fallback="31014">$VAR[value_menu2201.label]</label>
	<property name="condition">$INFO[skin.string(menu2201.visible)]</property>
	<property name="name">menu2201</property>
	<property name="id">$INFO[skin.string(menu2201.master)]</property>
	<onclick condition="Window.IsVisible(6000)">SetFocus(5000)</onclick>
	<onclick condition="Window.IsVisible(Home)">Dialog.Close(6022)</onclick>
	<onclick condition="Window.IsVisible(Home)">Skin.SetString(submenu_action,$VAR[value_menu2201.action])</onclick>
	<visible>![IsEmpty(skin.string(menu2201.master)) | SubString(skin.string(menu2201.visible),off)] | Window.IsVisible(6000)</visible>
	</item>
	<item>
	<label fallback="31014">$VAR[value_menu2202.label]</label>
	<property name="condition">$INFO[skin.string(menu2202.visible)]</property>
	<property name="name">menu2202</property>
	<property name="id">$INFO[skin.string(menu2202.master)]</property>
	<onclick condition="Window.IsVisible(6000)">SetFocus(5000)</onclick>
	<onclick condition="Window.IsVisible(Home)">Dialog.Close(6022)</onclick>
	<onclick condition="Window.IsVisible(Home)">Skin.SetString(submenu_action,$VAR[value_menu2202.action])</onclick>
	<visible>![IsEmpty(skin.string(menu2202.master)) | SubString(skin.string(menu2202.visible),off)] | Window.IsVisible(6000)</visible>
	</item>
	<item>
	<label fallback="31014">$VAR[value_menu2203.label]</label>
	<property name="condition">$INFO[skin.string(menu2203.visible)]</property>
	<property name="name">menu2203</property>
	<property name="id">$INFO[skin.string(menu2203.master)]</property>
	<onclick condition="Window.IsVisible(6000)">SetFocus(5000)</onclick>
	<onclick condition="Window.IsVisible(Home)">Dialog.Close(6022)</onclick>
	<onclick condition="Window.IsVisible(Home)">Skin.SetString(submenu_action,$VAR[value_menu2203.action])</onclick>
	<visible>![IsEmpty(skin.string(menu2203.master)) | SubString(skin.string(menu2203.visible),off)] | Window.IsVisible(6000)</visible>
	</item>
	<item>
	<label fallback="31014">$VAR[value_menu2204.label]</label>
	<property name="condition">$INFO[skin.string(menu2204.visible)]</property>
	<property name="name">menu2204</property>
	<property name="id">$INFO[skin.string(menu2204.master)]</property>
	<onclick condition="Window.IsVisible(6000)">SetFocus(5000)</onclick>
	<onclick condition="Window.IsVisible(Home)">Dialog.Close(6022)</onclick>
	<onclick condition="Window.IsVisible(Home)">Skin.SetString(submenu_action,$VAR[value_menu2204.action])</onclick>
	<visible>![IsEmpty(skin.string(menu2204.master)) | SubString(skin.string(menu2204.visible),off)] | Window.IsVisible(6000)</visible>
	</item>
	<item>
	<label fallback="31014">$VAR[value_menu2205.label]</label>
	<property name="condition">$INFO[skin.string(menu2205.visible)]</property>
	<property name="name">menu2205</property>
	<property name="id">$INFO[skin.string(menu2205.master)]</property>
	<onclick condition="Window.IsVisible(6000)">SetFocus(5000)</onclick>
	<onclick condition="Window.IsVisible(Home)">Dialog.Close(6022)</onclick>
	<onclick condition="Window.IsVisible(Home)">Skin.SetString(submenu_action,$VAR[value_menu2205.action])</onclick>
	<visible>![IsEmpty(skin.string(menu2205.master)) | SubString(skin.string(menu2205.visible),off)] | Window.IsVisible(6000)</visible>
	</item>
	<item>
	<label fallback="31014">$VAR[value_menu2206.label]</label>
	<property name="condition">$INFO[skin.string(menu2206.visible)]</property>
	<property name="name">menu2206</property>
	<property name="id">$INFO[skin.string(menu2206.master)]</property>
	<onclick condition="Window.IsVisible(6000)">SetFocus(5000)</onclick>
	<onclick condition="Window.IsVisible(Home)">Dialog.Close(6022)</onclick>
	<onclick condition="Window.IsVisible(Home)">Skin.SetString(submenu_action,$VAR[value_menu2206.action])</onclick>
	<visible>![IsEmpty(skin.string(menu2206.master)) | SubString(skin.string(menu2206.visible),off)] | Window.IsVisible(6000)</visible>
	</item>
	<item>
	<label fallback="31014">$VAR[value_menu2207.label]</label>
	<property name="condition">$INFO[skin.string(menu2207.visible)]</property>
	<property name="name">menu2207</property>
	<property name="id">$INFO[skin.string(menu2207.master)]</property>
	<onclick condition="Window.IsVisible(6000)">SetFocus(5000)</onclick>
	<onclick condition="Window.IsVisible(Home)">Dialog.Close(6022)</onclick>
	<onclick condition="Window.IsVisible(Home)">Skin.SetString(submenu_action,$VAR[value_menu2207.action])</onclick>
	<visible>![IsEmpty(skin.string(menu2207.master)) | SubString(skin.string(menu2207.visible),off)] | Window.IsVisible(6000)</visible>
	</item>
	<item>
	<label fallback="31014">$VAR[value_menu2208.label]</label>
	<property name="condition">$INFO[skin.string(menu2208.visible)]</property>
	<property name="name">menu2208</property>
	<property name="id">$INFO[skin.string(menu2208.master)]</property>
	<onclick condition="Window.IsVisible(6000)">SetFocus(5000)</onclick>
	<onclick condition="Window.IsVisible(Home)">Dialog.Close(6022)</onclick>
	<onclick condition="Window.IsVisible(Home)">Skin.SetString(submenu_action,$VAR[value_menu2208.action])</onclick>
	<visible>![IsEmpty(skin.string(menu2208.master)) | SubString(skin.string(menu2208.visible),off)] | Window.IsVisible(6000)</visible>
	</item>
	<item>
	<label fallback="31014">$VAR[value_menu2209.label]</label>
	<property name="condition">$INFO[skin.string(menu2209.visible)]</property>
	<property name="name">menu2209</property>
	<property name="id">$INFO[skin.string(menu2209.master)]</property>
	<onclick condition="Window.IsVisible(6000)">SetFocus(5000)</onclick>
	<onclick condition="Window.IsVisible(Home)">Dialog.Close(6022)</onclick>
	<onclick condition="Window.IsVisible(Home)">Skin.SetString(submenu_action,$VAR[value_menu2209.action])</onclick>
	<visible>![IsEmpty(skin.string(menu2209.master)) | SubString(skin.string(menu2209.visible),off)] | Window.IsVisible(6000)</visible>
	</item>
	<item>
	<label fallback="31014">$VAR[value_menu2210.label]</label>
	<property name="condition">$INFO[skin.string(menu2210.visible)]</property>
	<property name="name">menu2210</property>
	<property name="id">$INFO[skin.string(menu2210.master)]</property>
	<onclick condition="Window.IsVisible(6000)">SetFocus(5000)</onclick>
	<onclick condition="Window.IsVisible(Home)">Dialog.Close(6022)</onclick>
	<onclick condition="Window.IsVisible(Home)">Skin.SetString(submenu_action,$VAR[value_menu2210.action])</onclick>
	<visible>![IsEmpty(skin.string(menu2210.master)) | SubString(skin.string(menu2210.visible),off)] | Window.IsVisible(6000)</visible>
	</item>
	<item>
	<label fallback="31014">$VAR[value_menu2211.label]</label>
	<property name="condition">$INFO[skin.string(menu2211.visible)]</property>
	<property name="name">menu2211</property>
	<property name="id">$INFO[skin.string(menu2211.master)]</property>
	<onclick condition="Window.IsVisible(6000)">SetFocus(5000)</onclick>
	<onclick condition="Window.IsVisible(Home)">Dialog.Close(6022)</onclick>
	<onclick condition="Window.IsVisible(Home)">Skin.SetString(submenu_action,$VAR[value_menu2211.action])</onclick>
	<visible>![IsEmpty(skin.string(menu2211.master)) | SubString(skin.string(menu2211.visible),off)] | Window.IsVisible(6000)</visible>
	</item>
	<item>
	<label fallback="31014">$VAR[value_menu2212.label]</label>
	<property name="condition">$INFO[skin.string(menu2212.visible)]</property>
	<property name="name">menu2212</property>
	<property name="id">$INFO[skin.string(menu2212.master)]</property>
	<onclick condition="Window.IsVisible(6000)">SetFocus(5000)</onclick>
	<onclick condition="Window.IsVisible(Home)">Dialog.Close(6022)</onclick>
	<onclick condition="Window.IsVisible(Home)">Skin.SetString(submenu_action,$VAR[value_menu2212.action])</onclick>
	<visible>![IsEmpty(skin.string(menu2212.master)) | SubString(skin.string(menu2212.visible),off)] | Window.IsVisible(6000)</visible>
	</item>
	</content>
	</control>
	<include condition="Window.IsVisible(6000)">Glass</include>
	</control>
	</control>
	</controls>
</window>