<?xml version="1.0" encoding="UTF-8"?>
<window id="6305" type="dialog"><!-- Aeon MQ 6 --><!-- Vnode 5 -->
	<defaultcontrol>-</defaultcontrol>
	<include>SubMenuCommon</include>
	<controls>
	<control type="group">
	<include condition="Window.IsVisible(6000)">MenuCustom</include>
	<control type="group"><!-- default group -->
	<include>Animation_SubMenu</include>
	<include condition="Window.IsVisible(6000)">SubmenuGoTo</include>
	<include condition="Window.IsVisible(Home)">SubMenuDefault</include>
	<control type="panel" id="9000">
	<include condition="Window.IsVisible(6000)">SubmenuVList</include>
	<include condition="Window.IsVisible(Home)">SubmenuHList</include>
	<content>
	<item>
	<label fallback="31014">$VAR[value_menu30501.label]</label>
	<property name="condition">$INFO[skin.string(menu30501.visible)]</property>
	<property name="name">menu30501</property>
	<property name="id">$INFO[skin.string(menu30501.master)]</property>
	<onclick condition="Window.IsVisible(6000)">SetFocus(5000)</onclick>
	<onclick condition="Window.IsVisible(Home)">Dialog.Close(6305)</onclick>
	<onclick condition="Window.IsVisible(Home)">Skin.SetString(submenu_action,$VAR[value_menu30501.action])</onclick>
	<visible>![IsEmpty(skin.string(menu30501.master)) | SubString(skin.string(menu30501.visible),off)] | Window.IsVisible(6000)</visible>
	</item>
	<item>
	<label fallback="31014">$VAR[value_menu30502.label]</label>
	<property name="condition">$INFO[skin.string(menu30502.visible)]</property>
	<property name="name">menu30502</property>
	<property name="id">$INFO[skin.string(menu30502.master)]</property>
	<onclick condition="Window.IsVisible(6000)">SetFocus(5000)</onclick>
	<onclick condition="Window.IsVisible(Home)">Dialog.Close(6305)</onclick>
	<onclick condition="Window.IsVisible(Home)">Skin.SetString(submenu_action,$VAR[value_menu30502.action])</onclick>
	<visible>![IsEmpty(skin.string(menu30502.master)) | SubString(skin.string(menu30502.visible),off)] | Window.IsVisible(6000)</visible>
	</item>
	<item>
	<label fallback="31014">$VAR[value_menu30503.label]</label>
	<property name="condition">$INFO[skin.string(menu30503.visible)]</property>
	<property name="name">menu30503</property>
	<property name="id">$INFO[skin.string(menu30503.master)]</property>
	<onclick condition="Window.IsVisible(6000)">SetFocus(5000)</onclick>
	<onclick condition="Window.IsVisible(Home)">Dialog.Close(6305)</onclick>
	<onclick condition="Window.IsVisible(Home)">Skin.SetString(submenu_action,$VAR[value_menu30503.action])</onclick>
	<visible>![IsEmpty(skin.string(menu30503.master)) | SubString(skin.string(menu30503.visible),off)] | Window.IsVisible(6000)</visible>
	</item>
	<item>
	<label fallback="31014">$VAR[value_menu30504.label]</label>
	<property name="condition">$INFO[skin.string(menu30504.visible)]</property>
	<property name="name">menu30504</property>
	<property name="id">$INFO[skin.string(menu30504.master)]</property>
	<onclick condition="Window.IsVisible(6000)">SetFocus(5000)</onclick>
	<onclick condition="Window.IsVisible(Home)">Dialog.Close(6305)</onclick>
	<onclick condition="Window.IsVisible(Home)">Skin.SetString(submenu_action,$VAR[value_menu30504.action])</onclick>
	<visible>![IsEmpty(skin.string(menu30504.master)) | SubString(skin.string(menu30504.visible),off)] | Window.IsVisible(6000)</visible>
	</item>
	<item>
	<label fallback="31014">$VAR[value_menu30505.label]</label>
	<property name="condition">$INFO[skin.string(menu30505.visible)]</property>
	<property name="name">menu30505</property>
	<property name="id">$INFO[skin.string(menu30505.master)]</property>
	<onclick condition="Window.IsVisible(6000)">SetFocus(5000)</onclick>
	<onclick condition="Window.IsVisible(Home)">Dialog.Close(6305)</onclick>
	<onclick condition="Window.IsVisible(Home)">Skin.SetString(submenu_action,$VAR[value_menu30505.action])</onclick>
	<visible>![IsEmpty(skin.string(menu30505.master)) | SubString(skin.string(menu30505.visible),off)] | Window.IsVisible(6000)</visible>
	</item>
	<item>
	<label fallback="31014">$VAR[value_menu30506.label]</label>
	<property name="condition">$INFO[skin.string(menu30506.visible)]</property>
	<property name="name">menu30506</property>
	<property name="id">$INFO[skin.string(menu30506.master)]</property>
	<onclick condition="Window.IsVisible(6000)">SetFocus(5000)</onclick>
	<onclick condition="Window.IsVisible(Home)">Dialog.Close(6305)</onclick>
	<onclick condition="Window.IsVisible(Home)">Skin.SetString(submenu_action,$VAR[value_menu30506.action])</onclick>
	<visible>![IsEmpty(skin.string(menu30506.master)) | SubString(skin.string(menu30506.visible),off)] | Window.IsVisible(6000)</visible>
	</item>
	<item>
	<label fallback="31014">$VAR[value_menu30507.label]</label>
	<property name="condition">$INFO[skin.string(menu30507.visible)]</property>
	<property name="name">menu30507</property>
	<property name="id">$INFO[skin.string(menu30507.master)]</property>
	<onclick condition="Window.IsVisible(6000)">SetFocus(5000)</onclick>
	<onclick condition="Window.IsVisible(Home)">Dialog.Close(6305)</onclick>
	<onclick condition="Window.IsVisible(Home)">Skin.SetString(submenu_action,$VAR[value_menu30507.action])</onclick>
	<visible>![IsEmpty(skin.string(menu30507.master)) | SubString(skin.string(menu30507.visible),off)] | Window.IsVisible(6000)</visible>
	</item>
	<item>
	<label fallback="31014">$VAR[value_menu30508.label]</label>
	<property name="condition">$INFO[skin.string(menu30508.visible)]</property>
	<property name="name">menu30508</property>
	<property name="id">$INFO[skin.string(menu30508.master)]</property>
	<onclick condition="Window.IsVisible(6000)">SetFocus(5000)</onclick>
	<onclick condition="Window.IsVisible(Home)">Dialog.Close(6305)</onclick>
	<onclick condition="Window.IsVisible(Home)">Skin.SetString(submenu_action,$VAR[value_menu30508.action])</onclick>
	<visible>![IsEmpty(skin.string(menu30508.master)) | SubString(skin.string(menu30508.visible),off)] | Window.IsVisible(6000)</visible>
	</item>
	<item>
	<label fallback="31014">$VAR[value_menu30509.label]</label>
	<property name="condition">$INFO[skin.string(menu30509.visible)]</property>
	<property name="name">menu30509</property>
	<property name="id">$INFO[skin.string(menu30509.master)]</property>
	<onclick condition="Window.IsVisible(6000)">SetFocus(5000)</onclick>
	<onclick condition="Window.IsVisible(Home)">Dialog.Close(6305)</onclick>
	<onclick condition="Window.IsVisible(Home)">Skin.SetString(submenu_action,$VAR[value_menu30509.action])</onclick>
	<visible>![IsEmpty(skin.string(menu30509.master)) | SubString(skin.string(menu30509.visible),off)] | Window.IsVisible(6000)</visible>
	</item>
	<item>
	<label fallback="31014">$VAR[value_menu30510.label]</label>
	<property name="condition">$INFO[skin.string(menu30510.visible)]</property>
	<property name="name">menu30510</property>
	<property name="id">$INFO[skin.string(menu30510.master)]</property>
	<onclick condition="Window.IsVisible(6000)">SetFocus(5000)</onclick>
	<onclick condition="Window.IsVisible(Home)">Dialog.Close(6305)</onclick>
	<onclick condition="Window.IsVisible(Home)">Skin.SetString(submenu_action,$VAR[value_menu30510.action])</onclick>
	<visible>![IsEmpty(skin.string(menu30510.master)) | SubString(skin.string(menu30510.visible),off)] | Window.IsVisible(6000)</visible>
	</item>
	<item>
	<label fallback="31014">$VAR[value_menu30511.label]</label>
	<property name="condition">$INFO[skin.string(menu30511.visible)]</property>
	<property name="name">menu30511</property>
	<property name="id">$INFO[skin.string(menu30511.master)]</property>
	<onclick condition="Window.IsVisible(6000)">SetFocus(5000)</onclick>
	<onclick condition="Window.IsVisible(Home)">Dialog.Close(6305)</onclick>
	<onclick condition="Window.IsVisible(Home)">Skin.SetString(submenu_action,$VAR[value_menu30511.action])</onclick>
	<visible>![IsEmpty(skin.string(menu30511.master)) | SubString(skin.string(menu30511.visible),off)] | Window.IsVisible(6000)</visible>
	</item>
	<item>
	<label fallback="31014">$VAR[value_menu30512.label]</label>
	<property name="condition">$INFO[skin.string(menu30512.visible)]</property>
	<property name="name">menu30512</property>
	<property name="id">$INFO[skin.string(menu30512.master)]</property>
	<onclick condition="Window.IsVisible(6000)">SetFocus(5000)</onclick>
	<onclick condition="Window.IsVisible(Home)">Dialog.Close(6305)</onclick>
	<onclick condition="Window.IsVisible(Home)">Skin.SetString(submenu_action,$VAR[value_menu30512.action])</onclick>
	<visible>![IsEmpty(skin.string(menu30512.master)) | SubString(skin.string(menu30512.visible),off)] | Window.IsVisible(6000)</visible>
	</item>
	<item>
	<label fallback="31014">$VAR[value_menu30513.label]</label>
	<property name="condition">$INFO[skin.string(menu30513.visible)]</property>
	<property name="name">menu30513</property>
	<property name="id">$INFO[skin.string(menu30513.master)]</property>
	<onclick condition="Window.IsVisible(6000)">SetFocus(5000)</onclick>
	<onclick condition="Window.IsVisible(Home)">Dialog.Close(6305)</onclick>
	<onclick condition="Window.IsVisible(Home)">Skin.SetString(submenu_action,$VAR[value_menu30513.action])</onclick>
	<visible>![IsEmpty(skin.string(menu30513.master)) | SubString(skin.string(menu30513.visible),off)] | Window.IsVisible(6000)</visible>
	</item>
	<item>
	<label fallback="31014">$VAR[value_menu30514.label]</label>
	<property name="condition">$INFO[skin.string(menu30514.visible)]</property>
	<property name="name">menu30514</property>
	<property name="id">$INFO[skin.string(menu30514.master)]</property>
	<onclick condition="Window.IsVisible(6000)">SetFocus(5000)</onclick>
	<onclick condition="Window.IsVisible(Home)">Dialog.Close(6305)</onclick>
	<onclick condition="Window.IsVisible(Home)">Skin.SetString(submenu_action,$VAR[value_menu30514.action])</onclick>
	<visible>![IsEmpty(skin.string(menu30514.master)) | SubString(skin.string(menu30514.visible),off)] | Window.IsVisible(6000)</visible>
	</item>
	<item>
	<label fallback="31014">$VAR[value_menu30515.label]</label>
	<property name="condition">$INFO[skin.string(menu30515.visible)]</property>
	<property name="name">menu30515</property>
	<property name="id">$INFO[skin.string(menu30515.master)]</property>
	<onclick condition="Window.IsVisible(6000)">SetFocus(5000)</onclick>
	<onclick condition="Window.IsVisible(Home)">Dialog.Close(6305)</onclick>
	<onclick condition="Window.IsVisible(Home)">Skin.SetString(submenu_action,$VAR[value_menu30515.action])</onclick>
	<visible>![IsEmpty(skin.string(menu30515.master)) | SubString(skin.string(menu30515.visible),off)] | Window.IsVisible(6000)</visible>
	</item>
	</content>
	</control>
	<include condition="Window.IsVisible(6000)">Glass</include>
	</control>
	</control>
	</controls>
</window>