<?xml version="1.0" encoding="UTF-8"?>
<window id="140"><!-- Aeon MQ 6 -->
	<defaultcontrol always="true">9</defaultcontrol>
	<controls>
	<control type="multiimage">
	<include>HomeBG</include>
	<imagepath background="true">$VAR[value_menutheme_settings]</imagepath>
	</control>
	<control type="image">
	<include>HomeBG</include>
	<texture background="true">$INFO[ListItem.Property(Fanart_Image)]</texture>
	<include>Animation_Fade</include>
	<visible>!Skin.HasSetting(noAddonfanart)</visible>
	</control>
	<control type="group"><!-- default group -->
	<include>Animation_Window</include>
	<include>SettingsBack</include>
	<control type="label" id="20">
	<include>SettingsContentTitle</include>
	<label>-</label>
	</control>
	<control type="grouplist" id="2"><!-- Menu da direita -->
	<left>240</left>
	<top>120</top>
	<width>1040</width>
	<height>494</height>
	<itemgap>0</itemgap>
	<pagecontrol>30</pagecontrol>
	<onup>10</onup>
	<ondown>10</ondown>
	<onleft>9</onleft>
	<onright>30</onright>
	</control>
	<control type="scrollbar" id="30">
	<left>1190</left>
	<top>120</top>
	<height>420</height>
	<onleft>2</onleft>
	<onright>10</onright>
	</control>
	<control type="button" id="13">
	<left>0</left>
	<top>0</top>
	<width>239</width>
	<height>40</height>
	<textoffsety>8</textoffsety>
	<textoffsetx>20</textoffsetx>
	<align>left</align>
	<aligny>top</aligny>
	<font>Font_20</font>
	<texturefocus>settings_button.png</texturefocus>
	<texturenofocus>-</texturenofocus>
	<textcolor>FF101010</textcolor>
	<focusedcolor>FFFFFAF0</focusedcolor>
	<selectedcolor>FFFFFFFF</selectedcolor>
	<colordiffuse>$VAR[value_texturecolor]</colordiffuse>
	<animation effect="fade" end="85" condition="true">Conditional</animation>
	<pulseonselect>no</pulseonselect>
	</control>
	<control type="button" id="3">
	</control>
	<control type="radiobutton" id="4">
	</control>
	<control type="spincontrolex" id="5">
	<subtype>text</subtype>
	</control>
	<control type="image" id="6">
	<height>2</height>
	<texture>-</texture>
	</control>
	<control type="label" id="7">
	<textoffsetx>50</textoffsetx>
	<height>40</height>
	<font>Font_20</font>
	<label>-</label>
	<textcolor>$VAR[value_headercolor]</textcolor>
	<align>left</align>
	<aligny>center</aligny>
	</control>
	<control type="sliderex" id="8">
	<textoffsetx>50</textoffsetx>
	</control>
	<control type="image">
	<left>240</left>
	<top>622</top>
	<width>1040</width>
	<height>40</height>
	<texture>darkgrey.png</texture>
	<colordiffuse>$VAR[value_texturecolor]</colordiffuse>
	<animation effect="fade" end="85" condition="true">Conditional</animation>
	</control>
	<control type="grouplist" id="9001">
	<left>240</left>
	<top>622</top>
	<itemgap>0</itemgap>
	<onup>2</onup>
	<ondown>2</ondown>
	<orientation>horizontal</orientation>
	<control type="button" id="10"><!-- OK -->
	<include>SettingsBottomButton</include>
	<label>186</label>
	</control>
	<control type="button" id="11"><!-- Cancel -->
	<include>SettingsBottomButton</include>
	<label>222</label>
	</control>
	<control type="button" id="12"><!-- Defaults -->
	<include>SettingsBottomButton</include>
	<label>409</label>
	</control>
	</control>
	<include>RSS</include>
	<include>SettingsMenu</include><!-- Menu da esquerda -->
	<include>Date</include>
	<control type="label">
	<include>SettingsSectionTitle</include>
	<label>31202</label>
	</control>
	<control type="grouplist" id="9"><!-- Button Section -->
	<left>0</left>
	<top>120</top>
	<width>240</width>
	<height>660</height>
	<orientation>vertical</orientation>
	<itemgap>0</itemgap>
	<onup>9</onup>
	<ondown>9</ondown>
	<onleft>10</onleft>
	<onright>2</onright>
	</control>
	</control>
	<control type="image">
	<left>0</left>
	<top>0</top>
	<width>250</width>
	<height>720</height>
	<texture background="true">menu_glass.png</texture>
	<colordiffuse>70FFFAF0</colordiffuse>
	</control>
	</controls>
</window>