<?xml version="1.0" encoding="UTF-8"?>
<window id="101"><!-- Aeon MQ 6 -->
	<controls>
	<control type="group">
	<include>Animation_TopDialogPopup</include>
	<include>Dialogs_TripleBar</include>
	<control type="progress">
	<top>28</top>
	<include>Dialogs_Progress</include>
	<info>System.Progressbar</info>
	</control>
	<control type="label" id="1">
	<left>0</left>
	<top>0</top>
	<width>0</width>
	<height>0</height>
	<font>-</font>
	<visible>false</visible>
	</control>
	<control type="label">
	<left>440</left>
	<top>4</top>
	<width>400</width>
	<height>20</height>
	<align>center</align>
	<textcolor>$VAR[value_headercolor]</textcolor>
	<font>Font_18A</font>
	<scroll>true</scroll>
	<label>$INFO[Control.GetLabel(1)] [COLOR=FFFFFAF0]$INFO[System.Progressbar,- ,%][/COLOR]</label>
	</control>
	<control type="textbox" id="9">
	<left>10</left>
	<top>34</top>
	<width>1260</width>
	<height>45</height>
	<align>left</align>
	<textcolor>FFFFFAF0</textcolor>
	<font>Font_17</font>
	<autoscroll time="3000" delay="4000" repeat="5000">true</autoscroll>
	</control>
	</control>
	</controls>
</window>