<?xml version="1.0" encoding="UTF-8"?>
<window><!-- Aeon MQ 6 -->
	<defaultcontrol always="true">20</defaultcontrol>
	<zorder>2</zorder>
	<coordinates>
	<system>1</system>
	<left>0</left>
	<top>0</top>
	</coordinates>
	<include>Animation_DialogPopup</include>
	<controls>
	<control type="group">
	<left>206</left>
	<top>190</top>
	<width>869</width>
	<height>317</height>
	<visible>!Window.IsActive(addonsettings)</visible>
	<control type="image">
	<left>0</left>
	<top>0</top>
	<width>847</width>
	<height>1</height>
	<texture>grey.png</texture>
	</control>
	<control type="image">
	<left>0</left>
	<top>327</top>
	<width>847</width>
	<height>1</height>
	<texture>grey.png</texture>
	</control>
	<control type="image">
	<left>0</left>
	<top>0</top>
	<width>847</width>
	<height>328</height>
	<texture>darkgrey.png</texture>
	<colordiffuse>F0FFFFFF</colordiffuse>
	</control>

	<!-- Scraper List -->
	<control type="list" id="21">
	<left>503</left>
	<top>35</top>
	<width>180</width>
	<height>246</height>
	<onup>21</onup>
	<ondown>21</ondown>
	<onleft>20</onleft>
	<onright>28</onright>
	<scrolltime>200</scrolltime>
	<itemlayout height="41">
	<control type="image">
	<left>5</left>
	<top>5</top>
	<width>35</width>
	<height>30</height>
	<texture background="true">$INFO[Listitem.Icon]</texture>
	</control>
	<control type="label">
	<left>45</left>
	<top>-1</top>
	<width>122</width>
	<height>41</height>
	<textcolor>FFFFFAF0</textcolor>
	<selectedcolor>FFFF8C00</selectedcolor>
	<aligny>center</aligny>
	<font>Font_15</font>
	<align>left</align>
	<info>ListItem.Label</info>
	</control>
	</itemlayout>
	<focusedlayout height="41">
	<control type="image">
	<left>0</left>
	<top>0</top>
	<width>180</width>
	<height>41</height>
	<texture>grey.png</texture>
	<colordiffuse>90FFFFFF</colordiffuse>
	<visible>Control.HasFocus(21)</visible>
	</control>
	<control type="image">
	<left>5</left>
	<top>5</top>
	<width>35</width>
	<height>30</height>
	<texture background="true">$INFO[Listitem.Icon]</texture>
	</control>
	<control type="label">
	<left>45</left>
	<top>-1</top>
	<width>122</width>
	<height>41</height>
	<textcolor>FFbbbbbb</textcolor>
	<selectedcolor>FFFF8C00</selectedcolor>
	<aligny>center</aligny>
	<font>Font_15</font>
	<align>left</align>
	<info>ListItem.Label</info>
	<visible>!Control.HasFocus(21)</visible>
	</control>
	<control type="label">
	<left>45</left>
	<top>-1</top>
	<width>122</width>
	<height>41</height>
	<textcolor>FF101010</textcolor>
	<selectedcolor>FFFF8C00</selectedcolor>
	<aligny>center</aligny>
	<font>Font_15</font>
	<align>left</align>
	<info>ListItem.Label</info>
	<visible>Control.HasFocus(21)</visible>
	</control>
	</focusedlayout>
	</control>
	<control type="image">
	<left>-30</left>
	<top>0</top>
	<width>30</width>
	<height>328</height>
	<texture flipx="true">shadow.png</texture>
	<colordiffuse>C3FFFFFF</colordiffuse>
	</control>
	<control type="image">
	<left>499</left>
	<top>0</top>
	<width>30</width>
	<height>328</height>
	<texture>shadow.png</texture>
	<colordiffuse>C3FFFFFF</colordiffuse>
	</control>
	<control type="image">
	<left>0</left>
	<top>0</top>
	<width>499</width>
	<height>328</height>
	<texture>black.png</texture>
	<colordiffuse>90FFFFFF</colordiffuse>
	</control>

	<control type="image">
	<left>0</left>
	<top>0</top>
	<width>499</width>
	<height>32</height>
	<texture>black.png</texture>
	<colordiffuse>90FFFFFF</colordiffuse>
	</control>
	<control type="label" id="0"><!-- header -->
	<left>20</left>
	<top>0</top>
	<width>480</width>
	<height>32</height>
	<align>left</align>
	<aligny>center</aligny>
	<textcolor>$VAR[value_headercolor]</textcolor>
	<font>Font_18</font>
	<label>$LOCALIZE[20333]</label>
	</control>

	<!-- Content Button -->
	<control type="spincontrolex" id="20">
	<left>0</left>
	<top>35</top>
	<width>499</width>
	<height>41</height>
	<font>Font_18A</font>
	<focusedcolor>FF101010</focusedcolor>
	<texturefocus>grey.png</texturefocus>
	<texturenofocus>-</texturenofocus>
	<pulseonselect>false</pulseonselect>
	<spinposx>-4</spinposx>
	<textoffsetx>-10</textoffsetx>
	<onup>5</onup>
	<ondown>5</ondown>
	<onleft>28</onleft>
	<onright>21</onright>
	<aligny>center</aligny>
	<subtype>text</subtype>
	</control>
	<control type="label" id="1">
	<description>directory contains label</description>
	<left>20</left>
	<top>35</top>
	<width>504</width>
	<height>41</height>
	<label>$LOCALIZE[20333]</label>
	<font>Font_18A</font>
	<textcolor>FFFFFAF0</textcolor>
	<aligny>center</aligny>
	<visible>!Control.HasFocus(20)</visible>
	</control>
	<control type="label" id="1">
	<description>directory contains label</description>
	<left>20</left>
	<top>35</top>
	<width>504</width>
	<height>41</height>
	<label>$LOCALIZE[20333]</label>
	<font>Font_18A</font>
	<textcolor>FF101010</textcolor>
	<aligny>center</aligny>
	<visible>Control.HasFocus(20)</visible>
	</control>

	<!-- Content List -->
	<control type="grouplist" id="5">
	<description>control area</description>
	<left>0</left>
	<top>76</top>
	<width>499</width>
	<height>205</height>
	<itemgap>0</itemgap>
	<onup>20</onup>
	<ondown>20</ondown>
	<onleft>28</onleft>
	<onright>21</onright>
	</control>
	<control type="button" id="7">
	<left>0</left>
	<top>0</top>
	<height>41</height>
	<font>Font_18A</font>
	<textoffsetx>10</textoffsetx>
	</control>
	<control type="radiobutton" id="8">
	<left>0</left>
	<top>0</top>
	<width>499</width>
	<height>41</height>
	<textwidth>400</textwidth>
	<font>Font_18A</font>
	<textcolor>FFFFFAF0</textcolor>
	<focusedcolor>FF101010</focusedcolor>
	<pulseonselect>false</pulseonselect>
	<radiowidth>94</radiowidth>
	<radioposx>416</radioposx>
	<radioheight>65</radioheight>
	<textoffsetx>20</textoffsetx>
	<aligny>center</aligny>
	</control>

	<!-- Options -->
	<control type="image">
	<left>653</left>
	<top>0</top>
	<width>30</width>
	<height>328</height>
	<texture flipx="true">shadow.png</texture>
	<colordiffuse>C3FFFFFF</colordiffuse>
	</control>
	<control type="image">
	<left>846</left>
	<top>0</top>
	<width>30</width>
	<height>328</height>
	<texture>shadow.png</texture>
	<colordiffuse>C3FFFFFF</colordiffuse>
	</control>
	<control type="image">
	<left>683</left>
	<top>0</top>
	<width>163</width>
	<height>328</height>
	<texture>grey.png</texture>
	<colordiffuse>90FFFFFF</colordiffuse>
	</control>
	<control type="grouplist" id="9000">
	<left>683</left>
	<top>42</top>
	<onleft>SetFocus(20)</onleft>
	<onright>SetFocus(20)</onright>
	<control type="button" id="28"><!-- OK -->
	<include>SettingsDialogButton</include>
	<label>186</label>
	<onleft>SetFocus(20)</onleft>
	<onright>SetFocus(20)</onright>
	</control>
	<control type="button" id="29"><!-- Cancel -->
	<include>SettingsDialogButton</include>
	<label>222</label>
	<onleft>SetFocus(20)</onleft>
	<onright>SetFocus(20)</onright>
	</control>
	<control type="button" id="22"><!-- Settings -->
	<include>SettingsDialogButton</include>
	<label>5</label>
	<onleft>SetFocus(20)</onleft>
	<onright>SetFocus(20)</onright>
	</control>
	</control>
	</control>
	</controls>
</window>