<?xml version="1.0" encoding="UTF-8"?>
<window id="129"><!-- Aeon MQ 6 -->
	<defaultcontrol>11</defaultcontrol>
	<zorder>3</zorder>
	<coordinates>
	<system>1</system>
	<left>0</left>
	<top>0</top>
	</coordinates>
	<include>Animation_DialogPopup</include>
	<controls>
	<control type="group">
	<left>217</left>
	<top>190</top>
	<width>847</width>
	<height>328</height>
	<visible>!Window.isVisible(132)</visible>
	<control type="image">
	<left>0</left>
	<top>0</top>
	<width>847</width>
	<height>1</height>
	<texture>grey.png</texture>
	</control>
	<control type="image">
	<left>0</left>
	<top>327</top>
	<width>847</width>
	<height>1</height>
	<texture>grey.png</texture>
	</control>
	<control type="image">
	<left>-30</left>
	<top>0</top>
	<width>30</width>
	<height>328</height>
	<texture flipx="true">shadow.png</texture>
	<colordiffuse>C3FFFFFF</colordiffuse>
	</control>
	<control type="image">
	<left>0</left>
	<top>0</top>
	<width>847</width>
	<height>328</height>
	<texture>darkgrey.png</texture>
	<colordiffuse>F0FFFFFF</colordiffuse>
	</control>
	<control type="list" id="10">
	<left>40</left>
	<top>53</top>
	<width>605</width>
	<height>164</height>
	<onup>12</onup>
	<ondown>12</ondown>
	<onleft>noop</onleft>
	<onright>SetFocus(11)</onright>
	<scrolltime>0</scrolltime>
	<itemlayout height="41">
	<control type="label">
	<left>5</left>
	<top>0</top>
	<width>605</width>
	<height>32</height>
	<font>Font_18A</font>
	<aligny>center</aligny>
	<textcolor>60FFFAF0</textcolor>
	<selectedcolor>$VAR[value_headercolor]</selectedcolor>
	<align>left</align>
	<info>ListItem.Label</info>
	</control>
	</itemlayout>
	<focusedlayout height="41">
	<control type="label">
	<left>5</left>
	<top>0</top>
	<width>605</width>
	<height>32</height>
	<font>Font_18A</font>
	<aligny>center</aligny>
	<textcolor>$VAR[value_headercolor]</textcolor>
	<selectedcolor>FFFFFAF0</selectedcolor>
	<align>left</align>
	<info>ListItem.Label</info>
	</control>
	</focusedlayout>
	</control>
	<control type="image">
	<left>0</left>
	<top>39</top>
	<width>682</width>
	<height>1</height>
	<texture>black.png</texture>
	</control>
	<control type="image">
	<left>0</left>
	<top>0</top>
	<width>682</width>
	<height>40</height>
	<texture>black.png</texture>
	<colordiffuse>90FFFFFF</colordiffuse>
	</control>
	<control type="label" id="0"><!-- header -->
	<left>10</left>
	<top>6</top>
	<width>673</width>
	<height>28</height>
	<align>center</align>
	<aligny>center</aligny>
	<textcolor>$VAR[value_headercolor]</textcolor>
	<font>Font_18</font>
	<label>31348</label>
	</control>
	<control type="image">
	<left>0</left>
	<top>259</top>
	<width>682</width>
	<height>1</height>
	<texture>black.png</texture>
	</control>
	<control type="image">
	<left>0</left>
	<top>220</top>
	<width>682</width>
	<height>40</height>
	<texture>black.png</texture>
	<colordiffuse>90FFFFFF</colordiffuse>
	</control>
	<control type="label" id="0"><!-- header folder name -->
	<left>10</left>
	<top>225</top>
	<width>673</width>
	<height>28</height>
	<align>center</align>
	<aligny>center</aligny>
	<textcolor>$VAR[value_headercolor]</textcolor>
	<font>Font_18</font>
	<label>31349</label>
	</control>
	<control type="image"><!-- Options -->
	<left>653</left>
	<top>0</top>
	<width>30</width>
	<height>328</height>
	<texture flipx="true">shadow.png</texture>
	<colordiffuse>C3FFFFFF</colordiffuse>
	</control>
	<control type="image">
	<left>846</left>
	<top>0</top>
	<width>30</width>
	<height>328</height>
	<texture>shadow.png</texture>
	<colordiffuse>C3FFFFFF</colordiffuse>
	</control>
	<control type="image">
	<left>683</left>
	<top>0</top>
	<width>163</width>
	<height>328</height>
	<texture>grey.png</texture>
	<colordiffuse>90FFFFFF</colordiffuse>
	</control>
	<control type="grouplist" id="9000">
	<left>683</left>
	<top>42</top>
	<control type="button" id="11"><!-- Browse -->
	<include>SettingsDialogButton</include>
	<label>1024</label>
	<onleft>SetFocus(4057)</onleft>
	<onright>SetFocus(4057)</onright>
	</control>
	<control type="button" id="13"><!-- Add -->
	<include>SettingsDialogButton</include>
	<label>15019</label>
	</control>
	<control type="button" id="14"><!-- Remove -->
	<include>SettingsDialogButton</include>
	<label>1210</label>
	</control>
	<control type="button" id="19"><!-- Cancel -->
	<include>SettingsDialogButton</include>
	<label>222</label>
	<align>left</align>
	</control>
	<control type="button" id="18"><!-- OK -->
	<include>SettingsDialogButton</include>
	<label>186</label>
	<onleft>SetFocus(4058)</onleft>
	<onright>SetFocus(4058)</onright>
	</control>
	</control>

	<control type="button" id="4057">
	<include>InvisibleButton</include>
	<onfocus>SetFocus(10)</onfocus>
	</control>
	<control type="button" id="4058">
	<include>InvisibleButton</include>
	<onfocus>SetFocus(12)</onfocus>
	</control>

	<control type="edit" id="12"><!-- name -->
	<left>18</left>
	<top>265</top>
	<width>653</width>
	<height>44</height>
	<font>Font_18</font>
	<align>center</align>
	<aligny>center</aligny>
	<texturefocus>-</texturefocus>
	<texturenofocus>-</texturenofocus>
	<textcolor>80FFFAF0</textcolor>
	<focusedcolor>FFFFFAF0</focusedcolor>
	<label>-</label>
	<onup>10</onup>
	<onleft>18</onleft>
	<onright>18</onright>
	<ondown>10</ondown>
	</control>
	</control>
	</controls>
</window>