<?xml version="1.0" encoding="UTF-8"?>
<window type="dialog" id="2000"><!-- Aeon MQ 6 -->
	<defaultcontrol>3</defaultcontrol>
	<zorder>3</zorder>
	<coordinates>
	<left>0</left>
	<top>0</top>
	</coordinates>
	<controls>
	<control type="image">
	<include>WindowBG</include>
	<texture fallback="special://skin/backgrounds/settings.jpg" background="true">$INFO[skin.string(settings.bg)]</texture>
	</control>
	<control type="group"><!-- default group -->
	<include>Animation_Fade</include>
	<control type="group"><!-- right group -->
	<left>50</left>
	<animation effect="slide" start="600,0" end="0,0" time="1000" tween="cubic" easing="out">WindowOpen</animation>
	<animation effect="slide" start="0,0" end="600,0" time="1000" tween="cubic" easing="out">WindowClose</animation>
	<animation effect="slide" start="800,0" end="0,0" time="1000" tween="cubic" easing="out">Visible</animation>
	<animation effect="fade" start="100" end="0" time="400">Hidden</animation>
	<control type="image">
	<left>805</left>
	<top>46</top>
	<width>425</width>
	<height>30</height>
	<texture>shadow_h.png</texture>
	<colordiffuse>C3FFFFFF</colordiffuse>
	</control>
	<control type="image">
	<left>805</left>
	<top>75</top>
	<width>425</width>
	<height>645</height>
	<texture>black.png</texture>
	<colordiffuse>C3FFFFFF</colordiffuse>
	</control>
	<control type="image">
	<left>805</left>
	<top>453</top>
	<width>425</width>
	<height>268</height>
	<texture>black.png</texture>
	<colordiffuse>90FFFFFF</colordiffuse>
	</control>
	<control type="image">
	<left>840</left>
	<top>95</top>
	<width>360</width>
	<height>360</height>
	<fadetime>FanartCrossFadeTime</fadetime>
	<texture fallback="DefaultVideoPoster.png" background="true">$VAR[value_dialogselect_icon]</texture>
	<aspectratio aligny="bottom">keep</aspectratio>
	<bordertexture border="-2">black.png</bordertexture>
	</control>
	<control type="image">
	<left>840</left>
	<top>460</top>
	<width>360</width>
	<height>360</height>
	<fadetime>FanartCrossFadeTime</fadetime>
	<texture flipy="true" diffuse="thumb_reflect.png" fallback="DefaultVideoPoster.png" background="true">$VAR[value_dialogselect_icon]</texture>
	<aspectratio aligny="top">keep</aspectratio>
	<bordertexture flipy="true" border="-2" diffuse="thumb_reflect.png">black.png</bordertexture>
	</control>
	<control type="textbox">
	<left>852</left>
	<top>463</top>
	<width>337</width>
	<height>175</height>
	<font>Font_18A</font>
	<label>$INFO[Container(6).ListItem.Property(Addon.Description)]</label>
	<autoscroll delay="8000" time="2000" repeat="8000">!Skin.HasSetting(noallowscroll)</autoscroll>
	</control>
	</control>

	<control type="group"><!-- left group -->
	<animation effect="slide" start="-800,0" end="0,0" time="700" tween="cubic" easing="out">WindowOpen</animation>
	<animation effect="slide" start="0,0" end="-800,0" time="700" tween="cubic" easing="out">WindowClose</animation>
	<animation effect="slide" start="-800,0" end="0,0" time="700" tween="cubic" easing="out">Visible</animation>
	<animation effect="fade" start="100" end="0" time="200">Hidden</animation>
	<control type="image">
	<left>0</left>
	<top>46</top>
	<width>855</width>
	<height>30</height>
	<texture>shadow_h.png</texture>
	<colordiffuse>C3FFFFFF</colordiffuse>
	</control>
	<control type="image">
	<left>855</left>
	<top>75</top>
	<width>30</width>
	<height>645</height>
	<texture>shadow.png</texture>
	<colordiffuse>C3FFFFFF</colordiffuse>
	</control>
	<control type="image">
	<left>0</left>
	<top>75</top>
	<width>855</width>
	<height>645</height>
	<texture>black.png</texture>
	<colordiffuse>C3FFFFFF</colordiffuse>
	</control>
	<control type="image">
	<left>0</left>
	<top>75</top>
	<width>855</width>
	<height>60</height>
	<texture>black.png</texture>
	<colordiffuse>90FFFFFF</colordiffuse>
	</control>
	<control type="label" id="1"><!-- header label -->
	<left>45</left>
	<top>91</top>
	<width>771</width>
	<height>23</height>
	<font>Font_23</font>
	<textcolor>80FFFAF0</textcolor>
	</control>
	<control type="list" id="3"><!-- Common List -->
	<viewtype label="31801">list</viewtype>
	<left>0</left>
	<top>158</top>
	<width>855</width>
	<height>470</height>
	<pagecontrol>61</pagecontrol>
	<onleft>5</onleft>
	<onright>5</onright>
	<onup>3</onup>
	<ondown>3</ondown>
	<orientation>vertical</orientation>
	<scrolltime>450</scrolltime>
	<preloaditems>2</preloaditems>
	<itemlayout height="40">
	<control type="image">
	<left>10</left>
	<top>39</top>
	<width>835</width>
	<height>1</height>
	<texture>line.png</texture>
	</control>
	<control type="label">
	<left>45</left>
	<top>0</top>
	<width>760</width>
	<height>41</height>
	<font>Font_23</font>
	<aligny>center</aligny>
	<include>listcolor</include>
	<info>ListItem.Label</info>
	</control>
	</itemlayout>
	<focusedlayout height="40">
	<control type="image">
	<left>0</left>
	<top>0</top>
	<height>40</height>
	<width>855</width>
	<texture>settings_button_focus.png</texture>
	<animation effect="fade" start="100" end="50" time="0" condition="!Control.Hasfocus(3)">conditional</animation>
	</control>
	<control type="label">
	<left>45</left>
	<top>0</top>
	<width>760</width>
	<height>41</height>
	<font>Font_23</font>
	<aligny>center</aligny>
	<include>listcolorfocus</include>
	<label>$INFO[ListItem.Label]</label>
	</control>
	</focusedlayout>
	</control>

	<control type="list" id="6"><!-- Addon List -->
	<viewtype label="31801">list</viewtype>
	<left>0</left>
	<top>158</top>
	<width>855</width>
	<height>470</height>
	<pagecontrol>61</pagecontrol>
	<onleft>5</onleft>
	<onright>5</onright>
	<onup>6</onup>
	<ondown>6</ondown>
	<orientation>vertical</orientation>
	<scrolltime>450</scrolltime>
	<preloaditems>2</preloaditems>
	<animation effect="fade" start="100" end="50" time="200" condition="!Control.HasFocus(6)">Conditional</animation>
	<itemlayout height="65">
	<control type="image">
	<left>10</left>
	<top>64</top>
	<width>835</width>
	<height>1</height>
	<texture>line.png</texture>
	</control>
	<control type="label">
	<left>45</left>
	<top>0</top>
	<width>760</width>
	<height>41</height>
	<font>Font_23</font>
	<aligny>center</aligny>
	<include>listcolor</include>
	<label>$INFO[ListItem.Label]</label>
	</control>
	<control type="label">
	<left>45</left>
	<top>35</top>
	<height>16</height>
	<width>760</width>
	<font>Font_18A</font>
	<align>left</align>
	<aligny>center</aligny>
	<include>subcolor</include>
	<label>[COLOR=$VAR[value_headercolor]]$LOCALIZE[21864]:[/COLOR] $INFO[ListItem.Label2]</label>
	<visible>IsEmpty(ListItem.Property(Addon.Creator))</visible>
	</control>
	<control type="label">
	<left>45</left>
	<top>35</top>
	<height>16</height>
	<width>760</width>
	<font>Font_18A</font>
	<align>left</align>
	<aligny>center</aligny>
	<include>subcolor</include>
	<label>[COLOR=$VAR[value_headercolor]]$LOCALIZE[24051][/COLOR] $INFO[ListItem.Property(Addon.Version)] - [COLOR=$VAR[value_headercolor]]$LOCALIZE[21863]:[/COLOR] $INFO[ListItem.Property(Addon.Creator)] - [COLOR=$VAR[value_headercolor]]$LOCALIZE[20037]:[/COLOR] $INFO[ListItem.Property(Addon.Summary)]</label>
	<visible>!IsEmpty(ListItem.Property(Addon.Creator))</visible>
	</control>
	</itemlayout>
	<focusedlayout height="65">
	<control type="image">
	<left>0</left>
	<top>0</top>
	<width>855</width>
	<height>65</height>
	<texture>settings_button_focus.png</texture>
	<animation effect="fade" start="100" end="50" time="0" condition="!Control.Hasfocus(6)">conditional</animation>
	</control>
	<control type="label">
	<left>45</left>
	<top>0</top>
	<width>760</width>
	<height>41</height>
	<font>Font_23</font>
	<aligny>center</aligny>
	<include>listcolorfocus</include>
	<label>$INFO[ListItem.Label]</label>
	</control>
	<control type="label">
	<left>45</left>
	<top>35</top>
	<width>760</width>
	<height>16</height>
	<font>Font_18A</font>
	<align>left</align>
	<aligny>center</aligny>
	<include>subcolorfocus</include>
	<label>[COLOR=$VAR[value_headercolorfocus]]$LOCALIZE[21864]:[/COLOR] $INFO[ListItem.Label2]</label>
	<visible>IsEmpty(ListItem.Property(Addon.Creator))</visible>
	</control>
	<control type="label">
	<left>45</left>
	<top>35</top>
	<width>760</width>
	<height>16</height>
	<font>Font_18A</font>
	<align>left</align>
	<aligny>center</aligny>
	<include>subcolorfocus</include>
	<label>[COLOR=$VAR[value_headercolorfocus]]$LOCALIZE[24051][/COLOR] $INFO[ListItem.Property(Addon.Version)] - [COLOR=$VAR[value_headercolorfocus]]$LOCALIZE[21863]:[/COLOR] $INFO[ListItem.Property(Addon.Creator)] - [COLOR=$VAR[value_headercolorfocus]]$LOCALIZE[20037]:[/COLOR] $INFO[ListItem.Property(Addon.Summary)]</label>
	<visible>!IsEmpty(ListItem.Property(Addon.Creator))</visible>
	</control>
	</focusedlayout>
	</control>

	<!-- ScrollBar -->
	<control type="scrollbar" id="61">
	<include>ScrollBar_Vertical</include>
	<left>215</left>
	<top>140</top>
	<height>318</height>
	<onleft>3</onleft>
	<onright>3</onright>
	<ondown>61</ondown>
	<onup>61</onup>
	<visible allowhiddenfocus="true">Control.HasFocus(61)</visible>
	</control>
	<control type="button" id="5">
	<description>Manual Button</description>
	<left>600</left>
	<top>630</top>
	<width>210</width>
	<height>35</height>
	<label>186</label>
	<texturenofocus>-</texturenofocus>
	<texturefocus>-</texturefocus>
	<textcolor>FF505050</textcolor>
	<focusedcolor>FFFFFFFF</focusedcolor>
	<font>Font_20</font>
	<align>right</align>
	<aligny>center</aligny>
	<onleft>3</onleft>
	<onright>3</onright>
	<onup>3</onup>
	<ondown>3</ondown>
	</control>
	<include>MultiData</include>
	</control>
	</control>
	</controls>
</window>