<?xml version="1.0" encoding="UTF-8"?>
<window id="146"><!-- Aeon MQ 6 -->
	<defaultcontrol always="true">9000</defaultcontrol>
	<controls>
	<control type="multiimage">
	<include>HomeBG</include>
	<imagepath background="true">$VAR[value_menutheme_settings]</imagepath>
	</control>
	<control type="image">
	<include>HomeBG</include>
	<texture background="true">$INFO[ListItem.Property(Fanart_Image)]</texture>
	<include>Animation_Fade</include>
	<visible>!Skin.HasSetting(noAddonfanart)</visible>
	</control>
	<control type="group"><!-- default group -->
	<include>Animation_Window</include>
	<include>SettingsBack</include><!-- Menu da direita -->
	<control type="label">
	<include>SettingsContentTitle</include>
	<label>$INFO[ListItem.Property(Addon.Name)]</label>
	</control>
	<control type="image">
	<left>290</left>
	<top>130</top>
	<width>140</width>
	<height>140</height>
	<texture fallback="DefaultAddon.png" background="true">$INFO[ListItem.Icon]</texture>
	<aspectratio scalediffuse="false">stretch</aspectratio>
	<bordertexture border="-2">black.png</bordertexture>
	</control>
	<control type="group">
	<left>370</left>
	<top>130</top>
	<control type="label"><!-- Type -->
	<left>110</left>
	<top>0</top>
	<width>140</width>
	<height>25</height>
	<label>$LOCALIZE[146]</label>
	<align>right</align>
	<aligny>center</aligny>
	<font>Font_18</font>
	<textcolor>$VAR[value_headercolor]</textcolor>
	</control>
	<control type="label"><!-- Type Value -->
	<left>260</left>
	<top>0</top>
	<width>550</width>
	<height>25</height>
	<label fallback="416">$INFO[ListItem.Property(Addon.Type)]</label>
	<align>left</align>
	<aligny>center</aligny>
	<font>Font_18</font>
	<scroll>true</scroll>
	</control>
	<control type="label"><!-- Author -->
	<left>110</left>
	<top>30</top>
	<width>140</width>
	<height>25</height>
	<label>$LOCALIZE[21863]:</label>
	<align>right</align>
	<aligny>center</aligny>
	<font>Font_18</font>
	<textcolor>$VAR[value_headercolor]</textcolor>
	</control>
	<control type="label"><!-- Author Value -->
	<left>260</left>
	<top>30</top>
	<width>550</width>
	<height>25</height>
	<label fallback="416">$INFO[ListItem.Property(Addon.Creator)]</label>
	<align>left</align>
	<aligny>center</aligny>
	<font>Font_18</font>
	<scroll>true</scroll>
	</control>
	<control type="label"><!-- Version -->
	<left>110</left>
	<top>60</top>
	<width>140</width>
	<height>25</height>
	<label>$LOCALIZE[24051]</label>
	<align>right</align>
	<aligny>center</aligny>
	<font>Font_18</font>
	<textcolor>$VAR[value_headercolor]</textcolor>
	</control>
	<control type="label"><!-- Version Value -->
	<left>260</left>
	<top>60</top>
	<width>550</width>
	<height>25</height>
	<label fallback="416">$INFO[ListItem.Property(Addon.Version)]</label>
	<align>left</align>
	<aligny>center</aligny>
	<font>Font_18</font>
	<scroll>true</scroll>
	</control>
	<control type="label"><!-- Rating -->
	<left>110</left>
	<top>90</top>
	<width>140</width>
	<height>25</height>
	<label>$LOCALIZE[563]:</label>
	<align>right</align>
	<aligny>center</aligny>
	<font>Font_18</font>
	<textcolor>$VAR[value_headercolor]</textcolor>
	</control>
	<control type="image"><!-- Rating value -->
	<left>235</left>
	<top>88</top>
	<width>160</width>
	<height>25</height>
	<aspectratio>keep</aspectratio>
	<align>left</align>
	<aligny>center</aligny>
	<texture>$INFO[ListItem.Property(Addon.StarRating)]</texture>
	</control>
	<control type="label"><!-- Summary -->
	<left>110</left>
	<top>120</top>
	<width>140</width>
	<height>25</height>
	<label>$LOCALIZE[20037]:</label>
	<align>right</align>
	<aligny>center</aligny>
	<font>Font_18</font>
	<textcolor>$VAR[value_headercolor]</textcolor>
	</control>
	<control type="fadelabel"><!-- Summary Value -->
	<left>260</left>
	<top>120</top>
	<width>550</width>
	<height>25</height>
	<label fallback="416">$INFO[ListItem.Property(Addon.Summary)]</label>
	<align>left</align>
	<aligny>center</aligny>
	<font>Font_18</font>
	<scrollout>false</scrollout>
	<pauseatend>2000</pauseatend>
	</control>
	<control type="label"><!-- Description -->
	<left>-80</left>
	<top>170</top>
	<width>300</width>
	<height>25</height>
	<label>$LOCALIZE[21821]:</label>
	<align>left</align>
	<aligny>center</aligny>
	<font>Font_18</font>
	<textcolor>$VAR[value_headercolor]</textcolor>
	</control>
	<control type="textbox" id="401">
	<description>Description</description>
	<left>-80</left>
	<top>195</top>
	<width>940</width>
	<height>350</height>
	<align>justify</align>
	<font>Font_18A</font>
	<label>$INFO[ListItem.Property(Addon.Description)]</label>
	<autoscroll delay="20000" time="3000" repeat="15000">!Skin.HasSetting(noallowscroll)</autoscroll>
	</control>
	</control>
	<include>RSS</include>
	<include>SettingsMenu</include><!-- Menu da esquerda -->
	<include>Date</include>
	<control type="label">
	<include>SettingsSectionTitle</include>
	<label>31202</label>
	</control>
	<control type="grouplist" id="9000">
	<left>0</left>
	<top>120</top>
	<width>240</width>
	<height>660</height>
	<orientation>vertical</orientation>
	<itemgap>0</itemgap>
	<control type="button" id="6"><!-- Enable -->
	<label>24022</label>
	<include>SettingsButton</include>
	</control>
	<control type="button" id="7"><!-- Disable -->
	<label>24021</label>
	<include>SettingsButton</include>
	</control>
	<control type="button" id="9"><!-- Settings -->
	<label>24020</label>
	<include>SettingsButton</include>
	</control>
	<control type="button" id="8"><!-- Update -->
	<label>24069</label>
	<include>SettingsButton</include>
	</control>
	<control type="button" id="12"><!-- Launch -->
	<label>518</label>
	<include>SettingsButton</include>
	</control>
	<control type="button" id="11"><!-- Rollback -->
	<label>24048</label>
	<include>SettingsButton</include>
	</control>
	<control type="button" id="10"><!-- Changelog -->
	<label>24036</label>
	<include>SettingsButton</include>
	</control>
	</control>
	<control type="image">
	<left>0</left>
	<top>0</top>
	<width>250</width>
	<height>720</height>
	<texture background="true">menu_glass.png</texture>
	<colordiffuse>70FFFAF0</colordiffuse>
	</control>
	</control>
	<include>BGBlack</include>
	</controls>
</window>
