<?xml version="1.0" encoding="UTF-8"?>
<window id="2003"><!-- Aeon MQ 6 -->
	<defaultcontrol always="true">149</defaultcontrol>
	<onload condition="Skin.HasSetting(ontvtunes) + System.HasAddon(script.tvtunes)">RunScript(script.tvtunes,backend=True)</onload>
	<onload condition="System.HasAddon(script.videoextras)">RunScript(script.videoextras,check,"$INFO[ListItem.FilenameAndPath]")</onload>
	<controls>
	<control type="group"><!-- default group -->
	<include>Animation_Window</include>
	<control type="multiimage"><!-- Multi Fanart -->
	<include>WindowBG</include>
	<imagepath background="true">$VAR[value_videofanart]</imagepath>
	</control>
	<control type="image"><!-- Single Fanart -->
	<include>WindowBG</include>
	<texture background="true">$VAR[value_defaultvideofanart]</texture>
	</control>
	<control type="multiimage" id="5020"><!-- Extra Fanart Movies/TvShows/MusicVideos -->
	<include>InvisibleButton</include>
	<imagepath background="true">$INFO[ListItem.Path]extrafanart/</imagepath>
	<visible>Container.Content(movies) + !Skin.HasSetting(trailers) + SubString(skin.string(moviesfanart),extra) | Container.Content(tvshows) + SubString(skin.string(tvshowsfanart),extra) | Container.Content(musicvideos) + SubString(skin.string(musicvideosfanart),extra)</visible>
	</control>
	<control type="multiimage" id="5021"><!-- Extra Fanart Seasons -->
	<include>InvisibleButton</include>
	<imagepath background="true">$INFO[ListItem.Path,,extrafanart/]</imagepath>
	<visible>Container.Content(seasons) + SubString(skin.string(seasonsfanart),extra)</visible>
	</control>
	<control type="multiimage" id="5022"><!-- Extra Fanart Episodes -->
	<include>InvisibleButton</include>
	<imagepath background="true">$INFO[ListItem.Path,,../extrafanart/]</imagepath>
	<visible>Container.Content(episodes) + SubString(skin.string(episodesfanart),extra)</visible>
	</control>
	<control type="image" id="5023"><!-- Season Fanart -->
	<include>InvisibleButton</include>
	<texture background="true">$INFO[ListItem.Path]$INFO[ListItem.Label,,/fanart.jpg]</texture>
	<visible>Container.Content(seasons) + SubString(skin.string(seasonsfanart),seasons)</visible>
	</control>
	<control type="image" id="5024"><!-- Season Fanart/episodes -->
	<include>InvisibleButton</include>
	<texture background="true">$INFO[ListItem.Path,,fanart.jpg]</texture>
	<visible>Container.Content(episodes) + SubString(skin.string(episodesfanart),seasons)</visible>
	</control>
	<control type="label" id="556"><!-- Controle drive externo -->
	<include>InvisibleButton</include>
	<label>$VAR[value_drive]</label>
	</control>
	<control type="image" id="557"><!-- Controle estudio -->
	<include>InvisibleButton</include>
	<texture>$INFO[ListItem.Studio,flags/studios/,.png]</texture>
	</control>
	<include>LiveBG</include>
	<control type="image">
	<left>0</left>
	<top>0</top>
	<width>1280</width>
	<height>720</height>
	<texture>black.png</texture>
	<colordiffuse>A5FFFFFF</colordiffuse>
	<include>Animation_Fade</include>
	</control>
	<control type="image">
	<left>0</left>
	<top>0</top>
	<height>150</height>
	<width>1280</width>
	<texture flipy="true">shadow_mask.png</texture>
	<colordiffuse>75000000</colordiffuse>
	</control>
	<control type="label"><!-- Title -->
	<left>30</left>
	<top>8</top>
	<width>1100</width>
	<height>40</height>
	<font>Font_40</font>
	<label>$VAR[value_videotitle]</label>
	<textcolor>FFFFFAF0</textcolor>
	<scroll>true</scroll>
	</control>
	<control type="label">
	<left>30</left>
	<top>50</top>
	<width>1100</width>
	<height>25</height>
	<font>Font_21</font>
	<label>$INFO[ListItem.Tagline]</label>
	<textcolor>FFFFFAF0</textcolor>
	<scroll>true</scroll>
	</control>
	<control type="image"><!-- Star -->
	<left>1097</left>
	<top>5</top>
	<width>155</width>
	<height>45</height>
	<info>ListItem.StarRating</info>
	<aspectratio align="left" aligny="center">keep</aspectratio>
	<colordiffuse>$VAR[value_headercolor]</colordiffuse>
	</control>
	<control type="label">
	<left>1015</left>
	<top>50</top>
	<width>235</width>
	<height>25</height>
	<align>right</align>
	<aligny>center</aligny>
	<font>Font_21</font>
	<label>[B]$INFO[ListItem.RatingAndVotes][/B]</label>
	<textcolor>FFFFFAF0</textcolor>	
	</control>
	<control type="image">
	<left>0</left>
	<top>80</top>
	<width>1280</width>
	<height>386</height>
	<texture>darkgrey.png</texture>
	<colordiffuse>$VAR[value_texturecolor]</colordiffuse>
	<include>Animation_DefaultGlass</include>
	</control>
	<control type="image">
	<left>0</left>
	<top>0</top>
	<width>1280</width>
	<height>80</height>
	<texture>gradient_small.png</texture>
	<colordiffuse>80FFFAF0</colordiffuse>
	</control>
	<control type="image"><!-- Certification -->
	<left>30</left>
	<top>69</top>
	<height>80</height>
	<width>158</width>
	<align>center</align>
	<aligny>center</aligny>
	<aspectratio>keep</aspectratio>
	<texture>$VAR[value_mpaa]</texture>
	</control>
	<control type="label"><!-- Year -->
	<left>220</left>
	<top>80</top>
	<height>40</height>
	<width>110</width>
	<align>left</align>
	<aligny>center</aligny>
	<font>Font_24A</font>
	<label>$INFO[ListItem.Year]</label>
	<textcolor>FFFFFAF0</textcolor>
	</control>
	<control type="label"><!-- Genre -->
	<left>220</left>
	<top>103</top>
	<height>40</height>
	<width>490</width>
	<align>left</align>
	<aligny>center</aligny>
	<font>Font_18A</font>
	<label>$INFO[ListItem.Genre]</label>
	<textcolor>FFFFFAF0</textcolor>
	<scroll>true</scroll>
	<scrollout>false</scrollout>
	</control>
	<control type="list" id="49"><!-- Lista de botoes/info -->
	<left>20</left>
	<top>145</top>
	<width>740</width>
	<height>330</height>
	<onleft>149</onleft>
	<onright>149</onright>
	<onup>149</onup>
	<ondown>149</ondown>
	<itemgap>0</itemgap>
	<pagecontrol>-</pagecontrol>
	<scrolltime>200</scrolltime>
	<itemlayout height="20">
	<control type="label">
	<left>-28</left>
	<top>0</top>
	<width>200</width>
	<height>20</height>
	<align>right</align>
	<aligny>center</aligny>
	<font>Font_18A</font>
	<textcolor>$VAR[value_headercolor]</textcolor>
	<selectedcolor>$VAR[value_headercolor]</selectedcolor>
	<label>$INFO[ListItem.Label]</label>
	<scroll>true</scroll>
	</control>
	<control type="label">
	<left>200</left>
	<top>0</top>
	<width>490</width>
	<height>20</height>
	<align>left</align>
	<aligny>center</aligny>
	<font>Font_18A</font>
	<textcolor>FFFFFAF0</textcolor>
	<selectedcolor>E4101010</selectedcolor>
	<label>$INFO[ListItem.Label2]</label>
	<scroll>true</scroll>
	</control>
	</itemlayout>
	<focusedlayout height="20">
	<control type="image">
	<left>190</left>
	<top>0</top>
	<width>510</width>
	<height>20</height>
	<texture>settings_button_focus.png</texture>
	<visible>Control.HasFocus(49)</visible>
	</control>
	<control type="label">
	<left>-28</left>
	<top>0</top>
	<width>200</width>
	<height>20</height>
	<align>right</align>
	<aligny>center</aligny>
	<font>Font_18A</font>
	<textcolor>$VAR[value_headercolor]</textcolor>
	<selectedcolor>$VAR[value_headercolor]</selectedcolor>
	<label>$INFO[ListItem.Label]</label>
	</control>
	<control type="label">
	<left>200</left>
	<top>0</top>
	<width>490</width>
	<height>20</height>
	<align>left</align>
	<aligny>center</aligny>
	<font>Font_18A</font>
	<textcolor>FFFFFAF0</textcolor>
	<selectedcolor>$VAR[value_headercolorfocus]</selectedcolor>
	<label>$INFO[ListItem.Label2]</label>
	<visible>!Control.HasFocus(49)</visible>
	</control>
	<control type="label">
	<left>200</left>
	<top>0</top>
	<width>490</width>
	<height>20</height>
	<align>left</align>
	<aligny>center</aligny>
	<font>Font_18A</font>
	<textcolor>E4101010</textcolor>
	<selectedcolor>$VAR[value_headercolorfocus]</selectedcolor>
	<label>$INFO[ListItem.Label2]</label>
	<visible>Control.HasFocus(49)</visible>
	</control>
	</focusedlayout>
	<content>
	<item>
	<label>$VAR[value_videoinfo_label1]</label><!-- Original Title/Movies - Premiered/TvShows -->
	<label2>$VAR[value_videoinfo_value1]</label2>
	<onclick>noop</onclick>
	</item>
	<item>
	<label>$LOCALIZE[574]</label><!-- Country -->
	<label2>$INFO[ListItem.Country]</label2>
	<onclick>noop</onclick>
	</item>
	<item>
	<label>$LOCALIZE[20339]/$LOCALIZE[20417]</label><!-- Director/Written -->
	<label2>$INFO[ListItem.Director]/$INFO[ListItem.Writer]</label2>
	<onclick>SendClick(2003,13)</onclick>
	</item>
	<item>
	<label>$LOCALIZE[572]</label><!-- Studios -->
	<label2>$INFO[ListItem.Studio]</label2>
	<onclick>noop</onclick>
	<visible>!IsEmpty(ListItem.Studio)</visible>
	</item>
	<item>
	<label>$LOCALIZE[180]</label><!-- Duration -->
	<label2>$VAR[value_videoinfo_value5]</label2>
	<onclick>noop</onclick>
	<visible>!IsEmpty(ListItem.Duration)</visible>
	</item>
	<item>
	<label>31179</label><!-- Audio Language -->
	<label2>$INFO[Window.Property(AudioLanguage.1)]$INFO[Window.Property(AudioLanguage.2), / ]$INFO[Window.Property(AudioLanguage.3), / ]$INFO[Window.Property(AudioLanguage.4), / ]$INFO[Window.Property(AudioLanguage.5), / ]$INFO[Window.Property(AudioLanguage.6), / ]$INFO[Window.Property(AudioLanguage.7), / ]$INFO[Window.Property(AudioLanguage.8), / ]$INFO[Window.Property(AudioLanguage.9), / ]$INFO[Window.Property(AudioLanguage.10), / ]</label2>
	<onclick>noop</onclick>
	<visible>!IsEmpty(Window.Property(AudioLanguage.1))</visible>
	</item>
	<item>
	<label>$LOCALIZE[287]</label><!-- Subtitile Language -->
	<label2>$INFO[Window.Property(SubtitleLanguage.1)]$INFO[Window.Property(SubtitleLanguage.2), / ]$INFO[Window.Property(SubtitleLanguage.3), / ]$INFO[Window.Property(SubtitleLanguage.4), / ]$INFO[Window.Property(SubtitleLanguage.5), / ]$INFO[Window.Property(SubtitleLanguage.6), / ]$INFO[Window.Property(SubtitleLanguage.7), / ]$INFO[Window.Property(SubtitleLanguage.8), / ]$INFO[Window.Property(SubtitleLanguage.9), / ]$INFO[Window.Property(SubtitleLanguage.10), / ]</label2>
	<onclick>noop</onclick>
	<visible>!IsEmpty(Window.Property(SubtitleLanguage.1))</visible>
	</item>
	<item>
	<label>$LOCALIZE[573]</label><!-- Path -->
	<label2>$INFO[ListItem.FilenameAndPath]</label2>
	<onclick>noop</onclick>
	<visible>!IsEmpty(ListItem.FilenameAndPath)</visible>
	</item>
	</content>
	</control>
	<control type="image">
	<left>205</left>
	<top>80</top>
	<height>230</height>
	<width>2</width>
	<texture>separator_v.png</texture>
	</control>
	<control type="image">
	<left>0</left>
	<top>136</top>
	<height>2</height>
	<width>720</width>
	<texture>separator.png</texture>
	</control>
	<control type="image">
	<left>0</left>
	<top>310</top>
	<height>2</height>
	<width>987</width>
	<texture>separator.png</texture>
	<visible>!Container.Content(episodes)</visible>
	</control>
	<control type="image">
	<left>0</left>
	<top>310</top>
	<height>2</height>
	<width>719</width>
	<texture>separator.png</texture>
	<visible>Container.Content(episodes)</visible>
	</control>
	<control type="textbox"><!-- Plot -->
	<left>30</left>
	<top>320</top>
	<width>935</width>
	<height>133</height>
	<align>justify</align>
	<font>Font_18A</font>
	<label>$INFO[ListItem.Plot]</label>
	<textcolor>FFFFFAF0</textcolor>
	<autoscroll delay="15000" time="5000" repeat="15000">!Skin.HasSetting(noinfoplotscroll)</autoscroll>
	<visible>!Container.Content(episodes)</visible>
	</control>
	<control type="textbox"><!-- Plot -->
	<left>30</left>
	<top>320</top>
	<width>660</width>
	<height>133</height>
	<align>justify</align>
	<font>Font_18A</font>
	<label>$INFO[ListItem.Plot]</label>
	<textcolor>FFFFFAF0</textcolor>
	<autoscroll delay="15000" time="5000" repeat="15000">!Skin.HasSetting(noinfoplotscroll)</autoscroll>
	<visible>Container.Content(episodes)</visible>
	</control>
	<control type="image">
	<left>720</left>
	<top>80</top>
	<width>2</width>
	<height>230</height>
	<texture>separator_v.png</texture>
	<visible>!Container.Content(episodes)</visible>
	</control>
	<control type="image"><!-- Logo -->
	<left>755</left>
	<top>70</top>
	<height>145</height>
	<width>190</width>
	<aspectratio>keep</aspectratio>
	<texture background="true">$INFO[ListItem.Art(clearlogo)]</texture>
	<visible>!Container.Content(episodes)</visible>
	</control>
	<control type="image"><!-- ClearArt -->
	<left>755</left>
	<top>174</top>
	<height>165</height>
	<width>190</width>
	<aspectratio align="center">keep</aspectratio>
	<texture background="true">$INFO[ListItem.Art(clearart)]</texture>
	<visible>!Container.Content(episodes)</visible>
	</control>
	<control type="image"><!-- Thumb -->
	<left>987</left>
	<top>82</top>
	<width>523</width>
	<height>382</height>
	<aspectratio align="left">keep</aspectratio>
	<texture background="true">$VAR[value_poster]</texture>
	<bordertexture border="-2">black.png</bordertexture>
	<animation effect="slide" end="-266,0" time="0" condition="Container.Content(episodes)">Conditional</animation>
	</control>
	<control type="image">
	<left>986</left>
	<top>80</top>
	<width>2</width>
	<height>384</height>
	<texture>separator_v.png</texture>
	<animation effect="slide" end="-266,0" time="0" condition="Container.Content(episodes)">Conditional</animation>
	</control>
	<control type="image">
	<left>0</left>
	<top>80</top>
	<height>2</height>
	<width>1280</width>
	<texture>separator.png</texture>
	</control>
	<control type="image"><!-- Fundo do rodape -->
	<left>0</left>
	<top>650</top>
	<width>1280</width>
	<height>70</height>
	<texture>shadow_mask.png</texture>
	<colordiffuse>$VAR[value_floorcolor]</colordiffuse>	
	<include>Animation_FloorGlass</include>
	</control>
	<control type="image">
	<left>0</left>
	<top>494</top>
	<height>186</height>
	<width>1280</width>
	<texture>darkgrey.png</texture>
	<colordiffuse>$VAR[value_texturecolor]</colordiffuse>
	<include>Animation_DefaultGlass</include>
	</control>
	<control type="grouplist"><!-- Etiquetas -->
	<left>20</left>
	<top>677</top>
	<orientation>horizontal</orientation>
	<itemgap>22</itemgap>
	<animation effect="slide" start="0,300" end="0,0" time="500" tween="sine" easing="out">WindowOpen</animation>
	<animation effect="slide" start="0,300" end="0,0" time="500" tween="sine" easing="out">Visible</animation>
	<animation effect="slide" start="0,0" end="0,300" time="500" tween="sine" easing="in">Hidden</animation>
	<visible>Control.HasFocus(149)</visible>
	<include>FlagsContent</include>
	</control>
	<control type="group"><!-- Nome do Elenco -->
	<left>0</left>
	<top>685</top>
	<animation effect="slide" start="0,300" end="0,0" time="500" tween="sine" easing="out">WindowOpen</animation>
	<animation effect="slide" start="0,300" end="0,0" time="500" tween="sine" easing="out">Visible</animation>
	<animation effect="slide" start="0,0" end="0,300" time="500" tween="sine" easing="in">Hidden</animation>
	<visible>Control.HasFocus(50)</visible>
	<control type="label">
	<left>30</left>
	<top>0</top>
	<width>400</width>
	<height>27</height>
	<align>left</align>
	<aligny>center</aligny>
	<font>Font_15</font>
	<label>31703</label>
	<textcolor>$VAR[value_flagscolor]</textcolor>
	</control>
	<control type="label">
	<left>315</left>
	<top>0</top>
	<width>650</width>
	<align>center</align>
	<aligny>center</aligny>
	<font>Font_24</font>
	<label>$INFO[Container(50).ListItem.Label]$INFO[Container(50).ListItem.Label2, $LOCALIZE[20347] ,]</label>
	<textcolor>$VAR[value_flagscolor]</textcolor>
	<scroll>true</scroll>
	</control>
	</control>
	<control type="image">
	<left>0</left>
	<top>680</top>
	<height>43</height>
	<width>1280</width>
	<texture>gradient_small.png</texture>
	</control>
	<control type="image"><!-- Cast -->
	<left>0</left>
	<top>679</top>
	<width>1285</width>
	<height>30</height>
	<texture flipy="true">shadow_h.png</texture>
	<colordiffuse>C3FFFFFF</colordiffuse>
	</control>
	<control type="image">
	<left>0</left>
	<top>494</top>
	<height>186</height>
	<width>1280</width>
	<texture>darkgrey.png</texture>
	<colordiffuse>$VAR[value_texturecolor]</colordiffuse>
	<include>Animation_DefaultGlass</include>
	</control>
	<control type="list" id="50">
	<viewtype label="List">List Info</viewtype>
	<left>30</left>
	<top>492</top>
	<width>1220</width>
	<height>220</height>
	<onup>149</onup>
	<ondown>Skin.Reset(coverzoom)</ondown>
	<ondown>SetFocus(160)</ondown>
	<ondown>Skin.SetBool(artistzoom)</ondown>
	<orientation>horizontal</orientation>
	<scrolltime>400</scrolltime>
	<focusposition>3</focusposition>
	<itemlayout height="170" width="181">
	<control type="image">
	<left>0</left>
	<top>5</top>
	<width>130</width>
	<height>180</height>
	<aligny>center</aligny>
	<align>center</align>
	<aspectratio>keep</aspectratio>
	<texture fallback="DefaultVideoPoster.png" background="true">$INFO[ListItem.Icon]</texture>
	<bordertexture border="-2">black.png</bordertexture>
	<colordiffuse>FF909090</colordiffuse>
	</control>
	</itemlayout>
	<focusedlayout height="170" width="181">
	<control type="image">
	<left>0</left>
	<top>5</top>
	<width>130</width>
	<height>180</height>
	<aligny>center</aligny>
	<align>center</align>
	<aspectratio>keep</aspectratio>
	<texture fallback="DefaultVideoPoster.png" background="true">$INFO[ListItem.Icon]</texture>
	<bordertexture border="-2">black.png</bordertexture>
	<colordiffuse>FF909090</colordiffuse>
	<include>Animation_Fade</include>
	<visible>!Control.HasFocus(50)</visible>
	</control>
	<control type="image">
	<left>0</left>
	<top>5</top>
	<width>130</width>
	<height>180</height>
	<aligny>center</aligny>
	<align>center</align>
	<aspectratio>keep</aspectratio>
	<texture fallback="DefaultVideoPoster.png" background="true">$INFO[ListItem.Icon]</texture>
	<bordertexture border="-2">grey.png</bordertexture>
	<include>Animation_Fade</include>
	<visible>Control.HasFocus(50)</visible>
	</control>
	</focusedlayout>
	</control>
	<control type="group"><!-- Menu bar -->
	<left>0</left>
	<top>465</top>
	<control type="image">
	<left>0</left>
	<top>-30</top>
	<width>1285</width>
	<height>30</height>
	<texture>shadow_h.png</texture>
	<colordiffuse>C3FFFFFF</colordiffuse>
	</control>
	<control type="image">
	<left>0</left>
	<top>29</top>
	<width>1285</width>
	<height>30</height>
	<texture flipy="true">shadow_h.png</texture>
	<colordiffuse>C3FFFFFF</colordiffuse>
	</control>
	<control type="image">
	<left>0</left>
	<top>0</top>
	<width>1280</width>
	<height>30</height>
	<texture>darkgrey.png</texture>
	<colordiffuse>$VAR[value_texturecolor]</colordiffuse>
	<include>Animation_DefaultGlass2</include>
	</control>
	<control type="list" id="149">
	<left>0</left>
	<top>3</top>
	<width>1280</width>
	<height>25</height>
	<onup>Skin.Reset(artistzoom)</onup>
	<onup>Skin.SetBool(coverzoom)</onup>
	<onup>SetFocus(160)</onup>
	<ondown>50</ondown>
	<orientation>horizontal</orientation>
	<pagecontrol>-</pagecontrol>
	<scrolltime>300</scrolltime>
	<focusposition>3</focusposition>
	<itemlayout height="25" width="182.5">
	<control type="image">
	<left>0</left>
	<top>0</top>
	<width>1</width>
	<height>25</height>
	<texture>separator_v.png</texture>
	</control>
	<control type="label">
	<left>10</left>
	<top>1</top>
	<height>25</height>
	<width>162</width>
	<align>center</align>
	<aligny>center</aligny>
	<font>Font_18</font>
	<label>[UPPERCASE]$INFO[ListItem.Label][/UPPERCASE]</label>
	<textcolor>80FFFAF0</textcolor>
	</control>
	</itemlayout>
	<focusedlayout height="25" width="182.5">
	<control type="image">
	<left>0</left>
	<top>-1</top>
	<width>182</width>
	<height>27</height>
	<texture>settings_button_focus.png</texture>
	<visible>Control.Hasfocus(149)</visible>
	</control>
	<control type="image">
	<left>0</left>
	<top>0</top>
	<width>1</width>
	<height>25</height>
	<texture>separator_v.png</texture>
	</control>
	<control type="label">
	<left>10</left>
	<top>1</top>
	<height>25</height>
	<width>162</width>
	<align>center</align>
	<aligny>center</aligny>
	<font>Font_18</font>
	<label>[UPPERCASE]$INFO[ListItem.Label][/UPPERCASE]</label>
	<textcolor>FF101010</textcolor>
	<visible>Control.Hasfocus(149)</visible>
	</control>
	<control type="label">
	<left>10</left>
	<top>1</top>
	<height>25</height>
	<width>162</width>
	<align>center</align>
	<aligny>center</aligny>
	<font>Font_18</font>
	<label>[UPPERCASE]$INFO[ListItem.Label][/UPPERCASE]</label>
	<textcolor>80FFFAF0</textcolor>
	<visible>!Control.Hasfocus(149)</visible>
	</control>
	</focusedlayout>
	<content>
	<item id="2"><!-- Resume -->
	<label>13404</label>
	<onclick>SendClick(2003,9)</onclick>
	</item>
	<item id="1"><!-- Refresh -->
	<label>31695</label>
	<onclick>SendClick(2003,6)</onclick>
	<visible>!Skin.HasSetting(kioskininfo)</visible>
	</item>
	<item id="3"><!-- Start -->
	<label>31700</label>
	<onclick>SendClick(2003,8)</onclick>
	</item>
	<item id="4"><!-- CinemaVision -->
	<label>31066</label>
	<onclick>Dialog.Close(MovieInformation)</onclick>
	<onclick>RunScript(script.cinemavision,experience)</onclick>
    <visible>System.HasAddon(script.cinemavision) + !Skin.HasSetting(trailers) + [Container.Content(movies) | Container.Content(tvshows) | Container.Content(seasons) | Container.Content(episodes)]</visible>
	</item>
	<item id="23"><!-- Extras -->
	<label>31416</label>
	<onclick>RunScript(script.videoextras,display,"$INFO[ListItem.FilenameAndPath]")</onclick>
	<visible>System.HasAddon(script.videoextras) + [Container.Content(movies) | Container.Content(episodes) | Container.Content(TVShows)] + IsEmpty(Window(movieinformation).Property("HideVideoExtrasButton"))</visible>	
	</item>
	<item id="11"><!-- Trailer Tela Cheia -->
	<label>31701</label>	
	<onclick condition="!Skin.HasSetting(fullscreentrailer)">SetFocus(9930)</onclick>
	<onclick condition="!Skin.HasSetting(fullscreentrailer)">PlayMedia($INFO[ListItem.Trailer],1)</onclick>
	<onclick condition="Skin.HasSetting(fullscreentrailer)">SendClick(2003,11)</onclick>
	<visible>!IsEmpty(ListItem.Trailer)</visible>
	</item>
	<item id="7"><!-- Get Thumb -->
	<label>13405</label>
	<onclick>SendClick(2003,10)</onclick>
	<visible>!Skin.HasSetting(kioskininfo)</visible>
	</item>
	<item id="8"><!-- Get Fanart -->
	<label>20413</label>
	<onclick>SendClick(2003,12)</onclick>
	<visible>![Container.Content(episodes) | Container.Content(seasons) | Skin.HasSetting(kioskininfo)]</visible>
	</item>
	<item id="21"><!-- TvTunes Obter tema Filmes -->
    <label>31127</label>
    <onclick>RunScript(script.tvtunes,mode=solo)</onclick>
    <visible>Skin.HasSetting(ontvtunes) + System.HasAddon(script.tvtunes) + [Container.Content(movies) | Container.Content(tvshows)] + IsEmpty(Window(movieinformation).Property("TvTunes_HideVideoInfoButton"))</visible>
	</item>
	<item id="20"><!-- Editor de info -->
	<label>31671</label>
	<onclick>RunScript(script.libraryeditor,DBID=$INFO[ListItem.DBID])</onclick>
	<visible>System.HasAddon(script.libraryeditor)</visible>
	<!--<visible>System.HasAddon(script.libraryeditor) + [Container.Content(Movies) | Container.Content(episodes)]</visible>-->
	</item>
	<item id="13"><!-- Director Movies -->
	<label>31906</label>
	<onclick>SendClick(2003,13)</onclick>
	<visible>!IsEmpty(ListItem.Director)</visible>
	</item>
	<item id="10"><!-- Director Info -->
	<label>31883</label>
	<onclick>Dialog.Close(movieinformation)</onclick>
	<onclick>RunScript(script.extendedinfo,info=extendedactorinfo,name=$INFO[ListItem.Director])</onclick>
	<onclick>Skin.SetBool(coverzoom)</onclick>	
	<visible>System.HasAddon(script.extendedinfo)</visible>
	</item>
	<item id="31"><!-- Writer Info -->
	<label>31884</label>
	<onclick>Dialog.Close(movieinformation)</onclick>
	<onclick>RunScript(script.extendedinfo,info=extendedactorinfo,name=$INFO[ListItem.Writer])</onclick>
	<visible>System.HasAddon(script.extendedinfo)</visible>
	</item>
	</content>
	</control>
	<control type="image">
	<left>0</left>
	<top>0</top>
	<width>1280</width>
	<height>30</height>
	<texture>gradient_small.png</texture>
	</control>
	</control>
	<control type="image">
	<left>0</left>
	<top>0</top>
	<width>1280</width>
	<height>720</height>
	<texture>darkgrey.png</texture>
	<animation effect="fade" start="0" end="100" time="200">Visible</animation>
	<animation effect="fade" start="100" end="0" time="400">Hidden</animation>
	<visible>Control.HasFocus(160)</visible>
	</control>
	<control type="image">
	<left>0</left>
	<top>0</top>
	<width>1280</width>
	<height>720</height>
	<texture>hive_back.png</texture>
	<animation effect="fade" start="0" end="100" time="200">Visible</animation>
	<animation effect="fade" start="100" end="0" time="400">Hidden</animation>
	<visible>Control.HasFocus(160)</visible>
	</control>
	<control type="group">
	<left>-1280</left>
	<top>15</top>
	<animation effect="slide" start="0,0" end="1280,0" time="400" tween="cubic" easing="inout" condition="Control.HasFocus(160)">Conditional</animation>
	<animation effect="slide" start="0,0" end="0,-25" time="600" delay="1000" tween="cubic" easing="inout" condition="Control.HasFocus(160)">Conditional</animation>
	<control type="image">
	<left>400</left>
	<top>0</top>
	<width>480</width>
	<height>700</height>
	<align>center</align>
	<texture>actor_border.png</texture>
	<animation effect="rotate" start="0,0" end="-2.0.0" center="auto" delay="1000" easing="out" tween="back" time="600" condition="Control.HasFocus(160)">Conditional</animation>
	<visible>Control.HasFocus(160) + [Skin.HasSetting(artistzoom) | Skin.HasSetting(actorzoom)]</visible>
	</control>
	<control type="image">
	<left>430</left>
	<top>32</top>
	<width>425</width>
	<height>640</height>
	<aspectratio>scale</aspectratio>
	<texture background="true">$INFO[Container(50).ListItem.Icon]</texture>
	<visible>Skin.HasSetting(artistzoom)</visible>
	</control>
	<control type="image">
	<left>-1240</left>
	<top>47</top>
	<width>1200</width>
	<height>640</height>
	<texture background="true">$VAR[value_poster]</texture>
	<aspectratio>keep</aspectratio>
	<fadetime>FanartCrossFadeTime</fadetime>
	<animation effect="slide" start="0,0" end="1280,0" time="400" tween="cubic" easing="inout" condition="Control.HasFocus(160)">Conditional</animation>
	<animation effect="slide" start="0,0" end="0,-25" time="600" delay="1000" tween="cubic" easing="inout" condition="Control.HasFocus(160)">Conditional</animation>
	<visible>Skin.HasSetting(coverzoom)</visible>
	</control>
	<control type="image">
	<left>400</left>
	<top>0</top>
	<width>480</width>
	<height>700</height>
	<align>center</align>
	<texture>actor_border.png</texture>
	<visible>Skin.HasSetting(artistzoom)</visible>
	</control>
	</control>
	<control type="group">
	<visible>Control.HasFocus(160)</visible>
	<animation effect="slide" start="0,0" end="0,-80" time="600" delay="1000" tween="cubic" easing="inout" condition="Control.HasFocus(160)">Conditional</animation>
	<control type="image">
	<left>0</left>
	<top>760</top>
	<height>40</height>
	<width>1280</width>
	<texture>darkgrey.png</texture>
	<colordiffuse>$VAR[value_texturecolor]</colordiffuse>
	<include>Animation_DefaultGlass2</include>
	</control>
	<control type="label">
	<left>0</left>
	<top>760</top>
	<height>40</height>
	<width>1280</width>
	<align>center</align>
	<aligny>center</aligny>
	<label>$VAR[value_videoinfo_zoomlabel]</label>
	<font>Font_24</font>
	<textcolor>FFFFFAF0</textcolor>
	<scroll>true</scroll>
	</control>
	<control type="image">
	<left>0</left>
	<top>760</top>
	<height>40</height>
	<width>1280</width>
	<texture>gradient_small.png</texture>
	</control>
	</control>
	<control type="button" id="160">
	<animation effect="slide" start="0,0" end="0,-80" time="600" delay="1000" tween="cubic" easing="inout" condition="Control.HasFocus(160) + System.HasAddon(script.extendedinfo) + Skin.HasSetting(artistzoom)">Conditional</animation>
	<top>760</top>
	<width>300</width>
	<include>SettingsBottomButton</include>	
	<label>$LOCALIZE[31798]</label>
	<onup condition="Skin.HasSetting(artistzoom)">SetFocus(50)</onup>
	<onup condition="Skin.HasSetting(coverzoom)">SetFocus(149)</onup>
	<ondown condition="Skin.HasSetting(artistzoom)">SetFocus(50)</ondown>
	<ondown condition="Skin.HasSetting(coverzoom)">SetFocus(149)</ondown>
	<onleft condition="Skin.HasSetting(artistzoom)">SetFocus(50)</onleft>
	<onleft condition="Skin.HasSetting(coverzoom)">SetFocus(149)</onleft>
	<onright condition="Skin.HasSetting(artistzoom)">SetFocus(50)</onright>
	<onright condition="Skin.HasSetting(coverzoom)">SetFocus(149)</onright>
	<onclick>Dialog.Close(movieinformation)</onclick>
	<onclick condition="Skin.HasSetting(artistzoom)">RunScript(script.extendedinfo,info=extendedactorinfo,name=$INFO[Container(50).ListItem.Label])</onclick>
	</control>
	<include>BGBlack</include>
	<include>TrailerWindow</include>
	</control>
	</controls>
</window>