<?xml version="1.0" encoding="UTF-8"?>
<window id="100"><!-- Aeon MQ 6 -->
	<defaultcontrol>10</defaultcontrol>
	<controls>
	<control type="group">
	<include>Animation_TopDialogPopup</include>
	<include>Dialogs_DoubleBar</include>
	<control type="label" id="1">
	<include>Dialogs_Label1</include>
	<label>$LOCALIZE[13406]</label>
	</control>
	<control type="label" id="2">
	<include>Dialogs_Label2</include>
	</control>
	<control type="label" id="3">
	<include>Dialogs_Label4</include>
	</control>
	<control type="label" id="4">
	<include>Dialogs_Label3</include>
	</control>
	<control type="button" id="10"><!-- no -->
	<left>490</left>
	<top>30</top>
	<height>29</height>
	<width>150</width>
	<align>center</align>
	<textcolor>FFFFFAF0</textcolor>
	<focusedcolor>FF101010</focusedcolor>
	<font>Font_18A</font>
	<label>106</label>
	<textoffsetx>0</textoffsetx>
	<textwidth>180</textwidth>
	<texturefocus>settings_button_focus.png</texturefocus>
	<texturenofocus>-</texturenofocus>
	<onleft>11</onleft>
	<onright>11</onright>
	<onup>11</onup>
	<ondown>11</ondown>
	</control>
	<control type="button" id="11"><!-- yes -->
	<left>640</left>
	<top>30</top>
	<height>29</height>
	<width>150</width>
	<align>center</align>
	<textcolor>FFFFFAF0</textcolor>
	<focusedcolor>FF101010</focusedcolor>
	<font>Font_18A</font>
	<label>107</label>
	<textoffsetx>0</textoffsetx>
	<textwidth>180</textwidth>
	<texturefocus>settings_button_focus.png</texturefocus>
	<texturenofocus>-</texturenofocus>
	<onleft>10</onleft>
	<onright>10</onright>
	<onup>10</onup>
	<ondown>10</ondown>
	<onclick condition="!StringCompare(skin.string(defaultsettings),1)">AlarmClock(firstfocus,ActivateWindow(6628),0:01,true)</onclick>
	</control>
	</control>
	</controls>
</window>