<?xml version="1.0" encoding="UTF-8"?>
<window><!-- Aeon MQ 6 -->
	<defaultcontrol always="true">20</defaultcontrol>
	<coordinates>
	<system>1</system>
	</coordinates>
	<controls>
	<control type="group">
	<include>Animation_DialogPopup</include>
	<control type="image">
	<left>0</left>
	<top>0</top>
	<width>1280</width>
	<height>720</height>
	<texture>black.png</texture>
	<colordiffuse>C3FFFFFF</colordiffuse>
	<include>Animation_Fade</include>
	</control>
	<control type="image">
	<left>110</left>
	<top>0</top>
	<width>30</width>
	<height>720</height>
	<texture flipx="true">shadow.png</texture>
	<colordiffuse>C3FFFFFF</colordiffuse>
	</control>
	<control type="image">
	<left>1140</left>
	<top>0</top>
	<width>30</width>
	<height>720</height>
	<texture>shadow.png</texture>
	<colordiffuse>C3FFFFFF</colordiffuse>
	</control>
	<control type="image">
	<left>140</left>
	<top>0</top>
	<width>1000</width>
	<height>720</height>
	<texture>darkgrey.png</texture>
	<colordiffuse>$VAR[value_texturecolor]</colordiffuse>
	<animation effect="fade" end="85" condition="true">Conditional</animation>
	</control>
	<control type="image">
	<left>140</left>
	<top>0</top>
	<width>1000</width>
	<height>80</height>
	<texture>black.png</texture>
	<colordiffuse>90FFFFFF</colordiffuse>
	</control>
	<control type="label">
	<left>215</left>
	<top>23</top>
	<width>852</width>
	<height>30</height>
	<label>$LOCALIZE[19199] - $LOCALIZE[19023]</label>
	<font>Font_32</font>
	<textcolor>FFFFFAF0</textcolor>
	<align>center</align>
	<aligny>center</aligny>
	<include>Animation_Fade</include>
	<visible>IsEmpty(Window.Property(IsRadio))</visible>
	</control>
	<control type="label">
	<left>215</left>
	<top>23</top>
	<width>852</width>
	<height>30</height>
	<label>$LOCALIZE[19199] - $LOCALIZE[19024]</label>
	<font>Font_32</font>
	<textcolor>FFFFFAF0</textcolor>
	<align>center</align>
	<aligny>center</aligny>
	<include>Animation_Fade</include>
	<visible>!IsEmpty(Window.Property(IsRadio))</visible>
	</control>
	<control type="image">
	<left>600</left>
	<top>100</top>
	<width>35</width>
	<height>440</height>
	<texture>grey.png</texture>
	<colordiffuse>20FFFFFF</colordiffuse>
	</control>	
	<control type="list" id="20">
	<left>140</left>
	<top>100</top>
	<width>500</width>
	<height>440</height>
	<onup>20</onup>
	<ondown>20</ondown>
	<onleft>60</onleft>
	<onright>9002</onright>
	<pagecontrol>60</pagecontrol>
	<scrolltime>200</scrolltime>
	<itemgap>0</itemgap>
	<itemlayout height="30" width="500">
	<control type="image">
	<left>30</left>
	<top>2</top>
	<width>26</width>
	<height>26</height>
	<texture fallback="DefaultVideoCover.png" background="true">$INFO[ListItem.Property(Icon)]</texture>
	<visible>ListItem.Property(ActiveChannel)</visible>
	</control>
	<control type="image">
	<left>30</left>
	<top>2</top>
	<width>26</width>
	<height>26</height>
	<colordiffuse>50FFFAF0</colordiffuse>
	<texture fallback="DefaultVideoCover.png" background="true">$INFO[ListItem.Property(Icon)]</texture>
	<visible>!ListItem.Property(ActiveChannel)</visible>
	</control>
	<control type="label">
	<left>65</left>
	<top>0</top>
	<width>390</width>
	<height>30</height>
	<font>Font_18</font>
	<align>left</align>
	<aligny>center</aligny>
	<textcolor>FFFFFAF0</textcolor>
	<selectedcolor>$VAR[value_headercolor]</selectedcolor>
	<label>$INFO[ListItem.Property(Number),(,) - ]$INFO[ListItem.Property(Name)]</label>
	<visible>ListItem.Property(ActiveChannel)</visible>
	</control>
	<control type="label">
	<left>65</left>
	<top>0</top>
	<width>390</width>
	<height>30</height>
	<font>Font_18</font>
	<align>left</align>
	<aligny>center</aligny>
	<textcolor>50FFFAF0</textcolor>
	<selectedcolor>$VAR[value_headercolor]</selectedcolor>
	<label>$INFO[ListItem.Property(Number),(,) - ]$INFO[ListItem.Property(Name)]</label>
	<visible>!ListItem.Property(ActiveChannel)</visible>
	</control>
	<control type="image">
	<left>468</left>
	<top>5</top>
	<width>22</width>
	<height>22</height>
	<texture>OverlayWatched.png</texture>
	<colordiffuse>$VAR[value_headercolor]</colordiffuse>
	<visible>ListItem.Property(Changed)</visible>
	</control>
	</itemlayout>
	<focusedlayout height="50" width="500">
	<control type="image">
	<left>0</left>
	<top>0</top>
	<width>500</width>
	<height>50</height>
	<texture>settings_button_focus.png</texture>
	<animation effect="fade" start="100" end="50" time="50" condition="!Control.Hasfocus(20)">conditional</animation>
	</control>
	<control type="image">
	<left>30</left>
	<top>0</top>
	<width>50</width>
	<height>50</height>
	<texture>black.png</texture>
	<animation effect="fade" end="70" condition="true">Conditional</animation>
	</control>
	<control type="image">
	<left>35</left>
	<top>5</top>
	<width>40</width>
	<height>40</height>
	<texture fallback="DefaultVideoCover.png" background="true">$INFO[ListItem.Property(Icon)]</texture>
	<visible>ListItem.Property(ActiveChannel)</visible>
	</control>
	<control type="image">
	<left>35</left>
	<top>5</top>
	<width>40</width>
	<height>40</height>
	<colordiffuse>50FFFAF0</colordiffuse>
	<texture fallback="DefaultVideoCover.png" background="true">$INFO[ListItem.Property(Icon)]</texture>
	<visible>!ListItem.Property(ActiveChannel)</visible>
	</control>
	<control type="label">
	<left>90</left>
	<top>1</top>
	<width>365</width>
	<height>30</height>
	<font>Font_22</font>
	<align>left</align>
	<aligny>center</aligny>
	<textcolor>FF101010</textcolor>
	<selectedcolor>$VAR[value_headercolor]</selectedcolor>
	<label>$INFO[ListItem.Property(Number),(,) - ]$INFO[ListItem.Property(Name)]</label>
	<visible>ListItem.Property(ActiveChannel)</visible>
	</control>
	<control type="label">
	<left>90</left>
	<top>1</top>
	<width>365</width>
	<height>30</height>
	<font>Font_22</font>
	<align>left</align>
	<aligny>center</aligny>
	<textcolor>50101010</textcolor>
	<selectedcolor>$VAR[value_headercolor]</selectedcolor>
	<label>$INFO[ListItem.Property(Number),(,) - ]$INFO[ListItem.Property(Name)]</label>
	<visible>!ListItem.Property(ActiveChannel)</visible>
	</control>
	<control type="label">
	<left>90</left>
	<top>22</top>
	<width>365</width>
	<height>30</height>
	<font>Font_18A</font>
	<align>left</align>
	<aligny>center</aligny>
	<textcolor>FF101010</textcolor>
	<selectedcolor>$VAR[value_headercolor]</selectedcolor>
	<label>$LOCALIZE[19210]: $INFO[ListItem.Property(ClientName)]</label>
	</control>
	<control type="image">
	<left>468</left>
	<top>5</top>
	<width>22</width>
	<height>22</height>
	<texture>OverlayWatched.png</texture>
	<colordiffuse>$VAR[value_headercolor]</colordiffuse>
	<visible>ListItem.Property(Changed)</visible>
	</control>
	</focusedlayout>
	</control>
	<control type="scrollbar" id="60">
	<include>ScrollBar_Vertical</include>
	<left>140</left>
	<top>100</top>
	<height>442</height>
	<onleft>4</onleft>
	<onright>20</onright>
	<ondown>60</ondown>
	<onup>60</onup>
	</control>
	<control type="label">
	<left>150</left>
	<top>555</top>
	<width>400</width>
	<height>20</height>
	<font>Font_18</font>
	<align>left</align>
	<aligny>center</aligny>
	<scroll>true</scroll>
	<textcolor>$VAR[value_headercolor]</textcolor>
	<label>$INFO[Container(20).NumItems] $LOCALIZE[19019] - $LOCALIZE[31757] $INFO[Container(20).CurrentPage]/$INFO[Container(20).NumPages]</label>
	</control>

	<control type="group" id="9002">
	<control type="group">
	<left>640</left>
	<top>100</top>
	<control type="label">
	<left>30</left>
	<top>10</top>
	<width>500</width>
	<height>20</height>
	<font>Font_18</font>
	<textcolor>$VAR[value_headercolor]</textcolor>
	<label>$LOCALIZE[31763] - $LOCALIZE[31011]</label>
	</control>
	<control type="radiobutton" id="7"><!-- Channel activated -->
	<textoffsetx>40</textoffsetx>
	<include>PVRSearchButton</include>
	<left>0</left>
	<top>35</top>
	<label>19074</label>
	<onleft>20</onleft>
	<onright>4</onright>
	<onup>9000</onup>
	<ondown>8</ondown>
	</control>
	<control type="edit" id="8"><!-- Channel name -->
	<textoffsetx>40</textoffsetx>
	<include>PVRSearchButton</include>
	<left>0</left>
	<top>65</top>
	<label>19201</label>
	<onright>4</onright>
	<onleft>20</onleft>
	<onup>7</onup>
	<ondown>9</ondown>
	</control>
	<control type="button" id="9"><!-- Channel logo -->
	<textoffsetx>40</textoffsetx>
	<include>PVRSearchButton</include>
	<left>0</left>
	<top>95</top>
	<label>19202</label>
	<onleft>20</onleft>
	<onright>4</onright>
	<onup>8</onup>
	<ondown>12</ondown>
	</control>
	<control type="image">
	<left>425</left>
	<top>95</top>
	<width>35</width>
	<height>30</height>
	<texture>black.png</texture>
	<animation effect="fade" end="70" condition="true">Conditional</animation>
	<visible>Control.HasFocus(9)</visible>
	</control>
	<control type="image" id="10">
	<left>430</left>
	<top>97</top>
	<width>26</width>
	<height>26</height>
	<aspectratio>keep</aspectratio>
	<texture fallback="DefaultVideoCover.png" background="true">$INFO[ListItem.Property(Icon)]</texture>
	</control>
	<control type="radiobutton" id="12"><!-- EPG activated -->
	<textoffsetx>40</textoffsetx>
	<include>PVRSearchButton</include>
	<left>0</left>
	<top>125</top>
	<label>19206</label>
	<onleft>20</onleft>
	<onright>4</onright>
	<onup>9</onup>
	<ondown>13</ondown>
	</control>
	<control type="spincontrolex" id="13"><!-- EPG source -->
	<textoffsetx>40</textoffsetx>
	<include>PVRSearchButton</include>
	<left>0</left>
	<top>155</top>
	<label>19200</label>
	<onright>4</onright>
	<onleft>20</onleft>
	<onup>12</onup>
	<ondown>14</ondown>
	</control>
	<control type="radiobutton" id="14"><!-- Parental locked -->
	<textoffsetx>40</textoffsetx>
	<include>PVRSearchButton</include>
	<left>0</left>
	<top>185</top>
	<label>19267</label>
	<onleft>20</onleft>
	<onright>4</onright>
	<onup>13</onup>
	<ondown>30</ondown>
	</control>
	</control>
	<control type="grouplist">
	<left>640</left>
	<top>330</top>	
	<onup>14</onup>
	<ondown>7</ondown>
	<onleft>60</onleft>
	<onright>9000</onright>
	<itemgap>5</itemgap>
	<animation effect="slide" start="0,0" end="0,45" time="0" condition="!Control.IsVisible(31)">Conditional</animation>
	<control type="label" id="9003">
	<left>30</left>
	<top>5</top>
	<width>380</width>
	<height>20</height>
	<font>Font_18</font>
	<textoffsetx>30</textoffsetx>
	<textcolor>$VAR[value_headercolor]</textcolor>
	<label>$LOCALIZE[31375]</label>
	</control>
	<control type="button" id="31"><!-- New Channel -->
	<textoffsetx>40</textoffsetx>
	<include>PVRSearchButton</include>
	<left>0</left>
	<top>30</top>
	<label>19204</label>
	</control>
	<control type="button" id="30"><!-- Group Manager -->
	<textoffsetx>40</textoffsetx>
	<include>PVRSearchButton</include>
	<left>0</left>
	<top>30</top>
	<label>19205</label>
	</control>
	<control type="button" id="34"><!-- TV/Radio -->
	<textoffsetx>40</textoffsetx>
	<include>PVRSearchButton</include>
	<left>223</left>
	<top>30</top>
	<label>19024</label>
	<visible>IsEmpty(Window.Property(IsRadio))</visible>
	</control>
	</control>
	</control>
	<control type="image">
	<left>640</left>
	<top>82</top>
	<width>2</width>
	<height>458</height>
	<texture>separator_v.png</texture>
	</control>
	<control type="image">
	<left>140</left>
	<top>600</top>
	<height>40</height>
	<width>1000</width>
	<texture>black.png</texture>
	<colordiffuse>90FFFFFF</colordiffuse>
	</control>	
	<control type="grouplist" id="9000">
	<left>140</left>
	<top>600</top>
	<onup>9</onup>
	<ondown>9</ondown>
	<orientation>horizontal</orientation>
	<itemgap>0</itemgap>
	<control type="button" id="4"><!-- OK -->
	<width>333</width>
	<include>SettingsBottomButton</include>
	<label>186</label>
	</control>
	<control type="button" id="5"><!-- Aplicar -->
	<width>333</width>
	<include>SettingsBottomButton</include>
	<label>14070</label>
	</control>
	<control type="button" id="6"><!-- Cancelar -->
	<width>333</width>
	<include>SettingsBottomButton</include>
	<label>222</label>
	</control>
	</control>
	</control>
	</controls>
</window>