<?xml version="1.0" encoding="UTF-8"?>
<window type="dialog"><!-- Aeon MQ 6 -->
	<coordinates>
	<system>1</system>
	<left>0</left>
	<top>0</top>
	</coordinates>
	<controls>
	<control type="group">
	<include>Animation_DialogPopup</include>
	<visible>![Player.Forwarding | Player.Rewinding] + [!IsEmpty(VideoPlayer.Title) | !IsEmpty(VideoPlayer.TVShowTitle)]</visible>
	<control type="image"><!-- Menu da direita -->
	<left>0</left>
	<top>30</top>
	<width>1280</width>
	<height>30</height>
	<texture>shadow_h.png</texture>
	<colordiffuse>C3FFFFFF</colordiffuse>
	</control>
	<control type="image">
	<left>0</left>
	<top>560</top>
	<width>1280</width>
	<height>30</height>
	<texture flipy="true">shadow_h.png</texture>
	<colordiffuse>C3FFFFFF</colordiffuse>
	</control>
	<control type="image">
	<left>240</left>
	<top>60</top>
	<width>1040</width>
	<height>500</height>
	<texture>black.png</texture>
	<colordiffuse>C3FFFFFF</colordiffuse>
	</control>
	<!-- ** Required ** Do not change <id> or <type> -->
	<control type="image">
	<left>500</left>
	<top>160</top>
	<width>40</width>
	<height>360</height>
	<texture>grey.png</texture>
	<animation effect="fade" end="20" condition="true">conditional</animation>
	<animation effect="slide" start="0,0" end="-20,0" time="300" condition="Control.HasFocus(121)">Conditional</animation>
	<visible>!IsEmpty(Container(120).ListItem.Label)</visible>
	</control>
	<control type="image">
	<left>1125</left>
	<top>160</top>
	<width>85</width>
	<height>360</height>
	<texture>grey.png</texture>
	<animation effect="fade" end="20" condition="true">conditional</animation>
	<animation effect="slide" start="0,0" end="-20,0" time="300" condition="Control.HasFocus(121)">Conditional</animation>
	<visible>!IsEmpty(Container(120).ListItem.Label)</visible>
	</control>
	<!-- ** Required ** Do not change <id> or <type> -->
	<control type="list" id="120">
	<animation effect="fade" reversible="true" time="300">VisibleChange</animation>
	<animation effect="slide" start="0,0" end="-20,0" time="300" condition="Control.HasFocus(121)">Conditional</animation>	
	<left>240</left>
	<top>160</top>
	<width>1040</width>
	<height>360</height>
	<onleft>150</onleft>
	<onright>121</onright>
	<onup>120</onup>
	<ondown>120</ondown>
	<viewtype label="535">list</viewtype>
	<pagecontrol>121</pagecontrol>
	<scrolltime>200</scrolltime>
	<itemlayout height="40">
	<control type="label">
	<left>50</left>
	<top>0</top>
	<width>200</width>
	<height>40</height>
	<font>Font_18A</font>
	<textcolor>FFFFFAF0</textcolor>
	<aligny>center</aligny>
	<align>left</align>
	<info>ListItem.Label</info>
	</control>
	<control type="label">
	<left>310</left>
	<top>0</top>
	<width>560</width>
	<height>40</height>
	<font>Font_18A</font>
	<textcolor>FFFFFAF0</textcolor>
	<aligny>center</aligny>
	<align>left</align>
	<info>ListItem.Label2</info>
	</control>
	<control type="image">
	<left>265</left>
	<top>0</top>
	<width>30</width>
	<height>40</height>
	<aspectratio align="left" aligny="center">keep</aspectratio>
	<texture>flags/countries/$INFO[ListItem.Thumb].png</texture>
	</control>
	<control type="image">
	<left>892</left>
	<top>13</top>
	<width>89</width>
	<height>15</height>
	<texture>subtitle_rating_$INFO[ListItem.ActualIcon].png</texture>
	<aspectratio align="left" aligny="center">keep</aspectratio>
	<colordiffuse>$VAR[value_headercolor]</colordiffuse>
	</control>
	<control type="image">
	<left>987</left>
	<top>6</top>
	<width>40</width>
	<height>12</height>
	<texture>flags/subtitle_sync.png</texture>
	<aspectratio align="left" aligny="center">keep</aspectratio>
	<visible>ListItem.property(sync)</visible>
	</control>
	<control type="image">
	<left>987</left>
	<top>22</top>
	<width>40</width>
	<height>12</height>
	<texture>flags/cc.png</texture>
	<aspectratio align="left" aligny="center">keep</aspectratio>
	<visible>ListItem.property(hearing_imp)</visible>
	</control>
	</itemlayout>
	<focusedlayout height="40">
	<control type="image">
	<left>0</left>
	<top>0</top>
	<width>1040</width>
	<height>40</height>
	<texture>settings_button_focus.png</texture>
	<animation effect="fade" start="100" end="40" time="100" condition="Control.HasFocus(121) | Control.HasFocus(150)">conditional</animation>
	<animation effect="slide" start="0,0" end="20,0" time="300" condition="Control.HasFocus(121)">Conditional</animation>
	</control>
	<control type="label">
	<left>50</left>
	<top>0</top>
	<width>200</width>
	<height>40</height>
	<font>Font_18A</font>
	<textcolor>FF101010</textcolor>
	<aligny>center</aligny>
	<align>left</align>
	<info>ListItem.Label</info>
	</control>
	<control type="label">
	<left>310</left>
	<top>0</top>
	<width>560</width>
	<height>40</height>
	<font>Font_18A</font>
	<textcolor>FF101010</textcolor>
	<aligny>center</aligny>
	<align>left</align>
	<info>ListItem.Label2</info>
	</control>
	<control type="image">
	<left>265</left>
	<top>0</top>
	<width>30</width>
	<height>40</height>
	<aspectratio align="left" aligny="center">keep</aspectratio>
	<texture>flags/countries/$INFO[ListItem.Thumb].png</texture>
	</control>
	<control type="image">
	<left>892</left>
	<top>13</top>
	<width>89</width>
	<height>15</height>
	<texture>subtitle_rating_$INFO[ListItem.ActualIcon].png</texture>
	<aspectratio align="left" aligny="center">keep</aspectratio>
	<colordiffuse>$VAR[value_headercolorfocus]</colordiffuse>
	</control>
	<control type="image">
	<left>987</left>
	<top>6</top>
	<width>40</width>
	<height>12</height>
	<texture>flags/subtitle_sync.png</texture>
	<colordiffuse>FF101010</colordiffuse>
	<aspectratio align="left" aligny="center">keep</aspectratio>
	<visible>ListItem.property(sync)</visible>
	</control>
	<control type="image">
	<left>987</left>
	<top>22</top>
	<width>40</width>
	<height>12</height>
	<texture>flags/cc.png</texture>
	<colordiffuse>FF101010</colordiffuse>
	<aspectratio align="left" aligny="center">keep</aspectratio>
	<visible>ListItem.property(hearing_imp)</visible>
	</control>
	</focusedlayout>
	</control>
	<control type="image">
	<left>240</left>
	<top>520</top>
	<width>1040</width>
	<height>40</height>
	<texture>black.png</texture>
	<colordiffuse>C3FFFFFF</colordiffuse>
	</control>
	<control type="image" id="110">
	<left>-280</left>
	<top>10</top>
	<width>734</width>
	<height>30</height>
	<aspectratio>keep</aspectratio>
	<align>left</align>
	<aligny>top</aligny>
	<texture>-</texture>
	</control>
	<control type="group" id="130">
	<control type="grouplist">
	<left>290</left>
	<top>525</top>
	<width>305</width>
	<height>30</height>
	<align>left</align>
	<orientation>horizontal</orientation>
	<itemgap>5</itemgap>
	<control type="image">
	<width>30</width>
	<height>30</height>
	<texture>OverlayWatched.png</texture>
	</control>
	<control type="label"><!-- Legenda local -->
	<width min="10" max="260">auto</width>
	<height>30</height>
	<label>31992</label>
	<font>Font_18A</font>
	<textcolor>FFFFFAF0</textcolor>
	<align>left</align>
	<aligny>center</aligny>
	</control>
	</control>
	</control>
	<control type="label" id="100">
	<left>-20</left>
	<top>-20</top>
	<width>1</width>
	<height>1</height>
	<label>-</label>
	<font>-</font>
	<visible>false</visible>
	</control>
	<control type="label">
	<include>SettingsContentTitle</include>
	<label>$INFO[Player.Filename]</label>
	</control>
	<control type="label" id="140">
	<left>290</left>
	<top>105</top>
	<width>780</width>
	<height>40</height>
	<font>Font_18A</font>
	<textcolor>FFFFFAF0</textcolor>
	<align>left</align>
	<aligny>center</aligny>
	<wrapmultiline>false</wrapmultiline>
	</control>
	<control type="group" id="250"><!-- Menu da esquerda -->
	<control type="image">
	<left>240</left>
	<top>60</top>
	<width>30</width>
	<height>500</height>
	<texture>shadow.png</texture>
	<colordiffuse>C3FFFFFF</colordiffuse>
	</control>
	<control type="image">
	<left>0</left>
	<top>60</top>
	<width>240</width>
	<height>500</height>
	<texture>grey.png</texture>
	<colordiffuse>90FFFFFF</colordiffuse>
	</control>
	<control type="image">
	<left>238</left>
	<top>60</top>
	<width>2</width>
	<height>500</height>
	<texture>separator_v.png</texture>
	</control>
	<control type="label">
	<include>SettingsSectionTitle</include>
	<label>31202</label>
	</control>
	<control type="list" id="150">
	<left>0</left>
	<top>120</top>
	<width>239</width>
	<height>400</height>
	<onleft>120</onleft>
	<onright>120</onright>
	<onup>150</onup>
	<ondown>150</ondown>
	<viewtype label="535">list</viewtype>
	<scrolltime>200</scrolltime>
	<itemlayout width="240" height="40">
	<control type="label">
	<include>SettingsLabel</include>
	<label>$INFO[ListItem.Label]</label>
	<visible>!ListItem.property(man)</visible>
	</control>
	<control type="label">
	<include>SettingsLabel</include>
	<label>$INFO[ListItem.Label]</label>
	<visible>ListItem.property(man)</visible>
	</control>
	</itemlayout>
	<focusedlayout width="240" height="40">
	<control type="image">
	<texture>settings_button.png</texture>
	<animation effect="fade" start="100" end="50" time="100" condition="!Control.Hasfocus(150)">conditional</animation>
	</control>
	<control type="label">
	<include>SettingsLabel</include>
	<label>$INFO[ListItem.Label]</label>
	<visible>![ListItem.property(man) | Control.Hasfocus(150)]</visible>
	</control>
	<control type="label">
	<include>SettingsLabel</include>
	<label>$INFO[ListItem.Label]</label>
	<visible>ListItem.property(man) + !Control.Hasfocus(150)</visible>
	</control>
	<control type="label">
	<include>SettingsLabelFocus</include>
	<label>$INFO[ListItem.Label]</label>
	<visible>!ListItem.property(man) + Control.Hasfocus(150)</visible>
	</control>
	<control type="label">
	<include>SettingsLabelFocus</include>
	<label>$INFO[ListItem.Label]</label>
	<visible>ListItem.property(man) + Control.Hasfocus(150)</visible>
	</control>
	</focusedlayout>
	</control>
	<control type="scrollbar" id="121">
	<width>25</width>
	<include>ScrollBar_Vertical</include>
	<left>1250</left>
	<top>225</top>
	<height>250</height>
	<onleft>120</onleft>
	<onright>160</onright>
	<ondown>121</ondown>
	<onup>121</onup>
	<animation effect="fade" reversible="true" time="300">VisibleChange</animation>
	<visible allowhiddenfocus="true">Control.HasFocus(121)</visible>
	</control>
	<control type="button" id ="160"><!-- Legenda manual -->
	<left>940</left>
	<top>523</top>
	<width>350</width>
	<height>35</height>
	<label>$LOCALIZE[24120]</label>
	<texturenofocus>-</texturenofocus>
	<texturefocus>-</texturefocus>
	<textcolor>FF505050</textcolor>
	<focusedcolor>FFFFFFFF</focusedcolor>
	<font>Font_20</font>
	<align>right</align>
	<aligny>center</aligny>
	<onleft>150</onleft>
	<onright>150</onright>
	<onup>150</onup>
	<ondown>150</ondown>
	</control>
	<control type="image">
	<left>0</left>
	<top>60</top>
	<width>250</width>
	<height>500</height>
	<texture>menu_glass.png</texture>
	<colordiffuse>70FFFAF0</colordiffuse>
	</control>
	</control>
	</control>
	</controls>
</window>