<?xml version="1.0" encoding="UTF-8"?>
<window><!-- Aeon MQ 6 -->
	<defaultcontrol always="true">149</defaultcontrol>
	<onload condition="system.hasaddon(script.artistslideshow)">RunScript(script.artistslideshow)</onload>
	<onload>ClearProperty(script.extendedinfo.isactive)</onload>
	<onload>Skin.SetString(sextendalbum_list,6010)</onload>
	<onload condition="Container.Content(artists)">RunScript(script.extendedinfo,info=artistdetails,artistname='$INFO[ListItem.Artist]',silent=False)</onload>
	<onload condition="Container.Content(albums)">RunScript(script.extendedinfo,info=artistdetails,info=albuminfo,artistname='$INFO[ListItem.Artist]',albumname='$INFO[ListItem.Album]',silent=False)</onload>
	<controls>
	<control type="group"><!-- default group -->
	<include>Animation_Window</include>
	<animation effect="slide" start="0" end="-1280" time="400" tween="cubic" easing="inout" condition="StringCompare(Window.Property(script.extendedinfo.isactive),1)">Conditional</animation>
	<animation effect="slide" start="0" end="-1280" time="400" tween="cubic" easing="inout" condition="Window.IsActive(2006)">Conditional</animation>
	<control type="multiimage"><!-- Multi Fanart -->
	<include>WindowBG</include>
	<imagepath fallback="special://skin/backgrounds/music.jpg" background="true">$VAR[value_musicfanart]</imagepath>
	</control>
	<control type="image"><!-- Single Fanart -->
	<include>WindowBG</include>
	<texture background="true">$VAR[value_defaultmusicfanart]</texture>
	</control>
	<control type="multiimage" id="5032"><!-- Extra Fanart Artist/Album -->
	<include>WindowBG</include>
	<imagepath background="true">$INFO[Skin.String(CustomMusicLogoPath)]$INFO[ListItem.Artist,,/extrafanart/]</imagepath>
	<visible>[Container.Content(artists) | Container.Content(albums)] + SubString(skin.string(musicfanart),extra)</visible>
	</control>
	<control type="multiimage" id="5033"><!-- Extra Fanart Song -->
	<include>WindowBG</include>
	<imagepath background="true">$INFO[ListItem.Path]extrafanart/</imagepath>
	<visible>Container.Content(songs) + SubString(skin.string(musicfanart),extra)</visible>
	</control>
	<control type="image">
	<left>0</left>
	<top>0</top>
	<height>150</height>
	<width>1280</width>
	<texture flipy="true">shadow_mask.png</texture>
	<colordiffuse>75000000</colordiffuse>
	</control>
	<control type="label"><!-- Artist -->
	<left>30</left>
	<top>8</top>
	<width>1100</width>
	<height>40</height>
	<font>Font_40</font>
	<label>$VAR[value_music_title]</label>
	<textcolor>FFFFFAF0</textcolor>
	<scroll>true</scroll>
	<scrollout>false</scrollout>
	</control>
	<control type="label">
	<left>30</left>
	<top>50</top>
	<width>1100</width>
	<height>25</height>
	<font>Font_21</font>
	<label>$VAR[value_music_subtitle]</label>
	<textcolor>90FFFFFF</textcolor>
	<scroll>true</scroll>
	<scrollout>false</scrollout>
	</control>
	<control type="image"><!-- Star -->
	<left>1179</left>
	<top>5</top>
	<width>73</width>
	<height>73</height>
	<align>center</align>
	<aligny>center</aligny>
	<texture>star.png</texture>
	<colordiffuse>$VAR[value_headercolor]</colordiffuse>
	<visible>Container.Content(albums)</visible>
	</control>
	<control type="label">
	<left>1185</left>
	<top>15</top>
	<width>60</width>
	<height>60</height>
	<align>center</align>
	<aligny>center</aligny>
	<font>Font_18A</font>
	<label>[B]$INFO[ListItem.Rating][/B]</label>
	<textcolor>FF101010</textcolor>
	</control>
	<control type="image"><!-- Banner -->
	<left>725</left>
	<top>5</top>
	<aspectratio>keep</aspectratio>
	<width>327</width>
	<height>67</height>
	<texture background="true">$INFO[Window(home).Property(Banner)]</texture>
	<visible>!IsEmpty(Window(home).Property(Banner))</visible>
	</control>
	<control type="image">
	<left>0</left>
	<top>80</top>
	<width>1280</width>
	<height>386</height>
	<texture>darkgrey.png</texture>
	<colordiffuse>$VAR[value_texturecolor]</colordiffuse>
	<include>Animation_DefaultGlass</include>
	</control>
	<control type="image">
	<left>0</left>
	<top>0</top>
	<width>1280</width>
	<height>80</height>
	<texture>gradient_small.png</texture>
	</control>
	<control type="image">
	<left>205</left>
	<top>80</top>
	<height>190</height>
	<width>2</width>
	<texture>separator_v.png</texture>
	</control>
	<control type="image">
	<left>0</left>
	<top>136</top>
	<height>2</height>
	<width>686</width>
	<texture>separator.png</texture>
	</control>
	<control type="image"><!-- Logo -->
	<left>500</left>
	<top>80</top>
	<width>140</width>
	<height>60</height>
	<aspectratio>keep</aspectratio>
	<texture>$INFO[Window(home).Property(Logo)]</texture>
	<visible>!IsEmpty(Window(home).Property(Logo))</visible>
	</control>
	<control type="label"><!-- Year -->
	<left>220</left>
	<top>80</top>
	<height>40</height>
	<width>110</width>
	<align>left</align>
	<aligny>center</aligny>
	<font>Font_24A</font>
	<label>$INFO[ListItem.Year]</label>
	<textcolor>FFFFFAF0</textcolor>
	</control>
	<control type="label"><!-- Genre -->
	<left>220</left>
	<top>103</top>
	<height>40</height>
	<width>490</width>
	<align>left</align>
	<aligny>center</aligny>
	<font>Font_24A</font>
	<label>$INFO[ListItem.Genre]</label>
	<textcolor>FFFFFAF0</textcolor>
	<scroll>true</scroll>
	<scrollout>false</scrollout>
	</control>
	<control type="label"><!-- Mood -->
	<left>-10</left>
	<top>140</top>
	<height>27</height>
	<width>200</width>
	<align>right</align>
	<aligny>center</aligny>
	<font>Font_18A</font>
	<label>$LOCALIZE[175]</label>
	<textcolor>$VAR[value_headercolor]</textcolor>
	</control>
	<control type="label">
	<left>220</left>
	<top>140</top>
	<height>27</height>
	<width>440</width>
	<align>left</align>
	<aligny>center</aligny>
	<font>Font_18A</font>
	<label>$INFO[ListItem.Property(Artist_Mood)]$INFO[ListItem.Property(Album_Mood)]</label>
	<textcolor>FFFFFAF0</textcolor>
	<scroll>true</scroll>
	<scrollout>false</scrollout>
	</control>
	<control type="label"><!-- Style -->
	<left>-10</left>
	<top>160</top>
	<height>27</height>
	<width>200</width>
	<align>right</align>
	<aligny>center</aligny>
	<font>Font_18A</font>
	<label>$LOCALIZE[176]</label>
	<textcolor>$VAR[value_headercolor]</textcolor>
	</control>
	<control type="label">
	<left>220</left>
	<top>160</top>
	<height>27</height>
	<width>440</width>
	<align>left</align>
	<aligny>center</aligny>
	<font>Font_18A</font>
	<label>$INFO[ListItem.Property(Artist_Style)]$INFO[ListItem.Property(Album_Style)]</label>
	<textcolor>FFFFFAF0</textcolor>
	<scroll>true</scroll>
	<scrollout>false</scrollout>
	</control>
	<control type="label"><!-- Formed/artists - Theme/Albums -->
	<left>-10</left>
	<top>180</top>
	<height>27</height>
	<width>200</width>
	<align>right</align>
	<aligny>center</aligny>
	<font>Font_18A</font>
	<label>$VAR[value_audioinfo_label3]</label>
	<textcolor>$VAR[value_headercolor]</textcolor>
	</control>
	<control type="label">
	<left>220</left>
	<top>180</top>
	<height>27</height>
	<width>440</width>
	<align>left</align>
	<aligny>center</aligny>
	<font>Font_18A</font>
	<label>$VAR[value_audioinfo_value3]</label>
	<textcolor>FFFFFAF0</textcolor>
	<scroll>true</scroll>
	<scrollout>false</scrollout>
	</control>
	<control type="label"><!-- YearsActive/Artists - Type/Albums -->
	<left>-10</left>
	<top>200</top>
	<height>27</height>
	<width>200</width>
	<align>right</align>
	<aligny>center</aligny>
	<font>Font_18A</font>
	<label>$VAR[value_audioinfo_label4]</label>
	<textcolor>$VAR[value_headercolor]</textcolor>
	</control>
	<control type="label">
	<left>220</left>
	<top>200</top>
	<height>27</height>
	<width>440</width>
	<align>left</align>
	<aligny>center</aligny>
	<font>Font_18A</font>
	<label>$VAR[value_audioinfo_value4]</label>
	<textcolor>FFFFFAF0</textcolor>
	<scroll>true</scroll>
	<scrollout>false</scrollout>
	</control>
	<control type="label"><!-- Born/Die - Record/Albums -->
	<left>-10</left>
	<top>220</top>
	<height>27</height>
	<width>200</width>
	<align>right</align>
	<aligny>center</aligny>
	<font>Font_18A</font>
	<label>$VAR[value_audioinfo_label5]</label>
	<textcolor>$VAR[value_headercolor]</textcolor>
	</control>
	<control type="label">
	<left>220</left>
	<top>220</top>
	<height>27</height>
	<width>440</width>
	<align>left</align>
	<aligny>center</aligny>
	<font>Font_18A</font>
	<label>$VAR[value_audioinfo_value5]</label>
	<textcolor>FFFFFAF0</textcolor>
	<scroll>true</scroll>
	<scrollout>false</scrollout>
	</control>
	<control type="image">
	<left>0</left>
	<top>270</top>
	<height>2</height>
	<width>686</width>
	<texture>separator.png</texture>
	</control>
	<control type="textbox"><!-- Plot -->
	<left>30</left>
	<top>280</top>
	<width>635</width>
	<height>175</height>
	<align>justify</align>
	<font>Font_18A</font>
	<label>$INFO[ListItem.Property(Album_Description)]$INFO[ListItem.Property(Artist_Description)]</label>
	<textcolor>FFFFFAF0</textcolor>
	<autoscroll delay="15000" time="5000" repeat="15000">!Skin.HasSetting(noinfoplotscroll)</autoscroll>
	</control>
	<control type="image"><!-- Thumb cv -->
	<left>887</left>
	<top>110</top>
	<width>345</width>
	<height>345</height>
	<texture diffuse="cdart_diffuse.png" background="true">$INFO[Skin.String(CustomMusicLogoPath)]$INFO[ListItem.Artist,,/cd.png]</texture>
	<fadetime>FanartCrossFadeTime</fadetime>
	<aspectratio align="center" aligny="top">stretch</aspectratio>
	<animation effect="rotate" start="0" end="-360" center="auto" time="40000" delay="6000" loop="true" reversible="false" condition="!Player.HasVideo">Conditional</animation>
	<include>Animation_ViewsCDart</include>
	</control>
	<control type="image"><!-- Thumb cd fake-->
	<left>887</left>
	<top>110</top>
	<width>345</width>
	<height>345</height>
	<aspectratio align="center" aligny="top">stretch</aspectratio>
	<texture diffuse="cdart_diffuse.png" background="true">$INFO[Listitem.Icon]</texture>
	<fadetime>FanartCrossFadeTime</fadetime>
	<aspectratio align="center" aligny="top">stretch</aspectratio>
	<animation effect="rotate" start="0" end="-360" center="auto" time="40000" delay="6000" loop="true" reversible="false" condition="!Player.HasVideo">Conditional</animation>
	<include>Animation_ViewsCDart</include>
	</control>
	<control type="image"><!-- Thumb cd -->
	<left>887</left>
	<top>110</top>
	<width>345</width>
	<height>345</height>
	<texture diffuse="cdart_diffuse.png" background="true">$INFO[Skin.String(CustomMusicLogoPath)]$INFO[ListItem.Artist,,/cd.png]</texture>
	<fadetime>FanartCrossFadeTime</fadetime>
	<aspectratio align="center" aligny="top">stretch</aspectratio>
	<animation effect="rotate" start="0" end="-360" center="auto" time="40000" delay="6000" loop="true" reversible="false" condition="!Player.HasVideo">Conditional</animation>
	<include>Animation_ViewsCDart</include>
	</control>
	<control type="image"><!-- Thumb cd fake-->
	<left>887</left>
	<top>110</top>
	<width>345</width>
	<height>345</height>
	<aspectratio align="center" aligny="top">stretch</aspectratio>
	<texture diffuse="cdart_diffuse.png" background="true">$INFO[Listitem.Icon]</texture>
	<visible>IsEmpty(Skin.String(CustomMusicLogoPath))$INFO[ListItem.Artist,,/cd.png]</visible>
	</control>
	<control type="image"><!-- Thumb -->
	<left>687</left>
	<top>80</top>
	<height>386</height>
	<width>563</width>
	<aspectratio align="left">keep</aspectratio>
	<texture fallback="DefaultAudio.png" diffuse="thumb_cdcover_mask_cdart.png" background="true">$INFO[Listitem.Icon]</texture>
	<visible>!IsEmpty(ListItem.Thumb)</visible>
	</control>

	<control type="multiimage"><!-- Artist -->
	<left>687</left>
	<top>80</top>
	<height>386</height>
	<width>563</width>
	<timeperimage>5000</timeperimage>
	<randomize>true</randomize>
	<fadetime>FanartCrossFadeTime</fadetime>
	<aspectratio align="left">keep</aspectratio>
	<imagepath fallback="DefaultAudioCover.png" background="true">$INFO[Window(Visualisation).Property(ArtistSlideshow)]</imagepath>
	<visible>IsEmpty(ListItem.Thumb)</visible>
	</control>
	<control type="image">
	<left>686</left>
	<top>80</top>
	<height>386</height>
	<width>2</width>
	<texture>separator_v.png</texture>
	</control>
	<control type="image">
	<left>0</left>
	<top>80</top>
	<height>2</height>
	<width>1280</width>
	<texture>separator.png</texture>
	</control>
	<control type="image"><!-- Fundo do rodape -->
	<left>0</left>
	<top>650</top>
	<width>1280</width>
	<height>70</height>
	<texture>shadow_mask.png</texture>
	<colordiffuse>$VAR[value_floorcolor]</colordiffuse>
	<include>Animation_FloorGlass</include>
	</control>
	<control type="label">
	<left>30</left>
	<top>680</top>
	<width>400</width>
	<height>27</height>
	<align>left</align>
	<aligny>center</aligny>
	<font>Font_18A</font>
	<label>31939</label>
	<textcolor>$VAR[value_flagscolor]</textcolor>
	<visible>IsEmpty(Window(Visualisation).Property(ArtistSlideshow.1.AlbumName)) + !IsEmpty(Window.Property(ArtistSlideshowRunning))</visible>
	</control>
	<control type="label">
	<left>30</left>
	<top>680</top>
	<width>400</width>
	<height>27</height>
	<align>left</align>
	<aligny>center</aligny>
	<font>Font_15</font>
	<label>$VAR[value_albumsong_items]</label>
	<textcolor>$VAR[value_flagscolor]</textcolor>		
	<animation effect="slide" end="0,9" condition="Container.Content(albums)">Conditional</animation>
	</control>
	<control type="label">
	<left>30</left>
	<top>696</top>
	<width>400</width>
	<height>27</height>
	<align>left</align>
	<aligny>center</aligny>
	<font>Font_15</font>
	<label>$LOCALIZE[31941]: 50 $LOCALIZE[31040]</label>
	<textcolor>$VAR[value_flagscolor]</textcolor>	
	<visible>Container.Content(artists)</visible>
	</control>
	<control type="image">
	<left>0</left>
	<top>680</top>
	<height>43</height>
	<width>1280</width>
	<texture>gradient_small.png</texture>
	</control>
	<control type="image"><!-- Cast -->
	<left>0</left>
	<top>679</top>
	<width>1280</width>
	<height>30</height>
	<texture flipy="true">shadow_h.png</texture>
	<colordiffuse>C3FFFFFF</colordiffuse>
	</control>
	<control type="image">
	<left>0</left>
	<top>494</top>
	<height>186</height>
	<width>1280</width>
	<texture>darkgrey.png</texture>
	<colordiffuse>$VAR[value_texturecolor]</colordiffuse>
	<include>Animation_DefaultGlass2</include>
	</control>
	<control type="label">
	<visible>SubString(skin.string(sextendalbum_list),6010)</visible>
	<left>315</left>
	<top>692</top>
	<width>650</width>
	<align>center</align>
	<aligny>center</aligny>
	<font>Font_24</font>
	<label>$INFO[Container(6010).ListItem.Year,, : ]$INFO[Container(6010).ListItem.Label]</label>	
	<textcolor>$VAR[value_flagscolor]</textcolor>
	<scroll>true</scroll>
	</control>
	<control type="label">
	<visible>SubString(skin.string(sextendalbum_list),7010)</visible>
	<left>315</left>
	<top>692</top>
	<width>650</width>
	<align>center</align>
	<aligny>center</aligny>
	<font>Font_24</font>
	<label>$INFO[Container(7010).ListItem.Year,, : ]$INFO[Container(7010).ListItem.Label]</label>	
	<textcolor>$VAR[value_flagscolor]</textcolor>
	<scroll>true</scroll>
	</control>
	<control type="label">
	<visible>SubString(skin.string(sextendalbum_list),8010)</visible>
	<left>315</left>
	<top>692</top>
	<width>650</width>
	<align>center</align>
	<aligny>center</aligny>
	<font>Font_24</font>
	<label>$INFO[Container(8010).ListItem.Label2] $INFO[Container(8010).ListItem.Property(City)]  : $INFO[Container(8010).ListItem.Property(Name)]</label>	
	<textcolor>$VAR[value_flagscolor]</textcolor>
	<scroll>true</scroll>
	</control>
	<control type="label">
	<visible>SubString(skin.string(sextendalbum_list),5010)</visible>
	<left>315</left>
	<top>692</top>
	<width>650</width>
	<align>center</align>
	<aligny>center</aligny>
	<font>Font_24</font>
	<label>$INFO[Container(5010).ListItem.Label]</label>	
	<textcolor>$VAR[value_flagscolor]</textcolor>
	<scroll>true</scroll>
	</control>
	<control type="label">
	<visible>SubString(skin.string(sextendalbum_list),10010)</visible>
	<left>315</left>
	<top>692</top>
	<width>650</width>
	<align>center</align>
	<aligny>center</aligny>
	<font>Font_24</font>
	<label>$INFO[Container(10010).ListItem.Label]</label>	
	<textcolor>$VAR[value_flagscolor]</textcolor>
	<scroll>true</scroll>
	</control>	<control type="group" id="910"><!-- Lists -->
	<control type="list" id="6010">
	<visible>SubString(skin.string(sextendalbum_list),6010)</visible>
	<viewtype label="List">List Info</viewtype>
	<content>plugin://script.extendedinfo?info=discography&amp;&amp;artistname=$INFO[ListItem.Artist]</content>
	<left>52</left>
	<top>492</top>
	<width>1228</width>
	<height>220</height>
	<onup>149</onup>
	<ondown>Skin.Reset(artistzoom)</ondown>
	<ondown>SetFocus(160)</ondown>
	<ondown>Skin.SetBool(coverzoom)</ondown>
	<orientation>horizontal</orientation>
	<scrolltime>400</scrolltime>
	<focusposition>2</focusposition>
	<itemlayout height="170" width="248">
	<control type="image"><!-- Fake cd -->
	<left>40</left>
	<top>5</top>
	<width>180</width>
	<height>180</height>
	<texture diffuse="cdart_diffuse.png" background="true">$INFO[ListItem.Icon]</texture>
	<fadetime>FanartCrossFadeTime</fadetime>
	<aspectratio align="center" aligny="top">stretch</aspectratio>
	<animation effect="rotate" start="0" end="-360" center="auto" time="40000" delay="6000" loop="true" reversible="false" condition="!Player.HasVideo">Conditional</animation>
	<include>Animation_ViewsCDart</include>
	</control>
	<control type="image">
	<left>0</left>
	<top>5</top>
	<width>180</width>
	<height>180</height>
	<texture fallback="DefaultAudio.png" diffuse="thumb_cdcover_mask_cdart.png" background="true">$INFO[ListItem.Icon]</texture>

	</control>
	</itemlayout>
	<focusedlayout height="170" width="248">
	<control type="image"><!-- Fake cd -->
	<left>40</left>
	<top>5</top>
	<width>180</width>
	<height>180</height>
	<texture diffuse="cdart_diffuse.png" background="true">$INFO[ListItem.Icon]</texture>
	<fadetime>FanartCrossFadeTime</fadetime>
	<aspectratio align="center" aligny="top">stretch</aspectratio>
	<animation effect="rotate" start="0" end="-360" center="auto" time="40000" delay="6000" loop="true" reversible="false" condition="!Player.HasVideo">Conditional</animation>
	<include>Animation_ViewsCDart</include>
	</control>
	<control type="image">
	<left>0</left>
	<top>5</top>
	<width>180</width>
	<height>180</height>
	<aligny>center</aligny>
	<align>left</align>
	<aspectratio>scale</aspectratio>
	<texture fallback="DefaultAudio.png" diffuse="thumb_cdcover_mask_cdart.png" background="true">$INFO[ListItem.Icon]</texture>
	<bordertexture border="-2">black.png</bordertexture>
	<colordiffuse>FF909090</colordiffuse>
	<include>Animation_Fade</include>
	<visible>!Control.HasFocus(6010)</visible>
	</control>
	<control type="image">
	<left>0</left>
	<top>5</top>
	<width>180</width>
	<height>180</height>
	<aligny>center</aligny>
	<align>left</align>
	<aspectratio>scale</aspectratio>
	<texture fallback="DefaultAudio.png" diffuse="thumb_cdcover_mask_cdart.png" background="true">$INFO[ListItem.Icon]</texture>
	<bordertexture border="-2">grey.png</bordertexture>
	<include>Animation_Fade</include>
	<visible>Control.HasFocus(6010)</visible>
	</control>
	</focusedlayout>
	<include condition="Player.HasAudio + system.hasaddon(script.artistslideshow)">AlbumContent</include>
	</control>
	<control type="list" id="7010">
	<visible>SubString(skin.string(sextendalbum_list),7010)</visible>
	<viewtype label="List">List Info</viewtype>
	<content>plugin://script.extendedinfo?info=mostlovedtracks&amp;&amp;artistname=$INFO[ListItem.Artist]</content>
	<left>52</left>
	<top>492</top>
	<width>1200</width>
	<height>220</height>
	<onup>149</onup>
	<ondown>Skin.Reset(artistzoom)</ondown>
	<ondown>SetFocus(160)</ondown>
	<ondown>Skin.SetBool(coverzoom)</ondown>
	<orientation>horizontal</orientation>
	<scrolltime>400</scrolltime>
	<focusposition>2</focusposition>
	<itemlayout height="170" width="248">
	<control type="image">
	<left>0</left>
	<top>5</top>
	<width>180</width>
	<height>180</height>
	<aligny>center</aligny>
	<align>left</align>
	<aspectratio>scale</aspectratio>
	<texture fallback="DefaultAudioCover.png" background="true">$INFO[ListItem.Icon]</texture>
	<bordertexture border="-2">black.png</bordertexture>
	<colordiffuse>FF909090</colordiffuse>
	</control>
	</itemlayout>
	<focusedlayout height="170" width="248">
	<control type="image">
	<left>0</left>
	<top>5</top>
	<width>180</width>
	<height>180</height>
	<aligny>center</aligny>
	<align>left</align>
	<aspectratio>scale</aspectratio>
	<texture fallback="DefaultAudioCover.png" background="true">$INFO[ListItem.Icon]</texture>
	<bordertexture border="-2">black.png</bordertexture>
	<colordiffuse>FF909090</colordiffuse>
	<include>Animation_Fade</include>
	<visible>!Control.HasFocus(7010)</visible>
	</control>
	<control type="image">
	<left>0</left>
	<top>5</top>
	<width>180</width>
	<height>180</height>
	<aligny>center</aligny>
	<align>left</align>
	<aspectratio>scale</aspectratio>
	<texture fallback="DefaultAudioCover.png" background="true">$INFO[ListItem.Icon]</texture>
	<bordertexture border="-2">grey.png</bordertexture>
	<include>Animation_Fade</include>
	<visible>Control.HasFocus(7010)</visible>
	</control>
	</focusedlayout>
	<include condition="Player.HasAudio + system.hasaddon(script.artistslideshow)">AlbumContent</include>
	</control>
	<control type="list" id="8010">
	<viewtype label="List">List Info</viewtype>
	<visible>SubString(skin.string(sextendalbum_list),8010)</visible>
	<content>plugin://script.extendedinfo?info=artistevents&amp;&amp;artistname=$INFO[ListItem.Artist]</content>
	<left>52</left>
	<top>492</top>
	<width>1200</width>
	<height>220</height>
	<onup>149</onup>
	<ondown>Skin.Reset(artistzoom)</ondown>
	<ondown>SetFocus(160)</ondown>
	<ondown>Skin.SetBool(coverzoom)</ondown>
	<orientation>horizontal</orientation>
	<scrolltime>400</scrolltime>
	<focusposition>2</focusposition>
	<itemlayout height="170" width="248">
	<control type="image">
	<left>0</left>
	<top>5</top>
	<width>180</width>
	<height>180</height>
	<aligny>center</aligny>
	<align>left</align>
	<aspectratio>scale</aspectratio>
	<texture fallback="DefaultAudioCover.png" background="true">$INFO[ListItem.Icon]</texture>
	<bordertexture border="-2">black.png</bordertexture>
	<colordiffuse>FF909090</colordiffuse>
	</control>
	</itemlayout>
	<focusedlayout height="170" width="248">
	<control type="image">
	<left>0</left>
	<top>5</top>
	<width>180</width>
	<height>180</height>
	<aligny>center</aligny>
	<align>left</align>
	<aspectratio>scale</aspectratio>
	<texture fallback="DefaultAudioCover.png" background="true">$INFO[ListItem.Icon]</texture>
	<bordertexture border="-2">black.png</bordertexture>
	<colordiffuse>FF909090</colordiffuse>
	<include>Animation_Fade</include>
	<visible>!Control.HasFocus(8010)</visible>
	</control>
	<control type="image">
	<left>0</left>
	<top>5</top>
	<width>180</width>
	<height>180</height>
	<aligny>center</aligny>
	<align>left</align>
	<aspectratio>scale</aspectratio>
	<texture fallback="DefaultAudioCover.png" background="true">$INFO[ListItem.Icon]</texture>
	<bordertexture border="-2">grey.png</bordertexture>
	<include>Animation_Fade</include>
	<visible>Control.HasFocus(8010)</visible>
	</control>
	</focusedlayout>
	<include condition="Player.HasAudio + system.hasaddon(script.artistslideshow)">AlbumContent</include>
	</control>
	<control type="list" id="5010">
	<viewtype label="List">List Info</viewtype>
	<visible>SubString(skin.string(sextendalbum_list),5010)</visible>
	<content>plugin://script.extendedinfo?info=similarartistsinlibrary&amp;&amp;artistname=$INFO[ListItem.Artist]</content>	
	<left>52</left>
	<top>492</top>
	<width>1200</width>
	<height>220</height>
	<onup>149</onup>
	<ondown>Skin.Reset(artistzoom)</ondown>
	<ondown>SetFocus(160)</ondown>
	<ondown>Skin.SetBool(coverzoom)</ondown>
	<onclick>plugin://script.extendedinfo?info=artistevents&amp;&amp;artistname=$INFO[Container(5010).ListItem.Label]</onclick>
	<orientation>horizontal</orientation>
	<scrolltime>400</scrolltime>
	<focusposition>2</focusposition>
	<itemlayout height="170" width="248">
	<control type="image">
	<left>0</left>
	<top>5</top>
	<width>180</width>
	<height>180</height>
	<aligny>center</aligny>
	<align>left</align>
	<aspectratio>scale</aspectratio>
	<texture fallback="DefaultAudioCover.png" background="true">$INFO[ListItem.Icon]</texture>
	<bordertexture border="-2">black.png</bordertexture>
	<colordiffuse>FF909090</colordiffuse>
	</control>
	</itemlayout>
	<focusedlayout height="170" width="248">
	<control type="image">
	<left>0</left>
	<top>5</top>
	<width>180</width>
	<height>180</height>
	<aligny>center</aligny>
	<align>left</align>
	<aspectratio>scale</aspectratio>
	<texture fallback="DefaultAudioCover.png" background="true">$INFO[ListItem.Icon]</texture>
	<bordertexture border="-2">black.png</bordertexture>
	<colordiffuse>FF909090</colordiffuse>
	<include>Animation_Fade</include>
	<visible>!Control.HasFocus(5010)</visible>
	</control>
	<control type="image">
	<left>0</left>
	<top>5</top>
	<width>180</width>
	<height>180</height>
	<aligny>center</aligny>
	<align>left</align>
	<aspectratio>scale</aspectratio>
	<texture fallback="DefaultAudioCover.png" background="true">$INFO[ListItem.Icon]</texture>
	<bordertexture border="-2">grey.png</bordertexture>
	<include>Animation_Fade</include>
	<visible>Control.HasFocus(5010)</visible>
	</control>
	</focusedlayout>
	<include condition="Player.HasAudio + system.hasaddon(script.artistslideshow)">AlbumContent</include>
	</control>
	<control type="list" id="10010">
	<viewtype label="List">List Info</viewtype>
	<visible>SubString(skin.string(sextendalbum_list),10010)</visible>
	<content>plugin://script.extendedinfo?info=youtubesearch&amp;&amp;id=$INFO[ListItem.Artist]</content>
	<left>52</left>
	<top>492</top>
	<width>1200</width>
	<height>220</height>
	<onup>149</onup>
	<ondown>Skin.Reset(artistzoom)</ondown>
	<ondown>SetFocus(160)</ondown>
	<ondown>Skin.SetBool(coverzoom)</ondown>
	<orientation>horizontal</orientation>
	<scrolltime>400</scrolltime>
	<focusposition>2</focusposition>
	<itemlayout height="170" width="248">
	<control type="image">
	<left>0</left>
	<top>5</top>
	<width>180</width>
	<height>180</height>
	<aligny>center</aligny>
	<align>left</align>
	<aspectratio>scale</aspectratio>
	<texture fallback="DefaultAudioCover.png" background="true">$INFO[ListItem.Icon]</texture>
	<bordertexture border="-2">black.png</bordertexture>
	<colordiffuse>FF909090</colordiffuse>
	</control>
	</itemlayout>
	<focusedlayout height="170" width="248">
	<control type="image">
	<left>0</left>
	<top>5</top>
	<width>180</width>
	<height>180</height>
	<aligny>center</aligny>
	<align>left</align>
	<aspectratio>scale</aspectratio>
	<texture fallback="DefaultAudioCover.png" background="true">$INFO[ListItem.Icon]</texture>
	<bordertexture border="-2">black.png</bordertexture>
	<colordiffuse>FF909090</colordiffuse>
	<include>Animation_Fade</include>
	<visible>!Control.HasFocus(10010)</visible>
	</control>
	<control type="image">
	<left>0</left>
	<top>5</top>
	<width>180</width>
	<height>180</height>
	<aligny>center</aligny>
	<align>left</align>
	<aspectratio>scale</aspectratio>
	<texture fallback="DefaultAudioCover.png" background="true">$INFO[ListItem.Icon]</texture>
	<bordertexture border="-2">grey.png</bordertexture>
	<include>Animation_Fade</include>
	<visible>Control.HasFocus(10010)</visible>
	</control>
	</focusedlayout>
	<include condition="Player.HasAudio + system.hasaddon(script.artistslideshow)">AlbumContent</include>
	</control>
	</control>
	<control type="group"><!-- Menu bar -->
	<left>0</left>
	<top>465</top>
	<control type="image">
	<left>0</left>
	<top>-30</top>
	<width>1280</width>
	<height>30</height>
	<texture>shadow_h.png</texture>
	<colordiffuse>C3FFFFFF</colordiffuse>
	</control>
	<control type="image">
	<left>0</left>
	<top>29</top>
	<width>1280</width>
	<height>30</height>
	<texture flipy="true">shadow_h.png</texture>
	<colordiffuse>C3FFFFFF</colordiffuse>
	</control>
	<control type="image">
	<left>0</left>
	<top>0</top>
	<width>1280</width>
	<height>30</height>
	<texture>darkgrey.png</texture>
	<colordiffuse>$VAR[value_texturecolor]</colordiffuse>
	<include>Animation_DefaultGlass2</include>
	</control>
	<control type="list" id="149">
	<left>0</left>
	<top>3</top>
	<width>1280</width>
	<height>25</height>
	<ondown>910</ondown>
	<orientation>horizontal</orientation>
	<pagecontrol>-</pagecontrol>
	<scrolltime>300</scrolltime>
	<focusposition>3</focusposition>
	<itemlayout height="25" width="182">
	<control type="image">
	<left>0</left>
	<top>0</top>
	<width>1</width>
	<height>25</height>
	<texture>separator_v.png</texture>
	</control>
	<control type="label">
	<left>10</left>
	<top>0</top>
	<height>25</height>
	<width>162</width>
	<align>center</align>
	<aligny>center</aligny>
	<font>Font_18</font>
	<label>[UPPERCASE]$INFO[ListItem.Label][/UPPERCASE]</label>
	<textcolor>B6FFFFFF</textcolor>
	</control>
	</itemlayout>
	<focusedlayout height="25" width="182">
	<control type="image">
	<left>0</left>
	<top>-1</top>
	<width>182</width>
	<height>27</height>
	<texture>settings_button_focus.png</texture>
	<visible>Control.Hasfocus(149)</visible>
	</control>
	<control type="image">
	<left>0</left>
	<top>0</top>
	<width>1</width>
	<height>25</height>
	<texture>separator_v.png</texture>
	</control>
	<control type="label">
	<left>10</left>
	<top>0</top>
	<height>25</height>
	<width>162</width>
	<align>center</align>
	<aligny>center</aligny>
	<font>Font_18</font>
	<label>[UPPERCASE]$INFO[ListItem.Label][/UPPERCASE]</label>
	<textcolor>FF101010</textcolor>
	<visible>Control.Hasfocus(149)</visible>
	</control>
	<control type="label">
	<left>10</left>
	<top>0</top>
	<height>25</height>
	<width>162</width>
	<align>center</align>
	<aligny>center</aligny>
	<font>Font_18</font>
	<label>[UPPERCASE]$INFO[ListItem.Label][/UPPERCASE]</label>
	<textcolor>B6FFFFFF</textcolor>
	<visible>!Control.Hasfocus(149)</visible>
	</control>
	</focusedlayout>
	<content>
	<item id="1"><!-- Albums -->
	<label>Albums</label>
	<onclick>Skin.SetString(sextendalbum_list,6010)</onclick>
	<visible>IntegerGreaterThan(Container(6010).NumItems,0)</visible>
	</item>
	<item id="12"><!-- MostLoved Track -->
	<label>MostLoved Track</label>
	<onclick>Skin.SetString(sextendalbum_list,7010)</onclick>
	<visible>IntegerGreaterThan(Container(7010).NumItems,0)</visible>
	</item>
	<item id="2"><!-- Concerts -->
	<label>Concerts</label>
	<onclick>Skin.SetString(sextendalbum_list,8010)</onclick>
	<visible>IntegerGreaterThan(Container(8010).NumItems,0)</visible>
	</item>
	<item id="3"><!-- Similar -->
	<label>Simular</label>
	<onclick>Skin.SetString(sextendalbum_list,5010)</onclick>
	<visible>IntegerGreaterThan(Container(5010).NumItems,0)</visible>
	</item>
	<item id="4"><!-- Youtube -->
	<label>Youtube</label>
	<onclick>Skin.SetString(sextendalbum_list,10010)</onclick>
	<visible>IntegerGreaterThan(Container(10010).NumItems,0)</visible>
	</item>
	<item id="5"><!-- Refresh -->
	<description>Refresh</description>
	<label>31695</label>
	<onclick>SendClick(2001,6)</onclick>
	<visible>!Skin.HasSetting(kioskininfo)</visible>
	</item>
	<item id="6"><!-- Get Thumb -->
	<label>13405</label>
	<onclick>SendClick(2001,10)</onclick>
	<visible>!Skin.HasSetting(kioskininfo)</visible>
	</item>
	<item id="7"><!-- Get Fanart -->
	<label>20413</label>
	<onclick>SendClick(2001,12)</onclick>
	<visible>!Skin.HasSetting(kioskininfo)</visible>
	</item>
	<item id="8"><!-- Artist Info -->
	<label>31885</label>
	<onclick>RunScript(script.extendedinfo,info=extendedactorinfo,name=$INFO[ListItem.Artist])</onclick> 
	<visible>System.HasAddon(script.extendedinfo)</visible>
	</item>
	<item id="9"><!-- Artist Zoom -->
	<label>31944</label>
	<onclick>Skin.Reset(coverzoom)</onclick>
	<onclick>Skin.SetBool(artistzoom)</onclick>
	<onclick>SetFocus(160)</onclick>
	</item>
	<item id="10"><!-- Video Clips -->
	<label>31950</label>
	<onclick>Dialog.Close(2001)</onclick>
	<onclick>Skin.SetBool(musictrailers)</onclick>
	<onclick>ActivateWindow(videos,plugin://plugin.video.youtube/kodion/search/query/?q=$INFO[ListItem.Artist],return)</onclick>
	</item>
	<item id="11"><!-- Song Video Clip -->
	<label>31951</label>
	<onclick>Dialog.Close(2001)</onclick>
	<onclick>Skin.SetBool(musictrailers)</onclick>
	<onclick>ActivateWindow(videos,plugin://plugin.video.youtube/kodion/search/query/?q=$INFO[ListItem.Title],return)</onclick>
	</item>
	</content>
	</control>
	</control>
	<control type="button" id="160">
	<include>InvisibleButton</include>
	<onup condition="Skin.HasSetting(artistzoom)">SetFocus(149)</onup>
	<onup condition="Skin.HasSetting(coverzoom)">SetFocus(6010)</onup>
	<ondown condition="Skin.HasSetting(artistzoom)">SetFocus(149)</ondown>
	<ondown condition="Skin.HasSetting(coverzoom)">SetFocus(6010)</ondown>
	<onleft condition="Skin.HasSetting(artistzoom)">SetFocus(149)</onleft>
	<onleft condition="Skin.HasSetting(coverzoom)">SetFocus(6010)</onleft>
	<onright condition="Skin.HasSetting(artistzoom)">SetFocus(149)</onright>
	<onright condition="Skin.HasSetting(coverzoom)">SetFocus(6010)</onright>
	</control>
	<control type="image">
	<left>0</left>
	<top>0</top>
	<width>1280</width>
	<height>720</height>
	<texture>darkgrey.png</texture>
	<animation effect="fade" start="0" end="100" time="200">Visible</animation>
	<animation effect="fade" start="100" end="0" time="400">Hidden</animation>
	<visible>Control.HasFocus(160)</visible>
	</control>
	<control type="image">
	<left>0</left>
	<top>0</top>
	<width>1280</width>
	<height>720</height>
	<texture>hive_back.png</texture>
	<animation effect="fade" start="0" end="100" time="200">Visible</animation>
	<animation effect="fade" start="100" end="0" time="400">Hidden</animation>
	<visible>Control.HasFocus(160)</visible>
	</control>
	<control type="group">
	<left>-1280</left>
	<top>15</top>
	<animation effect="slide" start="0,0" end="1280,0" time="400" tween="cubic" easing="inout" condition="Control.HasFocus(160)">Conditional</animation>
	<animation effect="slide" start="0,0" end="0,-25" time="600" delay="1000" tween="cubic" easing="inout" condition="Control.HasFocus(160)">Conditional</animation>
	<control type="image">
	<description>Cover image</description>
	<left>35</left>
	<top>32</top>
	<width>1280</width>
	<height>640</height>
	<aspectratio>keep</aspectratio>
	<texture diffuse="thumb_cdcover_mask.png" background="true">$INFO[Container(6010).ListItem.Icon]</texture>
	<visible>Skin.HasSetting(coverzoom)</visible>
	</control>
	<control type="image"><!-- Thumb -->
	<left>35</left>
	<top>32</top>
	<width>1200</width>
	<height>640</height>
	<aspectratio align="center">keep</aspectratio>
	<texture background="true">$INFO[Listitem.Icon]</texture>
	<visible>!IsEmpty(ListItem.Thumb) + Skin.HasSetting(artistzoom)</visible>
	</control>
	<control type="multiimage"><!-- Artist -->
	<left>35</left>
	<top>32</top>
	<width>1200</width>
	<height>640</height>
	<timeperimage>5000</timeperimage>
	<randomize>true</randomize>
	<fadetime>FanartCrossFadeTime</fadetime>
	<aspectratio align="center">keep</aspectratio>
	<imagepath fallback="DefaultAudioCover.png" background="true">$INFO[Window(Visualisation).Property(ArtistSlideshow)]</imagepath>
	<visible>IsEmpty(ListItem.Thumb) + Skin.HasSetting(artistzoom)</visible>
	</control>
	<control type="image">
	<description>CD Background</description>
	<left>0</left>
	<top>0</top>
	<width>1280</width>
	<height>720</height>
	<aspectratio>keep</aspectratio>
	<texture>thumb_box_cd_shadow_light.png</texture>
	<visible>Skin.HasSetting(coverzoom)</visible>
	</control>
	<control type="image">
	<description>CD Glass Overlay</description>
	<left>0</left>
	<top>0</top>
	<width>1280</width>
	<height>720</height>
	<aspectratio>keep</aspectratio>
	<texture>thumb_box_cd_glass.png</texture>
	<visible>Skin.HasSetting(coverzoom)</visible>
	</control>
	</control>
	<control type="group">
	<visible>Control.HasFocus(160)</visible>
	<animation effect="slide" start="0,0" end="0,-80" time="600" delay="1000" tween="cubic" easing="inout" condition="Control.HasFocus(160)">Conditional</animation>
	<control type="image">
	<left>0</left>
	<top>760</top>
	<height>40</height>
	<width>1280</width>
	<texture>darkgrey.png</texture>
	<colordiffuse>$VAR[value_texturecolor]</colordiffuse>
	<include>Animation_DefaultGlass2</include>
	</control>
	<control type="label">
	<left>0</left>
	<top>760</top>
	<height>40</height>
	<width>1280</width>
	<align>center</align>
	<aligny>center</aligny>
	<label>$VAR[value_audioinfo_zoomlabel]</label>
	<font>Font_24</font>
	<textcolor>FFFFFAF0</textcolor>
	<scroll>true</scroll>
	<scrollout>false</scrollout>
	</control>
	<control type="image">
	<left>0</left>
	<top>760</top>
	<height>40</height>
	<width>1280</width>
	<texture>gradient_small.png</texture>
	</control>
	</control>
	<include>BGBlack</include>
	</control>
	</controls>
</window>