<?xml version="1.0" encoding="UTF-8"?>
<window id="2008"><!-- Aeon MQ 6 -->
	<defaultcontrol>450</defaultcontrol>
	<include>Animation_DialogPopup</include>
	<coordinates>
	<system>1</system>
	<left>315</left>
	<top>260</top>
	</coordinates>
	<controls>
	<control type="label">
	<description>heading label</description>
	<left>40</left>
	<top>8</top>
	<width>570</width>
	<height>30</height>
	<label>$INFO[ListItem.Label]</label>
	<font>Font_23</font>
	<textcolor>c0FFFFFF</textcolor>
	<align>center</align>
	<aligny>top</aligny>
	</control>
	<control type="list" id="450">
	<left>85</left>
	<top>80</top>
	<width>480</width>
	<height>100</height>
	<onleft>450</onleft>
	<onright>450</onright>
	<onup>450</onup>
	<ondown>450</ondown>
	<orientation>horizontal</orientation>
	<focusposition>2</focusposition>
	<viewtype label="535">list</viewtype>
	<scrolltime>200</scrolltime>
	<itemlayout width="70">
	<control type="image">
	<left>0</left>
	<top>0</top>
	<width>60</width>
	<height>60</height>
	<aspectratio>stretch</aspectratio>
	<texture>$VAR[value_videodisc]</texture>
	<animation effect="fade" end="50" condition="true">Conditional</animation>
	</control>
	</itemlayout>
	<focusedlayout width="70">
	<control type="image">
	<include>Animation_CDart</include>
	<left>0</left>
	<top>0</top>
	<width>60</width>
	<height>60</height>
	<aspectratio>stretch</aspectratio>
	<texture>$VAR[value_videodisc]</texture>
	</control>
	</focusedlayout>
	</control>
	<control type="label">
	<left>40</left>
	<top>155</top>
	<width>570</width>
	<height>22</height>
	<font>Font_18A</font>
	<align>center</align>
	<info>Container(450).ListItem.Label</info>
	</control>
	</controls>
</window>