<?xml version="1.0" encoding="UTF-8"?>
<window><!-- Aeon MQ 6 -->
	<defaultcontrol always="true">450</defaultcontrol>
	<allowoverlay>no</allowoverlay>
	<onunload>RunScript(script.favourites)</onunload>
	<controls>
	<control type="image">
	<include>HomeBG</include>
	<texture background="true">special://skin/backgrounds/favourites.jpg</texture>
	</control>
	<control type="group"><!-- default group -->
	<include>Animation_Window</include>
	<control type="group"><!-- right group -->
	<left>50</left>
	<animation effect="slide" start="600,0" end="0,0" time="1000" tween="cubic" easing="out">WindowOpen</animation>
	<animation effect="slide" start="0,0" end="600,0" time="1000" tween="cubic" easing="out">WindowClose</animation>
	<animation effect="slide" start="800,0" end="0,0" time="1000" tween="cubic" easing="out">Visible</animation>
	<animation effect="fade" start="100" end="0" time="400">Hidden</animation>
	<control type="image">
	<left>805</left>
	<top>46</top>
	<width>425</width>
	<height>30</height>
	<texture>shadow_h.png</texture>
	<colordiffuse>C3FFFFFF</colordiffuse>
	</control>
	<control type="image">
	<left>805</left>
	<top>75</top>
	<width>425</width>
	<height>645</height>
	<texture>black.png</texture>
	<colordiffuse>C3FFFFFF</colordiffuse>
	</control>
	<control type="image">
	<left>805</left>
	<top>453</top>
	<width>425</width>
	<height>268</height>
	<texture>black.png</texture>
	<colordiffuse>90FFFFFF</colordiffuse>
	</control>
	<control type="image">
	<left>840</left>
	<top>95</top>
	<width>360</width>
	<height>360</height>
	<fadetime>FanartCrossFadeTime</fadetime>
	<texture fallback="DefaultVideoPoster.png" background="true">$INFO[ListItem.Icon]</texture>
	<aspectratio aligny="bottom">keep</aspectratio>
	<bordertexture border="-2">black.png</bordertexture>
	</control>
	<control type="image">
	<left>840</left>
	<top>460</top>
	<width>360</width>
	<height>360</height>
	<fadetime>FanartCrossFadeTime</fadetime>
	<texture flipy="true" fallback="DefaultVideoPoster.png" diffuse="thumb_reflect.png" background="true">$INFO[ListItem.Icon]</texture>
	<aspectratio aligny="top">keep</aspectratio>
	<bordertexture flipy="true" border="-2" diffuse="thumb_reflect.png">black.png</bordertexture>
	</control>
	<control type="textbox">
	<left>860</left>
	<top>463</top>
	<width>310</width>
	<height>175</height>
	<font>Font_18A</font>
	<label>$VAR[value_plot]</label>
	<autoscroll delay="15000" time="2000" repeat="15000">!Skin.HasSetting(noallowscroll)</autoscroll>
	<include>Animation_Fade</include>
	</control>
	</control>

	<control type="group"><!-- left group -->
	<animation effect="slide" time="700" start="-800,0" end="0,0" tween="cubic" easing="out">WindowOpen</animation>
	<animation effect="slide" time="700" start="0,0" end="-800,0" tween="cubic" easing="out">WindowClose</animation>
	<animation effect="slide" time="700" start="-800,0" end="0,0" tween="cubic" easing="out">Visible</animation>
	<animation effect="fade" time="200" start="100" end="0">Hidden</animation>
	<control type="image">
	<left>0</left>
	<top>46</top>
	<width>855</width>
	<height>30</height>
	<texture>shadow_h.png</texture>
	<colordiffuse>C3FFFFFF</colordiffuse>
	</control>
	<control type="image">
	<left>855</left>
	<top>75</top>
	<width>30</width>
	<height>645</height>
	<texture>shadow.png</texture>
	<colordiffuse>C3FFFFFF</colordiffuse>
	</control>
	<control type="image">
	<left>0</left>
	<top>75</top>
	<width>855</width>
	<height>645</height>
	<texture>black.png</texture>
	<colordiffuse>C3FFFFFF</colordiffuse>
	</control>
	<control type="image">
	<left>0</left>
	<top>75</top>
	<width>855</width>
	<height>60</height>
	<texture>black.png</texture>
	<colordiffuse>90FFFFFF</colordiffuse>
	</control>
	<control type="label" id="1"><!-- header label -->
	<left>45</left>
	<top>91</top>
	<width>771</width>
	<height>23</height>
	<font>Font_23</font>
	<label>1036</label>
	<textcolor>80FFFAF0</textcolor>
	</control>
	<control type="list" id="450"><!-- Common List -->
	<viewtype label="31801">list</viewtype>
	<left>0</left>
	<top>158</top>
	<width>855</width>
	<height>470</height>
	<pagecontrol>80</pagecontrol>
	<onleft>Close</onleft>
	<onright>80</onright>
	<orientation>vertical</orientation>
	<scrolltime>450</scrolltime>
	<preloaditems>2</preloaditems>
	<itemlayout height="40">
	<control type="image">
	<left>10</left>
	<top>39</top>
	<width>835</width>
	<height>1</height>
	<texture>line.png</texture>
	</control>
	<control type="label">
	<left>45</left>
	<top>0</top>
	<width>760</width>
	<height>41</height>
	<font>Font_18</font>
	<aligny>center</aligny>
	<include>listcolor</include>
	<label>$INFO[ListItem.Label]</label>
	</control>
	</itemlayout>
	<focusedlayout height="40">
	<control type="image">
	<left>0</left>
	<top>0</top>
	<width>855</width>
	<height>41</height>
	<texture>settings_button_focus.png</texture>
	<animation effect="fade" start="100" end="50" time="0" condition="!Control.Hasfocus(450)">conditional</animation>
	</control>
	<control type="label">
	<left>45</left>
	<top>0</top>
	<width>760</width>
	<height>41</height>
	<font>Font_20</font>
	<aligny>center</aligny>
	<include>listcolorfocus</include>
	<label>$INFO[ListItem.Label]</label>
	</control>
	</focusedlayout>
	</control>
	</control>
	<control type="scrollbar" id="80">
	<include>ScrollBar_Vertical</include>
	<left>215</left>
	<top>140</top>
	<height>318</height>
	<onleft>450</onleft>
	<onright>450</onright>
	<visible allowhiddenfocus="true">Control.HasFocus(80)</visible>
	</control>
	<include>MultiData</include>
	</control>
	</controls>
</window>