<?xml version="1.0" encoding="UTF-8"?>
<window><!-- Aeon MQ 6 -->
	<defaultcontrol always="true">7</defaultcontrol>
	<coordinates>
	<system>1</system>
	</coordinates>
	<controls>
	<control type="group">
	<include>Animation_DialogPopup</include>
	<control type="image">
	<left>110</left>
	<top>0</top>
	<width>30</width>
	<height>720</height>
	<texture flipx="true">shadow.png</texture>
	<colordiffuse>C3FFFFFF</colordiffuse>
	</control>
	<control type="image">
	<left>1140</left>
	<top>0</top>
	<width>30</width>
	<height>720</height>
	<texture>shadow.png</texture>
	<colordiffuse>C3FFFFFF</colordiffuse>
	</control>
	<control type="image">
	<left>140</left>
	<top>0</top>
	<width>1000</width>
	<height>720</height>
	<texture>darkgrey.png</texture>
	<colordiffuse>$VAR[value_texturecolor]</colordiffuse>
	<include>Animation_DefaultGlass</include>
	</control>
	<control type="image">
	<left>140</left>
	<top>0</top>
	<width>1000</width>
	<height>80</height>
	<texture>black.png</texture>
	<colordiffuse>90FFFFFF</colordiffuse>
	</control>
	<control type="label">
	<left>215</left>
	<top>23</top>
	<width>852</width>
	<height>30</height>
	<label>$LOCALIZE[19047]</label>
	<font>Font_32</font>
	<textcolor>FFFFFAF0</textcolor>
	<align>center</align>
	<aligny>center</aligny>
	<include>Animation_Fade</include>
	</control>
	<control type="label"><!-- Nome do programa -->
	<left>215</left>
	<top>90</top>
	<width>852</width>
	<height>30</height>
	<align>center</align>
	<aligny>center</aligny>
	<textcolor>$VAR[value_headercolor]</textcolor>
	<font>Font_30</font>
	<label>$INFO[ListItem.Title]</label>
	<scroll>true</scroll>
	</control>
	<control type="group">
	<left>415</left>
	<top>143</top>
	<control type="label"><!-- Hora/Data -->
	<left>0</left>
	<top>0</top>
	<width>652</width>
	<height>25</height>
	<align>left</align>
	<aligny>center</aligny>
	<font>Font_18A</font>
	<textcolor>$VAR[value_headercolor]</textcolor>
	<label>$LOCALIZE[142] [COLOR=FFFFFAF0]$INFO[ListItem.StartTime] - $INFO[ListItem.EndTime] ($INFO[ListItem.StartDate])[/COLOR]</label>
	</control>
	<control type="label"><!-- Duracao -->
	<description>Duration</description>
	<left>0</left>
	<top>35</top>
	<width>652</width>
	<height>25</height>
	<align>left</align>
	<aligny>center</aligny>
	<font>Font_18A</font>
	<textcolor>$VAR[value_headercolor]</textcolor>
	<label>$LOCALIZE[180]: [COLOR=FFFFFAF0]$INFO[ListItem.Duration][/COLOR]</label>
	</control>
	<control type="label"><!-- Canal -->
	<left>0</left>
	<top>70</top>
	<width>652</width>
	<height>25</height>
	<align>left</align>
	<aligny>center</aligny>
	<font>Font_18A</font>
	<textcolor>$VAR[value_headercolor]</textcolor>
	<label>$LOCALIZE[19148]: [COLOR=FFFFFAF0]$INFO[ListItem.ChannelName][/COLOR]</label>
	</control>
	<control type="label"><!-- Gereno -->
	<left>0</left>
	<top>105</top>
	<width>652</width>
	<height>25</height>
	<align>left</align>
	<aligny>center</aligny>
	<font>Font_18A</font>
	<textcolor>$VAR[value_headercolor]</textcolor>
	<label>$LOCALIZE[135]: [COLOR=FFFFFAF0]$INFO[ListItem.Genre][/COLOR]</label>
	</control>
	</control>
	<control type="image">
	<left>215</left>
	<top>130</top>
	<width>825</width>
	<height>2</height>
	<align>left</align>
	<texture flipx="true">divider.png</texture>
	</control>
	<control type="image">
	<left>215</left>
	<top>285</top>
	<width>825</width>
	<height>2</height>
	<align>left</align>
	<texture flipx="true">divider.png</texture>
	</control>
	<control type="textbox" id="400">
	<left>215</left>
	<top>300</top>
	<width>852</width>
	<height>260</height>
	<align>justify</align>
	<label>$INFO[ListItem.Plot]</label>
	<textcolor>FFFFFAF0</textcolor>
	<font>Font_18A</font>
	<autoscroll delay="20000" time="3000" repeat="20000">!Skin.HasSetting(noallowscroll)</autoscroll>
	</control>
	
	<control type="image">
	<left>140</left>
	<top>600</top>
	<height>40</height>
	<width>1000</width>
	<texture>black.png</texture>
	<colordiffuse>90FFFFFF</colordiffuse>
	</control>
	<control type="grouplist" id="9001">
	<left>140</left>
	<top>600</top>
	<onup>60</onup>
	<ondown>60</ondown>
	<orientation>horizontal</orientation>
	<itemgap>0</itemgap>
	<control type="button" id="7"><!-- OK -->
	<width>333</width>
	<include>SettingsBottomButton</include>
	<label>186</label>
	</control>
	<control type="button" id="6"><!-- Gravar -->
	<width>333</width>
	<include>SettingsBottomButton</include>
	<label>-</label>
	</control>
	<control type="button" id="5"><!-- Trocar canal -->
	<width>333</width>
	<include>SettingsBottomButton</include>
	<label>19165</label>
	</control>
	</control>
	</control>
	</controls>
</window>