<?xml version="1.0" encoding="UTF-8"?>
<window><!-- Aeon MQ 6 -->
	<defaultcontrol always="true">29</defaultcontrol>
	<coordinates>
	<system>1</system>
	</coordinates>
	<controls>
	<control type="group">
	<visible>!Window.IsVisible(FileBrowser)</visible>
	<include>Animation_DialogPopup</include>
	<control type="image">
	<left>0</left>
	<top>0</top>
	<width>1280</width>
	<height>720</height>
	<texture>black.png</texture>
	<colordiffuse>C3FFFFFF</colordiffuse>
	<include>Animation_Fade</include>
	</control>
	<control type="image">
	<posx>110</posx>
	<posy>0</posy>
	<width>30</width>
	<height>720</height>
	<texture flipx="true">shadow.png</texture>
	<colordiffuse>C3FFFFFF</colordiffuse>
	</control>
	<control type="image">
	<posx>1140</posx>
	<posy>0</posy>
	<width>30</width>
	<height>720</height>
	<texture>shadow.png</texture>
	<colordiffuse>C3FFFFFF</colordiffuse>
	</control>
	<control type="image">
	<posx>140</posx>
	<posy>0</posy>
	<width>1000</width>
	<height>720</height>
	<texture>darkgrey.png</texture>
	<colordiffuse>$VAR[value_texturecolor]</colordiffuse>
	<animation effect="fade" end="85" condition="true">Conditional</animation>
	</control>
	<control type="image">
	<left>140</left>
	<top>0</top>
	<width>1000</width>
	<height>80</height>
	<texture>black.png</texture>
	<colordiffuse>90FFFFFF</colordiffuse>
	</control>
	<control type="label">
	<posx>215</posx>
	<posy>23</posy>
	<width>852</width>
	<height>30</height>
	<label>$LOCALIZE[19143]</label>
	<font>Font_32</font>
	<textcolor>FFFFFAF0</textcolor>
	<align>center</align>
	<aligny>center</aligny>
	<include>Animation_Fade</include>
	</control>
	<control type="group">
	<posx>140</posx>
	<posy>70</posy>
	<control type="label">
	<left>20</left>
	<top>20</top>
	<height>30</height>
	<font>Font_18</font>
	<align>left</align>
	<aligny>center</aligny>
	<scroll>true</scroll>
	<textcolor>$VAR[value_headercolor]</textcolor>
	<label>31068</label>
	</control>
	<control type="list" id="13">
	<left>0</left>
	<top>50</top>
	<width>200</width>
	<height>350</height>
	<onleft>73</onleft>
	<onup>13</onup>
	<ondown>13</ondown>
	<onright>71</onright>
	<pagecontrol>73</pagecontrol>
	<scrolltime>200</scrolltime>
	<itemgap>0</itemgap>
	<itemlayout height="30" width="200">
	<control type="label">
	<textoffsetx>40</textoffsetx>
	<include>PVRSearchButton</include>
	<info>ListItem.Label</info>
	</control>	
	</itemlayout>
	<focusedlayout height="30" width="200">
	<control type="image">
	<posx>0</posx>
	<posy>0</posy>
	<width>200</width>
	<height>30</height>
	<texture>settings_button_focus.png</texture>
	<visible>Control.HasFocus(13)</visible>
	<animation effect="fade" start="100" end="50" time="50" condition="!Control.Hasfocus(20)">conditional</animation>
	</control>
	<control type="label">
	<textoffsetx>40</textoffsetx>
	<include>PVRSearchButton</include>
	<info>ListItem.Label</info>
	</control>
	</focusedlayout>
	</control>
	<control type="scrollbar" id="73">
	<include>ScrollBar_Vertical</include>
	<posx>0</posx>
	<posy>50</posy>
	<height>350</height>
	<onleft>9000</onleft>
	<onright>13</onright>
	<ondown>73</ondown>
	<onup>73</onup>
	</control>
	</control>
	<control type="group">
	<left>340</left>
	<top>70</top>
	<control type="label" id="21">
	<left>30</left>
	<top>20</top>
	<height>30</height>
	<font>Font_18</font>
	<align>left</align>
	<aligny>center</aligny>
	<scroll>true</scroll>
	<textcolor>$VAR[value_headercolor]</textcolor>
	</control>
	<control type="list" id="11">
	<left>0</left>
	<top>50</top>
	<width>400</width>
	<height>350</height>
	<onup>11</onup>
	<ondown>11</ondown>
	<onleft>71</onleft>
	<onright>72</onright>
	<pagecontrol>71</pagecontrol>
	<scrolltime>200</scrolltime>
	<itemgap>0</itemgap>
	<itemlayout height="30" width="400">
	<control type="image">
	<posx>40</posx>
	<posy>2</posy>
	<width>26</width>
	<height>26</height>
	<texture fallback="DefaultVideoCover.png" background="true">$INFO[ListItem.Icon]</texture>
	</control>
	<control type="label">
	<posx>75</posx>
	<posy>0</posy>
	<width>250</width>
	<height>30</height>
	<font>Font_18</font>
	<align>left</align>
	<aligny>center</aligny>
	<textcolor>FFFFFAF0</textcolor>
	<selectedcolor>$VAR[value_headercolor]</selectedcolor>
	<label>$INFO[ListItem.ChannelNumberLabel,(,) - ]$INFO[ListItem.ChannelName]</label>
	</control>
	</itemlayout>
	<focusedlayout height="50" width="400">
	<control type="image">
	<posx>0</posx>
	<posy>0</posy>
	<width>400</width>
	<height>50</height>
	<texture>settings_button_focus.png</texture>
	<visible>Control.HasFocus(11)</visible>
	<animation effect="fade" start="100" end="50" time="50" condition="!Control.Hasfocus(20)">conditional</animation>
	</control>
	<control type="image">
	<posx>40</posx>
	<posy>0</posy>
	<width>50</width>
	<height>50</height>
	<texture>black.png</texture>
	<visible>Control.HasFocus(11)</visible>
	<animation effect="fade" end="70" condition="true">Conditional</animation>
	</control>
	<control type="image">
	<posx>45</posx>
	<posy>5</posy>
	<width>40</width>
	<height>40</height>
	<texture fallback="DefaultVideoCover.png" background="true">$INFO[ListItem.Icon]</texture>
	</control>
	<control type="label">
	<posx>100</posx>
	<posy>1</posy>
	<width>250</width>
	<height>30</height>
	<font>Font_22</font>
	<align>left</align>
	<aligny>center</aligny>
	<textcolor>FF101010</textcolor>
	<selectedcolor>$VAR[value_headercolor]</selectedcolor>
	<label>$INFO[ListItem.ChannelNumberLabel,(,) - ]$INFO[ListItem.ChannelName]</label>
	<visible>Control.HasFocus(11)</visible>
	</control>
	<control type="label">
	<posx>100</posx>
	<posy>1</posy>
	<width>250</width>
	<height>30</height>
	<font>Font_22</font>
	<align>left</align>
	<aligny>center</aligny>
	<textcolor>FFFFFAF0</textcolor>
	<selectedcolor>$VAR[value_headercolor]</selectedcolor>
	<label>$INFO[ListItem.ChannelNumberLabel,(,) - ]$INFO[ListItem.ChannelName]</label>
	<visible>!Control.HasFocus(11)</visible>
	</control>
	</focusedlayout>
	</control>
	<control type="scrollbar" id="71">
	<include>ScrollBar_Vertical</include>
	<posx>0</posx>
	<posy>50</posy>
	<height>350</height>
	<onleft>13</onleft>
	<onright>11</onright>
	<ondown>71</ondown>
	<onup>71</onup>
	</control>
	<control type="image">
	<left>0</left>
	<top>12</top>
	<width>2</width>
	<height>458</height>
	<texture>separator_v.png</texture>
	</control>
	</control>
	<control type="group">
	<left>740</left>
	<top>70</top>
	<control type="label" id="22"><!-- Canais visiveis -->
	<left>30</left>
	<top>20</top>
	<height>30</height>
	<font>Font_18</font>
	<align>left</align>
	<aligny>center</aligny>
	<scroll>true</scroll>
	<textcolor>$VAR[value_headercolor]</textcolor>
	</control>
	<control type="list" id="12">
	<left>0</left>
	<top>50</top>
	<width>400</width>
	<height>350</height>
	<onup>12</onup>
	<ondown>12</ondown>
	<onleft>72</onleft>
	<onright>9000</onright>
	<pagecontrol>72</pagecontrol>
	<scrolltime>200</scrolltime>
	<itemgap>0</itemgap>
	<itemlayout height="30" width="400">
	<control type="image">
	<posx>40</posx>
	<posy>2</posy>
	<width>26</width>
	<height>26</height>
	<texture fallback="DefaultVideoCover.png" background="true">$INFO[ListItem.Icon]</texture>
	</control>
	<control type="label">
	<posx>75</posx>
	<posy>0</posy>
	<width>250</width>
	<height>30</height>
	<font>Font_18</font>
	<align>left</align>
	<aligny>center</aligny>
	<textcolor>FFFFFAF0</textcolor>
	<selectedcolor>$VAR[value_headercolor]</selectedcolor>
	<label>$INFO[ListItem.ChannelNumberLabel,(,) - ]$INFO[ListItem.ChannelName]</label>
	</control>
	</itemlayout>
	<focusedlayout height="50" width="400">
	<control type="image">
	<posx>0</posx>
	<posy>0</posy>
	<width>400</width>
	<height>50</height>
	<texture>settings_button_focus.png</texture>	
	<animation effect="fade" start="100" end="50" time="50" condition="!Control.Hasfocus(20)">conditional</animation>
	<visible>Control.HasFocus(12)</visible>
	</control>
	<control type="image">
	<posx>40</posx>
	<posy>0</posy>
	<width>50</width>
	<height>50</height>
	<texture>black.png</texture>	
	<animation effect="fade" end="70" condition="true">Conditional</animation>
	<visible>Control.HasFocus(12)</visible>
	</control>
	<control type="image">
	<posx>45</posx>
	<posy>5</posy>
	<width>40</width>
	<height>40</height>
	<texture fallback="DefaultVideoCover.png" background="true">$INFO[ListItem.Icon]</texture>
	</control>
	<control type="label">
	<posx>100</posx>
	<posy>1</posy>
	<width>250</width>
	<height>30</height>
	<font>Font_22</font>
	<align>left</align>
	<aligny>center</aligny>
	<textcolor>FF101010</textcolor>
	<selectedcolor>$VAR[value_headercolor]</selectedcolor>
	<label>$INFO[ListItem.ChannelNumberLabel,(,) - ]$INFO[ListItem.ChannelName]</label>
	<visible>Control.HasFocus(12)</visible>
	</control>
	<control type="label">
	<posx>100</posx>
	<posy>1</posy>
	<width>250</width>
	<height>30</height>
	<font>Font_22</font>
	<align>left</align>
	<aligny>center</aligny>
	<textcolor>FFFFFAF0</textcolor>
	<selectedcolor>$VAR[value_headercolor]</selectedcolor>
	<label>$INFO[ListItem.ChannelNumberLabel,(,) - ]$INFO[ListItem.ChannelName]</label>
	<visible>!Control.HasFocus(12)</visible>
	</control>
	</focusedlayout>
	</control>
	<control type="scrollbar" id="72">
	<include>ScrollBar_Vertical</include>
	<posx>0</posx>
	<posy>50</posy>
	<height>350</height>
	<onleft>11</onleft>
	<onright>12</onright>
	<ondown>72</ondown>
	<onup>72</onup>
	</control>
	<control type="image">
	<left>0</left>
	<top>12</top>
	<width>2</width>
	<height>458</height>
	<texture>separator_v.png</texture>
	</control>
	</control>	
	<control type="image">
	<left>140</left>
	<top>600</top>
	<height>40</height>
	<width>1000</width>
	<texture>black.png</texture>
	<colordiffuse>90FFFFFF</colordiffuse>
	</control>
	<control type="grouplist" id="9000">
	<posx>140</posx>
	<posy>600</posy>
	<onup>12</onup>
	<ondown>13</ondown>
	<orientation>horizontal</orientation>
	<itemgap>0</itemgap>
	<control type="button" id="26"><!-- Adicionar -->
	<width>160</width>
	<include>SettingsBottomButton</include>
	<label>31795</label>
	</control>
	<control type="button" id="27"><!-- Renomear -->
	<width>160</width>
	<include>SettingsBottomButton</include>
	<label>31796</label>
	</control>
	<control type="radiobutton" id="25"><!-- Ocultar -->
	<width>160</width>
	<include>SettingsBottomButton</include>
	<label>19289</label>
	</control>
	<control type="button" id="28"><!-- Apagar -->
	<width>160</width>
	<include>SettingsBottomButton</include>
	<label>31797</label>
	</control>
	<control type="button" id="29"><!-- OK -->
	<width>160</width>
	<include>SettingsBottomButton</include>
	<label>186</label>
	</control>
	</control>
	</control>
	<control type="label" id="20">
	<description>Fake Label used to pass on name label</description>
	<visible>false</visible>
	</control>
	</controls>
</window>