<?xml version="1.0" encoding="UTF-8"?>
<window id="3"><!-- Aeon MQ 6 -->
	<defaultcontrol>20</defaultcontrol>
	<allowoverlay>no</allowoverlay>
	<controls>
	<control type="image">
	<include>HomeBG</include>
	<texture fallback="special://skin/backgrounds/settings.jpg" background="true">$VAR[value_menutheme_settings]</texture>
	</control>
	<control type="group"><!-- default group -->
	<include>Animation_Window</include>
	<control type="image">
	<left>0</left>
	<top>56</top>
	<width>1280</width>
	<height>30</height>
	<texture>shadow_h.png</texture>
	<colordiffuse>C3FFFFFF</colordiffuse>
	</control>
	<!-- Left Panel -->
	<control type="group">
	<left>0</left>
	<top>85</top>
	<width>620</width>
	<height>647</height>
	<animation effect="slide" start="-640" end="0" time="300" tween="quadratic" easing="out">WindowOpen</animation>
	<animation effect="slide" start="0" end="-640" time="300" tween="quadratic" easing="in">WindowClose</animation>
	<animation effect="fade" time="200" start="75" end="100" reversible="false" condition="Control.HasFocus(20)">Conditional</animation>
	<animation effect="fade" time="200" start="100" end="75" reversible="false" condition="Control.HasFocus(21)">Conditional</animation>
	<control type="image">
	<left>620</left>
	<top>0</top>
	<width>30</width>
	<height>635</height>
	<texture>shadow.png</texture>
	<colordiffuse>C3FFFFFF</colordiffuse>
	</control>
	<control type="image">
	<left>0</left>
	<top>0</top>
	<width>620</width>
	<height>635</height>
	<texture>darkgrey.png</texture>
	<colordiffuse>$VAR[value_texturecolor]</colordiffuse>
	<animation effect="fade" end="85" condition="true">Conditional</animation>
	</control>
	<control type="image">
	<left>0</left>
	<top>0</top>
	<width>620</width>
	<height>55</height>
	<texture>darkgrey.png</texture>
	<colordiffuse>$VAR[value_texturecolor]</colordiffuse>
	<animation effect="fade" end="85" condition="true">Conditional</animation>
	</control>
	<control type="label" id="101">
	<left>20</left>
	<top>13</top>
	<width>475</width>
	<height>50</height>
	<font>Font_22</font>
	<scroll>true</scroll>
	<textcolor>FFFFFAF0</textcolor>
	</control>
	<control type="label">
	<left>505</left>
	<top>16</top>
	<width>100</width>
	<height>50</height>
	<align>right</align>
	<font>Font_18</font>
	<textcolor>FFFFFAF0</textcolor>
	<label>$INFO[Container(20).NumItems] $LOCALIZE[31210]</label>
	</control>
	</control>
	<!-- Left list -->
	<control type="list" id="20">
	<viewtype label="31450">list</viewtype>
	<left>0</left>
	<top>140</top>
	<width>620</width>
	<height>515</height>
	<scrolltime>0</scrolltime>
	<onright>21</onright>
	<onup>20</onup>
	<ondown>20</ondown>
	<animation effect="slide" start="-640" end="0" time="300" tween="quadratic" easing="out">WindowOpen</animation>
	<animation effect="slide" start="0" end="-640" time="300" tween="quadratic" easing="in">WindowClose</animation>
	<animation effect="fade" time="200" start="75" end="100" reversible="false" condition="Control.HasFocus(20)">Conditional</animation>
	<animation effect="fade" time="200" start="100" end="75" reversible="false" condition="Control.HasFocus(21)">Conditional</animation>
	<itemlayout height="50">
	<control type="image">
	<left>0</left>
	<top>0</top>
	<width>620</width>
	<height>1</height>
	<texture>line.png</texture>
	</control>
	<control type="label">
	<left>20</left>
	<top>0</top>
	<width>500</width>
	<height>50</height>
	<font>Font_18</font>
	<aligny>center</aligny>
	<textcolor>FFFFFAF0</textcolor>
	<selectedcolor>$VAR[value_headercolor]</selectedcolor>
	<info>ListItem.Label</info>
	</control>
	<control type="label">
	<left>517</left>
	<top>0</top>
	<width>85</width>
	<height>50</height>
	<font>Font_18</font>
	<align>right</align>
	<aligny>center</aligny>
	<textcolor>FFFFFAF0</textcolor>
	<selectedcolor>$VAR[value_headercolor]</selectedcolor>
	<label>[UPPERCASE]$INFO[ListItem.Size][/UPPERCASE]</label>
	</control>
	</itemlayout>
	<focusedlayout height="50">
	<control type="image">
	<left>0</left>
	<top>0</top>
	<width>620</width>
	<height>1</height>
	<texture>line.png</texture>
	</control>
	<control type="image">
	<left>0</left>
	<top>0</top>
	<width>620</width>
	<height>50</height>
	<texture>settings_button_focus.png</texture>
	<visible>Control.HasFocus(20)</visible>
	</control>
	<control type="label">
	<left>20</left>
	<top>0</top>
	<width>500</width>
	<height>50</height>
	<font>Font_18</font>
	<aligny>center</aligny>
	<textcolor>FF101010</textcolor>
	<selectedcolor>$VAR[value_headercolor]</selectedcolor>
	<info>ListItem.Label</info>
	</control>
	<control type="label">
	<left>517</left>
	<top>0</top>
	<width>85</width>
	<height>50</height>
	<font>Font_18</font>
	<align>right</align>
	<aligny>center</aligny>
	<textcolor>FF101010</textcolor>
	<selectedcolor>$VAR[value_headercolor]</selectedcolor>
	<label>[UPPERCASE]$INFO[ListItem.Size][/UPPERCASE]</label>
	</control>
	<control type="label">
	<left>20</left>
	<top>0</top>
	<width>500</width>
	<height>50</height>
	<font>Font_18</font>
	<aligny>center</aligny>
	<textcolor>FFFFFAF0</textcolor>
	<selectedcolor>$VAR[value_headercolor]</selectedcolor>
	<info>ListItem.Label</info>
	<visible>!Control.HasFocus(20)</visible>
	</control>
	<control type="label">
	<left>517</left>
	<top>0</top>
	<width>85</width>
	<height>41</height>
	<font>Font_18</font>
	<align>right</align>
	<aligny>center</aligny>
	<textcolor>FFFFFAF0</textcolor>
	<selectedcolor>$VAR[value_headercolor]</selectedcolor>
	<label>[UPPERCASE]$INFO[ListItem.Size][/UPPERCASE]</label>
	<visible>!Control.HasFocus(20)</visible>
	</control>
	</focusedlayout>
	</control>

	<!-- Right Panel -->
	<control type="group">
	<left>660</left>
	<top>85</top>
	<width>620</width>
	<height>647</height>
	<animation effect="slide" start="640" end="0" time="300" tween="quadratic" easing="out">WindowOpen</animation>
	<animation effect="slide" start="0" end="640" time="300" tween="quadratic" easing="in">WindowClose</animation>
	<animation effect="fade" time="200" start="75" end="100" reversible="false" condition="Control.HasFocus(21)">Conditional</animation>
	<animation effect="fade" time="200" start="100" end="75" reversible="false" condition="Control.HasFocus(20)">Conditional</animation>
	<control type="image">
	<left>-30</left>
	<top>0</top>
	<width>30</width>
	<height>635</height>
	<texture flipx="true">shadow.png</texture>
	<colordiffuse>C3FFFFFF</colordiffuse>
	</control>
	<control type="image">
	<left>0</left>
	<top>0</top>
	<width>620</width>
	<height>635</height>
	<texture>darkgrey.png</texture>
	<colordiffuse>$VAR[value_texturecolor]</colordiffuse>
	<animation effect="fade" end="85" condition="true">Conditional</animation>
	</control>
	<control type="image">
	<left>0</left>
	<top>0</top>
	<width>620</width>
	<height>55</height>
	<texture>darkgrey.png</texture>
	<colordiffuse>$VAR[value_texturecolor]</colordiffuse>
	<animation effect="fade" end="85" condition="true">Conditional</animation>
	</control>
	<control type="label" id="102">
	<left>20</left>
	<top>13</top>
	<width>475</width>
	<height>50</height>
	<font>Font_22</font>
	<scroll>true</scroll>
	<textcolor>FFFFFAF0</textcolor>
	</control>
	<control type="label">
	<left>505</left>
	<top>16</top>
	<width>100</width>
	<height>50</height>
	<align>right</align>
	<font>Font_18</font>
	<textcolor>FFFFFAF0</textcolor>
	<label>$INFO[Container(21).NumItems] $LOCALIZE[31210]</label>
	</control>
	</control>
	<!-- Right list -->
	<control type="list" id="21">
	<viewtype label="31450">list</viewtype>
	<left>660</left>
	<top>140</top>
	<width>620</width>
	<height>515</height>
	<scrolltime>0</scrolltime>
	<onleft>20</onleft>
	<onup>21</onup>
	<ondown>21</ondown>
	<animation effect="slide" start="640" end="0" time="300" tween="quadratic" easing="out">WindowOpen</animation>
	<animation effect="slide" start="0" end="640" time="300" tween="quadratic" easing="in">WindowClose</animation>
	<animation effect="fade" time="200" start="75" end="100" reversible="false" condition="Control.HasFocus(21)">Conditional</animation>
	<animation effect="fade" time="200" start="100" end="75" reversible="false" condition="Control.HasFocus(20)">Conditional</animation>
	<itemlayout height="50">
	<control type="image">
	<left>0</left>
	<top>0</top>
	<width>620</width>
	<height>1</height>
	<texture>line.png</texture>
	</control>
	<control type="label">
	<left>20</left>
	<top>0</top>
	<width>500</width>
	<height>50</height>
	<font>Font_18</font>
	<aligny>center</aligny>
	<textcolor>FFFFFAF0</textcolor>
	<selectedcolor>$VAR[value_headercolor]</selectedcolor>
	<info>ListItem.Label</info>
	</control>
	<control type="label">
	<left>517</left>
	<top>0</top>
	<width>85</width>
	<height>50</height>
	<font>Font_18</font>
	<align>right</align>
	<aligny>center</aligny>
	<textcolor>FFFFFAF0</textcolor>
	<selectedcolor>$VAR[value_headercolor]</selectedcolor>
	<label>[UPPERCASE]$INFO[ListItem.Size][/UPPERCASE]</label>
	</control>
	</itemlayout>
	<focusedlayout height="50">
	<control type="image">
	<left>0</left>
	<top>0</top>
	<width>620</width>
	<height>1</height>
	<texture>line.png</texture>
	</control>
	<control type="image">
	<left>0</left>
	<top>0</top>
	<width>620</width>
	<height>50</height>
	<texture>settings_button_focus.png</texture>
	<visible>Control.HasFocus(21)</visible>
	</control>
	<control type="label">
	<left>20</left>
	<top>0</top>
	<width>500</width>
	<height>50</height>
	<font>Font_18</font>
	<aligny>center</aligny>
	<textcolor>FF101010</textcolor>
	<selectedcolor>$VAR[value_headercolor]</selectedcolor>
	<info>ListItem.Label</info>
	</control>
	<control type="label">
	<left>517</left>
	<top>0</top>
	<width>85</width>
	<height>50</height>
	<font>Font_18</font>
	<align>right</align>
	<aligny>center</aligny>
	<textcolor>FF101010</textcolor>
	<selectedcolor>$VAR[value_headercolor]</selectedcolor>
	<label>[UPPERCASE]$INFO[ListItem.Size][/UPPERCASE]</label>
	</control>
	<control type="label">
	<left>20</left>
	<top>0</top>
	<width>500</width>
	<height>50</height>
	<font>Font_18</font>
	<aligny>center</aligny>
	<textcolor>FFFFFAF0</textcolor>
	<selectedcolor>$VAR[value_headercolor]</selectedcolor>
	<info>ListItem.Label</info>
	<visible>!Control.HasFocus(21)</visible>
	</control>
	<control type="label">
	<left>517</left>
	<top>0</top>
	<width>85</width>
	<height>41</height>
	<font>Font_18</font>
	<align>right</align>
	<aligny>center</aligny>
	<textcolor>FFFFFAF0</textcolor>
	<selectedcolor>$VAR[value_headercolor]</selectedcolor>
	<label>[UPPERCASE]$INFO[ListItem.Size][/UPPERCASE]</label>
	<visible>!Control.HasFocus(21)</visible>
	</control>
	</focusedlayout>
	</control>
	<include>MultiData</include>
	<include>BGBlack</include>
	</control>
	</controls>
</window>