<?xml version="1.0" encoding="UTF-8"?>
	<fonts><!-- Aeon MQ 6 -->
	<fontset id="Default" unicode="true"><!-- ########################################### DEFAULT ########################################### -->
	<font>
	<name>Font_14</name><!-- nao usar uppercase -->
	<filename>aeon_common.ttf</filename>
	<size>14</size>
	</font>
	<font>
	<name>Font_15</name>
	<filename>aeon_mainmenu.ttf</filename>
	<size>15</size>
	</font>
	<font>
	<name>Font_16</name>
	<filename>aeon_mainmenu.ttf</filename>
	<size>16</size>
	</font>
	<font>
	<name>Font_17</name><!-- nao usar uppercase -->
	<filename>aeon_common.ttf</filename>
	<size>17</size>
	</font>
	<font>
	<name>Font_17A</name><!-- nao usar uppercase -->
	<filename>aeon_common.ttf</filename>
	<size>17</size>
	<linespacing>0.89</linespacing>
	</font>
	<font>
	<name>Font_18</name>
	<filename>aeon_mainmenu.ttf</filename>
	<size>18</size>
	</font>
	<font>
	<name>Font13</name><!-- para addons -->
	<filename>aeon_mainmenu.ttf</filename>
	<size>18</size>
	</font>
	<font>
	<name>Font_18A</name><!-- nao usar uppercase -->
	<filename>aeon_common.ttf</filename>
	<size>18</size>
	<linespacing>0.94</linespacing>
	</font>
	<font>
	<name>Font_20</name>
	<filename>aeon_mainmenu.ttf</filename>
	<size>20</size>
	</font>
	<font>
	<name>Font_20A</name><!-- nao usar uppercase -->
	<filename>aeon_common.ttf</filename>
	<size>20</size>
	</font>
	<font>
	<name>Font_21</name><!-- nao usar uppercase -->
	<filename>aeon_common.ttf</filename>
	<size>21</size>
	</font>
	<font>
	<name>Font_22</name>
	<filename>aeon_mainmenu.ttf</filename>
	<size>22</size>
	</font>
	<font>
	<name>Font_23</name>
	<filename>aeon_mainmenu.ttf</filename>
	<size>23</size>
	</font>
	<font>
	<name>Font_23b</name><!-- etiquetas -->
	<filename>aeon_flags.ttf</filename>
	<size>23</size>
	</font>
	<font>
	<name>Font_24</name><!-- nao usar uppercase -->
	<filename>aeon_common.ttf</filename>
	<size>24</size>
	</font>
	<font>
	<name>Font_24A</name>
	<filename>aeon_mainmenu.ttf</filename>
	<size>24</size>
	</font>
	<font>
	<name>Font_25</name><!-- canais de audio -->
	<filename>aeon_mainmenu6.ttf</filename>
	<size>25</size>
	</font>
	<font>
	<name>Font_26</name><!-- nao usar uppercase -->
	<filename>aeon_common.ttf</filename>
	<size>26</size>
	</font>
	<font>
	<name>Font_27</name>
	<filename>aeon_mainmenu.ttf</filename>
	<size>27</size>
	</font>
	<font>
	<name>Font_30</name><!-- nao usar uppercase -->
	<filename>aeon_common.ttf</filename>
	<size>30</size>
	</font>
	<font>
	<name>Font_32</name>
	<filename>aeon_mainmenu.ttf</filename>
	<size>32</size>
	</font>
	<font>
	<name>Font_40</name>
	<filename>aeon_mainmenu.ttf</filename>
	<size>40</size>
	</font>
	<font>
	<name>Font_50</name><!-- menu principal -->
	<filename>aeon_mainmenu.ttf</filename>
	<size>50</size>
	</font>
	<font>
	<name>Font_50a</name><!-- menu principal modelo 2 -->
	<filename>aeon_mainmenu2.ttf</filename>
	<size>50</size>
	</font>
	<font>
	<name>Font_50b</name><!-- menu principal modelo 3 -->
	<filename>aeon_mainmenu3.ttf</filename>
	<size>50</size>
	</font>
	<font>
	<name>Font_50c</name><!-- menu principal modelo 4 -->
	<filename>aeon_mainmenu4.ttf</filename>
	<size>50</size>
	</font>
	<font>
	<name>Font_50d</name><!-- menu principal modelo 5 -->
	<filename>aeon_mainmenu5.ttf</filename>
	<size>50</size>
	</font>
	<font>
	<name>Font_50e</name><!-- menu principal modelo 6 -->
	<filename>aeon_mainmenu6.ttf</filename>
	<size>50</size>
	</font>
	<font>
	<name>Font_50f</name><!-- menu principal modelo 7 -->
	<filename>aeon_mainmenu7.ttf</filename>
	<size>50</size>
	</font>
	<font>	
	<name>Font_50g</name><!-- menu principal modelo 7 -->
	<filename>aeon_mainmenu8.ttf</filename>
	<size>50</size>
	</font>
	<font>	
	<name>Font_60</name><!-- menu principal padrao -->
	<filename>aeon_mainmenu.ttf</filename>
	<size>60</size>
	</font>
	<font>
	<name>Font_60a</name><!-- menu principal modelo 2 -->
	<filename>aeon_mainmenu2.ttf</filename>
	<size>60</size>
	</font>
	<font>
	<name>Font_60b</name><!-- menu principal modelo 3 -->
	<filename>aeon_mainmenu3.ttf</filename>
	<size>60</size>
	</font>
	<font>
	<name>Font_60c</name><!-- menu principal modelo 4 -->
	<filename>aeon_mainmenu4.ttf</filename>
	<size>60</size>
	</font>
	<font>
	<name>Font_60d</name><!-- menu principal modelo 5 -->
	<filename>aeon_mainmenu5.ttf</filename>
	<size>60</size>
	</font>
	<font>
	<name>Font_60e</name><!-- menu principal modelo 6 -->
	<filename>aeon_mainmenu6.ttf</filename>
	<size>60</size>
	</font>
	<font>
	<name>Font_60f</name><!-- menu principal modelo 7 -->
	<filename>aeon_mainmenu7.ttf</filename>
	<size>60</size>
	</font>
	<font>
	<name>Font_60g</name><!-- menu principal modelo 8 -->
	<filename>aeon_mainmenu8.ttf</filename>
	<size>60</size>
	</font>
	<font>
	<name>Font_70</name>
	<filename>aeon_mainmenu.ttf</filename>
	<size>70</size>
	</font>
	<font>
	<name>Font_100</name>
	<filename>aeon_mainmenu.ttf</filename>
	<size>100</size>
	<style>uppercase bold</style>
	</font>
	</fontset>
	
	<fontset id="Arial" unicode="true"><!-- ########################################### ARIAL ########################################### -->
	<font>
	<name>Font_14</name><!-- nao usar uppercase -->
	<filename>arial.ttf</filename>
	<size>14</size>
	</font>
	<font>
	<name>Font_15</name>
	<filename>arial.ttf</filename>
	<size>15</size>
	</font>
	<font>
	<name>Font_16</name>
	<filename>arial.ttf</filename>
	<size>16</size>
	</font>
	<font>
	<name>Font_17</name><!-- nao usar uppercase -->
	<filename>arial.ttf</filename>
	<size>17</size>
	</font>
	<font>
	<name>Font_17A</name><!-- nao usar uppercase -->
	<filename>arial.ttf</filename>
	<size>17</size>
	<linespacing>0.89</linespacing>
	</font>
	<font>
	<name>Font_18</name>
	<filename>arial.ttf</filename>
	<size>18</size>
	</font>
	<font>
	<name>Font13</name><!-- para addons -->
	<filename>arial.ttf</filename>
	<size>18</size>
	</font>
	<font>
	<name>Font_18A</name><!-- nao usar uppercase -->
	<filename>arial.ttf</filename>
	<size>18</size>
	<linespacing>0.94</linespacing>
	</font>
	<font>
	<name>Font_20</name>
	<filename>arial.ttf</filename>
	<size>20</size>
	</font>
	<font>
	<name>Font_20A</name><!-- nao usar uppercase -->
	<filename>arial.ttf</filename>
	<size>20</size>
	</font>
	<font>
	<name>Font_21</name><!-- nao usar uppercase -->
	<filename>arial.ttf</filename>
	<size>21</size>
	</font>
	<font>
	<name>Font_22</name>
	<filename>arial.ttf</filename>
	<size>22</size>
	</font>
	<font>
	<name>Font_23</name>
	<filename>arial.ttf</filename>
	<size>23</size>
	</font>
	<font>
	<name>Font_23b</name><!-- etiquetas -->
	<filename>arial.ttf</filename>
	<size>23</size>
	</font>
	<font>
	<name>Font_24</name><!-- nao usar uppercase -->
	<filename>arial.ttf</filename>
	<size>24</size>
	</font>
	<font>
	<name>Font_24A</name>
	<filename>arial.ttf</filename>
	<size>24</size>
	</font>
	<font>	
	<name>Font_25</name><!-- canais de audio -->
	<filename>aeon_mainmenu6.ttf</filename>
	<size>25</size>
	</font>
	<font>
	<name>Font_26</name><!-- nao usar uppercase -->
	<filename>arial.ttf</filename>
	<size>26</size>
	</font>
	<font>
	<name>Font_27</name>
	<filename>arial.ttf</filename>
	<size>27</size>
	</font>
	<font>
	<name>Font_30</name><!-- nao usar uppercase -->
	<filename>arial.ttf</filename>
	<size>30</size>
	</font>
	<font>
	<name>Font_32</name>
	<filename>arial.ttf</filename>
	<size>32</size>
	</font>
	<font>
	<name>Font_40</name>
	<filename>arial.ttf</filename>
	<size>40</size>
	</font>
	<font>
	<name>Font_50</name><!-- menu principal -->
	<filename>arial.ttf</filename>
	<size>50</size>
	</font>
	<font>
	<name>Font_50a</name><!-- menu principal modelo 2 -->
	<filename>aeon_mainmenu2.ttf</filename>
	<size>50</size>
	</font>
	<font>
	<name>Font_50b</name><!-- menu principal modelo 3 -->
	<filename>aeon_mainmenu3.ttf</filename>
	<size>50</size>
	</font>
	<font>
	<name>Font_50c</name><!-- menu principal modelo 4 -->
	<filename>aeon_mainmenu4.ttf</filename>
	<size>50</size>
	</font>
	<font>
	<name>Font_50d</name><!-- menu principal modelo 5 -->
	<filename>aeon_mainmenu5.ttf</filename>
	<size>50</size>
	</font>
	<font>
	<name>Font_50e</name><!-- menu principal modelo 6 -->
	<filename>aeon_mainmenu6.ttf</filename>
	<size>50</size>
	</font>
	<font>
	<name>Font_50f</name><!-- menu principal modelo 7 -->
	<filename>aeon_mainmenu7.ttf</filename>
	<size>50</size>
	</font>
	<font>	
	<name>Font_50g</name><!-- menu principal modelo 7 -->
	<filename>aeon_mainmenu8.ttf</filename>
	<size>50</size>
	</font>
	<font>	
	<name>Font_60</name><!-- menu principal padrao -->
	<filename>arial.ttf</filename>
	<size>60</size>
	</font>
	<font>
	<name>Font_60a</name><!-- menu principal modelo 2 -->
	<filename>aeon_mainmenu2.ttf</filename>
	<size>60</size>
	</font>
	<font>
	<name>Font_60b</name><!-- menu principal modelo 3 -->
	<filename>aeon_mainmenu3.ttf</filename>
	<size>60</size>
	</font>
	<font>
	<name>Font_60c</name><!-- menu principal modelo 4 -->
	<filename>aeon_mainmenu4.ttf</filename>
	<size>60</size>
	</font>
	<font>
	<name>Font_60d</name><!-- menu principal modelo 5 -->
	<filename>aeon_mainmenu5.ttf</filename>
	<size>60</size>
	</font>
	<font>
	<name>Font_60e</name><!-- menu principal modelo 6 -->
	<filename>aeon_mainmenu6.ttf</filename>
	<size>60</size>
	</font>
	<font>
	<name>Font_60f</name><!-- menu principal modelo 7 -->
	<filename>aeon_mainmenu7.ttf</filename>
	<size>60</size>
	</font>
	<font>
	<name>Font_60g</name><!-- menu principal modelo 8 -->
	<filename>aeon_mainmenu8.ttf</filename>
	<size>60</size>
	</font>
	<font>
	<name>Font_70</name>
	<filename>arial.ttf</filename>
	<size>70</size>
	</font>
	<font>
	<name>Font_100</name>
	<filename>arial.ttf</filename>
	<size>100</size>
	<style>uppercase bold</style>
	</font>
	</fontset>	
	
	<fontset id="Cyrillic" unicode="true"><!-- ########################################### CYRILLIC ########################################### -->
	<font>
	<name>Font_14</name><!-- nao usar uppercase -->
	<filename>aeon_common.ttf</filename>
	<size>14</size>
	</font>
	<font>
	<name>Font_15</name>
	<filename>aeon_mainmenu8.ttf</filename>
	<size>15</size>
	</font>
	<font>
	<name>Font_16</name>
	<filename>aeon_mainmenu8.ttf</filename>
	<size>16</size>
	</font>
	<font>
	<name>Font_17</name><!-- nao usar uppercase -->
	<filename>aeon_common.ttf</filename>
	<size>17</size>
	</font>
	<font>
	<name>Font_17A</name><!-- nao usar uppercase -->
	<filename>aeon_common.ttf</filename>
	<size>17</size>
	<linespacing>0.89</linespacing>
	</font>
	<font>
	<name>Font_18</name>
	<filename>aeon_mainmenu8.ttf</filename>
	<size>18</size>
	</font>
	<font>
	<name>Font13</name><!-- para addons -->
	<filename>aeon_mainmenu8.ttf</filename>
	<size>18</size>
	</font>
	<font>
	<name>Font_18A</name><!-- nao usar uppercase -->
	<filename>aeon_common.ttf</filename>
	<size>18</size>
	<linespacing>0.94</linespacing>
	</font>
	<font>
	<name>Font_20</name>
	<filename>aeon_mainmenu8.ttf</filename>
	<size>20</size>
	</font>
	<font>
	<name>Font_20A</name><!-- nao usar uppercase -->
	<filename>aeon_common.ttf</filename>
	<size>20</size>
	</font>
	<font>
	<name>Font_21</name><!-- nao usar uppercase -->
	<filename>aeon_common.ttf</filename>
	<size>21</size>
	</font>
	<font>
	<name>Font_22</name>
	<filename>aeon_mainmenu8.ttf</filename>
	<size>22</size>
	</font>
	<font>
	<name>Font_23</name>
	<filename>aeon_mainmenu8.ttf</filename>
	<size>23</size>
	</font>
	<font>
	<name>Font_23b</name><!-- etiquetas -->
	<filename>aeon_flags.ttf</filename>
	<size>23</size>
	</font>
	<font>
	<name>Font_24</name><!-- nao usar uppercase -->
	<filename>aeon_common.ttf</filename>
	<size>24</size>
	</font>
	<font>
	<name>Font_24A</name>
	<filename>aeon_mainmenu8.ttf</filename>
	<size>24</size>
	</font>
	<font>
	<name>Font_25</name><!-- canais de audio -->
	<filename>aeon_mainmenu6.ttf</filename>
	<size>25</size>
	</font>
	<font>
	<name>Font_26</name><!-- nao usar uppercase -->
	<filename>aeon_common.ttf</filename>
	<size>26</size>
	</font>
	<font>
	<name>Font_27</name>
	<filename>aeon_mainmenu8.ttf</filename>
	<size>27</size>
	</font>
	<font>
	<name>Font_30</name><!-- nao usar uppercase -->
	<filename>aeon_common.ttf</filename>
	<size>30</size>
	</font>
	<font>
	<name>Font_32</name>
	<filename>aeon_mainmenu8.ttf</filename>
	<size>32</size>
	</font>
	<font>
	<name>Font_40</name>
	<filename>aeon_mainmenu8.ttf</filename>
	<size>40</size>
	</font>
	<font>
	<name>Font_50</name><!-- menu principal -->
	<filename>aeon_mainmenu8.ttf</filename>
	<size>30</size>
	</font>
	<font>
	<name>Font_50a</name><!-- menu principal modelo 2 -->
	<filename>aeon_mainmenu2.ttf</filename>
	<size>50</size>
	</font>
	<font>
	<name>Font_50b</name><!-- menu principal modelo 3 -->
	<filename>aeon_mainmenu3.ttf</filename>
	<size>50</size>
	</font>
	<font>
	<name>Font_50c</name><!-- menu principal modelo 4 -->
	<filename>aeon_mainmenu4.ttf</filename>
	<size>50</size>
	</font>
	<font>
	<name>Font_50d</name><!-- menu principal modelo 5 -->
	<filename>aeon_mainmenu5.ttf</filename>
	<size>50</size>
	</font>
	<font>
	<name>Font_50e</name><!-- menu principal modelo 6 -->
	<filename>aeon_mainmenu6.ttf</filename>
	<size>50</size>
	</font>
	<font>
	<name>Font_50f</name><!-- menu principal modelo 7 -->
	<filename>aeon_mainmenu7.ttf</filename>
	<size>50</size>
	</font>
	<font>	
	<name>Font_50g</name><!-- menu principal modelo 7 -->
	<filename>aeon_mainmenu8.ttf</filename>
	<size>50</size>
	</font>
	<font>	
	<name>Font_60</name><!-- menu principal padrao -->
	<filename>aeon_mainmenu8.ttf</filename>
	<size>55</size>
	</font>
	<font>
	<name>Font_60a</name><!-- menu principal modelo 2 -->
	<filename>aeon_mainmenu2.ttf</filename>
	<size>55</size>
	</font>
	<font>
	<name>Font_60b</name><!-- menu principal modelo 3 -->
	<filename>aeon_mainmenu3.ttf</filename>
	<size>60</size>
	</font>
	<font>
	<name>Font_60c</name><!-- menu principal modelo 4 -->
	<filename>aeon_mainmenu4.ttf</filename>
	<size>60</size>
	</font>
	<font>
	<name>Font_60d</name><!-- menu principal modelo 5 -->
	<filename>aeon_mainmenu5.ttf</filename>
	<size>60</size>
	</font>
	<font>
	<name>Font_60e</name><!-- menu principal modelo 6 -->
	<filename>aeon_mainmenu6.ttf</filename>
	<size>60</size>
	</font>
	<font>
	<name>Font_60f</name><!-- menu principal modelo 7 -->
	<filename>aeon_mainmenu7.ttf</filename>
	<size>60</size>
	</font>
	<font>
	<name>Font_60g</name><!-- menu principal modelo 8 -->
	<filename>aeon_mainmenu8.ttf</filename>
	<size>55</size>
	</font>
	<font>
	<name>Font_70</name>
	<filename>aeon_mainmenu8.ttf</filename>
	<size>70</size>
	</font>
	<font>
	<name>Font_100</name>
	<filename>aeon_mainmenu8.ttf</filename>
	<size>100</size>
	<style>uppercase bold</style>
	</font>
	</fontset>
	
	<fontset id="Arabic" unicode="true"><!-- ########################################### ARABIC ########################################### -->
	<font>
	<name>Font_14</name><!-- nao usar uppercase -->
	<filename>aeon_mainmenu4.ttf</filename>
	<size>14</size>
	</font>
	<font>
	<name>Font_15</name>
	<filename>aeon_mainmenu4.ttf</filename>
	<size>15</size>
	</font>
	<font>
	<name>Font_16</name>
	<filename>aeon_mainmenu4.ttf</filename>
	<size>16</size>
	</font>
	<font>
	<name>Font_17</name><!-- nao usar uppercase -->
	<filename>aeon_mainmenu4.ttf</filename>
	<size>17</size>
	</font>
	<font>
	<name>Font_17A</name><!-- nao usar uppercase -->
	<filename>aeon_mainmenu4.ttf</filename>
	<size>17</size>
	<linespacing>0.89</linespacing>
	</font>
	<font>
	<name>Font_18</name>
	<filename>aeon_mainmenu4.ttf</filename>
	<size>18</size>
	</font>
	<font>
	<name>Font13</name><!-- para addons -->
	<filename>aeon_mainmenu4.ttf</filename>
	<size>18</size>
	</font>
	<font>
	<name>Font_18A</name><!-- nao usar uppercase -->
	<filename>aeon_mainmenu4.ttf</filename>
	<size>18</size>
	<linespacing>0.94</linespacing>
	</font>
	<font>
	<name>Font_20</name>
	<filename>aeon_mainmenu4.ttf</filename>
	<size>20</size>
	</font>
	<font>
	<name>Font_20A</name><!-- nao usar uppercase -->
	<filename>aeon_mainmenu4.ttf</filename>
	<size>20</size>
	</font>
	<font>
	<name>Font_21</name><!-- nao usar uppercase -->
	<filename>aeon_mainmenu4.ttf</filename>
	<size>21</size>
	</font>
	<font>
	<name>Font_22</name>
	<filename>aeon_mainmenu4.ttf</filename>
	<size>22</size>
	</font>
	<font>
	<name>Font_23</name>
	<filename>aeon_mainmenu4.ttf</filename>
	<size>23</size>
	</font>
	<font>
	<name>Font_23b</name><!-- etiquetas -->
	<filename>aeon_mainmenu4.ttf</filename>
	<size>23</size>
	</font>
	<font>
	<name>Font_24</name><!-- nao usar uppercase -->
	<filename>aeon_mainmenu4.ttf</filename>
	<size>24</size>
	</font>
	<font>
	<name>Font_24A</name>
	<filename>aeon_mainmenu4.ttf</filename>
	<size>24</size>
	</font>
	<font>	
	<name>Font_25</name><!-- canais de audio -->
	<filename>aeon_mainmenu6.ttf</filename>
	<size>25</size>
	</font>
	<font>
	<name>Font_26</name><!-- nao usar uppercase -->
	<filename>aeon_mainmenu4.ttf</filename>
	<size>26</size>
	</font>
	<font>
	<name>Font_27</name>
	<filename>aeon_mainmenu4.ttf</filename>
	<size>27</size>
	</font>
	<font>
	<name>Font_30</name><!-- nao usar uppercase -->
	<filename>aeon_common.ttf</filename>
	<size>30</size>
	</font>
	<font>
	<name>Font_32</name>
	<filename>aeon_mainmenu4.ttf</filename>
	<size>32</size>
	</font>
	<font>
	<name>Font_40</name>
	<filename>aeon_mainmenu4.ttf</filename>
	<size>40</size>
	</font>
	<font>
	<name>Font_50</name><!-- menu principal -->
	<filename>aeon_mainmenu4.ttf</filename>
	<size>30</size>
	</font>
	<font>
	<name>Font_50a</name><!-- menu principal modelo 2 -->
	<filename>aeon_mainmenu2.ttf</filename>
	<size>50</size>
	</font>
	<font>
	<name>Font_50b</name><!-- menu principal modelo 3 -->
	<filename>aeon_mainmenu3.ttf</filename>
	<size>50</size>
	</font>
	<font>
	<name>Font_50c</name><!-- menu principal modelo 4 -->
	<filename>aeon_mainmenu4.ttf</filename>
	<size>50</size>
	</font>
	<font>
	<name>Font_50d</name><!-- menu principal modelo 5 -->
	<filename>aeon_mainmenu5.ttf</filename>
	<size>50</size>
	</font>
	<font>
	<name>Font_50e</name><!-- menu principal modelo 6 -->
	<filename>aeon_mainmenu6.ttf</filename>
	<size>50</size>
	</font>
	<font>
	<name>Font_50f</name><!-- menu principal modelo 7 -->
	<filename>aeon_mainmenu7.ttf</filename>
	<size>50</size>
	</font>
	<font>	
	<name>Font_50g</name><!-- menu principal modelo 7 -->
	<filename>aeon_mainmenu8.ttf</filename>
	<size>50</size>
	</font>
	<font>	
	<name>Font_60</name><!-- menu principal padrao -->
	<filename>aeon_mainmenu4.ttf</filename>
	<size>55</size>
	</font>
	<font>
	<name>Font_60a</name><!-- menu principal modelo 2 -->
	<filename>aeon_mainmenu2.ttf</filename>
	<size>55</size>
	</font>
	<font>
	<name>Font_60b</name><!-- menu principal modelo 3 -->
	<filename>aeon_mainmenu3.ttf</filename>
	<size>60</size>
	</font>
	<font>
	<name>Font_60c</name><!-- menu principal modelo 4 -->
	<filename>aeon_mainmenu4.ttf</filename>
	<size>60</size>
	</font>
	<font>
	<name>Font_60d</name><!-- menu principal modelo 5 -->
	<filename>aeon_mainmenu5.ttf</filename>
	<size>60</size>
	</font>
	<font>
	<name>Font_60e</name><!-- menu principal modelo 6 -->
	<filename>aeon_mainmenu6.ttf</filename>
	<size>60</size>
	</font>
	<font>
	<name>Font_60f</name><!-- menu principal modelo 7 -->
	<filename>aeon_mainmenu7.ttf</filename>
	<size>60</size>
	</font>
	<font>
	<name>Font_60g</name><!-- menu principal modelo 8 -->
	<filename>aeon_mainmenu8.ttf</filename>
	<size>55</size>
	</font>
	<font>
	<name>Font_70</name>
	<filename>aeon_mainmenu4.ttf</filename>
	<size>70</size>
	</font>
	<font>
	<name>Font_100</name>
	<filename>aeon_mainmenu4.ttf</filename>
	<size>100</size>
	<style>uppercase bold</style>
	</font>
	</fontset>
	</fonts>