<?xml version="1.0" encoding="UTF-8"?>
<includes><!-- Aeon MQ 6 -->
	<!-- ######################################################################### Music Window #########################################################################-->
	<include name="MusicWindow">
	<defaultcontrol always="true">51</defaultcontrol>
	<onload condition="Window.Previous(6626)">Container.SetViewMode($INFO[skin.string(setviewmusic)])</onload>
	<onload condition="Window.Previous(6626)">SetFocus(9940)</onload>
	<onunload condition="Skin.HasSetting(kioskcode)">Skin.Reset($INFO[skin.string(custom_code)])</onunload>
	<allowoverlay>no</allowoverlay>
	<views>51,54,55,56,58,59,62</views>
	<controls>
	<control type="multiimage"><!-- Multi Fanart -->
	<include>WindowBG</include>
	<imagepath fallback="special://skin/backgrounds/music.jpg" background="true">$VAR[value_musicfanart]</imagepath>
	<visible>!Container.Content(genres)</visible>
	</control>
	<control type="image"><!-- Single Fanart -->
	<include>WindowBG</include>
	<texture background="true">$VAR[value_defaultmusicfanart]</texture>
	<visible>!Container.Content(genres)</visible>
	</control>
	<control type="image"><!-- Single Fanart Genre -->
	<include>WindowBG</include>
	<texture fallback="special://skin/backgrounds/music.jpg" background="true">$VAR[value_defaultmusicfanart]</texture>
	<visible>Container.Content(genres)</visible>
	</control>
	<control type="multiimage" id="5032"><!-- Extra Fanart Artist/Album -->
	<include>WindowBG</include>
	<imagepath background="true">$INFO[Skin.String(CustomMusicLogoPath)]$INFO[ListItem.Artist,,/extrafanart/]</imagepath>
	<visible>[Container.Content(artists) | Container.Content(albums)] + SubString(skin.string(musicfanart),extra)</visible>
	</control>
	<control type="multiimage" id="5033"><!-- Extra Fanart Song -->
	<include>WindowBG</include>
	<imagepath background="true">$INFO[ListItem.Path]extrafanart/</imagepath>
	<visible>Container.Content(songs) + SubString(skin.string(musicfanart),extra)</visible>
	</control>
	<control type="group"><!-- default group -->
	<include>Animation_Window</include>
	<control type="image" id="198"><!-- Controle codec -->
	<include>InvisibleButton</include>
	<fadetime>FanartCrossFadeTime</fadetime>
	<texture>$VAR[value_musiccodec]</texture>
	</control>
	<control type="image" id="199"><!-- Controle rating -->
	<include>InvisibleButton</include>
	<fadetime>FanartCrossFadeTime</fadetime>
	<texture>$VAR[value_musicrating]</texture>
	</control>
	<control type="label" id="556"><!-- Controle drive externo -->
	<include>InvisibleButton</include>
	<label>$VAR[value_drive]</label>
	</control>
	<control type="image" id="557"><!-- Controle estudio -->
	<include>InvisibleButton</include>
	<texture>$INFO[ListItem.Property(Album_Label),flags/recordlabel/,.png]</texture>
	</control>
	<control type="button" id="9900"><!-- to menu/kiosk condition -->
	<include>InvisibleButton</include>
	<onfocus condition="![Skin.HasSetting(kiosk) | Skin.HasSetting(kiosksmart) + !SubString(skin.string(codestep),step3)]">SetFocus(9300)</onfocus>
	<onfocus condition="Skin.HasSetting(kiosksmart) + !SubString(skin.string(codestep),step3)">SetFocus(9100)</onfocus>
	<onfocus condition="Skin.HasSetting(kiosk)">SetFocus(51)</onfocus>
	</control>
	<control type="button" id="9920"><!-- hidden colection/view fanart -->
	<include>InvisibleButton</include>
	<onleft>SetFocus(51)</onleft>
	<onright>SetFocus(51)</onright>
	<onup>SetFocus(51)</onup>
	<ondown>SetFocus(51)</ondown>
	</control>
	<control type="image" id="9921"><!-- painel de info auto -->
	<include>InvisibleButton</include>
	<animation effect="fade" start="0" end="100" time="150" delay="1000" condition="SubString(skin.string(panel_seconds),1)">Visible</animation>
	<animation effect="fade" start="0" end="100" time="150" delay="2000" condition="SubString(skin.string(panel_seconds),2)">Visible</animation>
	<animation effect="fade" start="0" end="100" time="150" delay="3000" condition="SubString(skin.string(panel_seconds),3)">Visible</animation>
	<animation effect="fade" start="0" end="100" time="150" delay="4000" condition="SubString(skin.string(panel_seconds),4)">Visible</animation>
	<animation effect="fade" start="0" end="100" time="150" delay="5000" condition="SubString(skin.string(panel_seconds),5)">Visible</animation>
	<visible>![Container.OnNext | Container.OnPrevious]</visible>
	</control>
	<control type="button" id="9922"><!-- refresh das vistas -->
	<include>InvisibleButton</include>
	<animation effect="fade" start="0" end="100" time="150" delay="3000">Hidden</animation>
	<visible>Window.IsVisible(6626)</visible>
	</control>
	<control type="group">
	<animation effect="slide" time="400" start="0,-250" end="0,0" easing="inout" tween="cubic">WindowOpen</animation>
	<animation effect="slide" time="400" start="0,-250" end="0,0" easing="inout" tween="cubic">Visible</animation>
	<animation effect="slide" time="400" start="0,0" end="0,-250" easing="inout" tween="cubic">WindowClose</animation>
	<animation effect="slide" time="400" start="0,0" end="0,-250" easing="inout" tween="cubic">Hidden</animation>
	<animation effect="slide" end="0,20" time="500" tween="sine" easing="out" condition="Skin.HasSetting(musicinfobar) | Skin.HasSetting(musicdate)">Conditional</animation>
	<visible>![Control.IsVisible(59) | Control.IsVisible(55) + [Container.Content(artists) | Container.Content(songs)] | ControlGroup(9000).HasFocus | Control.HasFocus(9920) | Control.IsVisible(9922) | Window.IsVisible(6621)]</visible>
	<control type="image">
	<left>0</left>
	<top>-20</top>
	<height>170</height>
	<width>1280</width>
	<texture flipy="true">shadow_mask.png</texture>
	<colordiffuse>75000000</colordiffuse>
	</control>
	<control type="label"><!-- Artist -->
	<left>30</left>
	<top>8</top>
	<width>1100</width>
	<height>40</height>
	<font>Font_40</font>
	<label>$VAR[value_music_title]</label>
	<textcolor>FFFFFAF0</textcolor>
	<scroll>true</scroll>
	<scrollout>false</scrollout>
	</control>
	<control type="label" id="200">
	<left>30</left>
	<top>45</top>
	<width>1100</width>
	<height>25</height>
	<font>Font_18A</font>
	<label>$VAR[value_music_subtitle]</label>
	<textcolor>90FFFFFF</textcolor>
	<scroll>true</scroll>
	<scrollout>false</scrollout>
	</control>
	<control type="image"><!-- Nota -->
	<left>30</left>
	<top>68</top>
	<width>118</width><!-- 302 -->
	<height>25</height><!-- 64 -->
	<info>ListItem.StarRating</info>
	<colordiffuse>$VAR[value_headercolor]</colordiffuse>
	<animation effect="slide" start="0,0" end="0,-30" condition="IsEmpty(Control.GetLabel(200))">Conditional</animation>
	<visible>!IsEmpty(Control.GetLabel(199))</visible>
	</control>
	<control type="label"><!-- Nota -->
	<left>160</left>
	<top>70</top>
	<width>30</width>
	<height>25</height>
	<font>Font_23</font>
	<label>$INFO[ListItem.Rating]</label>
	<textcolor>FFFFFAF0</textcolor>
	<animation effect="slide" start="0,0" end="0,-30" condition="IsEmpty(Control.GetLabel(200))">Conditional</animation>	
	<visible>!IsEmpty(Control.GetLabel(199))</visible>
	</control>
	</control>
    <control type="group"><!-- Grupo ocultar flags ou fanart -->
	<top>30</top>
	<include>Animation_HiddenView</include>
	<control type="image"><!-- Barra do rodape -->
	<left>0</left>
	<top>510</top>
	<width>1280</width>
	<height>180</height>
	<colordiffuse>$VAR[value_floorcolor]</colordiffuse>
	<texture>shadow_mask.png</texture>
	<include>Animation_FloorGlass</include>
	</control>
	<control type="group">
	<animation effect="slide" start="0,300" end="0,0"  time="500" tween="sine" easing="out">WindowOpen</animation>
	<animation effect="slide" start="0,300" end="0,0"  time="500" tween="sine" easing="out">Visible</animation>
	<animation effect="slide" start="0,0" end="0,300"  time="500" tween="sine" easing="out">Hidden</animation>
	<visible>[SubString(skin.string(mediaflags),on) | SubString(skin.string(mediaflags),auto) + Control.IsVisible(9921)]</visible>
	<control type="grouplist"><!-- Etiquetas -->
	<left>20</left>
	<top>645</top>
	<orientation>horizontal</orientation>
	<itemgap>25</itemgap>
	<control type="image"><!-- Gravadora -->
	<height>45</height>
	<include>FlagImage</include>
	<texture>$INFO[ListItem.Property(Album_Label),flags/recordlabel/,.png]</texture>
	<visible>!IsEmpty(Control.GetLabel(557))</visible>
	</control>
	<control type="image">
	<include>FlagSeparator</include>
	<visible>!IsEmpty(Control.GetLabel(557))</visible>
	</control>
	<control type="group">
	<width>84</width>
	<height>50</height>
	<visible>!SubString(ListItem.top100,0,Left) + !IsEmpty(ListItem.top100)</visible>
	<control type="label"><!-- Top 100 -->
	<top>-10</top>
	<font>Font_15</font>
	<include>FlagLabel</include>
	<label>$LOCALIZE[31042]</label>
	</control>
	<control type="label"><!-- Top 100 info -->
	<top>6</top>
	<font>Font_23</font>
	<include>FlagLabel</include>
	<label>$INFO[ListItem.Top100]</label>
	</control>
	</control>
	<control type="image"><!-- Codec -->
	<include>FlagImage</include>
	<texture>$VAR[value_musiccodec]</texture>
	<visible>!IsEmpty(Control.GetLabel(198))</visible>
	</control>
	<control type="image">
	<include>FlagSeparator</include>
	<visible>!IsEmpty(Control.GetLabel(198))</visible>
	</control>
	<control type="label"><!-- Drive externo -->
	<include>FlagLabel</include>
	<label>$VAR[value_drive]</label>
	<visible>!IsEmpty(Control.GetLabel(556))</visible>
	</control>
	</control>
	</control>
	<control type="image">
	<left>0</left>
	<top>650</top>
	<height>42</height>
	<width>1280</width>
	<texture>gradient_small.png</texture>
	</control>
	
	<!-- ViewTypes -->
	<include>ViewRightList</include><!-- 51 -->
	<include condition="Skin.HasSetting(viewposter_music)">ViewPoster</include><!-- 54 -->
	<include condition="Skin.HasSetting(viewlowlist_music)">ViewLowList</include><!-- 55 -->
	<include condition="Skin.HasSetting(viewwall_music)">ViewWallAudio</include><!-- 56 -->
	<include condition="Skin.HasSetting(viewcoverflow_music)">ViewCoverFlowAudio</include><!-- 58 -->
	<include condition="Skin.HasSetting(viewwide_music)">ViewWide</include><!-- 59 -->
	<include condition="Skin.HasSetting(viewpanel_music)">ViewPanel</include><!-- 62 -->
	
	</control>
	<control type="image"><!-- Logo -->
	<left>935</left>
	<top>641</top>
	<width>200</width>
	<height>50</height>
	<aspectratio>keep</aspectratio>
	<texture background="true">$INFO[Skin.String(CustomMusicLogoPath)]$INFO[ListItem.Artist,,/logo.png]</texture>
	<fadetime>FanartCrossFadeTime</fadetime>
	<animation effect="slide" end="-490,-180" tween="cubic" easing="in" condition="Control.IsVisible(54)">Conditional</animation>
	<include>Animation_HiddenView</include>
	<visible>Control.IsVisible(54)</visible>
	</control>
	<include>TouchScreen</include>
	<include>ScrollLabel</include>
	<include condition="Skin.HasSetting(musicinfobar)">MultiData</include>
	<include condition="Skin.HasSetting(musicdate)">TopDate</include>
	<include>TopMenu_Audio</include>
	<include>BGBlack</include>
	</control>
	</controls>
	</include>
</includes>