<?xml version="1.0" encoding="UTF-8"?>
<includes><!-- Aeon MQ 6 -->
	<!-- ######################################################################### Letras layout estilo default ######################################################################### -->
	<include name="LyricsDefault">
	<control type="group">
	<animation effect="slide" start="-1300,0" end="0,0" time="700" tween="sine" easing="inout" delay="1000">WindowOpen</animation>
	<animation effect="slide" start="-1300,0" end="0,0" time="700" tween="sine" easing="inout" delay="1000">Visible</animation>
	<animation effect="slide" start="0,0" end="-1300,0" time="400" tween="sine" easing="inout">WindowClose</animation>
	<animation effect="slide" start="0,0" end="-1300,0" time="400" tween="sine" easing="inout">Hidden</animation>
	<visible>Player.HasAudio + ![Window.IsVisible(120) | Window.IsVisible(122) | Window.IsVisible(5600) | Skin.HasSetting(nolyrics_on) | Skin.HasSetting(novisfurniture)]</visible>
	<control type="image"><!-- Fundo -->
	<left>0</left>
	<top>20</top>
	<width>1280</width>
	<height>400</height>
	<texture>details_back.png</texture>
	<colordiffuse>$VAR[value_texturecolor]</colordiffuse>
	<include>Animation_HomeGlass</include>
	</control>
	<control type="label">
	<left>40</left>
	<top>36</top>
	<width>412</width>
	<height>29</height>
	<font>Font_21</font>
	<label>31723</label>
	<scroll>true</scroll>
	<scrollout>false</scrollout>
	<align>left</align>
	<aligny>center</aligny>
	<textcolor>FFFFFAF0</textcolor>
	<include>Animation_Widgets</include>
	</control>
	<control type="image">
	<left>30</left>
	<top>64</top>
	<width>412</width>
	<height>2</height>
	<align>left</align>
	<texture flipx="true">divider.png</texture>
	</control>
	<control type="button"><!-- Para proximas faixas -->
	<left>25</left>
	<top>346</top>
	<width>250</width>
	<height>20</height>
	<label>31325</label>
	<font>Font_18A</font>
	<align>left</align>
	<textoffsetx>40</textoffsetx>
	<onclick>ActivateWindow(5600)</onclick>
	<textcolor>80FFFAF0</textcolor>
	<focusedcolor>FFFFFAF0</focusedcolor>
	<texturefocus diffuse="gradient_button.png">settings_button_focus.png</texturefocus>
	<visible>![IsEmpty(MusicPlayer.offset(1).Artist) | Skin.HasSetting(nonexttracks_on)]</visible>
	</control>
	<control type="image">
	<left>40</left>
	<top>345</top>
	<width>20</width>
	<height>20</height>
	<texture>arrow_left.png</texture>
	<colordiffuse>80FFFAF0</colordiffuse>
	<include>Animation_Fade</include>
	<visible>![IsEmpty(MusicPlayer.offset(1).Artist) | Skin.HasSetting(nonexttracks_on)]</visible>
	</control>
	<control type="button"><!-- Para Menu -->
	<left>1005</left>
	<top>346</top>
	<width>250</width>
	<height>20</height>
	<label>31238</label>
	<font>Font_18A</font>
	<align>right</align>
	<textoffsetx>40</textoffsetx>
	<onclick>ActivateWindow(120)</onclick>
	<textcolor>80FFFAF0</textcolor>
	<focusedcolor>FFFFFAF0</focusedcolor>
	<texturefocus flipx="true" diffuse="gradient_button.png">settings_button_focus.png</texturefocus>
	<texturenofocus>-</texturenofocus>
	</control>
	<control type="image">
	<left>1220</left>
	<top>345</top>
	<width>20</width>
	<height>20</height>
	<texture flipx="true">arrow_left.png</texture>
	<colordiffuse>80FFFAF0</colordiffuse>
	<include>Animation_Fade</include>
	</control>
	<control type="label" id="200"><!-- Scraper -->
	<visible>false</visible>
	</control>

	<!-- ** Required ** Do not change <id> or <type> -->
	<control type="list" id="110">
	<left>100</left>
	<top>70</top>
	<width>1080</width>
	<height>270</height>
	<onleft condition="![IsEmpty(MusicPlayer.offset(1).Artist) | Skin.HasSetting(nonexttracks_on)]">ActivateWindow(5600)</onleft>
	<onright>ActivateWindow(120)</onright>
	<onup>999</onup>
	<ondown>110</ondown>
	<viewtype label="535">list</viewtype>
	<pagecontrol>111</pagecontrol>
	<scrolltime>200</scrolltime>
	<itemlayout height="35">
	<control type="label">
	<left>0</left>
	<top>3</top>
	<width>1080</width>
	<height>22</height>
	<info>ListItem.Label</info>
	<font>Font_21</font>
	<align>center</align>
	<aligny>center</aligny>
	<textcolor>80FFFAF0</textcolor>
	</control>
	</itemlayout>
	<focusedlayout height="35">
	<control type="image">
	<left>0</left>
	<top>3</top>
	<width>1080</width>
	<height>35</height>
	<texture>gradient_focus.png</texture>
	<colordiffuse>$VAR[value_headercolor]</colordiffuse>
	<visible>Control.HasFocus(110)</visible>
	</control>
	<control type="label">
	<left>-55</left>
	<top>3</top>
	<width>1180</width>
	<height>22</height>
	<info>ListItem.Label</info>
	<font>Font_30</font>
	<align>center</align>
	<aligny>center</aligny>
	<textcolor>$VAR[value_headercolor]</textcolor>
	</control>
	</focusedlayout>
	</control>
	<control type="spincontrol" id="111">
	<visible>false</visible>
	</control>
	<!-- ** Required ** Do not change <id> or <type> -->
	<control type="list" id="120">
	<left>100</left>
	<top>70</top>
	<width>1080</width>
	<height>270</height>
	<onleft condition="![IsEmpty(MusicPlayer.offset(1).Artist) | Skin.HasSetting(nonexttracks_on)]">ActivateWindow(5600)</onleft>
	<onright>ActivateWindow(120)</onright>
	<onup>120</onup>
	<ondown>120</ondown>
	<viewtype label="535">list</viewtype>
	<pagecontrol>121</pagecontrol>
	<scrolltime>200</scrolltime>
	<itemlayout height="35">
	<control type="label">
	<left>0</left>
	<top>3</top>
	<width>1080</width>
	<height>22</height>
	<info>ListItem.Label</info>
	<font>Font_21</font>
	<align>center</align>
	<aligny>center</aligny>
	<textcolor>80FFFAF0</textcolor>
	</control>
	</itemlayout>
	<focusedlayout height="35">
	<control type="image">
	<left>0</left>
	<top>3</top>
	<width>1080</width>
	<height>35</height>
	<texture>gradient_focus.png</texture>
	<colordiffuse>$VAR[value_headercolor]</colordiffuse>
	<visible>Control.HasFocus(120)</visible>
	</control>
	<control type="label">
	<left>-55</left>
	<top>3</top>
	<width>1080</width>
	<height>22</height>
	<info>ListItem.Label</info>
	<font>Font_30</font>
	<align>center</align>
	<aligny>center</aligny>
	<textcolor>$VAR[value_headercolor]</textcolor>
	</control>
	</focusedlayout>
	</control>
	<control type="spincontrol" id="121">
	<visible>false</visible>
	</control>
	</control>
	</include>
	
	<!-- ######################################################################### Letras em modo karaoke ######################################################################### -->
	<include name="LyricsKaraoke">
	<control type="group"><!-- karaoke mode -->
	<animation effect="slide" start="-1280,0" end="0,0" time="700" tween="sine" easing="inout" delay="1000">WindowOpen</animation>
	<animation effect="slide" start="-1280,0" end="0,0" time="700" tween="sine" easing="inout" delay="1000">Visible</animation>
	<animation effect="slide" start="0,0" end="-1280,0" time="400" tween="sine" easing="inout">WindowClose</animation>
	<animation effect="slide" start="0,0" end="-1280,0" time="400" tween="sine" easing="inout">Hidden</animation>
	<visible>Player.HasAudio + ![Window.IsVisible(120) | Window.IsVisible(122) | Window.IsVisible(5600)]</visible>
	<control type="image">
	<left>0</left>
	<top>0</top>
	<width>1280</width>
	<height>720</height>
	<texture>black.png</texture>
	<colordiffuse>C3FFFFFF</colordiffuse>
	</control>
	<control type="image">
	<left>0</left>
	<top>63</top>
	<width>1280</width>
	<height>30</height>
	<texture flipy="true">shadow_h.png</texture>
	<colordiffuse>C3FFFFFF</colordiffuse>
	</control>
	<control type="image">
	<left>0</left>
	<top>0</top>
	<width>1280</width>
	<height>63</height>
	<texture>black.png</texture>
	<colordiffuse>C3FFFFFF</colordiffuse>
	</control>
	<control type="image">
	<left>0</left>
	<top>0</top>
	<width>1280</width>
	<height>61</height>
	<texture>black.png</texture>
	<colordiffuse>90FFFFFF</colordiffuse>
	</control>
	<control type="label"><!-- Titulo -->
	<left>50</left>
	<top>12</top>
	<width>1180</width>
	<height>20</height>
	<label>[COLOR=$VAR[value_headercolor]]$INFO[MusicPlayer.Artist][/COLOR] - $INFO[MusicPlayer.Title]</label>
	<font>Font_30</font>
	<align>center</align>
	<textcolor>FFFFFAF0</textcolor>
	</control>
	<control type="image">
	<left>1230</left>
	<top>680</top>
	<width>20</width>
	<height>20</height>
	<texture flipx="true">arrow_left.png</texture>
	<colordiffuse>30FFFAF0</colordiffuse>
	<include>Animation_Fade</include>
	</control>
	<control type="label"><!-- Para Menu -->
	<left>1220</left>
	<top>680</top>
	<width>150</width>
	<height>20</height>
	<label>31238</label>
	<font>Font_18</font>
	<align>right</align>
	<textcolor>30FFFAF0</textcolor>
	</control>
	<control type="label" id="200"><!-- Scraper -->
	<visible>false</visible>
	</control>

	<!-- ** Required ** Do not change <id> or <type> -->
	<control type="list" id="110">
	<left>100</left>
	<top>90</top>
	<width>1080</width>
	<height>590</height>
	<onright>ActivateWindow(120)</onright>
	<onup>999</onup>
	<ondown>110</ondown>
	<viewtype label="535">list</viewtype>
	<pagecontrol>111</pagecontrol>
	<scrolltime>200</scrolltime>
	<itemlayout height="35">
	<control type="label">
	<left>0</left>
	<top>3</top>
	<width>1080</width>
	<height>22</height>
	<info>ListItem.Label</info>
	<font>Font_26</font>
	<align>center</align>
	<aligny>center</aligny>
	<textcolor>80FFFAF0</textcolor>
	</control>
	</itemlayout>
	<focusedlayout height="35">
	<control type="image">
	<left>0</left>
	<top>3</top>
	<width>1080</width>
	<height>35</height>
	<texture>gradient_focus.png</texture>
	<colordiffuse>$VAR[value_headercolor]</colordiffuse>
	<visible>Control.HasFocus(110)</visible>
	</control>
	<control type="label">
	<left>-55</left>
	<top>3</top>
	<width>1180</width>
	<height>22</height>
	<info>ListItem.Label</info>
	<font>Font_30</font>
	<align>center</align>
	<aligny>center</aligny>
	<textcolor>$VAR[value_headercolor]</textcolor>
	</control>
	</focusedlayout>
	</control>
	<control type="spincontrol" id="111">
	<visible>false</visible>
	</control>
	<!-- ** Required ** Do not change <id> or <type> -->
	<control type="list" id="120">
	<left>100</left>
	<top>90</top>
	<width>1080</width>
	<height>590</height>
	<onright>ActivateWindow(120)</onright>
	<onup>120</onup>
	<ondown>120</ondown>
	<viewtype label="535">list</viewtype>
	<pagecontrol>121</pagecontrol>
	<scrolltime>200</scrolltime>
	<itemlayout height="35">
	<control type="label">
	<left>0</left>
	<top>3</top>
	<width>1080</width>
	<height>22</height>
	<info>ListItem.Label</info>
	<font>Font_26</font>
	<align>center</align>
	<aligny>center</aligny>
	<textcolor>80FFFAF0</textcolor>
	</control>
	</itemlayout>
	<focusedlayout height="35">
	<control type="image">
	<left>0</left>
	<top>3</top>
	<width>1080</width>
	<height>35</height>
	<texture>gradient_focus.png</texture>
	<colordiffuse>$VAR[value_headercolor]</colordiffuse>
	<visible>Control.HasFocus(120)</visible>
	</control>
	<control type="label">
	<left>-55</left>
	<top>3</top>
	<width>1080</width>
	<height>22</height>
	<info>ListItem.Label</info>
	<font>Font_30</font>
	<align>center</align>
	<aligny>center</aligny>
	<textcolor>$VAR[value_headercolor]</textcolor>
	</control>
	</focusedlayout>
	</control>
	<control type="spincontrol" id="121">
	<visible>false</visible>
	</control>
	</control>
	</include>
</includes>