<?xml version="1.0" encoding="UTF-8"?>
<includes><!-- Aeon MQ 6 -->

	<!-- ######################################################################### ATUAL #########################################################################-->
	<include name="WeatherScrollbar">
	<include>ScrollBar_Vertical</include>
	<left>630</left>
	<top>50</top>
	<width>65</width>
	<height>465</height>
	</include>
	<include name="LoadingLabel">
	<left>5</left>
	<top>265</top>
	<width>800</width>
	<height>80</height>
	<align>center</align>
	<aligny>center</aligny>
	<font>Font_23</font>
	<label>$LOCALIZE[31863]</label>
	<wrapmultiline>true</wrapmultiline>
	</include>
	<include name="CurrentDailyDay">
	<left>-5</left>
	<top>12</top>
	<height>20</height>
	<width>120</width>
	<align>center</align>
	<aligny>center</aligny>
	<font>Font_23</font>
	<textcolor>FFFFFAF0</textcolor>	
	</include>
	<include name="CurrentDailyDate">
	<left>-5</left>
	<top>40</top>
	<height>20</height>
	<width>120</width>
	<align>center</align>
	<aligny>center</aligny>
	<font>Font_18</font>
	<textcolor>FFFFFAF0</textcolor>	
	</include>
	<include name="CurrentLabel">
	<left>0</left>
	<top>-90</top>
	<height>30</height>
	<width>300</width>
	<align>right</align>
	<aligny>center</aligny>
	<font>Font_18</font>
	<textcolor>$VAR[value_headercolor]</textcolor>
	<focusedcolor>white</focusedcolor>
	<texturefocus>-</texturefocus>
	<texturenofocus>-</texturenofocus>
	</include>
	<include name="CurrentValue">
	<align>left</align>
	<textcolor>FFf5f5f5</textcolor>
	<include>CurrentLabel</include>
	</include>
	<include name="CurrentDailyWeekdayBG">
	<top>0</top>
	<left>0</left>
	<width>114</width>
	<height>278</height>
	<colordiffuse>30FFFFFF</colordiffuse>
	<texture border="10">DailyWeekdayBG.png</texture>
	<aspectratio>stretch</aspectratio>
	</include>
	<include name="CurrentDailyWeekendBG">
	<top>0</top>
	<left>0</left>
	<width>114</width>
	<height>278</height>
	<colordiffuse>30FFFFFF</colordiffuse>
	<texture border="10">DailyWeekendBG.png</texture>
	<aspectratio>stretch</aspectratio>
	</include>
	<include name="CurrentDailyIcon">
	<top>60</top>
	<height>100</height>
	<width>113</width>
	<aspectratio align="center" aligny="top">keep</aspectratio>
	</include>
	<include name="CurrentDailyPrecipitation">
	<left>-5</left>
	<top>155</top>
	<height>30</height>
	<width>120</width>
	<align>center</align>
	<aligny>center</aligny>
	<font>Font_23</font>
	<textcolor>FFFFFAF0</textcolor>	
	</include>
	<include name="CurrentDailyHigh">
	<left>5</left>
	<top>200</top>
	<height>30</height>
	<width>120</width>
	<align>center</align>
	<aligny>center</aligny>
	<textcolor>FFFF0000</textcolor>
	<font>Font_24A</font>
	</include>
	<include name="CurrentDailyLow">
	<left>5</left>
	<top>240</top>
	<height>30</height>
	<width>120</width>
	<align>center</align>
	<aligny>center</aligny>
	<textcolor>FF00AFFF</textcolor>
	<font>Font_23</font>
	</include>
	<include name="CurrentArrowUp">
	<left>15</left>
	<top>205</top>
	<width>20</width>
	<height>20</height>
	<texture>arrow.png</texture>
	<colordiffuse>FFB20000</colordiffuse>
	<aspectratio>keep</aspectratio>
	</include>
	<include name="CurrentArrowDown">
	<left>15</left>
	<top>245</top>
	<width>20</width>
	<height>20</height>
	<texture flipy="true">arrow.png</texture>
	<colordiffuse>FF007399</colordiffuse>
	<aspectratio>keep</aspectratio>
	</include>

	<include name="Weather.Current">
	<control type="group">
	<left>290</left>
	<top>60</top>
	<visible>StringCompare(Window.Property(Weather.CurrentView),current)</visible>
	<animation effect="fade" reversible="true" time="300">VisibleChange</animation>
	<control type="group">
	<control type="label"><!-- Local - Estacao -->
	<left>0</left>
	<top>10</top>
	<width>900</width>
	<height>49</height>
	<align>left</align>
	<font>Font_32</font>
	<textcolor>FFFFFAF0</textcolor>
	<label>$INFO[Window(Weather).Property(Location),, -] $VAR[value_seasonlabel]</label>
	<scroll>true</scroll>
	<scrollout>false</scrollout>
	</control>
	<control type="label"><!-- Temperatura atual -->
	<left>20</left>
	<top>70</top>
	<width>180</width>
	<height>40</height>
	<align>left</align>
	<aligny>top</aligny>
	<font>Font_50</font>
	<textcolor>FFFFFAF0</textcolor>
	<label>$INFO[Window.Property(Current.Temperature)]$INFO[System.TemperatureUnits]</label>
	</control>
	<control type="label"><!-- Sensacao -->
	<left>20</left>
	<top>140</top>
	<width>140</width>
	<height>40</height>
	<align>left</align>
	<aligny>top</aligny>
	<font>Font_18</font>
	<label>$LOCALIZE[402]: [COLOR=FFFFFAF0]$INFO[Window.Property(Current.FeelsLike)]$INFO[System.TemperatureUnits][/COLOR]</label>
	<textcolor>$VAR[value_headercolor]</textcolor>
	</control>
	<control type="image">
	<left>20</left>
	<top>205</top>
	<width>30</width>
	<height>30</height>
	<texture>arrow.png</texture>
	<colordiffuse>FFB20000</colordiffuse>
	<aspectratio>keep</aspectratio>
	</control>
	<control type="label">
	<left>55</left>
	<top>203</top>
	<height>30</height>
	<width>120</width>
	<align>left</align>
	<aligny>top</aligny>
	<textcolor>FFFF0000</textcolor>
	<font>Font_32</font>
	<label>$INFO[Window.Property(Daily.2.HighTemperature)]</label>
	</control>
	<control type="image">
	<left>20</left>
	<top>245</top>
	<width>30</width>
	<height>30</height>
	<texture flipy="true">arrow.png</texture>
	<colordiffuse>FF007399</colordiffuse>
	<aspectratio>keep</aspectratio>
	</control>
	<control type="label">
	<left>55</left>
	<top>245</top>
	<height>30</height>
	<width>120</width>
	<align>left</align>
	<aligny>top</aligny>
	<textcolor>FF00AFFF</textcolor>
	<font>Font_24A</font>
	<label>$INFO[Window.Property(Daily.2.LowTemperature)]</label>
	</control>
	<control type="image">
	<left>140</left>
	<top>60</top>
	<width>280</width>
	<height>240</height>
	<info>Window.Property(Current.ConditionIcon)</info>
	<aspectratio align="center" aligny="top">keep</aspectratio>
	</control>
	<control type="image">
	<left>120</left>
	<top>230</top>
	<width>320</width>
	<height>60</height>
	<texture>gradient_focus.png</texture>
	<colordiffuse>FF101010</colordiffuse>
	</control>
	<control type="label"><!-- Condicao atual -->
	<left>140</left>
	<top>245</top>
	<width>280</width>
	<height>30</height>
	<align>center</align>
	<aligny>top</aligny>
	<font>Font_23</font>
	<textcolor>FFFFFAF0</textcolor>
	<label>$INFO[Window.Property(Current.Condition)]</label>
	<scroll>true</scroll>
	<scrollout>false</scrollout>
	</control>
	<control type="image">
	<left>465</left>
	<top>73</top>
	<width>2</width>
	<height>230</height>
	<texture>line_v.png</texture>
	</control>
	</control>
	<control type="grouplist"><!-- Grupo dos titulos -->
	<left>400</left>
	<top>70</top>
	<width>300</width>
	<itemgap>0</itemgap>
	<orientation>vertical</orientation>
	<control type="label"><!-- Orvalho -->
	<include>CurrentLabel</include>
	<label>$LOCALIZE[405]:</label>
	<visible>!IsEmpty(Window.Property(Current.DewPoint))</visible>
	</control>
	<control type="label"><!-- Humidade -->
	<include>CurrentLabel</include>
	<label>$LOCALIZE[406]:</label>
	<visible>!IsEmpty(Window.Property(Current.Humidity))</visible>
	</control>
	<control type="label"><!-- Vento -->
	<include>CurrentLabel</include>
	<label>$LOCALIZE[404]:</label>
	<visible>!IsEmpty(Window.Property(Current.Wind))</visible>
	</control>
	<control type="label"><!-- Chuva -->
	<include>CurrentLabel</include>
	<label>$LOCALIZE[33021]:</label>
	<visible>!IsEmpty(Window.Property(Current.Precipitation))</visible>
	</control>
	<control type="label"><!-- Pressao  -->
	<include>CurrentLabel</include>
	<label>$LOCALIZE[31859]:</label>
	<visible>!IsEmpty(Window.Property(Current.Pressure))</visible>
	</control>
	<control type="label"><!-- Nascer do sol -->
	<include>CurrentLabel</include>
	<label>$LOCALIZE[33027]:</label>
	<visible>!IsEmpty(Window.Property(Today.Sunrise))</visible>
	</control>
	<control type="label"><!-- Por do sol -->
	<include>CurrentLabel</include>
	<label>$LOCALIZE[33028]:</label>
	<visible>!IsEmpty(Window.Property(Today.Sunset))</visible>
	</control>
	</control>
	<control type="grouplist"><!-- Grupo dos valores -->
	<left>705</left>
	<top>70</top>
	<width>300</width>
	<itemgap>0</itemgap>
	<orientation>vertical</orientation>
	<control type="label"><!-- Orvalho -->
	<include>CurrentValue</include>
	<label>$INFO[Window.Property(Current.DewPoint)]</label>
	</control>
	<control type="label"><!-- Humidity -->
	<include>CurrentValue</include>
	<label>$INFO[Window.Property(Current.Humidity)]</label>
	</control>
	<control type="label"><!-- Vento -->
	<include>CurrentValue</include>
	<label>$INFO[Window.Property(Current.Wind)]</label>
	</control>
	<control type="label"><!-- Chuva -->
	<include>CurrentValue</include>
	<label>$INFO[Window.Property(Current.Precipitation)]</label>
	</control>
	<control type="label"><!-- Pressao  -->
	<include>CurrentValue</include>
	<label>$INFO[Window.Property(Current.Pressure)]</label>
	</control>
	<control type="label"><!-- Nascer do sol -->
	<include>CurrentValue</include>
	<label>$INFO[Window.Property(Today.Sunrise)]</label>
	</control>
	<control type="label"><!-- Por do sol -->
	<include>CurrentValue</include>
	<label>$INFO[Window.Property(Today.Sunset)]</label>
	</control>
	</control>
	<control type="label"><!-- Carregando -->
	<top>400</top>
	<include>LoadingLabel</include>
	<visible>[IsEmpty(Window.Property(Daily.IsFetched)) + !Skin.HasSetting(Weather.ShowCurrentHourly)] | [IsEmpty(Window.Property(Hourly.IsFetched)) + Skin.HasSetting(Weather.ShowCurrentHourly)]</visible>
	</control>
	<control type="grouplist"><!-- Grupo do dia 1 -->
	<left>0</left>
	<top>315</top>
	<width>990</width>
	<itemgap>18</itemgap>
	<orientation>horizontal</orientation>
	<visible>!IsEmpty(Window.Property(Daily.IsFetched))</visible>
	<control type="group">
	<width>120</width>
	<control type="image"><!-- Textura dia -->
	<include>CurrentDailyWeekdayBG</include>
	<visible>!StringCompare(Window.Property(Daily.2.LongDay),$LOCALIZE[17]) + !StringCompare(Window.Property(Daily.2.LongDay),$LOCALIZE[11])</visible>
	</control>
	<control type="image"><!-- Textura final de semana -->
	<include>CurrentDailyWeekendBG</include>
	<visible>StringCompare(Window.Property(Daily.2.LongDay),$LOCALIZE[17]) | StringCompare(Window.Property(Daily.2.LongDay),$LOCALIZE[11])</visible>
	</control>
	<control type="label"><!-- Nome do dia -->
	<include>CurrentDailyDay</include>
	<label>[B]$INFO[Window.Property(Daily.1.ShortDay)][/B]</label>
	</control>
	<control type="label"><!-- Data -->
	<include>CurrentDailyDate</include>
	<label>$INFO[Window.Property(Daily.1.ShortDate)]</label>
	</control>
	<control type="image"><!-- Icone -->
	<include>CurrentDailyIcon</include>
	<texture>$INFO[Window.Property(Daily.1.OutlookIcon)]</texture>
	</control>
	<control type="image">
	<include>CurrentArrowUp</include>
	</control>
	<control type="label"><!-- Temp alta -->
	<include>CurrentDailyHigh</include>
	<label>$INFO[Window.Property(Daily.1.HighTemperature)]</label>
	</control>
	<control type="image">
	<include>CurrentArrowDown</include>
	</control>
	<control type="label"><!-- Temp baixa -->
	<include>CurrentDailyLow</include>
	<label>$INFO[Window.Property(Daily.1.LowTemperature)]</label>
	</control>
	<control type="label"><!-- Chuva -->
	<include>CurrentDailyPrecipitation</include>
	<label>$INFO[Window.Property(Daily.1.Precipitation)]</label>
	</control>
	</control>
	<control type="group"><!-- Grupo do dia 2 -->
	<width>120</width>
	<control type="image"><!-- Textura dia -->
	<include>CurrentDailyWeekdayBG</include>
	<visible>!StringCompare(Window.Property(Daily.2.LongDay),$LOCALIZE[16]) + !StringCompare(Window.Property(Daily.2.LongDay),$LOCALIZE[17])</visible>
	</control>
	<control type="image"><!-- Textura final de semana -->
	<include>CurrentDailyWeekendBG</include>
	<visible>StringCompare(Window.Property(Daily.2.LongDay),$LOCALIZE[16]) | StringCompare(Window.Property(Daily.2.LongDay),$LOCALIZE[17])</visible>
	</control>
	<control type="label"><!-- Nome do dia -->
	<include>CurrentDailyDay</include>
	<label>[B]$INFO[Window.Property(Daily.2.ShortDay)][/B]</label>
	</control>
	<control type="label"><!-- Data -->
	<include>CurrentDailyDate</include>
	<label>$INFO[Window.Property(Daily.2.ShortDate)]</label>
	</control>
	<control type="image"><!-- Icone -->
	<include>CurrentDailyIcon</include>
	<texture>$INFO[Window.Property(Daily.2.OutlookIcon)]</texture>
	</control>
	<control type="image">
	<include>CurrentArrowUp</include>
	</control>
	<control type="label"><!-- Temp alta -->
	<include>CurrentDailyHigh</include>
	<label>$INFO[Window.Property(Daily.2.HighTemperature)]</label>
	</control>
	<control type="image">
	<include>CurrentArrowDown</include>
	</control>
	<control type="label"><!-- Temp baixa -->
	<include>CurrentDailyLow</include>
	<label>$INFO[Window.Property(Daily.2.LowTemperature)]</label>
	</control>
	<control type="label"><!-- Chuva -->
	<include>CurrentDailyPrecipitation</include>
	<label>$INFO[Window.Property(Daily.2.Precipitation)]</label>
	</control>
	</control>
	<control type="group"><!-- Grupo do dia 3 -->
	<width>120</width>
	<control type="image"><!-- Textura dia -->
	<include>CurrentDailyWeekdayBG</include>
	<visible>!StringCompare(Window.Property(Daily.3.LongDay),$LOCALIZE[16]) + !StringCompare(Window.Property(Daily.3.LongDay),$LOCALIZE[17])</visible>
	</control>
	<control type="image"><!-- Textura final de semana -->
	<include>CurrentDailyWeekendBG</include>
	<visible>StringCompare(Window.Property(Daily.3.LongDay),$LOCALIZE[16]) | StringCompare(Window.Property(Daily.3.LongDay),$LOCALIZE[17])</visible>
	</control>
	<control type="label"><!-- Nome do dia -->
	<include>CurrentDailyDay</include>
	<label>[B]$INFO[Window.Property(Daily.3.ShortDay)][/B]</label>
	</control>
	<control type="label"><!-- Data -->
	<include>CurrentDailyDate</include>
	<label>$INFO[Window.Property(Daily.3.ShortDate)]</label>
	</control>
	<control type="image"><!-- Icone -->
	<include>CurrentDailyIcon</include>
	<texture>$INFO[Window.Property(Daily.3.OutlookIcon)]</texture>
	</control>
	<control type="image">
	<include>CurrentArrowUp</include>
	</control>
	<control type="label"><!-- Temp alta -->
	<include>CurrentDailyHigh</include>
	<label>$INFO[Window.Property(Daily.3.HighTemperature)]</label>
	</control>
	<control type="image">
	<include>CurrentArrowDown</include>
	</control>
	<control type="label"><!-- Temp baixa -->
	<include>CurrentDailyLow</include>
	<label>$INFO[Window.Property(Daily.3.LowTemperature)]</label>
	</control>
	<control type="label"><!-- Chuva -->
	<include>CurrentDailyPrecipitation</include>
	<label>$INFO[Window.Property(Daily.3.Precipitation)]</label>
	</control>
	</control>
	<control type="group"><!-- Grupo do dia 4 -->
	<width>120</width>
	<control type="image"><!-- Textura dia -->
	<include>CurrentDailyWeekdayBG</include>
	<visible>!StringCompare(Window.Property(Daily.4.LongDay),$LOCALIZE[16]) + !StringCompare(Window.Property(Daily.4.LongDay),$LOCALIZE[17])</visible>
	</control>
	<control type="image"><!-- Textura final de semana -->
	<include>CurrentDailyWeekendBG</include>
	<visible>StringCompare(Window.Property(Daily.4.LongDay),$LOCALIZE[16]) | StringCompare(Window.Property(Daily.4.LongDay),$LOCALIZE[17])</visible>
	</control>
	<control type="label"><!-- Nome do dia -->
	<include>CurrentDailyDay</include>
	<label>[B]$INFO[Window.Property(Daily.4.ShortDay)][/B]</label>
	</control>
	<control type="label"><!-- Data -->
	<include>CurrentDailyDate</include>
	<label>$INFO[Window.Property(Daily.4.ShortDate)]</label>
	</control>
	<control type="image"><!-- Icone -->
	<include>CurrentDailyIcon</include>
	<texture>$INFO[Window.Property(Daily.4.OutlookIcon)]</texture>
	</control>
	<control type="image">
	<include>CurrentArrowUp</include>
	</control>
	<control type="label"><!-- Temp alta -->
	<include>CurrentDailyHigh</include>
	<label>$INFO[Window.Property(Daily.4.HighTemperature)]</label>
	</control>
	<control type="image">
	<include>CurrentArrowDown</include>
	</control>
	<control type="label"><!-- Temp baixa -->
	<include>CurrentDailyLow</include>
	<label>$INFO[Window.Property(Daily.4.LowTemperature)]</label>
	</control>
	<control type="label"><!-- Chuva -->
	<include>CurrentDailyPrecipitation</include>
	<label>$INFO[Window.Property(Daily.4.Precipitation)]</label>
	</control>
	</control>
	<control type="group"><!-- Grupo do dia 5 -->
	<width>120</width>
	<control type="image"><!-- Textura dia -->
	<include>CurrentDailyWeekdayBG</include>
	<visible>!StringCompare(Window.Property(Daily.5.LongDay),$LOCALIZE[16]) + !StringCompare(Window.Property(Daily.5.LongDay),$LOCALIZE[17])</visible>
	</control>
	<control type="image"><!-- Textura final de semana -->
	<include>CurrentDailyWeekendBG</include>
	<visible>StringCompare(Window.Property(Daily.5.LongDay),$LOCALIZE[16]) | StringCompare(Window.Property(Daily.5.LongDay),$LOCALIZE[17])</visible>
	</control>
	<control type="label"><!-- Nome do dia -->
	<include>CurrentDailyDay</include>
	<label>[B]$INFO[Window.Property(Daily.5.ShortDay)][/B]</label>
	</control>
	<control type="label"><!-- Data -->
	<include>CurrentDailyDate</include>
	<label>$INFO[Window.Property(Daily.5.ShortDate)]</label>
	</control>
	<control type="image"><!-- Icone -->
	<include>CurrentDailyIcon</include>
	<texture>$INFO[Window.Property(Daily.5.OutlookIcon)]</texture>
	</control>
	<control type="image">
	<include>CurrentArrowUp</include>
	</control>
	<control type="label"><!-- Temp alta -->
	<include>CurrentDailyHigh</include>
	<label>$INFO[Window.Property(Daily.5.HighTemperature)]</label>
	</control>
	<control type="image">
	<include>CurrentArrowDown</include>
	</control>
	<control type="label"><!-- Temp baixa -->
	<include>CurrentDailyLow</include>
	<label>$INFO[Window.Property(Daily.5.LowTemperature)]</label>
	</control>
	<control type="label"><!-- Chuva -->
	<include>CurrentDailyPrecipitation</include>
	<label>$INFO[Window.Property(Daily.5.Precipitation)]</label>
	</control>
	</control>
	<control type="group"><!-- Grupo do dia 6 -->
	<width>120</width>
	<control type="image"><!-- Textura dia -->
	<include>CurrentDailyWeekdayBG</include>
	<visible>!StringCompare(Window.Property(Daily.6.LongDay),$LOCALIZE[16]) + !StringCompare(Window.Property(Daily.6.LongDay),$LOCALIZE[17])</visible>
	</control>
	<control type="image"><!-- Textura final de semana -->
	<include>CurrentDailyWeekendBG</include>
	<visible>StringCompare(Window.Property(Daily.6.LongDay),$LOCALIZE[16]) | StringCompare(Window.Property(Daily.6.LongDay),$LOCALIZE[17])</visible>
	</control>
	<control type="label"><!-- Nome do dia -->
	<include>CurrentDailyDay</include>
	<label>[B]$INFO[Window.Property(Daily.6.ShortDay)][/B]</label>
	</control>
	<control type="label"><!-- Data -->
	<include>CurrentDailyDate</include>
	<label>$INFO[Window.Property(Daily.6.ShortDate)]</label>
	</control>
	<control type="image"><!-- Icone -->
	<include>CurrentDailyIcon</include>
	<texture>$INFO[Window.Property(Daily.6.OutlookIcon)]</texture>
	</control>
	<control type="image">
	<include>CurrentArrowUp</include>
	</control>
	<control type="label"><!-- Temp alta -->
	<include>CurrentDailyHigh</include>
	<label>$INFO[Window.Property(Daily.6.HighTemperature)]</label>
	</control>
	<control type="image">
	<include>CurrentArrowDown</include>
	</control>
	<control type="label"><!-- Temp baixa -->
	<include>CurrentDailyLow</include>
	<label>$INFO[Window.Property(Daily.6.LowTemperature)]</label>
	</control>
	<control type="label"><!-- Chuva -->
	<include>CurrentDailyPrecipitation</include>
	<label>$INFO[Window.Property(Daily.6.Precipitation)]</label>
	</control>
	</control>
	<control type="group"><!-- Grupo do dia 7 -->
	<width>120</width>
	<control type="image"><!-- Textura dia -->
	<include>CurrentDailyWeekdayBG</include>
	<visible>!StringCompare(Window.Property(Daily.7.LongDay),$LOCALIZE[16]) + !StringCompare(Window.Property(Daily.7.LongDay),$LOCALIZE[17])</visible>
	</control>
	<control type="image"><!-- Textura final de semana -->
	<include>CurrentDailyWeekendBG</include>
	<visible>StringCompare(Window.Property(Daily.7.LongDay),$LOCALIZE[16]) | StringCompare(Window.Property(Daily.7.LongDay),$LOCALIZE[17])</visible>
	</control>
	<control type="label"><!-- Nome do dia -->
	<include>CurrentDailyDay</include>
	<label>[B]$INFO[Window.Property(Daily.7.ShortDay)][/B]</label>
	</control>
	<control type="label"><!-- Data -->
	<include>CurrentDailyDate</include>
	<label>$INFO[Window.Property(Daily.7.ShortDate)]</label>
	</control>
	<control type="image"><!-- Icone -->
	<include>CurrentDailyIcon</include>
	<texture>$INFO[Window.Property(Daily.7.OutlookIcon)]</texture>
	</control>
	<control type="image">
	<include>CurrentArrowUp</include>
	</control>
	<control type="label"><!-- Temp alta -->
	<include>CurrentDailyHigh</include>
	<label>$INFO[Window.Property(Daily.7.HighTemperature)]</label>
	</control>
	<control type="image">
	<include>CurrentArrowDown</include>
	</control>
	<control type="label"><!-- Temp baixa -->
	<include>CurrentDailyLow</include>
	<label>$INFO[Window.Property(Daily.7.LowTemperature)]</label>
	</control>
	<control type="label"><!-- Chuva -->
	<include>CurrentDailyPrecipitation</include>
	<label>$INFO[Window.Property(Daily.7.Precipitation)]</label>
	</control>
	</control>
	</control>	
	</control>
	</include>
	
	<!-- #########################################################################  36 HORAS  #########################################################################-->
	<include name="36HourLabel">
	<left>0</left>
	<top>10</top>
	<width>250</width>
	<height>49</height>
	<align>center</align>
	<aligny>top</aligny>
	<font>Font_32</font>
	<textcolor>FFFFFAF0</textcolor>
	<scroll>true</scroll>
	<scrollout>false</scrollout>
	</include>
	<include name="36HourIcon">
	<left>0</left>
	<top>105</top>
	<width>250</width>
	<height>250</height>
	<align>center</align>
	<aligny>top</aligny>
	<aspectratio>keep</aspectratio>
	</include>
	<include name="36HourOutlook">
	<left>0</left>
	<top>70</top>
	<width>250</width>
	<height>250</height>
	<align>center</align>
	<aligny>top</aligny>	
	<font>Font_18</font>
	<textcolor>$VAR[value_headercolor]</textcolor>
	<wrapmultiline>true</wrapmultiline>
	</include>	
	<include name="36HourHighTemp">
	<left>30</left>
	<top>390</top>
	<width>130</width>
	<height>20</height>
	<align>center</align>
	<aligny>center</aligny>	
	<font>Font_24A</font>
	<textcolor>FFFF0000</textcolor>
	</include>
	<include name="36HourLowTemp">
	<left>100</left>
	<top>390</top>
	<width>130</width>
	<height>20</height>
	<align>center</align>
	<aligny>center</aligny>	
	<font>Font_24A</font>
	<textcolor>FF00AFFF</textcolor>	
	</include>
	<include name="36HourArrowUp">
	<left>53</left>
	<top>390</top>
	<width>20</width>
	<height>20</height>
	<texture>arrow.png</texture>
	<colordiffuse>FFB20000</colordiffuse>
	<aspectratio>keep</aspectratio>
	</include>
	<include name="36HourArrowDown">
	<left>122</left>
	<top>390</top>
	<width>20</width>
	<height>20</height>
	<texture flipy="true">arrow.png</texture>
	<colordiffuse>FF007399</colordiffuse>
	<aspectratio>keep</aspectratio>
	</include>
	<include name="36HourPrecipitationHeading">
	<control type="label">
	<left>0</left>
	<top>440</top>
	<width>250</width>	
	<height>20</height>
	<align>center</align>
	<aligny>center</aligny>	
	<font>Font_18</font>
	<label>$LOCALIZE[31862]</label>
	<scrollout>false</scrollout>
	</control>
	</include>
	<include name="36HourPrecipitation">
	<left>0</left>
	<top>470</top>
	<width>250</width>
	<height>20</height>
	<align>center</align>
	<aligny>center</aligny>	
	<font>Font_23</font>
	<textcolor>$VAR[value_headercolor]</textcolor>
	</include>
	<include name="36HourSeparator">
	<control type="image">
	<left>290</left>
	<top>70</top>
	<width>2</width>
	<height>500</height>
	<texture>line_v.png</texture>
	</control>
	</include>

	<include name="Weather.36Hour">
	<control type="group">
	<left>300</left>
	<top>60</top>
	<visible>StringCompare(Window.Property(Weather.CurrentView),36hour)</visible>
	<animation effect="fade" reversible="true" time="300">VisibleChange</animation>
	<control type="label"><!-- Carregando -->
	<include>LoadingLabel</include>
	<visible>IsEmpty(Window.Property(36Hour.IsFetched))</visible>
	</control>
	<control type="grouplist">
	<visible>!IsEmpty(Window.Property(36Hour.IsFetched))</visible>
	<left>0</left>
	<top>0</top>
	<width>920</width>
	<itemgap>0</itemgap>
	<orientation>horizontal</orientation>
	<control type="group">
	<width>330</width>
	<control type="label"><!-- Nome do dia -->
	<include>36HourLabel</include>
	<label>$INFO[Window.Property(36Hour.1.Heading)]</label>
	</control>
	<control type="image"><!-- Icone -->
	<include>36HourIcon</include>
	<info>Window.Property(36Hour.1.OutlookIcon)</info>
	</control>
	<control type="label"><!-- Previsao -->
	<include>36HourOutlook</include>
	<info>Window.Property(36Hour.1.Outlook)</info>
	</control>
	<control type="image">
	<include>36HourArrowUp</include>
	</control>
	<control type="label"><!-- Temp alta -->
	<include>36HourHighTemp</include>
	<info>Window.Property(36Hour.1.HighTemperature)</info>
	</control>
	<control type="image">
	<include>36HourArrowDown</include>
	</control>
	<control type="label"><!-- Temp baixa -->
	<include>36HourLowTemp</include>
	<info>Window.Property(36Hour.1.LowTemperature)</info>
	</control>
	<include>36HourPrecipitationHeading</include>
	<control type="label"><!-- Chuva -->
	<include>36HourPrecipitation</include>
	<info>Window.Property(36Hour.1.Precipitation)</info>
	</control>
	<include>36HourSeparator</include>
	</control>
	<control type="group">
	<width>330</width>
	<control type="label"><!-- Nome do dia -->
	<include>36HourLabel</include>
	<label>$INFO[Window.Property(36Hour.2.Heading)]</label>
	</control>
	<control type="image"><!-- Icone -->
	<include>36HourIcon</include>
	<info>Window.Property(36Hour.2.OutlookIcon)</info>
	</control>
	<control type="label"><!-- Previsao -->
	<include>36HourOutlook</include>
	<info>Window.Property(36Hour.2.Outlook)</info>
	</control>
	<control type="image">
	<include>36HourArrowUp</include>
	</control>
	<control type="label"><!-- Temp alta -->
	<include>36HourHighTemp</include>
	<info>Window.Property(36Hour.2.HighTemperature)</info>
	</control>
	<control type="image">
	<include>36HourArrowDown</include>
	</control>
	<control type="label"><!-- Temp baixa -->
	<include>36HourLowTemp</include>
	<info>Window.Property(36Hour.2.LowTemperature)</info>
	</control>
	<include>36HourPrecipitationHeading</include>
	<control type="label"><!-- Chuva -->
	<include>36HourPrecipitation</include>
	<info>Window.Property(36Hour.2.Precipitation)</info>
	</control>
	<include>36HourSeparator</include>
	</control>
	<control type="group">
	<width>330</width>
	<control type="label"><!-- Nome do dia -->
	<include>36HourLabel</include>
	<label>$INFO[Window.Property(36Hour.3.Heading)]</label>
	</control>
	<control type="image"><!-- Icone -->
	<include>36HourIcon</include>
	<info>Window.Property(36Hour.3.OutlookIcon)</info>
	</control>
	<control type="label"><!-- Previsao -->
	<include>36HourOutlook</include>
	<info>Window.Property(36Hour.3.Outlook)</info>
	</control>
	<control type="image">
	<include>36HourArrowUp</include>
	</control>
	<control type="label"><!-- Temp alta -->
	<include>36HourHighTemp</include>
	<info>Window.Property(36Hour.3.HighTemperature)</info>
	</control>
	<control type="image">
	<include>36HourArrowDown</include>
	</control>
	<control type="label"><!-- Temp baixa -->
	<include>36HourLowTemp</include>
	<info>Window.Property(36Hour.3.LowTemperature)</info>
	</control>
	<include>36HourPrecipitationHeading</include>
	<control type="label"><!-- Chuva -->
	<include>36HourPrecipitation</include>
	<info>Window.Property(36Hour.3.Precipitation)</info>
	</control>
	</control>
	</control>
	</control>
	</include>
	
	<!-- #########################################################################  FINAL DE SEMANA  #########################################################################-->
	<include name="WeekendLabel">
	<left>0</left>
	<top>10</top>
	<width>250</width>
	<height>49</height>
	<align>center</align>
	<aligny>top</aligny>
	<font>Font_32</font>
	<textcolor>FFFFFAF0</textcolor>
	<scroll>true</scroll>
	<scrollout>false</scrollout>
	</include>
	<include name="WeekendIcon">
	<left>0</left>
	<top>105</top>
	<width>250</width>
	<height>250</height>
	<align>center</align>
	<aligny>top</aligny>
	<aspectratio>keep</aspectratio>
	</include>
	<include name="WeekendOutlook">
	<left>0</left>
	<top>70</top>
	<width>250</width>
	<height>250</height>
	<align>center</align>
	<aligny>top</aligny>	
	<font>Font_18</font>
	<textcolor>$VAR[value_headercolor]</textcolor>
	<wrapmultiline>true</wrapmultiline>
	</include>	
	<include name="WeekendHighTemp">
	<left>30</left>
	<top>390</top>
	<width>130</width>
	<height>20</height>
	<align>center</align>
	<aligny>center</aligny>	
	<font>Font_24A</font>
	<textcolor>FFFF0000</textcolor>
	</include>
	<include name="WeekendLowTemp">
	<left>100</left>
	<top>390</top>
	<width>130</width>
	<height>20</height>
	<align>center</align>
	<aligny>center</aligny>	
	<font>Font_24A</font>
	<textcolor>FF00AFFF</textcolor>	
	</include>
	<include name="WeekendArrowUp">
	<left>53</left>
	<top>390</top>
	<width>20</width>
	<height>20</height>
	<texture>arrow.png</texture>
	<colordiffuse>FFB20000</colordiffuse>
	<aspectratio>keep</aspectratio>
	</include>
	<include name="WeekendArrowDown">
	<left>122</left>
	<top>390</top>
	<width>20</width>
	<height>20</height>
	<texture flipy="true">arrow.png</texture>
	<colordiffuse>FF007399</colordiffuse>
	<aspectratio>keep</aspectratio>
	</include>
	<include name="WeekendPrecipitationHeading">
	<control type="label">
	<left>0</left>
	<top>440</top>
	<width>250</width>	
	<height>20</height>
	<align>center</align>
	<aligny>center</aligny>	
	<font>Font_18</font>
	<label>$LOCALIZE[31862]</label>
	<scrollout>false</scrollout>
	</control>
	</include>
	<include name="WeekendPrecipitation">
	<left>0</left>
	<top>470</top>
	<width>250</width>
	<height>20</height>
	<align>center</align>
	<aligny>center</aligny>	
	<font>Font_23</font>
	<textcolor>$VAR[value_headercolor]</textcolor>
	</include>

	<include name="Weather.Weekend">
	<control type="group">
	<left>330</left>
	<top>60</top>
	<visible>StringCompare(Window.Property(Weather.CurrentView),weekend)</visible>
	<animation effect="fade" reversible="true" time="300">VisibleChange</animation>
	<control type="label"><!-- Carregando -->
	<include>LoadingLabel</include>
	<visible>IsEmpty(Window.Property(Weekend.IsFetched))</visible>
	</control>
	<control type="grouplist">
	<visible>!IsEmpty(Window.Property(Weekend.IsFetched))</visible>
	<left>50</left>
	<top>0</top>
	<width>920</width>
	<itemgap>0</itemgap>
	<orientation>horizontal</orientation>
	<control type="group"><!-- Sabado -->
	<width>500</width>
	<control type="label"><!-- Nome do dia -->
	<include>WeekendLabel</include>
	<label>$INFO[Window.Property(Weekend.1.LongDay)]</label>
	</control>
	<control type="image"><!-- Icone -->
	<include>WeekendIcon</include>
	<info>Window.Property(Weekend.1.OutlookIcon)</info>
	</control>
	<control type="label"><!-- Previsao -->
	<include>WeekendOutlook</include>
	<info>Window.Property(Weekend.1.Outlook)</info>
	</control>
	<control type="image">
	<include>WeekendArrowUp</include>
	</control>
	<control type="label"><!-- Temp alta -->
	<include>WeekendHighTemp</include>
	<info>Window.Property(Weekend.1.HighTemperature)</info>
	</control>
	<control type="image">
	<include>WeekendArrowDown</include>
	</control>
	<control type="label"><!-- Temp baixa -->
	<include>WeekendLowTemp</include>
	<info>Window.Property(Weekend.1.LowTemperature)</info>
	</control>
	<include>WeekendPrecipitationHeading</include>
	<control type="label"><!-- Chuva -->
	<include>WeekendPrecipitation</include>
	<info>Window.Property(Weekend.1.Precipitation)</info>
	</control>
	<control type="image">
	<left>370</left>
	<top>70</top>
	<width>2</width>
	<height>500</height>
	<texture>line_v.png</texture>
	</control>
	</control>
	<control type="group"><!-- Domigo -->
	<width>500</width>
	<control type="label"><!-- Nome do dia -->
	<include>WeekendLabel</include>
	<label>$INFO[Window.Property(Weekend.2.LongDay)]</label>
	</control>
	<control type="image"><!-- Icone -->
	<include>WeekendIcon</include>
	<info>Window.Property(Weekend.2.OutlookIcon)</info>
	</control>
	<control type="label"><!-- Previsao -->
	<include>WeekendOutlook</include>
	<info>Window.Property(Weekend.2.Outlook)</info>
	</control>
	<control type="image">
	<include>WeekendArrowUp</include>
	</control>
	<control type="label"><!-- Temp alta -->
	<include>WeekendHighTemp</include>
	<info>Window.Property(Weekend.2.HighTemperature)</info>
	</control>
	<control type="image">
	<include>WeekendArrowDown</include>
	</control>
	<control type="label"><!-- Temp baixa -->
	<include>WeekendLowTemp</include>
	<info>Window.Property(Weekend.2.LowTemperature)</info>
	</control>
	<include>WeekendPrecipitationHeading</include>
	<control type="label"><!-- Chuva -->
	<include>WeekendPrecipitation</include>
	<info>Window.Property(Weekend.2.Precipitation)</info>
	</control>
	</control>
	</control>
	</control>
	</include>
	
	<!-- ######################################################################### HORA EM HORA #########################################################################-->
	<include name="HourlyHeading">
	<top>10</top>
	<height>49</height>
	<align>center</align>
	<aligny>top</aligny>
	<font>Font_27</font>
	<textcolor>FFFFFAF0</textcolor>
	<scroll>true</scroll>
	<scrollout>false</scrollout>
	</include>
	<include name="HourlyTime">
	<left>0</left>
	<top>0</top>
	<width>110</width>
	<height>80</height>
	<align>center</align>
	<aligny>center</aligny>
	<font>Font_18</font>
	</include>
	<include name="HourlyTempFeelsLike">
	<left>370</left>
	<top>0</top>
	<width>90</width>
	<height>80</height>
	<align>center</align>
	<aligny>center</aligny>
	<font>Font_18</font>
	</include>
	<include name="HourlyListHumidity">
	<left>520</left>
	<top>0</top>
	<width>90</width>
	<height>80</height>
	<align>center</align>
	<aligny>center</aligny>
	<font>Font_18</font>
	</include>
	<include name="HourlyPrecipitation">
	<left>670</left>
	<top>0</top>
	<width>90</width>
	<height>80</height>
	<align>center</align>
	<aligny>center</aligny>
	<font>Font_18</font>
	<wrapmultiline>true</wrapmultiline>
	</include>
	<include name="HourlyListWind">
	<left>775</left>
	<top>0</top>
	<width>175</width>
	<height>80</height>
	<align>center</align>
	<aligny>center</aligny>
	<font>Font_18</font>
	<wrapmultiline>true</wrapmultiline>
	</include>
	<include name="HourlyOutlookIcon">
	<left>130</left>
	<top>0</top>
	<width>64</width>
	<height>80</height>
	<align>center</align>
	<aligny>center</aligny>
	<aspectratio>keep</aspectratio>
	</include>
	<include name="HourlyOutlook">
	<left>200</left>
	<top>0</top>
	<width>140</width>
	<height>80</height>
	<align>center</align>
	<aligny>center</aligny>
	<font>Font_18</font>
	<wrapmultiline>true</wrapmultiline>
	</include>
	<include name="HourlyVerticalSeparator">
	<top>70</top>
	<width>2</width>
	<height>500</height>
	<texture>line_v.png</texture>
	</include>
	<include name="HourlyHorizontalSeparator">
	<control type="image">
	<left>0</left>
	<top>0</top>
	<width>930</width>
	<height>2</height>
	<texture>line.png</texture>
	</control>
	</include>

	<include name="Weather.Hourly">
	<control type="group">
	<left>290</left>
	<top>60</top>
	<visible>StringCompare(Window.Property(Weather.CurrentView),hourly)</visible>
	<animation effect="fade" reversible="true" time="300">VisibleChange</animation>
	<control type="label">><!-- Carregando -->
	<include>LoadingLabel</include>
	<visible>IsEmpty(Window.Property(Hourly.IsFetched))</visible>
	</control>
	<control type="group">
	<visible>!IsEmpty(Window.Property(Hourly.IsFetched))</visible>
	<control type="group">
	<control type="label"><!-- Titulo Hora -->
	<left>25</left>
	<width>70</width>
	<include>HourlyHeading</include>
	<label>$LOCALIZE[31877]</label>
	</control>
	<control type="image">
	<left>110</left>
	<include>HourlyVerticalSeparator</include>
	</control>	
	<control type="label"><!-- Titulo Condicao -->
	<left>125</left>
	<width>200</width>
	<include>HourlyHeading</include>
	<label>$LOCALIZE[33020]</label>
	</control>
	<control type="image">
	<left>340</left>
	<include>HourlyVerticalSeparator</include>
	</control>
	<control type="label"><!-- Titulo Temperatura -->
	<left>350</left>
	<width>130</width>
	<include>HourlyHeading</include>
	<label>$LOCALIZE[401]</label>
	</control>
	<control type="image">
	<left>490</left>
	<include>HourlyVerticalSeparator</include>
	</control>
	<control type="label"><!-- Titulo Humidade -->
	<left>500</left>
	<width>130</width>
	<include>HourlyHeading</include>
	<label>$LOCALIZE[406]</label>
	</control>
	<control type="image">
	<left>640</left>
	<include>HourlyVerticalSeparator</include>
	</control>
	<control type="label"><!-- Titulo Chuva -->
	<left>650</left>
	<width>130</width>
	<include>HourlyHeading</include>
	<label>31862</label>
	</control>
	<control type="image">
	<left>790</left>
	<include>HourlyVerticalSeparator</include>
	</control>
	<control type="label"><!-- Titulo Vento -->
	<left>800</left>
	<width>130</width>
	<include>HourlyHeading</include>
	<label>$LOCALIZE[404]</label>
	</control>
	</control>
	<control type="grouplist" id="600">
	<left>0</left>
	<top>70</top>
	<width>990</width>
	<height>495</height>
	<itemgap>0</itemgap>
	<orientation>vertical</orientation>
	<onleft>50</onleft>
	<onright>6000</onright>
	<onup>600</onup>
	<ondown>600</ondown>
	<pagecontrol>6000</pagecontrol>
	<scrolltime>200</scrolltime>
	<control type="group"><!-- Hora 1 -->
	<visible>!IsEmpty(Window.Property(Hourly.1.Time))</visible>
	<height>82</height>
	<control type="label"><!-- Hora e data -->
	<include>HourlyTime</include>
	<label>[B]$INFO[Window.Property(Hourly.1.Time)][/B][CR][COLOR=$VAR[value_headercolor]]$INFO[Window.Property(Hourly.1.ShortDate)][/COLOR]</label>
	</control>
	<control type="image"><!-- Icone -->
	<include>HourlyOutlookIcon</include>
	<info>Window.Property(Hourly.1.OutlookIcon)</info>
	</control>
	<control type="label"><!-- Condicao -->
	<include>HourlyOutlook</include>
	<label>$INFO[Window.Property(Hourly.1.Outlook)]$INFO[Window.Property(Hourly.1.Sunrise),[CR][COLOR=$VAR[value_headercolor]]$LOCALIZE[33027]: ,[/COLOR]]$INFO[Window.Property(Hourly.1.Sunset),[CR][COLOR=$VAR[value_headercolor]]$LOCALIZE[33028]: ,[/COLOR]]</label>
	</control>
	<control type="label"><!-- Temperatura -->
	<include>HourlyTempFeelsLike</include>
	<label>[B]$INFO[Window.Property(Hourly.1.Temperature)][/B]</label>
	</control>
	<control type="label"><!-- Humidade -->
	<include>HourlyListHumidity</include>
	<label>$INFO[Window.Property(Hourly.1.Humidity)]</label>
	</control>
	<control type="label"><!-- Chuva -->
	<include>HourlyPrecipitation</include>
	<label>$INFO[Window.Property(Hourly.1.Precipitation)]</label>
	</control>
	<control type="label"><!-- Vento -->
	<include>HourlyListWind</include>
	<label>$INFO[Window.Property(Hourly.1.WindDirection)][CR]$INFO[Window.Property(Hourly.1.WindSpeed)]</label>
	</control>
	</control>
	<include>HourlyHorizontalSeparator</include>
	<control type="group"><!-- Hora 2 -->
	<visible>!IsEmpty(Window.Property(Hourly.2.Time))</visible>
	<height>82</height>
	<control type="label"><!-- Hora e data -->
	<include>HourlyTime</include>
	<label>[B]$INFO[Window.Property(Hourly.2.Time)][/B][CR][COLOR=$VAR[value_headercolor]]$INFO[Window.Property(Hourly.2.ShortDate)][/COLOR]</label>
	</control>
	<control type="image"><!-- Icone -->
	<include>HourlyOutlookIcon</include>
	<info>Window.Property(Hourly.2.OutlookIcon)</info>
	</control>
	<control type="label"><!-- Condicao -->
	<include>HourlyOutlook</include>
	<label>$INFO[Window.Property(Hourly.2.Outlook)]$INFO[Window.Property(Hourly.2.Sunrise),[CR][COLOR=$VAR[value_headercolor]]$LOCALIZE[33027]: ,[/COLOR]]$INFO[Window.Property(Hourly.2.Sunset),[CR][COLOR=$VAR[value_headercolor]]$LOCALIZE[33028]: ,[/COLOR]]</label>
	</control>
	<control type="label"><!-- Temperatura -->
	<include>HourlyTempFeelsLike</include>
	<label>[B]$INFO[Window.Property(Hourly.2.Temperature)][/B]</label>
	</control>
	<control type="label"><!-- Humidade -->
	<include>HourlyListHumidity</include>
	<label>$INFO[Window.Property(Hourly.2.Humidity)]</label>
	</control>
	<control type="label"><!-- Chuva -->
	<include>HourlyPrecipitation</include>
	<label>$INFO[Window.Property(Hourly.2.Precipitation)]</label>
	</control>
	<control type="label"><!-- Vento -->
	<include>HourlyListWind</include>
	<label>$INFO[Window.Property(Hourly.2.WindDirection)][CR]$INFO[Window.Property(Hourly.2.WindSpeed)]</label>
	</control>
	</control>
	<include>HourlyHorizontalSeparator</include>
	<control type="group"><!-- Hora 3 -->
	<visible>!IsEmpty(Window.Property(Hourly.3.Time))</visible>
	<height>82</height>
	<control type="label"><!-- Hora e data -->
	<include>HourlyTime</include>
	<label>[B]$INFO[Window.Property(Hourly.3.Time)][/B][CR][COLOR=$VAR[value_headercolor]]$INFO[Window.Property(Hourly.3.ShortDate)][/COLOR]</label>
	</control>
	<control type="image"><!-- Icone -->
	<include>HourlyOutlookIcon</include>
	<info>Window.Property(Hourly.3.OutlookIcon)</info>
	</control>
	<control type="label"><!-- Condicao -->
	<include>HourlyOutlook</include>
	<label>$INFO[Window.Property(Hourly.3.Outlook)]$INFO[Window.Property(Hourly.3.Sunrise),[CR][COLOR=$VAR[value_headercolor]]$LOCALIZE[33027]: ,[/COLOR]]$INFO[Window.Property(Hourly.3.Sunset),[CR][COLOR=$VAR[value_headercolor]]$LOCALIZE[33028]: ,[/COLOR]]</label>
	</control>
	<control type="label"><!-- Temperatura -->
	<include>HourlyTempFeelsLike</include>
	<label>[B]$INFO[Window.Property(Hourly.3.Temperature)][/B]</label>
	</control>
	<control type="label"><!-- Humidade -->
	<include>HourlyListHumidity</include>
	<label>$INFO[Window.Property(Hourly.3.Humidity)]</label>
	</control>
	<control type="label"><!-- Chuva -->
	<include>HourlyPrecipitation</include>
	<label>$INFO[Window.Property(Hourly.3.Precipitation)]</label>
	</control>
	<control type="label"><!-- Vento -->
	<include>HourlyListWind</include>
	<label>$INFO[Window.Property(Hourly.3.WindDirection)][CR]$INFO[Window.Property(Hourly.3.WindSpeed)]</label>
	</control>
	</control>
	<include>HourlyHorizontalSeparator</include>
	<control type="group"><!-- Hora 4 -->
	<visible>!IsEmpty(Window.Property(Hourly.4.Time))</visible>
	<height>82</height>
	<control type="label"><!-- Hora e data -->
	<include>HourlyTime</include>
	<label>[B]$INFO[Window.Property(Hourly.4.Time)][/B][CR][COLOR=$VAR[value_headercolor]]$INFO[Window.Property(Hourly.4.ShortDate)][/COLOR]</label>
	</control>
	<control type="image"><!-- Icone -->
	<include>HourlyOutlookIcon</include>
	<info>Window.Property(Hourly.4.OutlookIcon)</info>
	</control>
	<control type="label"><!-- Condicao -->
	<include>HourlyOutlook</include>
	<label>$INFO[Window.Property(Hourly.4.Outlook)]$INFO[Window.Property(Hourly.4.Sunrise),[CR][COLOR=$VAR[value_headercolor]]$LOCALIZE[33027]: ,[/COLOR]]$INFO[Window.Property(Hourly.4.Sunset),[CR][COLOR=$VAR[value_headercolor]]$LOCALIZE[33028]: ,[/COLOR]]</label>
	</control>
	<control type="label"><!-- Temperatura -->
	<include>HourlyTempFeelsLike</include>
	<label>[B]$INFO[Window.Property(Hourly.4.Temperature)][/B]</label>
	</control>
	<control type="label"><!-- Humidade -->
	<include>HourlyListHumidity</include>
	<label>$INFO[Window.Property(Hourly.4.Humidity)]</label>
	</control>
	<control type="label"><!-- Chuva -->
	<include>HourlyPrecipitation</include>
	<label>$INFO[Window.Property(Hourly.4.Precipitation)]</label>
	</control>
	<control type="label"><!-- Vento -->
	<include>HourlyListWind</include>
	<label>$INFO[Window.Property(Hourly.4.WindDirection)][CR]$INFO[Window.Property(Hourly.4.WindSpeed)]</label>
	</control>
	</control>
	<include>HourlyHorizontalSeparator</include>
	<control type="group"><!-- Hora 5 -->
	<visible>!IsEmpty(Window.Property(Hourly.5.Time))</visible>
	<height>82</height>
	<control type="label"><!-- Hora e data -->
	<include>HourlyTime</include>
	<label>[B]$INFO[Window.Property(Hourly.5.Time)][/B][CR][COLOR=$VAR[value_headercolor]]$INFO[Window.Property(Hourly.5.ShortDate)][/COLOR]</label>
	</control>
	<control type="image"><!-- Icone -->
	<include>HourlyOutlookIcon</include>
	<info>Window.Property(Hourly.5.OutlookIcon)</info>
	</control>
	<control type="label"><!-- Condicao -->
	<include>HourlyOutlook</include>
	<label>$INFO[Window.Property(Hourly.5.Outlook)]$INFO[Window.Property(Hourly.5.Sunrise),[CR][COLOR=$VAR[value_headercolor]]$LOCALIZE[33027]: ,[/COLOR]]$INFO[Window.Property(Hourly.5.Sunset),[CR][COLOR=$VAR[value_headercolor]]$LOCALIZE[33028]: ,[/COLOR]]</label>
	</control>
	<control type="label"><!-- Temperatura -->
	<include>HourlyTempFeelsLike</include>
	<label>[B]$INFO[Window.Property(Hourly.5.Temperature)][/B]</label>
	</control>
	<control type="label"><!-- Humidade -->
	<include>HourlyListHumidity</include>
	<label>$INFO[Window.Property(Hourly.5.Humidity)]</label>
	</control>
	<control type="label"><!-- Chuva -->
	<include>HourlyPrecipitation</include>
	<label>$INFO[Window.Property(Hourly.5.Precipitation)]</label>
	</control>
	<control type="label"><!-- Vento -->
	<include>HourlyListWind</include>
	<label>$INFO[Window.Property(Hourly.5.WindDirection)][CR]$INFO[Window.Property(Hourly.5.WindSpeed)]</label>
	</control>
	</control>
	<include>HourlyHorizontalSeparator</include>
	<control type="group"><!-- Hora 6 -->
	<visible>!IsEmpty(Window.Property(Hourly.6.Time))</visible>
	<height>82</height>
	<control type="label"><!-- Hora e data -->
	<include>HourlyTime</include>
	<label>[B]$INFO[Window.Property(Hourly.6.Time)][/B][CR][COLOR=$VAR[value_headercolor]]$INFO[Window.Property(Hourly.6.ShortDate)][/COLOR]</label>
	</control>
	<control type="image"><!-- Icone -->
	<include>HourlyOutlookIcon</include>
	<info>Window.Property(Hourly.6.OutlookIcon)</info>
	</control>
	<control type="label"><!-- Condicao -->
	<include>HourlyOutlook</include>
	<label>$INFO[Window.Property(Hourly.6.Outlook)]$INFO[Window.Property(Hourly.6.Sunrise),[CR][COLOR=$VAR[value_headercolor]]$LOCALIZE[33027]: ,[/COLOR]]$INFO[Window.Property(Hourly.6.Sunset),[CR][COLOR=$VAR[value_headercolor]]$LOCALIZE[33028]: ,[/COLOR]]</label>
	</control>
	<control type="label"><!-- Temperatura -->
	<include>HourlyTempFeelsLike</include>
	<label>[B]$INFO[Window.Property(Hourly.6.Temperature)][/B]</label>
	</control>
	<control type="label"><!-- Humidade -->
	<include>HourlyListHumidity</include>
	<label>$INFO[Window.Property(Hourly.6.Humidity)]</label>
	</control>
	<control type="label"><!-- Chuva -->
	<include>HourlyPrecipitation</include>
	<label>$INFO[Window.Property(Hourly.6.Precipitation)]</label>
	</control>
	<control type="label"><!-- Vento -->
	<include>HourlyListWind</include>
	<label>$INFO[Window.Property(Hourly.6.WindDirection)][CR]$INFO[Window.Property(Hourly.6.WindSpeed)]</label>
	</control>
	</control>
	<include>HourlyHorizontalSeparator</include>
	<control type="group"><!-- Hora 7 -->
	<visible>!IsEmpty(Window.Property(Hourly.7.Time))</visible>
	<height>82</height>
	<control type="label"><!-- Hora e data -->
	<include>HourlyTime</include>
	<label>[B]$INFO[Window.Property(Hourly.7.Time)][/B][CR][COLOR=$VAR[value_headercolor]]$INFO[Window.Property(Hourly.7.ShortDate)][/COLOR]</label>
	</control>
	<control type="image"><!-- Icone -->
	<include>HourlyOutlookIcon</include>
	<info>Window.Property(Hourly.7.OutlookIcon)</info>
	</control>
	<control type="label"><!-- Condicao -->
	<include>HourlyOutlook</include>
	<label>$INFO[Window.Property(Hourly.7.Outlook)]$INFO[Window.Property(Hourly.7.Sunrise),[CR][COLOR=$VAR[value_headercolor]]$LOCALIZE[33027]: ,[/COLOR]]$INFO[Window.Property(Hourly.7.Sunset),[CR][COLOR=$VAR[value_headercolor]]$LOCALIZE[33028]: ,[/COLOR]]</label>
	</control>
	<control type="label"><!-- Temperatura -->
	<include>HourlyTempFeelsLike</include>
	<label>[B]$INFO[Window.Property(Hourly.7.Temperature)][/B]</label>
	</control>
	<control type="label"><!-- Humidade -->
	<include>HourlyListHumidity</include>
	<label>$INFO[Window.Property(Hourly.7.Humidity)]</label>
	</control>
	<control type="label"><!-- Chuva -->
	<include>HourlyPrecipitation</include>
	<label>$INFO[Window.Property(Hourly.7.Precipitation)]</label>
	</control>
	<control type="label"><!-- Vento -->
	<include>HourlyListWind</include>
	<label>$INFO[Window.Property(Hourly.7.WindDirection)][CR]$INFO[Window.Property(Hourly.7.WindSpeed)]</label>
	</control>
	</control>
	<include>HourlyHorizontalSeparator</include>
	<control type="group"><!-- Hora 8 -->
	<visible>!IsEmpty(Window.Property(Hourly.8.Time))</visible>
	<height>82</height>
	<control type="label"><!-- Hora e data -->
	<include>HourlyTime</include>
	<label>[B]$INFO[Window.Property(Hourly.8.Time)][/B][CR][COLOR=$VAR[value_headercolor]]$INFO[Window.Property(Hourly.8.ShortDate)][/COLOR]</label>
	</control>
	<control type="image"><!-- Icone -->
	<include>HourlyOutlookIcon</include>
	<info>Window.Property(Hourly.8.OutlookIcon)</info>
	</control>
	<control type="label"><!-- Condicao -->
	<include>HourlyOutlook</include>
	<label>$INFO[Window.Property(Hourly.8.Outlook)]$INFO[Window.Property(Hourly.8.Sunrise),[CR][COLOR=$VAR[value_headercolor]]$LOCALIZE[33027]: ,[/COLOR]]$INFO[Window.Property(Hourly.8.Sunset),[CR][COLOR=$VAR[value_headercolor]]$LOCALIZE[33028]: ,[/COLOR]]</label>
	</control>
	<control type="label"><!-- Temperatura -->
	<include>HourlyTempFeelsLike</include>
	<label>[B]$INFO[Window.Property(Hourly.8.Temperature)][/B]</label>
	</control>
	<control type="label"><!-- Humidade -->
	<include>HourlyListHumidity</include>
	<label>$INFO[Window.Property(Hourly.8.Humidity)]</label>
	</control>
	<control type="label"><!-- Chuva -->
	<include>HourlyPrecipitation</include>
	<label>$INFO[Window.Property(Hourly.8.Precipitation)]</label>
	</control>
	<control type="label"><!-- Vento -->
	<include>HourlyListWind</include>
	<label>$INFO[Window.Property(Hourly.8.WindDirection)][CR]$INFO[Window.Property(Hourly.8.WindSpeed)]</label>
	</control>
	</control>
	<include>HourlyHorizontalSeparator</include>
	<control type="group"><!-- Hora 9 -->
	<visible>!IsEmpty(Window.Property(Hourly.9.Time))</visible>
	<height>82</height>
	<control type="label"><!-- Hora e data -->
	<include>HourlyTime</include>
	<label>[B]$INFO[Window.Property(Hourly.9.Time)][/B][CR][COLOR=$VAR[value_headercolor]]$INFO[Window.Property(Hourly.9.ShortDate)][/COLOR]</label>
	</control>
	<control type="image"><!-- Icone -->
	<include>HourlyOutlookIcon</include>
	<info>Window.Property(Hourly.9.OutlookIcon)</info>
	</control>
	<control type="label"><!-- Condicao -->
	<include>HourlyOutlook</include>
	<label>$INFO[Window.Property(Hourly.9.Outlook)]$INFO[Window.Property(Hourly.9.Sunrise),[CR][COLOR=$VAR[value_headercolor]]$LOCALIZE[33027]: ,[/COLOR]]$INFO[Window.Property(Hourly.9.Sunset),[CR][COLOR=$VAR[value_headercolor]]$LOCALIZE[33028]: ,[/COLOR]]</label>
	</control>
	<control type="label"><!-- Temperatura -->
	<include>HourlyTempFeelsLike</include>
	<label>[B]$INFO[Window.Property(Hourly.9.Temperature)][/B]</label>
	</control>
	<control type="label"><!-- Humidade -->
	<include>HourlyListHumidity</include>
	<label>$INFO[Window.Property(Hourly.9.Humidity)]</label>
	</control>
	<control type="label"><!-- Chuva -->
	<include>HourlyPrecipitation</include>
	<label>$INFO[Window.Property(Hourly.9.Precipitation)]</label>
	</control>
	<control type="label"><!-- Vento -->
	<include>HourlyListWind</include>
	<label>$INFO[Window.Property(Hourly.9.WindDirection)][CR]$INFO[Window.Property(Hourly.9.WindSpeed)]</label>
	</control>
	</control>
	<include>HourlyHorizontalSeparator</include>
	<control type="group"><!-- Hora 10 -->
	<visible>!IsEmpty(Window.Property(Hourly.10.Time))</visible>
	<height>82</height>
	<control type="label"><!-- Hora e data -->
	<include>HourlyTime</include>
	<label>[B]$INFO[Window.Property(Hourly.10.Time)][/B][CR][COLOR=$VAR[value_headercolor]]$INFO[Window.Property(Hourly.10.ShortDate)][/COLOR]</label>
	</control>
	<control type="image"><!-- Icone -->
	<include>HourlyOutlookIcon</include>
	<info>Window.Property(Hourly.10.OutlookIcon)</info>
	</control>
	<control type="label"><!-- Condicao -->
	<include>HourlyOutlook</include>
	<label>$INFO[Window.Property(Hourly.10.Outlook)]$INFO[Window.Property(Hourly.10.Sunrise),[CR][COLOR=$VAR[value_headercolor]]$LOCALIZE[33027]: ,[/COLOR]]$INFO[Window.Property(Hourly.10.Sunset),[CR][COLOR=$VAR[value_headercolor]]$LOCALIZE[33028]: ,[/COLOR]]</label>
	</control>
	<control type="label"><!-- Temperatura -->
	<include>HourlyTempFeelsLike</include>
	<label>[B]$INFO[Window.Property(Hourly.10.Temperature)][/B]</label>
	</control>
	<control type="label"><!-- Humidade -->
	<include>HourlyListHumidity</include>
	<label>$INFO[Window.Property(Hourly.10.Humidity)]</label>
	</control>
	<control type="label"><!-- Chuva -->
	<include>HourlyPrecipitation</include>
	<label>$INFO[Window.Property(Hourly.10.Precipitation)]</label>
	</control>
	<control type="label"><!-- Vento -->
	<include>HourlyListWind</include>
	<label>$INFO[Window.Property(Hourly.10.WindDirection)][CR]$INFO[Window.Property(Hourly.10.WindSpeed)]</label>
	</control>
	</control>
	<include>HourlyHorizontalSeparator</include>
	<control type="group"><!-- Hora 11 -->
	<visible>!IsEmpty(Window.Property(Hourly.11.Time))</visible>
	<height>82</height>
	<control type="label"><!-- Hora e data -->
	<include>HourlyTime</include>
	<label>[B]$INFO[Window.Property(Hourly.11.Time)][/B][CR][COLOR=$VAR[value_headercolor]]$INFO[Window.Property(Hourly.11.ShortDate)][/COLOR]</label>
	</control>
	<control type="image"><!-- Icone -->
	<include>HourlyOutlookIcon</include>
	<info>Window.Property(Hourly.11.OutlookIcon)</info>
	</control>
	<control type="label"><!-- Condicao -->
	<include>HourlyOutlook</include>
	<label>$INFO[Window.Property(Hourly.11.Outlook)]$INFO[Window.Property(Hourly.11.Sunrise),[CR][COLOR=$VAR[value_headercolor]]$LOCALIZE[33027]: ,[/COLOR]]$INFO[Window.Property(Hourly.11.Sunset),[CR][COLOR=$VAR[value_headercolor]]$LOCALIZE[33028]: ,[/COLOR]]</label>
	</control>
	<control type="label"><!-- Temperatura -->
	<include>HourlyTempFeelsLike</include>
	<label>[B]$INFO[Window.Property(Hourly.11.Temperature)][/B]</label>
	</control>
	<control type="label"><!-- Humidade -->
	<include>HourlyListHumidity</include>
	<label>$INFO[Window.Property(Hourly.11.Humidity)]</label>
	</control>
	<control type="label"><!-- Chuva -->
	<include>HourlyPrecipitation</include>
	<label>$INFO[Window.Property(Hourly.11.Precipitation)]</label>
	</control>
	<control type="label"><!-- Vento -->
	<include>HourlyListWind</include>
	<label>$INFO[Window.Property(Hourly.11.WindDirection)][CR]$INFO[Window.Property(Hourly.11.WindSpeed)]</label>
	</control>
	</control>
	<include>HourlyHorizontalSeparator</include>
	<control type="group"><!-- Hora 12 -->
	<visible>!IsEmpty(Window.Property(Hourly.12.Time))</visible>
	<height>82</height>
	<control type="label"><!-- Hora e data -->
	<include>HourlyTime</include>
	<label>[B]$INFO[Window.Property(Hourly.12.Time)][/B][CR][COLOR=$VAR[value_headercolor]]$INFO[Window.Property(Hourly.12.ShortDate)][/COLOR]</label>
	</control>
	<control type="image"><!-- Icone -->
	<include>HourlyOutlookIcon</include>
	<info>Window.Property(Hourly.12.OutlookIcon)</info>
	</control>
	<control type="label"><!-- Condicao -->
	<include>HourlyOutlook</include>
	<label>$INFO[Window.Property(Hourly.12.Outlook)]$INFO[Window.Property(Hourly.12.Sunrise),[CR][COLOR=$VAR[value_headercolor]]$LOCALIZE[33027]: ,[/COLOR]]$INFO[Window.Property(Hourly.12.Sunset),[CR][COLOR=$VAR[value_headercolor]]$LOCALIZE[33028]: ,[/COLOR]]</label>
	</control>
	<control type="label"><!-- Temperatura -->
	<include>HourlyTempFeelsLike</include>
	<label>[B]$INFO[Window.Property(Hourly.12.Temperature)][/B]</label>
	</control>
	<control type="label"><!-- Humidade -->
	<include>HourlyListHumidity</include>
	<label>$INFO[Window.Property(Hourly.12.Humidity)]</label>
	</control>
	<control type="label"><!-- Chuva -->
	<include>HourlyPrecipitation</include>
	<label>$INFO[Window.Property(Hourly.12.Precipitation)]</label>
	</control>
	<control type="label"><!-- Vento -->
	<include>HourlyListWind</include>
	<label>$INFO[Window.Property(Hourly.12.WindDirection)][CR]$INFO[Window.Property(Hourly.12.WindSpeed)]</label>
	</control>
	</control>
	</control>
	<control type="scrollbar" id="6000">
	<left>940</left>
	<top>70</top>
	<height>502</height>
	<include>WeatherScrollbar</include>
	<onleft>SetFocus(51)</onleft>
	<onright>SetFocus(51)</onright>
	</control>
	</control>
	</control>
	</include>
	
	<!-- ######################################################################### 16 DIAS #########################################################################-->
	<include name="DailyHeading">
	<top>10</top>
	<height>49</height>
	<align>center</align>
	<aligny>top</aligny>
	<font>Font_27</font>
	<textcolor>FFFFFAF0</textcolor>
	<scroll>true</scroll>
	<scrollout>false</scrollout>
	</include>
	<include name="DailyListDay">
	<left>0</left>
	<top>0</top>
	<width>110</width>
	<height>80</height>
	<align>center</align>
	<aligny>center</aligny>
	<font>Font_18</font>
	</include>
	<include name="DailyListHighTemp">
	<left>370</left>
	<top>0</top>
	<width>90</width>
	<height>80</height>
	<align>center</align>
	<aligny>center</aligny>
	<font>Font_18</font>
	</include>
	<include name="DailyListLowTemp">
	<left>520</left>
	<top>0</top>
	<width>90</width>
	<height>80</height>
	<align>center</align>
	<aligny>center</aligny>
	<font>Font_18</font>
	</include>
	<include name="DailyListPrecipitation">
	<left>670</left>
	<top>0</top>
	<width>90</width>
	<height>80</height>
	<align>center</align>
	<aligny>center</aligny>
	<font>Font_18</font>
	<wrapmultiline>true</wrapmultiline>
	</include>
	<include name="DailyListWind">
	<left>775</left>
	<top>0</top>
	<width>175</width>
	<height>80</height>
	<align>center</align>
	<aligny>center</aligny>
	<font>Font_18</font>
	<wrapmultiline>true</wrapmultiline>
	</include>
	<include name="DailyListOutlookIcon">
	<left>130</left>
	<top>0</top>
	<width>64</width>
	<height>80</height>
	<align>center</align>
	<aligny>center</aligny>
	<aspectratio>keep</aspectratio>
	</include>
	<include name="DailyListOutlook">
	<left>200</left>
	<top>0</top>
	<width>140</width>
	<height>80</height>
	<align>center</align>
	<aligny>center</aligny>
	<font>Font_18</font>
	<wrapmultiline>true</wrapmultiline>
	</include>
	<include name="DailyVerticalSeparator">
	<top>70</top>
	<width>2</width>
	<height>500</height>
	<texture>line_v.png</texture>
	</include>
	<include name="DailyHorizontalSeparator">
	<control type="image">
	<left>0</left>
	<top>0</top>
	<width>930</width>
	<height>2</height>
	<texture>line.png</texture>
	</control>
	</include>

	<include name="Weather.Daily">
	<control type="group">
	<left>290</left>
	<top>60</top>
	<visible>StringCompare(Window.Property(Weather.CurrentView),16days)</visible>
	<animation effect="fade" reversible="true" time="300">VisibleChange</animation>
	<control type="label"><!-- Carregando -->
	<include>LoadingLabel</include>
	<visible>IsEmpty(Window.Property(Daily.IsFetched))</visible>
	</control>
	<control type="group">
	<visible>!IsEmpty(Window.Property(Daily.IsFetched))</visible>
	<control type="group">
	<control type="label"><!-- Titulo Hora -->
	<left>25</left>
	<width>70</width>
	<include>DailyHeading</include>
	<label>$LOCALIZE[552]</label>
	</control>
	<control type="image">
	<left>110</left>
	<include>DailyVerticalSeparator</include>
	</control>	
	<control type="label"><!-- Titulo Condicao -->
	<left>125</left>
	<width>200</width>
	<include>DailyHeading</include>
	<label>$LOCALIZE[33020]</label>
	</control>
	<control type="image">
	<left>340</left>
	<include>DailyVerticalSeparator</include>
	</control>
	<control type="label"><!-- Maxima -->
	<left>350</left>
	<width>130</width>
	<include>DailyHeading</include>
	<label>$LOCALIZE[393]</label>
	</control>
	<control type="image">
	<left>490</left>
	<include>DailyVerticalSeparator</include>
	</control>
	<control type="label"><!-- Minima -->
	<left>500</left>
	<width>130</width>
	<include>DailyHeading</include>
	<label>$LOCALIZE[391]</label>
	</control>
	<control type="image">
	<left>640</left>
	<include>DailyVerticalSeparator</include>
	</control>
	<control type="label"><!-- Titulo Chuva -->
	<left>650</left>
	<width>130</width>
	<include>DailyHeading</include>
	<label>31862</label>
	</control>
	<control type="image">
	<left>790</left>
	<include>DailyVerticalSeparator</include>
	</control>
	<control type="label"><!-- Titulo Vento -->
	<left>800</left>
	<width>130</width>
	<include>DailyHeading</include>
	<label>$LOCALIZE[404]</label>
	</control>
	</control>
	<control type="grouplist" id="700">
	<left>0</left>
	<top>70</top>
	<width>990</width>
	<height>495</height>
	<itemgap>0</itemgap>
	<orientation>vertical</orientation>
	<onleft>9900</onleft>
	<onright>70000</onright>
	<onup>700</onup>
	<ondown>700</ondown>
	<pagecontrol>70000</pagecontrol>
	<scrolltime>200</scrolltime>
	<control type="group"><!-- Grupo do dia 1 -->
	<visible>!IsEmpty(Window.Property(Daily.1.ShortDay))</visible>
	<height>82</height>
	<control type="label"><!-- Nome do dia e data -->
	<include>DailyListDay</include>
	<label>[B]$INFO[Window.Property(Daily.1.ShortDay)][/B][CR][COLOR=$VAR[value_headercolor]]$INFO[Window.Property(Daily.1.ShortDate)][/COLOR]</label>
	</control>
	<control type="image"><!-- Icone -->
	<include>DailyListOutlookIcon</include>
	<info>Window.Property(Daily.1.OutlookIcon)</info>
	</control>
	<control type="label"><!-- Previsao -->
	<include>DailyListOutlook</include>
	<label>$INFO[Window.Property(Daily.1.Outlook)]</label>
	</control>
	<control type="label"><!-- Temp alta -->
	<include>DailyListHighTemp</include>
	<label>[B]$INFO[Window.Property(Daily.1.HighTemperature)][/B]</label>
	</control>
	<control type="label"><!-- Temp baixa -->
	<include>DailyListLowTemp</include>
	<label>$INFO[Window.Property(Daily.1.LowTemperature)]</label>
	</control>
	<control type="label"><!-- Chuva -->
	<include>DailyListPrecipitation</include>
	<label>$INFO[Window.Property(Daily.1.Precipitation)]</label>
	</control>
	<control type="label"><!-- Vento -->
	<include>DailyListWind</include>
	<label>$INFO[Window.Property(Daily.1.WindDirection)][CR]$INFO[Window.Property(Daily.1.WindSpeed)]</label>
	</control>
	</control>
	<include>DailyHorizontalSeparator</include>
	<control type="group"><!-- Grupo do dia 2 -->
	<visible>!IsEmpty(Window.Property(Daily.2.ShortDay))</visible>
	<height>82</height>
	<control type="label"><!-- Nome do dia e data -->
	<include>DailyListDay</include>
	<label>[B]$INFO[Window.Property(Daily.2.ShortDay)][/B][CR][COLOR=$VAR[value_headercolor]]$INFO[Window.Property(Daily.2.ShortDate)][/COLOR]</label>
	</control>
	<control type="image"><!-- Icone -->
	<include>DailyListOutlookIcon</include>
	<info>Window.Property(Daily.2.OutlookIcon)</info>
	</control>
	<control type="label"><!-- Previsao -->
	<include>DailyListOutlook</include>
	<label>$INFO[Window.Property(Daily.2.Outlook)]</label>
	</control>
	<control type="label"><!-- Temp alta -->
	<include>DailyListHighTemp</include>
	<label>[B]$INFO[Window.Property(Daily.2.HighTemperature)][/B]</label>
	</control>
	<control type="label"><!-- Temp baixa -->
	<include>DailyListLowTemp</include>
	<label>$INFO[Window.Property(Daily.2.LowTemperature)]</label>
	</control>
	<control type="label"><!-- Chuva -->
	<include>DailyListPrecipitation</include>
	<label>$INFO[Window.Property(Daily.2.Precipitation)]</label>
	</control>
	<control type="label"><!-- Vento -->
	<include>DailyListWind</include>
	<label>$INFO[Window.Property(Daily.2.WindDirection)][CR]$INFO[Window.Property(Daily.2.WindSpeed)]</label>
	</control>
	</control>
	<include>DailyHorizontalSeparator</include>
	<control type="group"><!-- Grupo do dia 3 -->
	<visible>!IsEmpty(Window.Property(Daily.3.ShortDay))</visible>
	<height>82</height>
	<control type="label"><!-- Nome do dia e data -->
	<include>DailyListDay</include>
	<label>[B]$INFO[Window.Property(Daily.3.ShortDay)][/B][CR][COLOR=$VAR[value_headercolor]]$INFO[Window.Property(Daily.3.ShortDate)][/COLOR]</label>
	</control>
	<control type="image"><!-- Icone -->
	<include>DailyListOutlookIcon</include>
	<info>Window.Property(Daily.3.OutlookIcon)</info>
	</control>
	<control type="label"><!-- Previsao -->
	<include>DailyListOutlook</include>
	<label>$INFO[Window.Property(Daily.3.Outlook)]</label>
	</control>
	<control type="label"><!-- Temp alta -->
	<include>DailyListHighTemp</include>
	<label>[B]$INFO[Window.Property(Daily.3.HighTemperature)][/B]</label>
	</control>
	<control type="label"><!-- Temp baixa -->
	<include>DailyListLowTemp</include>
	<label>$INFO[Window.Property(Daily.3.LowTemperature)]</label>
	</control>
	<control type="label"><!-- Chuva -->
	<include>DailyListPrecipitation</include>
	<label>$INFO[Window.Property(Daily.3.Precipitation)]</label>
	</control>
	<control type="label"><!-- Vento -->
	<include>DailyListWind</include>
	<label>$INFO[Window.Property(Daily.3.WindDirection)][CR]$INFO[Window.Property(Daily.3.WindSpeed)]</label>
	</control>
	</control>
	<include>DailyHorizontalSeparator</include>
	<control type="group"><!-- Grupo do dia 4 -->
	<visible>!IsEmpty(Window.Property(Daily.4.ShortDay))</visible>
	<height>82</height>
	<control type="label"><!-- Nome do dia e data -->
	<include>DailyListDay</include>
	<label>[B]$INFO[Window.Property(Daily.4.ShortDay)][/B][CR][COLOR=$VAR[value_headercolor]]$INFO[Window.Property(Daily.4.ShortDate)][/COLOR]</label>
	</control>
	<control type="image"><!-- Icone -->
	<include>DailyListOutlookIcon</include>
	<info>Window.Property(Daily.4.OutlookIcon)</info>
	</control>
	<control type="label"><!-- Previsao -->
	<include>DailyListOutlook</include>
	<label>$INFO[Window.Property(Daily.4.Outlook)]</label>
	</control>
	<control type="label"><!-- Temp alta -->
	<include>DailyListHighTemp</include>
	<label>[B]$INFO[Window.Property(Daily.4.HighTemperature)][/B]</label>
	</control>
	<control type="label"><!-- Temp baixa -->
	<include>DailyListLowTemp</include>
	<label>$INFO[Window.Property(Daily.4.LowTemperature)]</label>
	</control>
	<control type="label"><!-- Chuva -->
	<include>DailyListPrecipitation</include>
	<label>$INFO[Window.Property(Daily.4.Precipitation)]</label>
	</control>
	<control type="label"><!-- Vento -->
	<include>DailyListWind</include>
	<label>$INFO[Window.Property(Daily.4.WindDirection)][CR]$INFO[Window.Property(Daily.4.WindSpeed)]</label>
	</control>
	</control>
	<include>DailyHorizontalSeparator</include>
	<control type="group"><!-- Grupo do dia 5 -->
	<visible>!IsEmpty(Window.Property(Daily.5.ShortDay))</visible>
	<height>82</height>
	<control type="label"><!-- Nome do dia e data -->
	<include>DailyListDay</include>
	<label>[B]$INFO[Window.Property(Daily.5.ShortDay)][/B][CR][COLOR=$VAR[value_headercolor]]$INFO[Window.Property(Daily.5.ShortDate)][/COLOR]</label>
	</control>
	<control type="image"><!-- Icone -->
	<include>DailyListOutlookIcon</include>
	<info>Window.Property(Daily.5.OutlookIcon)</info>
	</control>
	<control type="label"><!-- Previsao -->
	<include>DailyListOutlook</include>
	<label>$INFO[Window.Property(Daily.5.Outlook)]</label>
	</control>
	<control type="label"><!-- Temp alta -->
	<include>DailyListHighTemp</include>
	<label>[B]$INFO[Window.Property(Daily.5.HighTemperature)][/B]</label>
	</control>
	<control type="label"><!-- Temp baixa -->
	<include>DailyListLowTemp</include>
	<label>$INFO[Window.Property(Daily.5.LowTemperature)]</label>
	</control>
	<control type="label"><!-- Chuva -->
	<include>DailyListPrecipitation</include>
	<label>$INFO[Window.Property(Daily.5.Precipitation)]</label>
	</control>
	<control type="label"><!-- Vento -->
	<include>DailyListWind</include>
	<label>$INFO[Window.Property(Daily.5.WindDirection)][CR]$INFO[Window.Property(Daily.5.WindSpeed)]</label>
	</control>
	</control>
	<include>DailyHorizontalSeparator</include>
	<control type="group"><!-- Grupo do dia 6 -->
	<visible>!IsEmpty(Window.Property(Daily.6.ShortDay))</visible>
	<height>82</height>
	<control type="label"><!-- Nome do dia e data -->
	<include>DailyListDay</include>
	<label>[B]$INFO[Window.Property(Daily.6.ShortDay)][/B][CR][COLOR=$VAR[value_headercolor]]$INFO[Window.Property(Daily.6.ShortDate)][/COLOR]</label>
	</control>
	<control type="image"><!-- Icone -->
	<include>DailyListOutlookIcon</include>
	<info>Window.Property(Daily.6.OutlookIcon)</info>
	</control>
	<control type="label"><!-- Previsao -->
	<include>DailyListOutlook</include>
	<label>$INFO[Window.Property(Daily.6.Outlook)]</label>
	</control>
	<control type="label"><!-- Temp alta -->
	<include>DailyListHighTemp</include>
	<label>[B]$INFO[Window.Property(Daily.6.HighTemperature)][/B]</label>
	</control>
	<control type="label"><!-- Temp baixa -->
	<include>DailyListLowTemp</include>
	<label>$INFO[Window.Property(Daily.6.LowTemperature)]</label>
	</control>
	<control type="label"><!-- Chuva -->
	<include>DailyListPrecipitation</include>
	<label>$INFO[Window.Property(Daily.6.Precipitation)]</label>
	</control>
	<control type="label"><!-- Vento -->
	<include>DailyListWind</include>
	<label>$INFO[Window.Property(Daily.6.WindDirection)][CR]$INFO[Window.Property(Daily.6.WindSpeed)]</label>
	</control>
	</control>
	<include>DailyHorizontalSeparator</include>
	<control type="group"><!-- Grupo do dia 7 -->
	<visible>!IsEmpty(Window.Property(Daily.7.ShortDay))</visible>
	<height>82</height>
	<control type="label"><!-- Nome do dia e data -->
	<include>DailyListDay</include>
	<label>[B]$INFO[Window.Property(Daily.7.ShortDay)][/B][CR][COLOR=$VAR[value_headercolor]]$INFO[Window.Property(Daily.7.ShortDate)][/COLOR]</label>
	</control>
	<control type="image"><!-- Icone -->
	<include>DailyListOutlookIcon</include>
	<info>Window.Property(Daily.7.OutlookIcon)</info>
	</control>
	<control type="label"><!-- Previsao -->
	<include>DailyListOutlook</include>
	<label>$INFO[Window.Property(Daily.7.Outlook)]</label>
	</control>
	<control type="label"><!-- Temp alta -->
	<include>DailyListHighTemp</include>
	<label>[B]$INFO[Window.Property(Daily.7.HighTemperature)][/B]</label>
	</control>
	<control type="label"><!-- Temp baixa -->
	<include>DailyListLowTemp</include>
	<label>$INFO[Window.Property(Daily.7.LowTemperature)]</label>
	</control>
	<control type="label"><!-- Chuva -->
	<include>DailyListPrecipitation</include>
	<label>$INFO[Window.Property(Daily.7.Precipitation)]</label>
	</control>
	<control type="label"><!-- Vento -->
	<include>DailyListWind</include>
	<label>$INFO[Window.Property(Daily.7.WindDirection)][CR]$INFO[Window.Property(Daily.7.WindSpeed)]</label>
	</control>
	</control>
	<include>DailyHorizontalSeparator</include>
	<control type="group"><!-- Grupo do dia 8 -->
	<visible>!IsEmpty(Window.Property(Daily.8.ShortDay))</visible>
	<height>82</height>
	<control type="label"><!-- Nome do dia e data -->
	<include>DailyListDay</include>
	<label>[B]$INFO[Window.Property(Daily.8.ShortDay)][/B][CR][COLOR=$VAR[value_headercolor]]$INFO[Window.Property(Daily.8.ShortDate)][/COLOR]</label>
	</control>
	<control type="image"><!-- Icone -->
	<include>DailyListOutlookIcon</include>
	<info>Window.Property(Daily.8.OutlookIcon)</info>
	</control>
	<control type="label"><!-- Previsao -->
	<include>DailyListOutlook</include>
	<label>$INFO[Window.Property(Daily.8.Outlook)]</label>
	</control>
	<control type="label"><!-- Temp alta -->
	<include>DailyListHighTemp</include>
	<label>[B]$INFO[Window.Property(Daily.8.HighTemperature)][/B]</label>
	</control>
	<control type="label"><!-- Temp baixa -->
	<include>DailyListLowTemp</include>
	<label>$INFO[Window.Property(Daily.8.LowTemperature)]</label>
	</control>
	<control type="label"><!-- Chuva -->
	<include>DailyListPrecipitation</include>
	<label>$INFO[Window.Property(Daily.8.Precipitation)]</label>
	</control>
	<control type="label"><!-- Vento -->
	<include>DailyListWind</include>
	<label>$INFO[Window.Property(Daily.8.WindDirection)][CR]$INFO[Window.Property(Daily.8.WindSpeed)]</label>
	</control>
	</control>
	<include>DailyHorizontalSeparator</include>
	<control type="group"><!-- Grupo do dia 9 -->
	<visible>!IsEmpty(Window.Property(Daily.9.ShortDay))</visible>
	<height>82</height>
	<control type="label"><!-- Nome do dia e data -->
	<include>DailyListDay</include>
	<label>[B]$INFO[Window.Property(Daily.9.ShortDay)][/B][CR][COLOR=$VAR[value_headercolor]]$INFO[Window.Property(Daily.9.ShortDate)][/COLOR]</label>
	</control>
	<control type="image"><!-- Icone -->
	<include>DailyListOutlookIcon</include>
	<info>Window.Property(Daily.9.OutlookIcon)</info>
	</control>
	<control type="label"><!-- Previsao -->
	<include>DailyListOutlook</include>
	<label>$INFO[Window.Property(Daily.9.Outlook)]</label>
	</control>
	<control type="label"><!-- Temp alta -->
	<include>DailyListHighTemp</include>
	<label>[B]$INFO[Window.Property(Daily.9.HighTemperature)][/B]</label>
	</control>
	<control type="label"><!-- Temp baixa -->
	<include>DailyListLowTemp</include>
	<label>$INFO[Window.Property(Daily.9.LowTemperature)]</label>
	</control>
	<control type="label"><!-- Chuva -->
	<include>DailyListPrecipitation</include>
	<label>$INFO[Window.Property(Daily.9.Precipitation)]</label>
	</control>
	<control type="label"><!-- Vento -->
	<include>DailyListWind</include>
	<label>$INFO[Window.Property(Daily.9.WindDirection)][CR]$INFO[Window.Property(Daily.9.WindSpeed)]</label>
	</control>
	</control>
	<include>DailyHorizontalSeparator</include>
	<control type="group"><!-- Grupo do dia 10 -->
	<visible>!IsEmpty(Window.Property(Daily.10.ShortDay))</visible>
	<height>82</height>
	<control type="label"><!-- Nome do dia e data -->
	<include>DailyListDay</include>
	<label>[B]$INFO[Window.Property(Daily.10.ShortDay)][/B][CR][COLOR=$VAR[value_headercolor]]$INFO[Window.Property(Daily.10.ShortDate)][/COLOR]</label>
	</control>
	<control type="image"><!-- Icone -->
	<include>DailyListOutlookIcon</include>
	<info>Window.Property(Daily.10.OutlookIcon)</info>
	</control>
	<control type="label"><!-- Previsao -->
	<include>DailyListOutlook</include>
	<label>$INFO[Window.Property(Daily.10.Outlook)]</label>
	</control>
	<control type="label"><!-- Temp alta -->
	<include>DailyListHighTemp</include>
	<label>[B]$INFO[Window.Property(Daily.10.HighTemperature)][/B]</label>
	</control>
	<control type="label"><!-- Temp baixa -->
	<include>DailyListLowTemp</include>
	<label>$INFO[Window.Property(Daily.10.LowTemperature)]</label>
	</control>
	<control type="label"><!-- Chuva -->
	<include>DailyListPrecipitation</include>
	<label>$INFO[Window.Property(Daily.10.Precipitation)]</label>
	</control>
	<control type="label"><!-- Vento -->
	<include>DailyListWind</include>
	<label>$INFO[Window.Property(Daily.10.WindDirection)][CR]$INFO[Window.Property(Daily.10.WindSpeed)]</label>
	</control>
	</control>
	<include>DailyHorizontalSeparator</include>
	<control type="group"><!-- Grupo do dia 11 -->
	<visible>!IsEmpty(Window.Property(Daily.11.ShortDay))</visible>
	<height>82</height>
	<control type="label"><!-- Nome do dia e data -->
	<include>DailyListDay</include>
	<label>[B]$INFO[Window.Property(Daily.11.ShortDay)][/B][CR][COLOR=$VAR[value_headercolor]]$INFO[Window.Property(Daily.11.ShortDate)][/COLOR]</label>
	</control>
	<control type="image"><!-- Icone -->
	<include>DailyListOutlookIcon</include>
	<info>Window.Property(Daily.11.OutlookIcon)</info>
	</control>
	<control type="label"><!-- Previsao -->
	<include>DailyListOutlook</include>
	<label>$INFO[Window.Property(Daily.11.Outlook)]</label>
	</control>
	<control type="label"><!-- Temp alta -->
	<include>DailyListHighTemp</include>
	<label>[B]$INFO[Window.Property(Daily.11.HighTemperature)][/B]</label>
	</control>
	<control type="label"><!-- Temp baixa -->
	<include>DailyListLowTemp</include>
	<label>$INFO[Window.Property(Daily.11.LowTemperature)]</label>
	</control>
	<control type="label"><!-- Chuva -->
	<include>DailyListPrecipitation</include>
	<label>$INFO[Window.Property(Daily.11.Precipitation)]</label>
	</control>
	<control type="label"><!-- Vento -->
	<include>DailyListWind</include>
	<label>$INFO[Window.Property(Daily.11.WindDirection)][CR]$INFO[Window.Property(Daily.11.WindSpeed)]</label>
	</control>
	</control>
	<include>DailyHorizontalSeparator</include>
	<control type="group"><!-- Grupo do dia 12 -->
	<visible>!IsEmpty(Window.Property(Daily.12.ShortDay))</visible>
	<height>82</height>
	<control type="label"><!-- Nome do dia e data -->
	<include>DailyListDay</include>
	<label>[B]$INFO[Window.Property(Daily.12.ShortDay)][/B][CR][COLOR=$VAR[value_headercolor]]$INFO[Window.Property(Daily.12.ShortDate)][/COLOR]</label>
	</control>
	<control type="image"><!-- Icone -->
	<include>DailyListOutlookIcon</include>
	<info>Window.Property(Daily.12.OutlookIcon)</info>
	</control>
	<control type="label"><!-- Previsao -->
	<include>DailyListOutlook</include>
	<label>$INFO[Window.Property(Daily.12.Outlook)]</label>
	</control>
	<control type="label"><!-- Temp alta -->
	<include>DailyListHighTemp</include>
	<label>[B]$INFO[Window.Property(Daily.12.HighTemperature)][/B]</label>
	</control>
	<control type="label"><!-- Temp baixa -->
	<include>DailyListLowTemp</include>
	<label>$INFO[Window.Property(Daily.12.LowTemperature)]</label>
	</control>
	<control type="label"><!-- Chuva -->
	<include>DailyListPrecipitation</include>
	<label>$INFO[Window.Property(Daily.12.Precipitation)]</label>
	</control>
	<control type="label"><!-- Vento -->
	<include>DailyListWind</include>
	<label>$INFO[Window.Property(Daily.12.WindDirection)][CR]$INFO[Window.Property(Daily.12.WindSpeed)]</label>
	</control>
	</control>
	<include>DailyHorizontalSeparator</include>
	<control type="group"><!-- Grupo do dia 13 -->
	<visible>!IsEmpty(Window.Property(Daily.13.ShortDay))</visible>
	<height>82</height>
	<control type="label"><!-- Nome do dia e data -->
	<include>DailyListDay</include>
	<label>[B]$INFO[Window.Property(Daily.13.ShortDay)][/B][CR][COLOR=$VAR[value_headercolor]]$INFO[Window.Property(Daily.13.ShortDate)][/COLOR]</label>
	</control>
	<control type="image"><!-- Icone -->
	<include>DailyListOutlookIcon</include>
	<info>Window.Property(Daily.13.OutlookIcon)</info>
	</control>
	<control type="label"><!-- Previsao -->
	<include>DailyListOutlook</include>
	<label>$INFO[Window.Property(Daily.13.Outlook)]</label>
	</control>
	<control type="label"><!-- Temp alta -->
	<include>DailyListHighTemp</include>
	<label>[B]$INFO[Window.Property(Daily.13.HighTemperature)][/B]</label>
	</control>
	<control type="label"><!-- Temp baixa -->
	<include>DailyListLowTemp</include>
	<label>$INFO[Window.Property(Daily.13.LowTemperature)]</label>
	</control>
	<control type="label"><!-- Chuva -->
	<include>DailyListPrecipitation</include>
	<label>$INFO[Window.Property(Daily.13.Precipitation)]</label>
	</control>
	<control type="label"><!-- Vento -->
	<include>DailyListWind</include>
	<label>$INFO[Window.Property(Daily.13.WindDirection)][CR]$INFO[Window.Property(Daily.13.WindSpeed)]</label>
	</control>
	</control>
	<include>DailyHorizontalSeparator</include>
	<control type="group"><!-- Grupo do dia 14 -->
	<visible>!IsEmpty(Window.Property(Daily.14.ShortDay))</visible>
	<height>82</height>
	<control type="label"><!-- Nome do dia e data -->
	<include>DailyListDay</include>
	<label>[B]$INFO[Window.Property(Daily.14.ShortDay)][/B][CR][COLOR=$VAR[value_headercolor]]$INFO[Window.Property(Daily.14.ShortDate)][/COLOR]</label>
	</control>
	<control type="image"><!-- Icone -->
	<include>DailyListOutlookIcon</include>
	<info>Window.Property(Daily.14.OutlookIcon)</info>
	</control>
	<control type="label"><!-- Previsao -->
	<include>DailyListOutlook</include>
	<label>$INFO[Window.Property(Daily.14.Outlook)]</label>
	</control>
	<control type="label"><!-- Temp alta -->
	<include>DailyListHighTemp</include>
	<label>[B]$INFO[Window.Property(Daily.14.HighTemperature)][/B]</label>
	</control>
	<control type="label"><!-- Temp baixa -->
	<include>DailyListLowTemp</include>
	<label>$INFO[Window.Property(Daily.14.LowTemperature)]</label>
	</control>
	<control type="label"><!-- Chuva -->
	<include>DailyListPrecipitation</include>
	<label>$INFO[Window.Property(Daily.14.Precipitation)]</label>
	</control>
	<control type="label"><!-- Vento -->
	<include>DailyListWind</include>
	<label>$INFO[Window.Property(Daily.14.WindDirection)][CR]$INFO[Window.Property(Daily.14.WindSpeed)]</label>
	</control>
	</control>
	<include>DailyHorizontalSeparator</include>
	<control type="group"><!-- Grupo do dia 15 -->
	<visible>!IsEmpty(Window.Property(Daily.15.ShortDay))</visible>
	<height>82</height>
	<control type="label"><!-- Nome do dia e data -->
	<include>DailyListDay</include>
	<label>[B]$INFO[Window.Property(Daily.15.ShortDay)][/B][CR][COLOR=$VAR[value_headercolor]]$INFO[Window.Property(Daily.15.ShortDate)][/COLOR]</label>
	</control>
	<control type="image"><!-- Icone -->
	<include>DailyListOutlookIcon</include>
	<info>Window.Property(Daily.15.OutlookIcon)</info>
	</control>
	<control type="label"><!-- Previsao -->
	<include>DailyListOutlook</include>
	<label>$INFO[Window.Property(Daily.15.Outlook)]</label>
	</control>
	<control type="label"><!-- Temp alta -->
	<include>DailyListHighTemp</include>
	<label>[B]$INFO[Window.Property(Daily.15.HighTemperature)][/B]</label>
	</control>
	<control type="label"><!-- Temp baixa -->
	<include>DailyListLowTemp</include>
	<label>$INFO[Window.Property(Daily.15.LowTemperature)]</label>
	</control>
	<control type="label"><!-- Chuva -->
	<include>DailyListPrecipitation</include>
	<label>$INFO[Window.Property(Daily.15.Precipitation)]</label>
	</control>
	<control type="label"><!-- Vento -->
	<include>DailyListWind</include>
	<label>$INFO[Window.Property(Daily.15.WindDirection)][CR]$INFO[Window.Property(Daily.15.WindSpeed)]</label>
	</control>
	</control>
	<include>DailyHorizontalSeparator</include>
	<control type="group"><!-- Grupo do dia 16 -->
	<visible>!IsEmpty(Window.Property(Daily.16.ShortDay))</visible>
	<height>82</height>
	<control type="label"><!-- Nome do dia e data -->
	<include>DailyListDay</include>
	<label>[B]$INFO[Window.Property(Daily.16.ShortDay)][/B][CR][COLOR=$VAR[value_headercolor]]$INFO[Window.Property(Daily.16.ShortDate)][/COLOR]</label>
	</control>
	<control type="image"><!-- Icone -->
	<include>DailyListOutlookIcon</include>
	<info>Window.Property(Daily.16.OutlookIcon)</info>
	</control>
	<control type="label"><!-- Previsao -->
	<include>DailyListOutlook</include>
	<label>$INFO[Window.Property(Daily.16.Outlook)]</label>
	</control>
	<control type="label"><!-- Temp alta -->
	<include>DailyListHighTemp</include>
	<label>[B]$INFO[Window.Property(Daily.16.HighTemperature)][/B]</label>
	</control>
	<control type="label"><!-- Temp baixa -->
	<include>DailyListLowTemp</include>
	<label>$INFO[Window.Property(Daily.16.LowTemperature)]</label>
	</control>
	<control type="label"><!-- Chuva -->
	<include>DailyListPrecipitation</include>
	<label>$INFO[Window.Property(Daily.16.Precipitation)]</label>
	</control>
	<control type="label"><!-- Vento -->
	<include>DailyListWind</include>
	<label>$INFO[Window.Property(Daily.16.WindDirection)][CR]$INFO[Window.Property(Daily.16.WindSpeed)]</label>
	</control>
	</control>
	</control>
	<control type="scrollbar" id="70000">
	<description>Scroll Bar</description>
	<left>940</left>
	<top>70</top>
	<height>502</height>
	<include>WeatherScrollbar</include>
	<onleft>SetFocus(51)</onleft>
	<onright>SetFocus(51)</onright>
	</control>
	</control>
	</control>
	</include>

	<!-- #########################################################################  MAPAS #########################################################################-->
	<include name="Weather.Maps">
	<control type="group">
	<left>290</left>
	<top>60</top>
	<onright>5200</onright>
	<visible>StringCompare(Window.Property(Weather.CurrentView),maps)</visible>
	<animation effect="fade" reversible="true" time="300">VisibleChange</animation>
	<control type="group" id="5200">
	<control type="label">
	<left>0</left>
	<top>10</top>
	<width>950</width>
	<height>49</height>
	<align>center</align>
	<aligny>top</aligny>
	<font>Font_32</font>
	<label>$LOCALIZE[31844]$INFO[Container(53).ListItem.Label, - ]</label>
	<textcolor>FFFFFAF0</textcolor>
	<scroll>true</scroll>
	<scrollout>false</scrollout>
	</control>
	<control type="list" id="53">
	<viewtype label="535">list</viewtype>
	<left>0</left>
	<top>70</top>
	<width>914</width>
	<height>495</height>
	<scrolltime>200</scrolltime>
	<preloaditems>2</preloaditems>
	<pagecontrol>5001</pagecontrol>
	<itemlayout height="495" width="914">
	<control type="image">
	<left>0</left>
	<top>0</top>
	<height>495</height>
	<width>914</width>	
	<texture>darkgrey.png</texture>
	<colordiffuse>$VAR[value_texturecolor]</colordiffuse>
	</control>
	<control type="image">
	<left>2</left>
	<top>2</top>
	<height>491</height>
	<width>910</width>	
	<texture>$INFO[ListItem.Icon]</texture>
	<aspectratio>scale</aspectratio>
	</control>
	<control type="image">
	<left>2</left>
	<top>2</top>
	<height>491</height>
	<width>910</width>	
	<texture>$INFO[ListItem.Property(Layer)]</texture>
	<aspectratio>scale</aspectratio>
	<colordiffuse>70FFFFFF</colordiffuse>
	</control>
	<control type="image">
	<left>660</left>
	<top>450</top>	
	<height>35</height>
	<width>224</width>
	<texture>$INFO[ListItem.Label2]</texture>
	</control>
	</itemlayout>
	<focusedlayout height="495" width="914">
	<control type="image">
	<left>0</left>
	<top>0</top>
	<height>495</height>
	<width>914</width>
	<texture>darkgrey.png</texture>
	<colordiffuse>$VAR[value_texturecolor]</colordiffuse>
	</control>
	<control type="image">
	<left>2</left>
	<top>2</top>
	<height>491</height>
	<width>910</width>		
	<texture>$INFO[ListItem.Icon]</texture>
	<aspectratio>scale</aspectratio>
	</control>
	<control type="image">
	<left>2</left>
	<top>2</top>
	<height>491</height>
	<width>910</width>	
	<texture>$INFO[ListItem.Property(Layer)]</texture>
	<aspectratio>scale</aspectratio>
	<colordiffuse>70FFFFFF</colordiffuse>
	</control>
	<control type="image">
	<left>660</left>
	<top>450</top>
	<width>224</width>
	<height>35</height>
	<texture>$INFO[ListItem.Label2]</texture>
	</control>
	</focusedlayout>
	<content>
	<item>
	<label>$INFO[Window.Property(Map.1.Heading)]</label>
	<label2>$INFO[Window.Property(Map.1.Legend)]</label2>
	<icon>$INFO[Window.Property(Map.1.Area)]</icon>
	<property name="Layer">$INFO[Window.Property(Map.1.Layer)]</property>
	<onclick>noop</onclick>
	<visible>Weather.IsFetched + !IsEmpty(Window.Property(Map.1.Area)) + !IsEmpty(Window.Property(Map.IsFetched))</visible>
	</item>
	<item>
	<label>$INFO[Window.Property(Map.2.Heading)]</label>
	<label2>$INFO[Window.Property(Map.2.Legend)]</label2>
	<icon>$INFO[Window.Property(Map.2.Area)]</icon>
	<property name="Layer">$INFO[Window.Property(Map.2.Layer)]</property>
	<onclick>noop</onclick>
	<visible>Weather.IsFetched + !IsEmpty(Window.Property(Map.2.Area)) + !IsEmpty(Window.Property(Map.IsFetched))</visible>
	</item>
	<item>
	<label>$INFO[Window.Property(Map.3.Heading)]</label>
	<label2>$INFO[Window.Property(Map.3.Legend)]</label2>
	<icon>$INFO[Window.Property(Map.3.Area)]</icon>
	<property name="Layer">$INFO[Window.Property(Map.3.Layer)]</property>
	<onclick>noop</onclick>
	<visible>Weather.IsFetched + !IsEmpty(Window.Property(Map.3.Area)) + !IsEmpty(Window.Property(Map.IsFetched))</visible>
	</item>
	<item>
	<label>$INFO[Window.Property(Map.4.Heading)]</label>
	<label2>$INFO[Window.Property(Map.4.Legend)]</label2>
	<icon>$INFO[Window.Property(Map.4.Area)]</icon>
	<property name="Layer">$INFO[Window.Property(Map.4.Layer)]</property>
	<onclick>noop</onclick>
	<visible>Weather.IsFetched + !IsEmpty(Window.Property(Map.4.Area)) + !IsEmpty(Window.Property(Map.IsFetched))</visible>
	</item>
	<item>
	<label>$INFO[Window.Property(Map.5.Heading)]</label>
	<label2>$INFO[Window.Property(Map.5.Legend)]</label2>
	<icon>$INFO[Window.Property(Map.5.Area)]</icon>
	<property name="Layer">$INFO[Window.Property(Map.5.Layer)]</property>
	<onclick>noop</onclick>
	<visible>Weather.IsFetched + !IsEmpty(Window.Property(Map.5.Area)) + !IsEmpty(Window.Property(Map.IsFetched))</visible>
	</item>
	</content>
	</control>
	<control type="scrollbar" id="5001">
	<include>ScrollBar_Vertical</include>
	<left>940</left>
	<top>70</top>
	<height>502</height>
	<onleft>105</onleft>
	<onright>105</onright>
	</control>
	</control>
	</control>
	</include>
</includes>