<?xml version="1.0" encoding="UTF-8"?>
<window id="131"><!-- Aeon MQ 6 -->
	<defaultcontrol>5</defaultcontrol>
	<coordinates>
	<system>1</system>
	<left>0</left>
	<top>0</top>
	</coordinates>
	<include>Animation_DialogPopup</include>
	<controls>
	<control type="group">
	<left>217</left>
	<top>190</top>
	<width>847</width>
	<height>328</height>
	<visible>Window.IsActive(131)</visible>
	<control type="image">
	<left>0</left>
	<top>0</top>
	<width>847</width>
	<height>1</height>
	<texture>grey.png</texture>
	</control>
	<control type="image">
	<left>0</left>
	<top>327</top>
	<width>847</width>
	<height>1</height>
	<texture>grey.png</texture>
	</control>
	<control type="image">
	<left>-30</left>
	<top>0</top>
	<width>30</width>
	<height>328</height>
	<texture flipx="true">shadow.png</texture>
	<colordiffuse>C3FFFFFF</colordiffuse>
	</control>
	<control type="image">
	<left>0</left>
	<top>0</top>
	<width>847</width>
	<height>328</height>
	<texture>darkgrey.png</texture>
	<colordiffuse>F0FFFFFF</colordiffuse>
	</control>
	<control type="image">
	<left>0</left>
	<top>39</top>
	<width>682</width>
	<height>1</height>
	<texture>black.png</texture>
	</control>
	<control type="image">
	<left>0</left>
	<top>0</top>
	<width>682</width>
	<height>40</height>
	<texture>black.png</texture>
	<colordiffuse>90FFFFFF</colordiffuse>
	</control>
	<control type="label" id="2"><!-- header -->
	<left>10</left>
	<top>6</top>
	<width>673</width>
	<height>28</height>
	<align>center</align>
	<aligny>center</aligny>
	<textcolor>$VAR[value_headercolor]</textcolor>
	<font>Font_18</font>
	<label>$LOCALIZE[20043]</label>
	</control>
	<control type="grouplist" id="5">
	<description>control area</description>
	<left>0</left>
	<top>45</top>
	<width>683</width>
	<height>246</height>
	<itemgap>0</itemgap>
	<onup>5</onup>
	<ondown>5</ondown>
	<onleft>28</onleft>
	<onright>28</onright>
	</control>
	<control type="button" id="7">
	<description>Default Button</description>
	<width>470</width>
	<textoffsetx>20</textoffsetx>
	</control>
	<control type="radiobutton" id="8">
	<width>470</width>
	<radioposx>595</radioposx>
	<textoffsetx>20</textoffsetx>
	</control>
	<control type="spincontrolex" id="9">
	<description>directory content select spincontrol</description>
	<width>470</width>
	<height>40</height>
	<font>Font_18A</font>
	</control>
	<control type="sliderex" id="10">
	<description>Default Slider</description>
	<left>1530</left>
	<top>150</top>
	<height>31</height>
	<width>300</width>
	<sliderwidth>100</sliderwidth>
	<sliderheight>20</sliderheight>
	<textoffsetx>12</textoffsetx>
	</control>
	<control type="label" id="14">
	</control>
	<control type="image"><!-- Options -->
	<left>653</left>
	<top>0</top>
	<width>30</width>
	<height>328</height>
	<texture flipx="true">shadow.png</texture>
	<colordiffuse>C3FFFFFF</colordiffuse>
	</control>
	<control type="image">
	<left>846</left>
	<top>0</top>
	<width>30</width>
	<height>328</height>
	<texture>shadow.png</texture>
	<colordiffuse>C3FFFFFF</colordiffuse>
	</control>
	<control type="image">
	<left>683</left>
	<top>0</top>
	<width>163</width>
	<height>328</height>
	<texture>grey.png</texture>
	<colordiffuse>90FFFFFF</colordiffuse>
	</control>
	<control type="grouplist" id="9001">
	<left>683</left>
	<top>42</top>
	<control type="button" id="28"><!-- OK -->
	<include>SettingsDialogButton</include>
	<label>186</label>
	<onleft>SetFocus(5)</onleft>
	<onright>SetFocus(5)</onright>
	</control>
	<control type="button" id="29"><!-- Cancel -->
	<include>SettingsDialogButton</include>
	<label>222</label>
	<onleft>SetFocus(5)</onleft>
	<onright>SetFocus(5)</onright>
	</control>
	</control>
	</control>
	</controls>
</window>