<?xml version="1.0" encoding="UTF-8"?>
<window type="dialog" id="29"><!-- Aeon MQ 6 -->
	<defaultcontrol always="true">52</defaultcontrol>
	<allowoverlay>no</allowoverlay>
	<coordinates>
	<system>1</system>
	<left>0</left>
	<top>0</top>
	</coordinates>
	<controls>
	<control type="group"><!-- default group -->
	<include>Animation_Window</include>
	<control type="image">
	<left>0</left>
	<top>0</top>
	<width>1280</width>
	<height>720</height>
	<texture background="true">special://skin/backgrounds/vnodes.jpg</texture>
	<include>Animation_Fade</include>
	</control>
	<control type="image"><!-- Barra do rodape -->
	<left>0</left>
	<top>440</top>
	<width>1280</width>
	<height>280</height>
	<colordiffuse>FFFFFAF0</colordiffuse>
	<texture>shadow_mask.png</texture>
	<include>Animation_FloorGlass</include>
	</control>
	<control type="image">
	<left>0</left>
	<top>440</top>
	<width>1280</width>
	<height>280</height>
	<colordiffuse>$VAR[value_texturecolor]</colordiffuse>
	<texture diffuse="shadow_mask.png">shadow_spot.png</texture>
	<animation effect="fade" end="75" condition="true">Conditional</animation>
	</control>
	<control type="fixedlist" id="52">
	<viewtype label="login">list</viewtype>
	<left>-45</left>
	<top>415</top>
	<width>1446</width>
	<height>550</height>
	<orientation>horizontal</orientation>
	<focusposition>3</focusposition>
	<scrolltime>400</scrolltime>
	<onleft>90</onleft>
	<onright>90</onright>
	<onup>52</onup>
	<ondown>98</ondown>
	<itemlayout height="200" width="200">
	<control type="image">
	<left>2</left>
	<top>234</top>
	<width>150</width>
	<height>150</height>
	<fadetime>FanartCrossFadeTime</fadetime>
	<aspectratio align="center" aligny="top">keep</aspectratio>
	<texture flipy="true" diffuse="thumb_box_reflect.png" fallback="DefaultUser.png" background="true">$INFO[ListItem.Icon]</texture>
	<bordertexture flipy="true" diffuse="thumb_box_reflect.png" border="-2">black.png</bordertexture>
	</control>
	<control type="image">
	<left>2</left>
	<top>80</top>
	<width>150</width>
	<height>150</height>
	<fadetime>FanartCrossFadeTime</fadetime>
	<aspectratio align="center" aligny="bottom">keep</aspectratio>
	<texture fallback="DefaultUser.png" background="true">$INFO[ListItem.Icon]</texture>
	<bordertexture border="-2">black.png</bordertexture>
	</control>
	</itemlayout>
	<focusedlayout height="200" width="200">
	<control type="image">
	<left>2</left>
	<top>238</top>
	<width>150</width>
	<height>150</height>
	<fadetime>FanartCrossFadeTime</fadetime>
	<aspectratio align="center" aligny="top">keep</aspectratio>
	<texture flipy="true" diffuse="thumb_box_reflect.png" fallback="DefaultUser.png" background="true">$INFO[ListItem.Icon]</texture>
	<bordertexture flipy="true" diffuse="thumb_box_reflect.png" border="-1">grey.png</bordertexture>
	<animation effect="zoom" start="100" end="145" center="75,245" time="400" easing="out" reversible="false" tween="cubic">Focus</animation>
	</control>
	<control type="image">
	<left>2</left>
	<top>85</top>
	<width>150</width>
	<height>150</height>
	<fadetime>FanartCrossFadeTime</fadetime>
	<aspectratio align="center" aligny="bottom">keep</aspectratio>
	<texture fallback="DefaultUser.png" background="true">$INFO[ListItem.Icon]</texture>
	<bordertexture border="-1">grey.png</bordertexture>
	<animation effect="zoom" start="100" end="145" center="75,245" time="400" easing="out" reversible="false" tween="cubic">Focus</animation>
	</control>
	<control type="image">
	<left>190</left>
	<top>11.5</top>
	<width>500</width>
	<height>50</height>
	<texture>gradient_button.png</texture>
	<colordiffuse>95000000</colordiffuse>
	<visible>Control.HasFocus(52)</visible>
	</control>
	<control type="label">
	<left>200</left>
	<top>6</top>
	<width>600</width>
	<height>16</height>
	<align>left</align>
	<font>Font_30</font>
	<textcolor>$VAR[value_headercolor]</textcolor>
	<info>ListItem.Label</info>
	<scroll>true</scroll>
	<visible>Control.HasFocus(52)</visible>
	</control>
	<control type="label">
	<left>200</left>
	<top>40</top>
	<width>600</width>
	<height>16</height>
	<align>left</align>
	<font>Font_15</font>
	<textcolor>FFFFFAF0</textcolor>
	<info>ListItem.Label2</info>
	<scroll>true</scroll>
	<visible>Control.HasFocus(52)</visible>
	</control>
	</focusedlayout>
	</control>
	<include>MultiData</include>
	</control>
	</controls>
</window>