<?xml version="1.0" encoding="UTF-8"?>
<window id="120"><!-- Aeon MQ 6 -->
	<defaultcontrol>101</defaultcontrol>
	<onunload>Skin.Reset(customosd)</onunload>
	<controls>
	<control type="group"><!-- Barra de info do modo custom -->
	<top>0</top>
	<include>Animation_TopPopup</include>
	<visible>Skin.HasSetting(customosd)</visible>
	<include>Dialogs_Bar</include>
	<control type="image"><!-- ativado azul -->
	<left>50</left>
	<top>5</top>
	<width>40</width>
	<height>19</height>
	<texture>grey.png</texture>
	<colordiffuse>FF007399</colordiffuse>
	</control>
	<control type="label">
	<left>100</left>
	<top>4</top>
	<width>250</width>
	<align>left</align>
	<font>Font_18A</font>
	<textcolor>FFFFFAF0</textcolor>
	<label>31426</label>
	<scroll>true</scroll>
	<scrollout>false</scrollout>
	</control>
	<control type="image"><!-- desativado vermelho -->
	<left>250</left>
	<top>5</top>
	<width>40</width>
	<height>19</height>
	<texture>grey.png</texture>
	<colordiffuse>FFB20000</colordiffuse>
	</control>
	<control type="label">
	<left>300</left>
	<top>4</top>
	<width>250</width>
	<align>left</align>
	<font>Font_18A</font>
	<textcolor>FFFFFAF0</textcolor>
	<label>31427</label>
	<scroll>true</scroll>
	<scrollout>false</scrollout>
	</control>
	</control>
	<control type="group">
	<top>520</top>
	<animation effect="slide" time="400" start="0,200" end="0,0" easing="out" tween="cubic">WindowOpen</animation>
	<animation effect="slide" time="400" start="0,200" end="0,0" easing="out" tween="cubic">Visible</animation>
	<animation effect="slide" time="400" start="0,0" end="0,200" easing="in" tween="cubic">WindowClose</animation>
	<animation effect="slide" time="400" start="0,0" end="0,200" easing="in" tween="cubic">Hidden</animation>

	<!-- Seek Widget -->
	<control type="group">
	<left>-500</left>
	<top>38</top>
	<width>499</width>
	<height>28</height>
	<animation effect="slide" end="200,0" time="200" condition="Player.Forwarding2x">Conditional</animation>
	<animation effect="slide" end="275,0" time="200" condition="Player.Forwarding4x">Conditional</animation>
	<animation effect="slide" end="350,0" time="200" condition="Player.Forwarding8x">Conditional</animation>
	<animation effect="slide" end="425,0" time="200" condition="Player.Forwarding16x">Conditional</animation>
	<animation effect="slide" end="499,0" time="200" condition="Player.Forwarding32x">Conditional</animation>
	<control type="image">
	<left>0</left>
	<top>0</top>
	<width>499</width>
	<height>28</height>
	<texture flipy="true">osd_button_reverse.png</texture>
	</control>
	<control type="label">
	<include>OSDSeekForward</include>
	<label>$VAR[value_seekforward]</label>
	</control>
	</control>
	<control type="group">
	<left>1280</left>
	<top>38</top>
	<width>499</width>
	<height>28</height>
	<animation effect="slide" end="-200,0" time="200" condition="Player.Rewinding2x">Conditional</animation>
	<animation effect="slide" end="-275,0" time="200" condition="Player.Rewinding4x">Conditional</animation>
	<animation effect="slide" end="-350,0" time="200" condition="Player.Rewinding8x">Conditional</animation>
	<animation effect="slide" end="-425,0" time="200" condition="Player.Rewinding16x">Conditional</animation>
	<animation effect="slide" end="-499,0" time="200" condition="Player.Rewinding32x">Conditional</animation>
	<control type="image">
	<left>0</left>
	<top>0</top>
	<width>499</width>
	<height>28</height>
	<texture flipy="true" flipx="true">osd_button_reverse.png</texture>
	</control>
	<control type="label">
	<include>OSDSeekReverse</include>
	<label>$VAR[value_seekreverse]</label>
	</control>
	</control>
	<control type="image"><!-- Barra de fundo -->
	<left>0</left>
	<top>36</top>
	<width>1280</width>
	<height>30</height>
	<texture>shadow_h.png</texture>
	<colordiffuse>C3FFFFFF</colordiffuse>
	</control>
	<control type="image">
	<left>0</left>
	<top>65</top>
	<height>135</height>
	<width>1280</width>
	<texture>darkgrey.png</texture>
	<colordiffuse>$VAR[value_texturecolor]</colordiffuse>
	<include>Animation_HomeGlass2</include>
	</control>

	<!-- Menu Content -->
	<include condition="!Skin.HasSetting(audioosdfixedlist)">AudioOSDWrapList</include>
	<include condition="Skin.HasSetting(audioosdfixedlist)">AudioOSDFixedList</include>

	<control type="progress">
	<left>30</left>
	<top>73</top>
	<width>1220</width>
	<height>25</height>
	<info>Player.Progress</info>
	</control>
	<control type="slider" id="888">
	<left>39</left>
	<top>75</top>
	<width>1202</width>
	<height>21</height>
	<onup>Dialog.Close(120)</onup>
	<ondown>101</ondown>
	<action>seek</action>
	<texturesliderbar>sliderback_large.png</texturesliderbar>
	<textureslidernib>-</textureslidernib>
	<textureslidernibfocus>progress_mid.png</textureslidernibfocus>
	<animation effect="fade" time="200">VisibleChange</animation>
	</control>
	<control type="label">
	<left>90</left>
	<top>73</top>
	<width>1100</width>
	<height>30</height>
	<align>center</align>
	<font>Font_17</font>
	<textcolor>FFFFFAF0</textcolor>
	<shadowcolor>grey</shadowcolor>
	<label>[B]$VAR[value_osd_timeduration][/B]</label>
	</control>
	<control type="label"><!-- nome dos botoes -->
	<left>320</left>
	<top>172</top>
	<width>640</width>
	<height>25</height>
	<align>center</align>
	<font>Font_18</font>
	<label>$VAR[value_osdmusic_title]</label>
	<textcolor>FFFFFAF0</textcolor>
	</control>
	<control type="group">
	<include>Animation_Fade</include>
	<visible>!Skin.HasSetting(customosd)</visible>
	<control type="label"><!-- hora atual -->
	<left>30</left>
	<top>130</top>
	<width>300</width>
	<height>25</height>
	<font>Font_18A</font>
	<textcolor>90FFFFFF</textcolor>
	<label>31310</label>
	</control>
	<control type="label">
	<left>30</left>
	<top>155</top>
	<width>300</width>
	<height>25</height>
	<font>Font_32</font>
	<textcolor>FFFFFAF0</textcolor>
	<label>$INFO[System.Time]</label>
	</control>
	<control type="label"><!-- termino -->
	<left>950</left>
	<top>130</top>
	<width>300</width>
	<height>25</height>
	<align>right</align>
	<font>Font_18A</font>
	<textcolor>90FFFFFF</textcolor>
	<label>31311</label>
	</control>
	<control type="label">
	<left>950</left>
	<top>155</top>
	<width>300</width>
	<height>25</height>
	<align>right</align>
	<font>Font_32</font>
	<textcolor>FFFFFAF0</textcolor>
	<label>$INFO[Player.FinishTime]</label>
	</control>
	</control>
	<control type="image">
	<left>0</left>
	<top>115</top>
	<height>90</height>
	<width>1280</width>
	<texture>gradient_small.png</texture>
	</control>
	<control type="image">
	<left>0</left>
	<top>65</top>
	<height>135</height>
	<width>1280</width>
	<colordiffuse>99FFFFFF</colordiffuse>
	<texture>osd_glass.png</texture>
	</control>
	</control>
	<include>BGBlack</include>
	</controls>
</window>