<?xml version="1.0" encoding="UTF-8"?>
<window id="2"><!-- Aeon MQ 6 -->
	<defaultcontrol>51</defaultcontrol>
	<onunload condition="Skin.HasSetting(kioskcode)">Skin.Reset($INFO[skin.string(custom_code)])</onunload>
	<allowoverlay>no</allowoverlay>
	<views>51,56,59,79</views>
	<controls>
	<control type="multiimage"><!-- Fanart -->
	<include>WindowBG</include>
	<include>Animation_Fade</include>
	<imagepath background="true">$VAR[value_menutheme_pictures]</imagepath>
	<visible>IsEmpty(Control.GetLabel(555))</visible>
	</control>
	<control type="image" id="555"><!-- Fanart -->
	<include>WindowBG</include>
	<aspectratio>keep</aspectratio>
	<texture background="true">$INFO[ListItem.filenameandpath]</texture>
	</control>
	<control type="group"><!-- default group -->
	<include>Animation_Window</include>
	<control type="group">
	<top>30</top>
	<control type="image" id="105">
	<include>InvisibleButton</include>
	<visible>Control.HasFocus(79) + ![Container(79).OnNext | Container(79).OnPrevious]</visible>
	<animation effect="fade" start="0" end="100" time="150" delay="5000">Visible</animation>
	</control>
	<control type="button" id="9900"><!-- to menu/kiosk condition -->
	<include>InvisibleButton</include>
	<onfocus condition="![Skin.HasSetting(kiosk) | Skin.HasSetting(kiosksmart) + !SubString(skin.string(codestep),step3)]">SetFocus(9300)</onfocus>
	<onfocus condition="Skin.HasSetting(kiosksmart) + !SubString(skin.string(codestep),step3)">SetFocus(9100)</onfocus>
	<onfocus condition="Skin.HasSetting(kiosk) + IsEmpty(ListItem.Trailer)">SetFocus(50)</onfocus>
	<onfocus condition="Skin.HasSetting(kiosk) + !IsEmpty(ListItem.Trailer)">SetFocus(90000)</onfocus>
	</control>
	<control type="button" id="9910"><!-- panel focus -->
	<include>InvisibleButton</include>
	<onleft>SetFocus(50)</onleft>
	<onright>SetFocus(50)</onright>
	<onup>SetFocus(9900)</onup>
	<ondown>SetFocus(50)</ondown>
	</control>
	<control type="button" id="9920"><!-- hidden colection/view fanart -->
	<include>InvisibleButton</include>
	<onleft>SetFocus(50)</onleft>
	<onright>SetFocus(50)</onright>
	<onup>SetFocus(50)</onup>
	<ondown>SetFocus(50)</ondown>
	</control>
	<control type="image"><!-- Barra das etiquetas -->
	<left>0</left>
	<top>610</top>
	<width>1280</width>
	<height>80</height>
	<colordiffuse>$VAR[value_floorcolor]</colordiffuse>
	<texture>shadow_mask.png</texture>
	<visible>!Control.IsVisible(79)</visible>
	</control>
	<control type="image">
	<left>0</left>
	<top>650</top>
	<height>42</height>
	<width>1280</width>
	<texture>gradient_small.png</texture>
	</control>
	</control>
	<control type="group"><!-- Titulo e subtitulo -->
	<top>-30</top>
	<animation effect="slide" time="400" start="0,-250" end="0,0" easing="inout" tween="cubic">WindowOpen</animation>
	<animation effect="slide" time="400" start="0,-250" end="0,0" easing="inout" tween="cubic">Visible</animation>
	<animation effect="slide" time="400" start="0,0" end="0,-250" easing="inout" tween="cubic">WindowClose</animation>
	<animation effect="slide" time="400" start="0,0" end="0,-250" easing="inout" tween="cubic">Hidden</animation>
	<visible>[Control.IsVisible(56) | Control.IsVisible(79)] + ![ControlGroup(9000).HasFocus | Control.HasFocus(9920) | Control.IsVisible(9922) | Control.HasFocus(9940) | Window.IsActive(2003) | Window.IsVisible(6621) | Window.IsVisible(6625) | Control.IsVisible(105)]</visible>
	<control type="image">
	<left>0</left>
	<top>0</top>
	<width>1280</width>
	<height>300</height>
	<texture flipy="true">shadow_mask.png</texture>
	<colordiffuse>F9000000</colordiffuse>
	<animation effect="fade" end="75" condition="true">Conditional</animation>
	</control>
	<control type="label"><!-- Title -->
	<left>30</left>
	<top>58</top>
	<width>750</width>
	<height>40</height>
	<font>Font_40</font>
	<label>$VAR[value_videotitle]</label>
	<textcolor>FFFFFAF0</textcolor>
	<scroll>true</scroll>
	<scrollout>false</scrollout>
	<shadowcolor>grey</shadowcolor>
	<visible>![Skin.HasSetting(clearlogotitle) + !IsEmpty(ListItem.Art(clearlogo))]</visible>
	</control>
	<control type="image"><!-- clearlogo -->
	<left>30</left>
	<top>58</top>
	<width>300</width>
	<height>45</height>
	<texture background="true">$INFO[ListItem.Art(clearlogo)]</texture>
	<aspectratio align="left" aligny="bottom">keep</aspectratio>
	<fadetime>FanartCrossFadeTime</fadetime>
	<visible>Skin.HasSetting(clearlogotitle) + !IsEmpty(ListItem.Art(clearlogo))</visible>
	</control>
	<control type="label">
	<left>30</left>
	<top>100</top>
	<width>750</width>
	<height>25</height>
	<font>Font_21</font>
	<label>$INFO[ListItem.Tagline]</label>
	<textcolor>90FFFFFF</textcolor>
	<scroll>true</scroll>
	<scrollout>false</scrollout>
	<shadowcolor>grey</shadowcolor>
	<visible>!Skin.HasSetting(nomoviestagline)</visible>
	</control>
	<control type="label">
	<left>30</left>
	<top>130</top>
	<width>750</width>
	<height>25</height>
	<font>Font_18A</font>
	<label>$VAR[value_videotvshowtag]</label>
	<textcolor>90FFFFFF</textcolor>
	<scroll>true</scroll>
	<scrollout>false</scrollout>
	<shadowcolor>grey</shadowcolor>
	<animation effect="slide" start="0,0" end="0,-30" condition="IsEmpty(ListItem.Tagline) | Skin.HasSetting(nomoviestagline)">Conditional</animation>
	<visible>[Container.Content(tvshows) | Container.Content(seasons) | Container.Content(episodes)] + ![StringCompare(ListItem.Label,..) | Skin.HasSetting(notvshowstagline)]</visible>
	</control>
	</control>
	
	<control type="group">
	<top>30</top>
	<!-- ViewTypes -->
	<include>ViewRightList</include><!-- 51 -->	
	<include>ViewWallPics</include><!-- 56 -->
	<include>ViewWide</include><!-- 59 -->
	<include>ViewPhotoShow</include><!-- 79 -->
	</control>
	
	<!-- Furniture -->
	<include>TouchScreen</include>
	<include>ScrollLabel</include>
	<include>TopMenu_Pics</include>	
	<include>BGBlack</include>
	</control>
	</controls>
</window>