<?xml version="1.0" encoding="UTF-8"?>
<window><!-- Aeon MQ 6 -->
	<defaultcontrol>50</defaultcontrol>
	<onunload condition="Skin.HasSetting(kioskcode)">Skin.Reset($INFO[skin.string(custom_code)])</onunload>
	<allowoverlay>no</allowoverlay>
	<controls>
	<control type="multiimage"><!-- Fanart -->
	<include>WindowBG</include>
	<imagepath background="true">$VAR[value_menutheme_livetv]</imagepath>
	</control>
	<control type="group"><!-- Visualizacao de fundo -->
	<animation effect="fade" reversible="true" time="300">VisibleChange</animation>
	<control type="image">
	<left>0</left>
	<top>0</top>
	<width>1280</width>
	<height>720</height>
	<texture>black.png</texture>
	<colordiffuse>C3FFFFFF</colordiffuse>
	<include>Animation_Fade</include>
	<visible>Player.HasMedia</visible>
	</control>
	<control type="videowindow">
	<left>0</left>
	<top>0</top>
	<width>1280</width>
	<height>720</height>
	<visible>Player.HasVideo</visible>
	<animation effect="slide" start="0,0" end="-2000,0" time="0">WindowClose</animation>
	</control>
	<control type="visualisation">
	<left>0</left>
	<top>0</top>
	<width>1280</width>
	<height>720</height>
	<visible>Player.HasAudio</visible>
	<animation effect="slide" start="0,0" end="-2000,0" time="0">WindowClose</animation>
	</control>
	</control>

	<control type="group"><!-- default group -->
	<include>Animation_Window</include>
	<visible>![Window.IsActive(PVRGuideInfo) | Window.IsActive(PVRRecordingInfo) | Window.IsActive(PVRGuideSearch) | Window.IsActive(PVRTimerSetting)]</visible>

	<control type="button" id="9900"><!-- to menu/kiosk condition -->
	<include>InvisibleButton</include>
	<onfocus condition="![Skin.HasSetting(kiosk) | Skin.HasSetting(kiosksmart) + !SubString(skin.string(codestep),step3)]">SetFocus(9000)</onfocus>
	<onfocus condition="Skin.HasSetting(kiosksmart) + !SubString(skin.string(codestep),step3)">SetFocus(9100)</onfocus>
	</control>
	<control type="button" id="9920"><!-- hidden colection/view fanart -->
	<include>InvisibleButton</include>
	<onleft>SetFocus(50)</onleft>
	<onright>SetFocus(50)</onright>
	<onup>SetFocus(50)</onup>
	<ondown>SetFocus(50)</ondown>
	</control>

	<!-- Recording/Time -->
	<control type="group">
	<animation effect="slide" start="0,-70" end="0,0" time="500" delay="1000" easing="inout" tween="cubic">WindowOpen</animation>
	<animation effect="slide" start="0,-70" end="0,0" time="500" delay="1000" easing="inout" tween="cubic">Visible</animation>
	<animation effect="slide" start="0,0" end="0,-70" time="300" easing="inout" tween="cubic">WindowClose</animation>
	<animation effect="slide" start="0,0" end="0,-70" time="300" easing="inout" tween="cubic">Hidden</animation>
	<animation effect="slide" start="0,0" end="300,0" time="0" easing="in" tween="cubic" condition="Control.IsVisible(50)">Conditional</animation>
	<visible>[PVR.IsRecording | PVR.HasNonRecordingTimer] + ![Player.HasMedia | Control.HasFocus(9920) | ControlGroup(9000).HasFocus]</visible>
	<control type="image">
	<left>0</left>
	<top>0</top>
	<width>500</width>
	<height>26</height>
	<texture>widgets_panel.png</texture>
	<colordiffuse>$VAR[value_texturecolor]</colordiffuse>
	<include>Animation_HomeGlass</include>
	</control>
	<control type="image">
	<left>20</left>
	<top>5</top>
	<width>15</width>
	<height>15</height>
	<aspectratio>keep</aspectratio>
	<texture>pvr_hastimer.png</texture>
	<visible>PVR.HasNonRecordingTimer + !PVR.IsRecording</visible>
	</control>
	<control type="image">
	<left>20</left>
	<top>5</top>
	<width>20</width>
	<height>15</height>
	<aspectratio>keep</aspectratio>
	<texture>pvr_isrecording.png</texture>
	<visible>PVR.IsRecording</visible>
	</control>
	<control type="label">
	<left>45</left>
	<top>2</top>
	<width>420</width>
	<height>20</height>
	<align>right</align>
	<aligny>center</aligny>
	<font>Font_18A</font>
	<textcolor>FFFFFAF0</textcolor>
	<label>$VAR[value_pvrstatus]</label>
	<scroll>true</scroll>
	</control>
	</control>

	<control type="group"><!-- Mobilia -->
	<visible>Control.IsVisible(50)</visible>
	<animation effect="slide" time="400" start="0,0" end="0,400" easing="in" tween="cubic" condition="Player.HasMedia + System.IdleTime(8) | Control.HasFocus(9920)">Conditional</animation>
	<control type="image">
	<left>300</left>
	<top>387</top>
	<width>980</width>
	<height>30</height>
	<texture>shadow_h.png</texture>
	<colordiffuse>C3FFFFFF</colordiffuse>
	</control>
	<control type="image">
	<left>300</left>
	<top>664</top>
	<width>980</width>
	<height>30</height>
	<texture flipy="true">shadow_h.png</texture>
	<colordiffuse>C3FFFFFF</colordiffuse>
	</control>
	<control type="image">
	<left>300</left>
	<top>416</top>
	<width>980</width>
	<height>249</height>
	<texture>darkgrey.png</texture>
	<colordiffuse>$VAR[value_texturecolor]</colordiffuse>
	<animation effect="fade" end="85" condition="true">Conditional</animation>
	</control>
	<control type="image">
	<left>348</left>
	<top>428</top>
	<width>225</width>
	<height>225</height>
	<texture fallback="DefaultVideoCover.png" background="true">$INFO[Container(50).ListItem.Icon]</texture>
	<bordertexture border="-25">musicframe.png</bordertexture>
	<fadetime>FanartCrossFadeTime</fadetime>
	<aspectratio>keep</aspectratio>
	<visible>Control.IsVisible(50)</visible>
	</control>
	<control type="image">
	<left>348</left>
	<top>428</top>
	<width>225</width>
	<height>225</height>
	<texture fallback="DefaultAudioCover.png" background="true">$INFO[Container(50).ListItem.Icon]</texture>
	<bordertexture border="-25">musicframe.png</bordertexture>
	<fadetime>FanartCrossFadeTime</fadetime>
	<aspectratio>keep</aspectratio>
	<visible>Control.IsVisible(50)</visible>
	</control>
	<control type="label"><!-- Nome do canal -->
	<left>615</left>
	<top>420</top>
	<width>625</width>
	<height>20</height>
	<textcolor>$VAR[value_headercolor]</textcolor>
	<font>Font_20A</font>
	<label>$INFO[ListItem.Label]</label>
	<scroll>true</scroll>
	</control>
	<control type="label"><!-- Nome do programa -->
	<left>615</left>
	<top>445</top>
	<width>625</width>
	<height>20</height>
	<textcolor>FFFFFAF0</textcolor>
	<font>Font_18A</font>
	<label>$INFO[ListItem.Title]</label>
	<scroll>true</scroll>
	</control>
	<control type="image">
	<left>615</left>
	<top>468</top>
	<width>625</width>
	<height>2</height>
	<align>left</align>
	<texture flipx="true">divider.png</texture>
	</control>
	<control type="label"><!-- Genero -->
	<left>615</left>
	<top>470</top>
	<width>625</width>
	<height>20</height>
	<align>left</align>
	<textcolor>FFFFFAF0</textcolor>
	<font>Font_18A</font>
	<label>$INFO[ListItem.Genre]</label>
	<scroll>true</scroll>
	</control>
	<control type="image">
	<left>615</left>
	<top>493</top>
	<width>625</width>
	<height>2</height>
	<align>left</align>
	<texture flipx="true">divider.png</texture>
	</control>
	<control type="label">
	<left>615</left>
	<top>496</top>
	<width>160</width>
	<height>20</height>
	<font>Font_18A</font>
	<textcolor>FFFFFAF0</textcolor>>
	<label>$INFO[ListItem.StartTime]$INFO[ListItem.EndTime, / ]</label>
	<animation effect="fade" reversible="true" time="300">VisibleChange</animation>
	</control>	
	<control type="progress">
	<left>615</left>
	<top>520</top>
	<width>625</width>
	<height>5</height>
	<info>ListItem.Progress</info>
	<animation effect="fade" end="90" condition="true">Conditional</animation>
	<animation effect="fade" reversible="true" time="300">VisibleChange</animation>
	<visible>ListItem.HasEpg</visible>
	</control>
	<control type="textbox">
	<left>615</left>
	<top>525</top>
	<width>625</width>
	<height>135</height>
	<textcolor>FFFFFAF0</textcolor>
	<font>Font_18A</font>
	<label>$INFO[ListItem.Plot]</label>
	<autoscroll delay="10000" time="3000" repeat="10000">!Skin.HasSetting(noallowscroll)</autoscroll>
	<animation effect="fade" reversible="true" time="300">VisibleChange</animation>
	</control>

	<control type="group"><!-- Controles -->
	<visible>Player.HasMedia</visible>
	<animation effect="slide" start="1280,0" end="0,0" time="500" delay="1000" tween="sine" easing="out">WindowOpen</animation>
	<animation effect="slide" start="1280,0" end="0,0" time="500" delay="1000" tween="sine" easing="out">Visible</animation>
	<animation effect="slide" start="0,0" end="1280,0" time="500" delay="1000" tween="sine" easing="out">Hidden</animation>
	<control type="image">
	<left>925</left>
	<top>390</top>
	<width>500</width>
	<height>28</height>
	<texture flipx="true" flipy="true">widgets_panel.png</texture>
	<colordiffuse>$VAR[value_texturecolor]</colordiffuse>
	<include>Animation_HomeGlass</include>
	</control>
	<control type="list" id="600">
	<left>970</left>
	<top>370</top>
	<height>200</height>
	<width>400</width>
	<ondown>50</ondown>
	<onup>9900</onup>
	<onleft>600</onleft>
	<onright>600</onright>
	<viewtype>list</viewtype>
	<align>right</align>
	<orientation>horizontal</orientation>
	<scrolltime>200</scrolltime>
	<focusposition>0</focusposition>
	<itemlayout width="31" height="40">
	<control type="image">
	<top>22</top>
	<width>24</width>
	<height>24</height>
	<info>ListItem.Icon</info>
	<colordiffuse>50FFFAF0</colordiffuse>
	<include>Animation_Fade</include>
	</control>
	</itemlayout>
	<focusedlayout width="31" height="40">
	<control type="image">
	<top>22</top>
	<width>24</width>
	<height>24</height>
	<info>ListItem.Icon</info>
	<colordiffuse>50FFFAF0</colordiffuse>
	<include>Animation_Fade</include>
	<visible>!Control.HasFocus(600)</visible>
	</control>
	<control type="image">
	<top>22</top>
	<width>24</width>
	<height>24</height>
	<info>ListItem.Icon</info>
	<colordiffuse>FFFFFAF0</colordiffuse>
	<include>Animation_Fade</include>
	<visible>Control.HasFocus(600)</visible>
	</control>
	</focusedlayout>
	<content>
	<item id="1"><!-- play DVD -->
	<label>-</label>
	<icon>osd_menu_play_square.png</icon>
	<onclick>PlayDVD</onclick>
	<visible>System.HasMediaDVD + ![Player.Playing | Player.Paused | Player.Forwarding | Player.Rewinding]</visible>
	</item>
	<item id="2"><!-- pause -->
	<label>-</label>
	<icon>osd_menu_pause_square.png</icon>
	<onclick>PlayerControl(Play)</onclick>
	<visible>!Player.Paused</visible>
	</item>
	<item id="3"><!-- play -->
	<label>-</label>
	<icon>osd_menu_play_square.png</icon>
	<onclick>PlayerControl(Play)</onclick>
	<visible>Player.Paused</visible>
	</item>
	<item id="5"><!-- stop -->
	<label>-</label>
	<icon>osd_menu_stop_square.png</icon>
	<onclick>PlayerControl(Stop)</onclick>
	</item>
	<item id="6"><!-- skipbwd -->
	<label>-</label>
	<icon>osd_menu_skipbwd_square.png</icon>
	<onclick>PlayerControl(Previous)</onclick>
	<visible>!VideoPlayer.Content(LiveTV)</visible>
	</item>
	<item id="6"><!-- - canal -->
	<label>-</label>
	<icon>osd_menu_skipbwd_channeldown.png</icon>
	<onclick>PlayerControl(Previous)</onclick>
	<visible>VideoPlayer.Content(LiveTV)</visible>
	</item>
	<item id="7"><!-- rew -->
	<label>-</label>
	<icon>osd_menu_rew_square.png</icon>
	<onclick>PlayerControl(Rewind)</onclick>
	</item>
	<item id="8"><!-- ff -->
	<label>-</label>
	<icon>osd_menu_ff_square.png</icon>
	<onclick>PlayerControl(Forward)</onclick>
	</item>
	<item id="9"><!-- skipfwd -->
	<label>-</label>
	<icon>osd_menu_skipfwd_square.png</icon>
	<onclick>PlayerControl(Next)</onclick>
	<visible>!VideoPlayer.Content(LiveTV)</visible>
	</item>
	<item id="9"><!-- + canal -->
	<label>-</label>
	<icon>osd_menu_skipfwd_channelup.png</icon>
	<onclick>PlayerControl(Next)</onclick>
	<visible>VideoPlayer.Content(LiveTV)</visible>
	</item>
	<item id="12"><!-- go to fullscreen -->
	<label>-</label>
	<icon>osd_menu_fullscreen_square.png</icon>
	<onclick>fullscreen</onclick>
	</item>
	</content>
	</control>
	</control>
	<control type="label" id="29">
	<description>Current Category</description>
	<include>InvisibleButton</include>
	<visible>false</visible>
	</control>
	<control type="label" id="30">
	<description>Current Sub Category</description>
	<include>InvisibleButton</include>
	<visible>false</visible>
	</control>
	</control>

	<control type="group">
	<animation effect="fade" reversible="true" time="300">VisibleChange</animation>
	<animation effect="slide" start="0,0" end="-320,0" time="300" easing="out" tween="cubic" condition="Player.HasVideo + System.IdleTime(8) | Control.HasFocus(9920)">Conditional</animation>
	<visible>Control.IsVisible(50)</visible>
	<include>BackMenuV</include><!-- Fundo Menu -->
	<control type="label"><!-- Titulo da esquerda -->
	<top>10</top>
	<include>SettingsSectionTitle</include>
	<label>$INFO[Control.GetLabel(29)]</label>
	</control>
	<control type="label">
	<left>20</left>
	<top>695</top>
	<width>260</width>
	<height>22</height>
	<font>Font_15</font>
	<align>left</align>
	<textcolor>E4101010</textcolor>
	<include>Animation_Fade</include>
	<label>[UPPERCASE]$INFO[Control.GetLabel(29)][COLOR=80ffffff] | [/COLOR]$INFO[Control.GetLabel(30)][COLOR=80ffffff] | [/COLOR]$VAR[value_pvrnumitems][/UPPERCASE]</label>
	<scroll>true</scroll>
	<scrollout>false</scrollout>
	</control>
	<control type="list" id="50">
	<viewtype>list</viewtype>
	<left>0</left>
	<top>65</top>
	<width>300</width>
	<height>583</height>
	<onleft>9900</onleft>
	<onright condition="Player.HasVideo">600</onright>
	<ondown>50</ondown>
	<orientation>vertical</orientation>
	<focusposition>2</focusposition>
	<scrolltime>300</scrolltime>
	<pagecontrol>71</pagecontrol>
	<itemlayout width="300" height="60">
	<control type="image">
	<left>0</left>
	<top>0</top>
	<width>298</width>
	<height>3</height>
	<texture flipx="true">divider.png</texture>
	<colordiffuse>90FFFFFF</colordiffuse>
	</control>
	<control type="label">
	<left>20</left>
	<top>0</top>
	<width>260</width>
	<height>35</height>
	<font>Font_22</font>
	<label>$INFO[ListItem.ChannelNumber]$INFO[ListItem.Label, - ]</label>
	<align>left</align>
	<aligny>center</aligny>
	<textcolor>E4101010</textcolor>
	<selectedcolor>$VAR[value_headercolor]</selectedcolor>
	</control>
	<control type="label">
	<left>20</left>
	<top>28</top>
	<width>260</width>
	<height>20</height>
	<font>Font_15</font>
	<label>$INFO[ListItem.Title]</label>
	<align>left</align>
	<aligny>center</aligny>
	<textcolor>E4101010</textcolor>
	<selectedcolor>$VAR[value_headercolor]</selectedcolor>
	</control>
	<control type="progress">
	<left>20</left>
	<top>50</top>
	<width>260</width>
	<height>4</height>
	<info>ListItem.Progress</info>
	<visible>ListItem.HasEpg</visible>
	</control>
	</itemlayout>
	<focusedlayout width="300" height="60">
	<control type="image">
	<left>0</left>
	<top>0</top>
	<width>299</width>
	<height>60</height>
	<texture>settings_button.png</texture>
	<animation effect="fade" start="100" end="50" time="50" condition="!Control.Hasfocus(50)">conditional</animation>
	</control>
	<control type="label">
	<left>20</left>
	<top>1</top>
	<width>260</width>
	<height>35</height>
	<font>Font_22</font>
	<label>$INFO[ListItem.ChannelNumber]$INFO[ListItem.Label, - ]</label>
	<align>left</align>
	<aligny>center</aligny>
	<textcolor>FFFFFAF0</textcolor>
	<selectedcolor>$VAR[value_headercolorfocus]</selectedcolor>
	<animation effect="fade" start="100" end="50" time="0" condition="!Control.Hasfocus(50)">conditional</animation>
	</control>
	<control type="label">
	<left>20</left>
	<top>28</top>
	<width>260</width>
	<height>20</height>
	<font>Font_15</font>
	<label>$INFO[ListItem.Title]</label>
	<align>left</align>
	<aligny>center</aligny>
	<textcolor>FFFFFAF0</textcolor>
	<selectedcolor>$VAR[value_headercolor]</selectedcolor>
	</control>
	<control type="progress">
	<left>20</left>
	<top>50</top>
	<width>260</width>
	<height>4</height>
	<info>ListItem.Progress</info>
	<visible>ListItem.HasEpg</visible>
	</control>
	</focusedlayout>
	</control>
	<include>Glass</include>
	<control type="scrollbar" id="71">
	<include>ScrollBar_Horizontal</include>
	<left>620</left>
	<top>645</top>
	<width>590</width>
	<onup>SetFocus(50)</onup>
	<ondown>9920</ondown>
	<onleft>71</onleft>
	<onright>71</onright>
	<include>Animation_Fade</include>
	<visible allowhiddenfocus="true">Control.IsVisible(50) + Control.HasFocus(71)</visible>
	</control>
	</control>
	
	<!-- Furniture -->
	<include>TouchScreen</include>
	<include condition="Skin.HasSetting(pvrdate)">TopDate</include>
	<include>TopMenu_PVR</include>
	<include>BGBlack</include>
	</control>
	</controls>
</window>
