<?xml version="1.0" encoding="UTF-8"?>
<window><!-- Aeon MQ 6 -->
	<defaultcontrol always="true">51</defaultcontrol>
	<onload condition="Window.Previous(6625)">Container.SetViewMode($INFO[skin.string(setviewvideo)])</onload>
	<onload condition="Window.Previous(6625)">SetFocus(9940)</onload>	
	<onunload condition="Skin.HasSetting(kioskcode)">Skin.Reset($INFO[skin.string(custom_code)])</onunload>
	<onunload condition="Skin.HasSetting(trailers)">Skin.Reset(trailers)</onunload>
	<onunload condition="Skin.HasSetting(playlists)">Skin.Reset(playlists)</onunload>
	<onload condition="Skin.HasSetting(ontvtunes) + System.HasAddon(script.tvtunes)">RunScript(script.tvtunes,backend=True&amp;loop=False)</onload>
	<onload condition="System.HasAddon(script.videolanguage)">RunScript(script.videolanguage,backend=True)</onload> 
	<allowoverlay>no</allowoverlay>
	<views>51,52,53,54,55,56,57,59,60,61,62,63,64,65</views>
	<controls>
	<control type="image"><!-- Imagem padrao -->
	<include>WindowBG</include>
	<texture>special://skin/backgrounds/movies.jpg</texture>
    <visible>Skin.HasSetting(noliveplaylistbg)</visible>
	</control>
	<include>LiveBG</include>
	<control type="group"><!-- default group -->
	<include>Animation_Window</include>

	<control type="button" id="9900"><!-- to menu/kiosk condition -->
	<include>InvisibleButton</include>
	<onfocus condition="![Skin.HasSetting(kiosk) | Skin.HasSetting(kiosksmart) + !SubString(skin.string(codestep),step3)]">SetFocus(9300)</onfocus>
	<onfocus condition="Skin.HasSetting(kiosksmart) + !SubString(skin.string(codestep),step3)">SetFocus(9100)</onfocus>
	<onfocus condition="Skin.HasSetting(kiosk)">SetFocus(51)</onfocus>
	</control>
	<control type="button" id="9920"><!-- hidden colection/view fanart -->
	<include>InvisibleButton</include>
	<onleft>SetFocus(51)</onleft>
	<onright>SetFocus(51)</onright>
	<onup>SetFocus(51)</onup>
	<ondown>SetFocus(51)</ondown>
	</control>

	<control type="group">
	<animation effect="slide" time="400" start="0,-250" end="0,0" easing="inout" tween="cubic">WindowOpen</animation>
	<animation effect="slide" time="400" start="0,-250" end="0,0" easing="inout" tween="cubic">Visible</animation>
	<animation effect="slide" time="400" start="0,0" end="0,-250" easing="inout" tween="cubic">WindowClose</animation>
	<animation effect="slide" time="400" start="0,0" end="0,-250" easing="inout" tween="cubic">Hidden</animation>
	<visible>[Control.IsVisible(52) | Control.IsVisible(53) | Control.IsVisible(54) | Control.IsVisible(56) | Control.IsVisible(58) | Control.IsVisible(60) | Control.IsVisible(61) | Control.IsVisible(62) | Control.IsVisible(63) | Control.IsVisible(64) | Control.IsVisible(65)] + ![Control.HasFocus(9920) | Window.IsActive(2003)]</visible>
	<control type="image">
	<left>0</left>
	<top>0</top>
	<height>150</height>
	<width>1280</width>
	<texture flipy="true">shadow_mask.png</texture>
	<colordiffuse>85000000</colordiffuse>
	</control>
	<control type="group">
	<visible>!IsEmpty(Window(2003).Property(AudioLanguage.1))</visible>
	<control type="label"><!-- Title -->
	<left>30</left>
	<top>8</top>
	<width>750</width>
	<height>40</height>
	<font>Font_40</font>
	<label>$VAR[value_videotitle]</label>
	<textcolor>FFFFFAF0</textcolor>
	<scroll>true</scroll>
	<scrollout>false</scrollout>
	<visible>!IsEmpty(Window(2003).Property(AudioLanguage.1))</visible>
	</control>
	<control type="label">
	<left>30</left>
	<top>50</top>
	<width>750</width>
	<height>25</height>
	<font>Font_18A</font>
	<label>$INFO[ListItem.Tagline]</label>
	<textcolor>90FFFFFF</textcolor>
	<scroll>true</scroll>
	<scrollout>false</scrollout>
	<visible>!IsEmpty(Window(2003).Property(AudioLanguage.1))</visible>
	</control>
	</control>
	<control type="group">
	<visible>IsEmpty(Window(2003).Property(AudioLanguage.1))</visible>
	<control type="label"><!-- Title -->
	<left>30</left>
	<top>8</top>
	<width>1100</width>
	<height>40</height>
	<font>Font_40</font>
	<label>$VAR[value_videotitle]</label>
	<textcolor>FFFFFAF0</textcolor>
	<scroll>true</scroll>
	<scrollout>false</scrollout>
	<visible>IsEmpty(Window(2003).Property(AudioLanguage.1))</visible>
	</control>
	<control type="label">
	<left>30</left>
	<top>50</top>
	<width>1100</width>
	<height>25</height>
	<font>Font_18A</font>
	<label>$INFO[ListItem.Tagline]</label>
	<textcolor>90FFFFFF</textcolor>
	<scroll>true</scroll>
	<scrollout>false</scrollout>
	<visible>IsEmpty(Window(2003).Property(AudioLanguage.1))</visible>
	</control>
	</control>
	</control>	
	<control type="group"><!-- Linguagem de audio e legendas -->
	<animation effect="slide" time="400" start="0,-250" end="0,0" easing="inout" tween="cubic">WindowOpen</animation>
	<animation effect="slide" time="400" start="0,-250" end="0,0" easing="inout" tween="cubic">Visible</animation>
	<animation effect="slide" time="400" start="0,0" end="0,-250" easing="inout" tween="cubic">WindowClose</animation>
	<animation effect="slide" time="400" start="0,0" end="0,-250" easing="inout" tween="cubic">Hidden</animation>
	<animation effect="slide" end="-780,0" time="0" condition="Control.IsVisible(55)">Conditional</animation>
	<animation effect="slide" end="-450,0" time="0" condition="Control.IsVisible(57)">Conditional</animation>
	<animation effect="slide" end="-780,0" time="0" condition="Control.IsVisible(59)">Conditional</animation>
	<visible>![Skin.HasSetting(nolanguageflags) | StringCompare(ListItem.Label,..) | IsEmpty(Window(2003).Property(AudioLanguage.1)) + IsEmpty(Window(2003).Property(SubtitleLanguage.1)) | Control.IsVisible(59) | Control.HasFocus(9920) | Window.IsActive(2003)]</visible>
	<left>810</left>
	<top>15</top>
    <include>AudioandSub</include>
	</control>
    <control type="group"><!-- Grupo ocultar flags ou fanart -->
	<include>Animation_HiddenView</include>

	<control type="group">
	<animation effect="slide" start="0,300" end="0,0"  time="500" tween="sine" easing="out">WindowOpen</animation>
	<animation effect="slide" start="0,300" end="0,0"  time="500" tween="sine" easing="out">Visible</animation>
	<animation effect="fade" start="100" end="0" time="200">Hidden</animation>
	<visible>![Skin.HasSetting(nomediaflags) | Control.IsVisible(57)]</visible>
	<control type="image"><!-- Barra das etiquetas -->
	<left>0</left>
	<top>610</top>
	<width>1280</width>
	<height>82</height>
	<texture>shadow_mask.png</texture>
	<colordiffuse>$VAR[value_floorcolor]</colordiffuse>
	<include>Animation_FloorGlass</include>
	</control>
	<control type="grouplist"><!-- Etiquetas -->
	<left>20</left>
	<top>651</top>
	<orientation>horizontal</orientation>
	<itemgap>27</itemgap>
	<control type="image"><!-- Mpaa -->
	<include>FlagImage</include>
	<texture>$VAR[value_mpaa]</texture>
	<visible>!IsEmpty(ListItem.Mpaa)</visible>
	</control>
	<control type="image">
	<include>FlagSeparator</include>
	<visible>!IsEmpty(ListItem.Mpaa)</visible>
	</control>
	<control type="label"><!-- Rating -->
	<include>FlagLabel</include>
	<label>$INFO[ListItem.Rating]</label>
	<visible>!IsEmpty(ListItem.Title)</visible>
	</control>
	<control type="image">
	<include>FlagSeparator</include>
	<visible>!IsEmpty(ListItem.Title)</visible>
	</control>
	<control type="image"><!-- Codec -->
	<include>FlagImage</include>
	<texture>$VAR[value_videocodec]</texture>
	<visible>!IsEmpty(ListItem.VideoCodec)</visible>
	</control>
	<control type="image">
	<include>FlagSeparator</include>
	<visible>!IsEmpty(ListItem.VideoCodec)</visible>
	</control>
	<control type="image"><!-- Resolution -->
	<include>FlagImage</include>
	<texture>$INFO[ListItem.VideoResolution,flags/resolution/,.png]</texture>
	<visible>!IsEmpty(ListItem.VideoResolution)</visible>
	</control>
	<control type="image">
	<include>FlagSeparator</include>
	<visible>!IsEmpty(ListItem.VideoResolution)</visible>
	</control>
	<control type="image"><!-- Aspect -->
	<include>FlagImage</include>
	<texture>$INFO[ListItem.VideoAspect,flags/aspectratio/,.png]</texture>
	<visible>!IsEmpty(ListItem.VideoAspect)</visible>
	</control>
	<control type="image">
	<include>FlagSeparator</include>
	<visible>!IsEmpty(ListItem.VideoAspect)</visible>
	</control>
	<control type="image"><!-- Audio Codec -->
	<include>FlagImage</include>
	<texture>$INFO[ListItem.AudioCodec,flags/audiocodec/,.png]</texture>
	<visible>!IsEmpty(ListItem.AudioCodec)</visible>
	</control>
	<control type="image">
	<include>FlagSeparator</include>
	<visible>!IsEmpty(ListItem.AudioCodec)</visible>
	</control>
	<control type="image"><!-- Channels -->
	<include>FlagImage</include>
	<texture>$INFO[ListItem.AudioChannels,flags/audiochannels/,ch.png]</texture>
	<visible>!IsEmpty(ListItem.AudioChannels)</visible>
	</control>
	<control type="image">
	<include>FlagSeparator</include>
	<visible>!IsEmpty(ListItem.AudioChannels)</visible>
	</control>
	<control type="image"><!-- Trailer -->
	<include>FlagImage</include>
	<texture>logo_trailer.png</texture>
	<visible>!IsEmpty(ListItem.Trailer)</visible>
	</control>
	<control type="image">
	<include>FlagSeparator</include>
	<visible>!IsEmpty(ListItem.Trailer) + !StringCompare(ListItem.PercentPlayed,0)</visible>
	</control>
	<control type="label"><!-- % Played -->
	<include>FlagLabel</include>
	<label>$INFO[ListItem.PercentPlayed]%</label>
	<visible>!StringCompare(ListItem.PercentPlayed,0)</visible>
	</control>
	</control>
	<control type="image">
	<left>0</left>
	<top>650</top>
	<height>42</height>
	<width>1280</width>
	<texture>gradient_small.png</texture>
	</control>
	</control>
	<!-- ViewTypes -->
	<include>ViewRightList</include><!-- 51 -->
	<include condition="Skin.HasSetting(viewbanner_video)">ViewBanner</include><!-- 52 -->
	<include condition="Skin.HasSetting(viewbannerinfo_video)">ViewBannerInfo</include><!-- 53 -->
	<include condition="Skin.HasSetting(viewposter_video)">ViewPoster</include><!-- 54 -->
	<include condition="Skin.HasSetting(viewlowlist_video)">ViewLowList</include><!-- 55 -->
	<include condition="Skin.HasSetting(viewwall_video)">ViewWallVideo</include><!-- 56 -->
	<include condition="Skin.HasSetting(viewglasslist_video)">ViewGlassList</include><!-- 57 -->
	<include condition="Skin.HasSetting(viewcoverflow_video)">ViewCoverFlowVideo</include><!-- 58 -->	
	<include condition="Skin.HasSetting(viewwide_video)">ViewWide</include><!-- 59 -->	
	<include condition="Skin.HasSetting(viewshowart_video)">ViewShowArt</include><!-- 60 -->
	<include condition="Skin.HasSetting(viewmultiplex_video)">ViewMultiplex</include><!-- 61 -->
	<include condition="Skin.HasSetting(viewpanel_video)">ViewPanel</include><!-- 62 -->
	<include condition="Skin.HasSetting(viewshelf_video)">ViewShelf</include><!-- 63 -->
	<include condition="Skin.HasSetting(viewlandscapex_video)">ViewLandScapeX</include><!-- 64 -->
	<include condition="Skin.HasSetting(viewsets_video)">ViewSets</include><!-- 65 -->
	<include condition="Skin.HasSetting(viewshowcase_video)">ViewShowCaseVideo</include><!-- 66 -->
    </control>
	<!-- Furniture -->
	<include>TouchScreen</include>
	<include>ScrollLabel</include>
	<include>MultiData</include>
	<include>TopMenu_Video</include>
	<include>BGBlack</include>
	<include>TrailerWindow</include>
	</control>
	</controls>
</window>