<?xml version="1.0" encoding="UTF-8"?>
<window id="2600"><!-- Aeon MQ 6 -->
	<defaultcontrol always="true">51</defaultcontrol>
	<onunload condition="Skin.HasSetting(kioskcode)">Skin.Reset($INFO[skin.string(custom_code)])</onunload>
	<allowoverlay>no</allowoverlay>
	<controls>
	<control type="multiimage">
	<include>WindowBG</include>
	<imagepath background="true">$VAR[value_menutheme_weather]</imagepath>
	</control>
	<control type="group"><!-- default group -->
	<include>Animation_Window</include>
	<include>SettingsBack</include><!-- Menu da direita -->
	<control type="image">
	<left>268</left>
	<top>10</top>
	<width>824</width>
	<height>70</height>
	<aspectratio>stretch</aspectratio>
	<texture>grey.png</texture>
	<colordiffuse>$INFO[Window.Property(Alerts.Color)]</colordiffuse>
	</control>
	<!-- views -->
	<control type="group" id="3000">
	<include>Weather.Current</include>
	<include>Weather.36Hour</include>
	<include>Weather.Hourly</include>
	<include>Weather.Weekend</include>
	<include>Weather.Daily</include>
	<include>Weather.Maps</include>
	</control>
	<control type="image">
	<left>-820</left>
	<top>0</top>
	<width>846</width>
	<height>720</height>
	<texture>grey.png</texture>
	<colordiffuse>$INFO[Window.Property(Alerts.Color)]</colordiffuse>
	</control>
	<control type="image">
	<left>26r</left>
	<top>0</top>
	<width>846</width>
	<height>720</height>
	<texture>grey.png</texture>
	<colordiffuse>$INFO[Window.Property(Alerts.Color)]</colordiffuse>
	</control>
	<include>RSS</include>
	<include>SettingsMenu</include><!-- Menu da esquerda -->
	<include>Date</include>
	<control type="label">
	<include>SettingsSectionTitle</include>
	<label>31202</label>
	</control>
	<control type="grouplist" id="51">
	<left>0</left>
	<top>120</top>
	<width>240</width>
	<height>660</height>
	<orientation>vertical</orientation>
	<itemgap>0</itemgap>
	<onleft>9900</onleft>
	<focusposition>0</focusposition>
	<scrolltime>400</scrolltime>
	<control type="button" id="100"><!-- Current -->
	<label>31843</label>
	<include>SettingsButton</include>
	<onfocus>SetProperty(Weather.CurrentView,current)</onfocus>
	<onfocus>SetProperty(Weather.CurrentViewMenu,$LOCALIZE[31843])</onfocus>
	</control>
	<control type="button" id="101"><!-- 36Hour -->
	<label>31051</label>
	<include>SettingsButton</include>
	<onfocus>SetProperty(Weather.CurrentView,36hour)</onfocus>
	<onfocus>SetProperty(Weather.CurrentViewMenu,$LOCALIZE[31386])</onfocus>
	</control>
	<control type="button" id="102"><!-- Weekend -->
	<label>31841</label>
	<include>SettingsButton</include>
	<onfocus>SetProperty(Weather.CurrentView,weekend)</onfocus>
	<onfocus>SetProperty(Weather.CurrentViewMenu,$LOCALIZE[31841])</onfocus>
	</control>
	<control type="button" id="103"><!-- Hourly -->
	<label>31840</label>
	<include>SettingsButton</include>
	<onright>SetFocus(6000)</onright>
	<onfocus>SetProperty(Weather.CurrentView,hourly)</onfocus>
	<onfocus>SetProperty(Weather.CurrentViewMenu,$LOCALIZE[31840])</onfocus>
	</control>
	<control type="button" id="104"><!-- 16 Days -->
	<label>31842</label>
	<include>SettingsButton</include>
	<onright>SetFocus(70000)</onright>
	<onfocus>SetProperty(Weather.CurrentView,16days)</onfocus>
	<onfocus>SetProperty(Weather.CurrentViewMenu,$LOCALIZE[31842])</onfocus>
	</control>
	<control type="button" id="105"><!-- Maps -->
	<label>31844</label>
	<include>SettingsButton</include>
	<onfocus>SetProperty(Weather.CurrentView,maps)</onfocus>
	<onfocus>SetProperty(Weather.CurrentViewMenu,$LOCALIZE[31844])</onfocus>
	<onright>5001</onright>
	</control>
	<control type="button" id="106"><!-- Alerts -->
	<label>31054</label>
	<include>SettingsButton</include>
	<onfocus>SetProperty(Weather.CurrentView,alerts)</onfocus>
	<onfocus>SetProperty(Weather.CurrentViewMenu,$LOCALIZE[31054])</onfocus>
	<visible>!IsEmpty(Window.Property(Alerts))</visible>
	</control>
	</control>
	<control type="image">
	<left>0</left>
	<top>0</top>
	<width>250</width>
	<height>720</height>
	<texture>menu_glass.png</texture>
	<colordiffuse>70FFFAF0</colordiffuse>
	</control>
	<include>TouchScreen</include>
	<include>TopMenu_Weather</include>
	<include>BGBlack</include>
	</control>
	</controls>
</window>