<?xml version="1.0" encoding="UTF-8"?>
<window id="105"><!-- Aeon MQ 6 -->
	<defaultcontrol>-</defaultcontrol>
	<coordinates>
	<system>1</system>
	<left>0</left>
	<top>0</top>
	</coordinates>
	<controls>
	<control type="image" id="1">
	<description>Pointer Image</description>
	<left>0</left>
	<top>0</top>
	<width>32</width>
	<height>32</height>
	<texture>pointer_nofocus.png</texture>
	</control>
	<control type="image" id="2">
	<description>Pointer Focus Image</description>
	<left>0</left>
	<top>0</top>
	<width>32</width>
	<height>32</height>
	<texture>pointer_focus.png</texture>
	</control>
	<control type="image" id="3">
	<description>Pointer Drag Image</description>
	<left>0</left>
	<top>0</top>
	<width>32</width>
	<height>32</height>
	<texture>pointer_focus_drag.png</texture>
	</control>
	<control type="image" id="4">
	<description>Pointer Click Image</description>
	<left>0</left>
	<top>0</top>
	<width>32</width>
	<height>32</height>
	<texture>pointer_focus_click.png</texture>
	</control>
	</controls>
</window>