<?xml version="1.0" encoding="UTF-8"?>
<window><!-- Aeon MQ 6 -->
	<defaultcontrol>1</defaultcontrol>
	<coordinates>
	<system>1</system>
	<left>0</left>
	<top>0</top>
	</coordinates>
	<defaultcontrol>5</defaultcontrol>
	<include>Animation_DialogPopup</include>
	<controls>
	<control type="group">
	<left>217</left>
	<top>190</top>
	<width>847</width>
	<height>328</height>
	<visible>![Window.IsActive(virtualkeyboard) | Window.IsActive(126) | Window.IsActive(LockSettings)]</visible>
	<control type="image">
	<left>0</left>
	<top>0</top>
	<width>847</width>
	<height>1</height>
	<texture>grey.png</texture>
	</control>
	<control type="image">
	<left>0</left>
	<top>367</top>
	<width>847</width>
	<height>1</height>
	<texture>grey.png</texture>
	</control>
	<control type="image">
	<left>-30</left>
	<top>0</top>
	<width>30</width>
	<height>368</height>
	<texture flipx="true">shadow.png</texture>
	<colordiffuse>C3FFFFFF</colordiffuse>
	</control>
	<control type="image">
	<left>0</left>
	<top>0</top>
	<width>847</width>
	<height>368</height>
	<texture>darkgrey.png</texture>
	<colordiffuse>$VAR[value_texturecolor]</colordiffuse>
	<include>Animation_HomeGlass</include>
	</control>
	<control type="image">
	<left>0</left>
	<top>39</top>
	<width>682</width>
	<height>1</height>
	<texture>black.png</texture>
	</control>
	<control type="image">
	<left>0</left>
	<top>0</top>
	<width>682</width>
	<height>40</height>
	<texture>darkgrey.png</texture>
	<colordiffuse>$VAR[value_texturecolor]</colordiffuse>
	<include>Animation_HomeGlass</include>
	</control>
	<control type="label" id="2"><!-- header -->
	<left>10</left>
	<top>6</top>
	<width>673</width>
	<height>28</height>
	<align>center</align>
	<aligny>center</aligny>
	<label>-</label>
	<font>Font_18</font>
	<textcolor>$VAR[value_headercolor]</textcolor>	
	</control>
	<control type="group">
	<left>0</left>
	<top>40</top>
	<width>847</width>
	<height>288</height>
	<control type="image">
	<left>414</left>
	<top>0</top>
	<width>267</width>
	<height>327</height>
	<align>left</align>
	<texture>darkgrey.png</texture>
	<colordiffuse>$VAR[value_texturecolor]</colordiffuse>
	<include>Animation_HomeGlass</include>
	</control>
	<control type="image" id="101"><!-- Profile Image -->
	<left>414</left>
	<top>30</top>
	<width>267</width>
	<height>267</height>
	<align>left</align>
	<texture>DefaultUser.png</texture>
	</control>
	<control type="image">
	<left>414</left>
	<top>0</top>
	<width>2</width>
	<height>327</height>
	<texture>separator_v.png</texture>
	</control>
	<control type="image">
	<left>20</left>
	<top>203</top>
	<width>380</width>
	<height>2</height>
	<texture>divider.png</texture>
	</control>
	<control type="label"><!-- Profile Name -->
	<left>20</left>
	<top>210</top>
	<width>280</width>
	<align>left</align>
	<textcolor>$VAR[value_headercolor]</textcolor>
	<label>$LOCALIZE[20093]</label>
	</control>
	<control type="label" id="102"><!-- Profile Name Value -->
	<left>20</left>
	<top>235</top>
	<width>280</width>
	<align>left</align>
	<textcolor>FFFFFFFF</textcolor>
	</control>
	<control type="label"><!-- Profile Directory -->
	<left>20</left>
	<top>260</top>
	<width>280</width>
	<align>left</align>
	<textcolor>$VAR[value_headercolor]</textcolor>
	<label>$LOCALIZE[20070]</label>
	</control>
	<control type="label" id="103"><!-- Profile Directory Value -->
	<left>20</left>
	<top>285</top>
	<width>280</width>
	<align>left</align>
	<textcolor>FFFFFFFF</textcolor>
	</control>
	<control type="grouplist" id="5">
	<left>0</left>
	<top>20</top>
	<width>414</width>
	<height>246</height>
	<itemgap>0</itemgap>
	<onup>2</onup>
	<ondown>2</ondown>
	<onleft>28</onleft>
	<onright>28</onright>
	</control>
	<control type="button" id="7">
	<height>30</height>
	<width>414</width>
	<textoffsetx>20</textoffsetx>
	</control>
	<control type="radiobutton" id="8">
	<height>30</height>
	<width>414</width>
	<radioposx>595</radioposx>
	<textoffsetx>20</textoffsetx>
	</control>
	<control type="spincontrolex" id="9">
	<height>30</height>
	<width>414</width>
	<spinposx>-4</spinposx>
	<spinwidth>40</spinwidth>
	<spinheight>65</spinheight>
	<textoffsetx>20</textoffsetx>
	<reverse>yes</reverse>
	</control>
	<control type="image" id="11">
	<description>separator image</description>
	<width>350</width>
	<height>1</height>
	<texture>-</texture>
	</control>
	<control type="label" id="14">
	</control>
	</control>
	<control type="image"><!-- Options -->
	<left>653</left>
	<top>0</top>
	<width>30</width>
	<height>368</height>
	<texture flipx="true">shadow.png</texture>
	<colordiffuse>C3FFFFFF</colordiffuse>
	</control>
	<control type="image">
	<left>846</left>
	<top>0</top>
	<width>30</width>
	<height>368</height>
	<texture>shadow.png</texture>
	<colordiffuse>C3FFFFFF</colordiffuse>
	</control>
	<control type="image">
	<left>683</left>
	<top>0</top>
	<width>163</width>
	<height>368</height>
	<texture>grey.png</texture>
	<colordiffuse>90FFFFFF</colordiffuse>
	</control>
	<control type="grouplist" id="9001">
	<left>683</left>
	<top>42</top>
	<control type="button" id="28"><!-- OK -->
	<include>SettingsDialogButton</include>
	<label>186</label>
	<onleft>SetFocus(5)</onleft>
	<onright>SetFocus(5)</onright>
	</control>
	<control type="button" id="29"><!-- Cancel -->
	<include>SettingsDialogButton</include>
	<label>222</label>
	<onleft>SetFocus(5)</onleft>
	<onright>SetFocus(5)</onright>
	</control>
	</control>
	</control>
	</controls>
</window>