<?xml version="1.0" encoding="UTF-8"?>
<window id="5100"><!-- Aeon MQ 6 -->
	<defaultcontrol>5110</defaultcontrol>
	<zorder>3</zorder>
	<coordinates>
	<system>1</system>
	<left>0</left>
	<top>0</top>
	</coordinates>
	<controls>
	<control type="image">
	<left>0</left>
	<top>0</top>
	<width>1280</width>
	<height>720</height>
	<texture>black.png</texture>
	<colordiffuse>C3FFFFFF</colordiffuse>
	<include>Animation_Fade</include>
	</control>
	<control type="group">
	<left>410</left>
	<top>80</top>
	<include>Animation_DialogPopup</include>
	<control type="image">
	<left>0</left>
	<top>30</top>
	<width>454</width>
	<height>39</height>
	<texture>gradient_focus.png</texture>
	<colordiffuse>$VAR[value_headercolor]</colordiffuse>
	</control>
	<control type="image">
	<left>0</left>
	<top>0</top>
	<width>454</width>
	<height>39</height>
	<texture>dialogs_context_nofocus.png</texture>
	<colordiffuse>F9FFFFFF</colordiffuse>
	</control>
	<control type="label">
	<left>80</left>
	<top>8</top>
	<width>300</width>
	<height>40</height>
	<align>center</align>
	<label>31178</label>
	<font>Font_20</font>
	<textcolor>$VAR[value_headercolor]</textcolor>
	</control>
	<control type="image"><!-- background image -->
	<left>0</left>
	<top>0</top>
	<width>456</width>
	<height>720</height>
	<texture>-</texture>
	</control>
	<control type="image"><!-- top image -->
	<left>-2</left>
	<top>23</top>
	<width>463</width>
	<height>27</height>
	<texture>-</texture>
	</control>
	<control type="image"><!-- bottom image -->
	<left>-2</left>
	<top>0</top>
	<width>463</width>
	<height>27</height>
	<texture>-</texture>
	</control>
	<control type="grouplist" id="996">
	<left>0</left>
	<top>50</top>
	<width>454</width>
	<height max="670">auto</height>
	<itemgap>0</itemgap>
	<onleft>Close</onleft>
	<onright>Close</onright>
	<control type="button" id="5110"><!-- import games -->
	<include>DialogContext_Button</include>
	<label>31777</label>
	</control>
	<control type="button" id="5121"><!-- rescrape game -->
	<include>DialogContext_Button</include>
	<label>31930</label>
	</control>
	<control type="button" id="5122"><!-- rescrape selection -->
	<include>DialogContext_Button</include>
	<label>31931</label>
	</control>
	<control type="button" id="5111"><!-- add rom collection -->
	<include>DialogContext_Button</include>
	<label>31778</label>
	</control>
	<control type="button" id="5112"><!-- edit rom collection -->
	<include>DialogContext_Button</include>
	<label>31779</label>
	<onclick>PlayerControl(stop)</onclick>
	</control>
	<control type="button" id="5117"><!-- edit offline scraper -->
	<include>DialogContext_Button</include>
	<label>31780</label>
	</control>
	<control type="button" id="5113"><!-- edit command -->
	<include>DialogContext_Button</include>
	<label>31781</label>
	</control>
	<control type="button" id="5118"><!-- game as favorite -->
	<include>DialogContext_Button</include>
	<label>31782</label>
	</control>
	<control type="button" id="5119"><!-- selection as favorite -->
	<include>DialogContext_Button</include>
	<label>31783</label>
	</control>
	<control type="button" id="5120"><!-- export nfo files -->
	<include>DialogContext_Button</include>
	<label>31932</label>
	</control>
	<control type="button" id="5114"><!-- delete rom -->
	<include>DialogContext_Button</include>
	<label>31784</label>
	</control>
	<control type="button" id="5115"><!-- delete rom collection -->
	<include>DialogContext_Button</include>
	<label>31785</label>
	</control>
	<control type="button" id="5116"><!-- clean database -->
	<include>DialogContext_Button</include>
	<label>31786</label>
	</control>
	<control type="button" id="5223"><!-- open settings -->
	<include>DialogContext_Button</include>
	<label>31933</label>
	</control>
	</control>
	</control>
	</controls>
</window>