<?xml version="1.0" encoding="UTF-8"?>
<window id="5200"><!-- Aeon MQ 6 -->
	<defaultcontrol>7000</defaultcontrol>
	<controls>
	<control type="image">
	<include>WindowBG</include>
	<texture fallback="special://skin/backgrounds/games.jpg" background="true">$INFO[skin.string(games.bg)]</texture>
	</control>
	<control type="group"><!-- default group -->
	<include>Animation_Window</include>
	<include>SettingsBack</include><!-- Menu da direita -->
	<control type="label">
	<include>SettingsContentTitle</include>
	<label>$ADDON[script.games.rom.collection.browser 30000] - $ADDON[script.games.rom.collection.browser 52000]</label>
	</control>

	<!-- Settings List -->
	<control type="group">
	<left>240</left>
	<top>120</top>
	<width>1040</width>
	<height>494</height>

	<!-- Rom Collection List -->
	<control type="list" id="5210">
	<hitrect x="0" y="0" w="0" h="0" />
	<visible>!Container(7000).Hasfocus(5)</visible>
	<left>0</left>
	<top>0</top>
	<width>1040</width>
	<height>40</height>
	<onleft>5210</onleft>
	<onright>5210</onright>
	<onup>5210</onup>
	<ondown>5210</ondown>
	<pagecontrol>-</pagecontrol>
	<scrolltime>0</scrolltime>
	<itemlayout height="1" width="1040">
	</itemlayout>
	<focusedlayout height="40" width="1040">
	<control type="image">
	<left>0</left>
	<top>0</top>
	<width>1040</width>
	<height>40</height>
	<texture>settings_button_focus.png</texture>
	<visible>[Control.HasFocus(5211) | Control.HasFocus(5212)]</visible>
	</control>
	<control type="label">
	<left>50</left>
	<top>0</top>
	<width>200</width>
	<height>40</height>
	<font>Font_18</font>
	<textcolor>FFFFFAF0</textcolor>
	<align>left</align>
	<aligny>center</aligny>
	<label>$ADDON[script.games.rom.collection.browser 52001]</label>
	<visible>![Control.HasFocus(5211) | Control.HasFocus(5212)]</visible>
	</control>
	<control type="label">
	<left>50</left>
	<top>0</top>
	<width>200</width>
	<height>40</height>
	<font>Font_18</font>
	<textcolor>E4101010</textcolor>
	<align>left</align>
	<aligny>center</aligny>
	<label>$ADDON[script.games.rom.collection.browser 52001]</label>
	<visible>[Control.HasFocus(5211) | Control.HasFocus(5212)]</visible>
	</control>
	<control type="label">
	<left>915</left>
	<top>0</top>
	<width>370</width>
	<height>40</height>
	<font>Font_18</font>
	<textcolor>FFFFFAF0</textcolor>
	<align>right</align>
	<aligny>center</aligny>
	<label>$INFO[ListItem.Label]</label>
	<visible>![Control.HasFocus(5211) | Control.HasFocus(5212)]</visible>
	</control>
	<control type="label">
	<left>915</left>
	<top>0</top>
	<width>370</width>
	<height>40</height>
	<font>Font_18</font>
	<textcolor>E4101010</textcolor>
	<align>right</align>
	<aligny>center</aligny>
	<label>$INFO[ListItem.Label]</label>
	<visible>[Control.HasFocus(5211) | Control.HasFocus(5212)]</visible>
	</control>
	</focusedlayout>
	</control>
	<control type="button" id="5211">
	<description>Menu Item Next Button</description>
	<visible>!Container(7000).Hasfocus(5)</visible>
	<left>927</left>
	<top>-11</top>
	<width>40</width>
	<height>65</height>
	<label>-</label>
	<font>-</font>
	<texturenofocus>spindown.png</texturenofocus>
	<texturefocus>spindown_focus.png</texturefocus>
	<onclick>Control.Move(5210,1)</onclick>
	<onleft>7000</onleft>
	<onright>5212</onright>
	<onup>5101</onup>
	<ondown>7010</ondown>
	</control>
	<control type="button" id="5212">
	<description>Menu Item Prev Button</description>
	<visible>!Container(7000).Hasfocus(5)</visible>
	<left>967</left>
	<top>-11</top>
	<width>40</width>
	<height>65</height>
	<label>-</label>
	<font>-</font>
	<texturenofocus>spinup.png</texturenofocus>
	<texturefocus>spinup_focus.png</texturefocus>
	<onclick>Control.Move(5210,-1)</onclick>
	<onleft>5211</onleft>
	<onright>6000</onright>
	<onup>5101</onup>
	<ondown>7010</ondown>
	</control>

	<control type="group" id="7010">
	<!-- Game Import -->
	<control type="group" id="7001">
	<visible>Container(7000).Hasfocus(1)</visible>
	<left>0</left>
	<top>49</top>
	<pagecontrol>60</pagecontrol>
	<!-- Rom Path -->
	<control type="button" id="5240">
	<description>Rom Path</description>
	<left>0</left>
	<top>0</top>
	<label>$ADDON[script.games.rom.collection.browser 52006]</label>
	<align>right</align>
	<onup>5211</onup>
	<ondown>5250</ondown>
	<onleft>7000</onleft>
	<onright>6000</onright>
	</control>
	<control type="label">
	<left>50</left>
	<top>0</top>
	<width>200</width>
	<height>40</height>
	<font>Font_18</font>
	<textcolor>FFFFFAF0</textcolor>
	<align>left</align>
	<aligny>center</aligny>
	<label>$ADDON[script.games.rom.collection.browser 52006]</label>
	<visible>!Control.HasFocus(5240)</visible>
	</control>
	<control type="label">
	<left>50</left>
	<top>0</top>
	<width>200</width>
	<height>40</height>
	<font>Font_18</font>
	<textcolor>E4101010</textcolor>
	<align>left</align>
	<aligny>center</aligny>
	<label>$ADDON[script.games.rom.collection.browser 52006]</label>
	<visible>Control.HasFocus(5240)</visible>
	</control>
	<!-- Rom file mask -->
	<control type="button" id="5250">
	<description>Rom file mask</description>
	<left>0</left>
	<top>49</top>
	<label>$ADDON[script.games.rom.collection.browser 52007]</label>
	<align>right</align>
	<onup>5240</onup>
	<ondown>5330</ondown>
	<onleft>7000</onleft>
	<onright>6000</onright>
	</control>
	<control type="label">
	<left>50</left>
	<top>49</top>
	<width>200</width>
	<height>40</height>
	<font>Font_18</font>
	<textcolor>FFFFFAF0</textcolor>
	<align>left</align>
	<aligny>center</aligny>
	<label>$ADDON[script.games.rom.collection.browser 52007]</label>
	<visible>!Control.HasFocus(5250)</visible>
	</control>
	<control type="label">
	<left>50</left>
	<top>49</top>
	<width>200</width>
	<height>40</height>
	<font>Font_18</font>
	<textcolor>E4101010</textcolor>
	<align>left</align>
	<aligny>center</aligny>
	<label>$ADDON[script.games.rom.collection.browser 52007]</label>
	<visible>Control.HasFocus(5250)</visible>
	</control>
	<!-- Ignore on scan -->
	<control type="radiobutton" id="5330">
	<left>0</left>
	<top>98</top>
	<label>$ADDON[script.games.rom.collection.browser 52008]</label>
	<onleft>7000</onleft>
	<onright>6000</onright>
	<onup>5250</onup>
	<ondown>5400</ondown>
	</control>
	<!-- Allow update -->
	<control type="radiobutton" id="5400">
	<left>0</left>
	<top>147</top>
	<label>$ADDON[script.games.rom.collection.browser 52009]</label>
	<onleft>7000</onleft>
	<onright>6000</onright>
	<onup>5330</onup>
	<ondown>5410</ondown>
	</control>

	<!-- Max folder depth -->
	<control type="button" id="5410">
	<description>Max folder depth</description>
	<left>0</left>
	<top>196</top>
	<align>right</align>
	<onup>5400</onup>
	<ondown>5420</ondown>
	<onleft>7000</onleft>
	<onright>6000</onright>
	</control>
	<control type="label">
	<left>50</left>
	<top>196</top>
	<width>200</width>
	<height>40</height>
	<font>Font_18</font>
	<textcolor>FFFFFAF0</textcolor>
	<align>left</align>
	<aligny>center</aligny>
	<label>$ADDON[script.games.rom.collection.browser 52010]</label>
	<visible>!Control.HasFocus(5410)</visible>
	</control>
	<control type="label">
	<left>50</left>
	<top>196</top>
	<width>200</width>
	<height>40</height>
	<font>Font_18</font>
	<textcolor>E4101010</textcolor>
	<align>left</align>
	<aligny>center</aligny>
	<label>$ADDON[script.games.rom.collection.browser 52010]</label>
	<visible>Control.HasFocus(5410)</visible>
	</control>

	<!-- Disk indicator -->
	<control type="button" id="5420">
	<description>Disk indicator</description>
	<left>0</left>
	<top>245</top>
	<align>right</align>
	<onup>5410</onup>
	<ondown>5430</ondown>
	<onleft>7000</onleft>
	<onright>6000</onright>
	</control>
	<control type="label">
	<left>50</left>
	<top>245</top>
	<width>200</width>
	<height>40</height>
	<font>Font_18</font>
	<textcolor>FFFFFAF0</textcolor>
	<align>left</align>
	<aligny>center</aligny>
	<label>$ADDON[script.games.rom.collection.browser 52011]</label>
	<visible>!Control.HasFocus(5420)</visible>
	</control>
	<control type="label">
	<left>50</left>
	<top>245</top>
	<width>200</width>
	<height>40</height>
	<font>Font_18</font>
	<textcolor>E4101010</textcolor>
	<align>left</align>
	<aligny>center</aligny>
	<label>$ADDON[script.games.rom.collection.browser 52011]</label>
	<visible>Control.HasFocus(5420)</visible>
	</control>
	<control type="radiobutton" id="5430">
	<left>0</left>
	<top>294</top>
	<label>$ADDON[script.games.rom.collection.browser 52012]</label>
	<onleft>7000</onleft>
	<onright>6000</onright>
	<onup>5420</onup>
	<ondown>6000</ondown>
	</control>
	</control>

	<!-- Import Game data -->
	<control type="group" id="7002">
	<visible>Container(7000).Hasfocus(2)</visible>
	<left>0</left>
	<top>49</top>

	<!-- Scrapers -->
	<!-- Scraper 1 -->
	<control type="list" id="5290">
	<hitrect x="0" y="0" w="0" h="0" />
	<left>0</left>
	<top>0</top>
	<width>1040</width>
	<height>40</height>
	<onleft>5280</onleft>
	<onright>5280</onright>
	<onup>5280</onup>
	<ondown>5280</ondown>
	<enable>false</enable>
	<pagecontrol>-</pagecontrol>
	<scrolltime>0</scrolltime>
	<itemlayout height="1" width="1040">
	</itemlayout>
	<focusedlayout height="40" width="1040">
	<control type="image">
	<left>0</left>
	<top>0</top>
	<width>1040</width>
	<height>40</height>
	<texture>settings_button_focus.png</texture>
	<visible>[Control.HasFocus(5291) | Control.HasFocus(5292)]</visible>
	</control>
	<control type="label">
	<left>50</left>
	<top>0</top>
	<width>200</width>
	<height>40</height>
	<font>Font_18</font>
	<textcolor>FFFFFAF0</textcolor>
	<align>left</align>
	<aligny>center</aligny>
	<label>$ADDON[script.games.rom.collection.browser 52013]</label>
	<visible>![Control.HasFocus(5291) | Control.HasFocus(5292)]</visible>
	</control>
	<control type="label">
	<left>50</left>
	<top>0</top>
	<width>200</width>
	<height>40</height>
	<font>Font_18</font>
	<textcolor>E4101010</textcolor>
	<align>left</align>
	<aligny>center</aligny>
	<label>$ADDON[script.games.rom.collection.browser 52013]</label>
	<visible>[Control.HasFocus(5291) | Control.HasFocus(5292)]</visible>
	</control>
	<control type="label">
	<left>915</left>
	<top>0</top>
	<width>370</width>
	<height>40</height>
	<font>Font_18</font>
	<textcolor>FFFFFAF0</textcolor>
	<align>right</align>
	<aligny>center</aligny>
	<label>$INFO[ListItem.Label]</label>
	<visible>![Control.HasFocus(5291) | Control.HasFocus(5292)]</visible>
	</control>
	<control type="label">
	<left>915</left>
	<top>0</top>
	<width>370</width>
	<height>40</height>
	<font>Font_18</font>
	<textcolor>E4101010</textcolor>
	<align>right</align>
	<aligny>center</aligny>
	<label>$INFO[ListItem.Label]</label>
	<visible>[Control.HasFocus(5291) | Control.HasFocus(5292)]</visible>
	</control>
	</focusedlayout>
	</control>
	<control type="button" id="5291">
	<description>Menu Item Next Button</description>
	<left>927</left>
	<top>-11</top>
	<width>40</width>
	<height>65</height>
	<label>-</label>
	<font>-</font>
	<texturenofocus>spindown.png</texturenofocus>
	<texturefocus>spindown_focus.png</texturefocus>
	<onclick>Control.Move(5290,1)</onclick>
	<onleft>7000</onleft>
	<onright>5292</onright>
	<onup>5211</onup>
	<ondown>5301</ondown>
	</control>
	<control type="button" id="5292">
	<description>Menu Item Prev Button</description>
	<left>967</left>
	<top>-11</top>
	<width>40</width>
	<height>65</height>
	<label>-</label>
	<font>-</font>
	<texturenofocus>spinup.png</texturenofocus>
	<texturefocus>spinup_focus.png</texturefocus>
	<onclick>Control.Move(5290,-1)</onclick>
	<onleft>5291</onleft>
	<onright>6000</onright>
	<onup>5212</onup>
	<ondown>5302</ondown>
	</control>
	<!-- Scraper 2 -->
	<control type="list" id="5300">
	<hitrect x="0" y="0" w="0" h="0" />
	<left>0</left>
	<top>49</top>
	<width>1040</width>
	<height>40</height>
	<onleft>5290</onleft>
	<onright>5310</onright>
	<onup>5290</onup>
	<ondown>5310</ondown>
	<pagecontrol>-</pagecontrol>
	<scrolltime>0</scrolltime>
	<itemlayout height="1" width="1040">
	</itemlayout>
	<focusedlayout height="40" width="1040">
	<control type="image">
	<left>0</left>
	<top>0</top>
	<width>1040</width>
	<height>40</height>
	<texture>settings_button_focus.png</texture>
	<visible>[Control.HasFocus(5301) | Control.HasFocus(5302)]</visible>
	</control>
	<control type="label">
	<left>50</left>
	<top>0</top>
	<width>200</width>
	<height>40</height>
	<font>Font_18</font>
	<textcolor>FFFFFAF0</textcolor>
	<align>left</align>
	<aligny>center</aligny>
	<label>$ADDON[script.games.rom.collection.browser 52014]</label>
	<visible>![Control.HasFocus(5301) | Control.HasFocus(5302)]</visible>
	</control>
	<control type="label">
	<left>50</left>
	<top>0</top>
	<width>200</width>
	<height>40</height>
	<font>Font_18</font>
	<textcolor>E4101010</textcolor>
	<align>left</align>
	<aligny>center</aligny>
	<label>$ADDON[script.games.rom.collection.browser 52014]</label>
	<visible>[Control.HasFocus(5301) | Control.HasFocus(5302)]</visible>
	</control>
	<control type="label">
	<left>915</left>
	<top>0</top>
	<width>370</width>
	<height>40</height>
	<font>Font_18</font>
	<textcolor>FFFFFAF0</textcolor>
	<align>right</align>
	<aligny>center</aligny>
	<label>$INFO[ListItem.Label]</label>
	<visible>![Control.HasFocus(5301) | Control.HasFocus(5302)]</visible>
	</control>
	<control type="label">
	<left>915</left>
	<top>0</top>
	<width>370</width>
	<height>40</height>
	<font>Font_18</font>
	<textcolor>E4101010</textcolor>
	<align>right</align>
	<aligny>center</aligny>
	<label>$INFO[ListItem.Label]</label>
	<visible>[Control.HasFocus(5301) | Control.HasFocus(5302)]</visible>
	</control>
	</focusedlayout>
	</control>
	<control type="button" id="5301">
	<description>Menu Item Next Button</description>
	<left>927</left>
	<top>37</top>
	<width>40</width>
	<height>65</height>
	<label>-</label>
	<font>-</font>
	<texturenofocus>spindown.png</texturenofocus>
	<texturefocus>spindown_focus.png</texturefocus>
	<onclick>Control.Move(5300,1)</onclick>
	<onleft>7000</onleft>
	<onright>5302</onright>
	<onup>5291</onup>
	<ondown>5311</ondown>
	</control>
	<control type="button" id="5302">
	<description>Menu Item Prev Button</description>
	<left>967</left>
	<top>37</top>
	<width>40</width>
	<height>65</height>
	<label>-</label>
	<font>-</font>
	<texturenofocus>spinup.png</texturenofocus>
	<texturefocus>spinup_focus.png</texturefocus>
	<onclick>Control.Move(5300,-1)</onclick>
	<onleft>5301</onleft>
	<onright>6000</onright>
	<onup>5292</onup>
	<ondown>5312</ondown>
	</control>
	<!-- Scraper 3 -->
	<control type="list" id="5310">
	<hitrect x="0" y="0" w="0" h="0" />
	<left>0</left>
	<top>98</top>
	<width>1040</width>
	<height>40</height>
	<onleft>5302</onleft>
	<onright>5320</onright>
	<onup>5301</onup>
	<ondown>5320</ondown>
	<pagecontrol>-</pagecontrol>
	<scrolltime>0</scrolltime>
	<itemlayout height="1" width="1040">
	</itemlayout>
	<focusedlayout height="40" width="1040">
	<control type="image">
	<left>0</left>
	<top>0</top>
	<width>1040</width>
	<height>40</height>
	<texture>settings_button_focus.png</texture>
	<visible>[Control.HasFocus(5311) | Control.HasFocus(5312)]</visible>
	</control>
	<control type="label">
	<left>50</left>
	<top>0</top>
	<width>200</width>
	<height>40</height>
	<font>Font_18</font>
	<textcolor>FFFFFAF0</textcolor>
	<align>left</align>
	<aligny>center</aligny>
	<label>$ADDON[script.games.rom.collection.browser 52015]</label>
	<visible>![Control.HasFocus(5311) | Control.HasFocus(5312)]</visible>
	</control>
	<control type="label">
	<left>50</left>
	<top>0</top>
	<width>200</width>
	<height>40</height>
	<font>Font_18</font>
	<textcolor>E4101010</textcolor>
	<align>left</align>
	<aligny>center</aligny>
	<label>$ADDON[script.games.rom.collection.browser 52015]</label>
	<visible>[Control.HasFocus(5311) | Control.HasFocus(5312)]</visible>
	</control>
	<control type="label">
	<left>915</left>
	<top>0</top>
	<width>370</width>
	<height>40</height>
	<font>Font_18</font>
	<textcolor>FFFFFAF0</textcolor>
	<align>right</align>
	<aligny>center</aligny>
	<label>$INFO[ListItem.Label]</label>
	<visible>![Control.HasFocus(5311) | Control.HasFocus(5312)]</visible>
	</control>
	<control type="label">
	<left>915</left>
	<top>0</top>
	<width>370</width>
	<height>40</height>
	<font>Font_18</font>
	<textcolor>E4101010</textcolor>
	<align>right</align>
	<aligny>center</aligny>
	<label>$INFO[ListItem.Label]</label>
	<visible>[Control.HasFocus(5311) | Control.HasFocus(5312)]</visible>
	</control>
	</focusedlayout>
	</control>
	<control type="button" id="5311">
	<description>Menu Item Next Button</description>
	<left>927</left>
	<top>87</top>
	<width>40</width>
	<height>65</height>
	<label>-</label>
	<font>-</font>
	<texturenofocus>spindown.png</texturenofocus>
	<texturefocus>spindown_focus.png</texturefocus>
	<onclick>Control.Move(5310,1)</onclick>
	<onleft>7000</onleft>
	<onright>5312</onright>
	<onup>5301</onup>
	<ondown>5261</ondown>
	</control>
	<control type="button" id="5312">
	<description>Menu Item Prev Button</description>
	<left>967</left>
	<top>87</top>
	<width>40</width>
	<height>65</height>
	<label>-</label>
	<font>-</font>
	<texturenofocus>spinup.png</texturenofocus>
	<texturefocus>spinup_focus.png</texturefocus>
	<onclick>Control.Move(5310,-1)</onclick>
	<onleft>5311</onleft>
	<onright>6000</onright>
	<onup>5302</onup>
	<ondown>5262</ondown>
	</control>

	<!-- Media Path -->
	<control type="group">
	<left>0</left>
	<top>147</top>
	<control type="list" id="5260">
	<hitrect x="0" y="0" w="0" h="0" />
	<left>0</left>
	<top>0</top>
	<width>1040</width>
	<height>40</height>
	<onleft>7000</onleft>
	<onright>5210</onright>
	<onup>5210</onup>
	<ondown>5210</ondown>
	<pagecontrol>-</pagecontrol>
	<scrolltime>0</scrolltime>
	<enable>false</enable>
	<itemlayout height="1" width="1040">
	</itemlayout>
	<focusedlayout height="40" width="1040">
	<control type="image">
	<left>0</left>
	<top>0</top>
	<width>1040</width>
	<height>40</height>
	<texture>settings_button_focus.png</texture>
	<visible>[Control.HasFocus(5261) | Control.HasFocus(5262)]</visible>
	</control>
	<control type="label">
	<left>50</left>
	<top>0</top>
	<width>200</width>
	<height>40</height>
	<font>Font_18</font>
	<textcolor>FFFFFAF0</textcolor>
	<align>left</align>
	<aligny>center</aligny>
	<label>$ADDON[script.games.rom.collection.browser 52016]</label>
	<visible>![Control.HasFocus(5261) | Control.HasFocus(5262)]</visible>
	</control>
	<control type="label">
	<left>50</left>
	<top>0</top>
	<width>200</width>
	<height>40</height>
	<font>Font_18</font>
	<textcolor>E4101010</textcolor>
	<align>left</align>
	<aligny>center</aligny>
	<label>$ADDON[script.games.rom.collection.browser 52016]</label>
	<visible>[Control.HasFocus(5261) | Control.HasFocus(5262)]</visible>
	</control>
	<control type="label">
	<left>915</left>
	<top>0</top>
	<width>370</width>
	<height>40</height>
	<font>Font_18</font>
	<textcolor>FFFFFAF0</textcolor>
	<align>right</align>
	<aligny>center</aligny>
	<label>$INFO[ListItem.Label]</label>
	<visible>![Control.HasFocus(5261) | Control.HasFocus(5262)]</visible>
	</control>
	<control type="label">
	<left>915</left>
	<top>0</top>
	<width>370</width>
	<height>40</height>
	<font>Font_18</font>
	<textcolor>E4101010</textcolor>
	<align>right</align>
	<aligny>center</aligny>
	<label>$INFO[ListItem.Label]</label>
	<visible>[Control.HasFocus(5261) | Control.HasFocus(5262)]</visible>
	</control>
	</focusedlayout>
	</control>
	<control type="button" id="5261">
	<description>Menu Item Next Button</description>
	<left>927</left>
	<top>-11</top>
	<width>40</width>
	<height>65</height>
	<label>-</label>
	<font>-</font>
	<texturenofocus>spindown.png</texturenofocus>
	<texturefocus>spindown_focus.png</texturefocus>
	<onclick>Control.Move(5260,1)</onclick>
	<onleft>7000</onleft>
	<onright>5262</onright>
	<onup>5311</onup>
	<ondown>5270</ondown>
	</control>
	<control type="button" id="5262">
	<description>Menu Item Prev Button</description>
	<left>967</left>
	<top>-11</top>
	<width>40</width>
	<height>65</height>
	<label>-</label>
	<font>-</font>
	<texturenofocus>spinup.png</texturenofocus>
	<texturefocus>spinup_focus.png</texturefocus>
	<onclick>Control.Move(5260,-1)</onclick>
	<onleft>5261</onleft>
	<onright>6000</onright>
	<onup>5312</onup>
	<ondown>5270</ondown>
	</control>

	<!-- Media Path -->
	<control type="button" id="5270">
	<description>Media Path</description>
	<left>0</left>
	<top>49</top>
	<label>$ADDON[script.games.rom.collection.browser 52017]</label>
	<align>right</align>
	<aligny>center</aligny>
	<onup>5262</onup>
	<ondown>5280</ondown>
	<onleft>7000</onleft>
	<onright>6000</onright>
	</control>
	<control type="label">
	<left>50</left>
	<top>49</top>
	<width>200</width>
	<height>40</height>
	<font>Font_18</font>
	<textcolor>FFFFFAF0</textcolor>
	<align>left</align>
	<aligny>center</aligny>
	<label>$ADDON[script.games.rom.collection.browser 52017]</label>
	<visible>!Control.HasFocus(5270)</visible>
	</control>
	<control type="label">
	<left>50</left>
	<top>49</top>
	<width>200</width>
	<height>40</height>
	<font>Font_18</font>
	<textcolor>E4101010</textcolor>
	<align>left</align>
	<aligny>center</aligny>
	<label>$ADDON[script.games.rom.collection.browser 52017]</label>
	<visible>Control.HasFocus(5270)</visible>
	</control>
	<!-- File Mask -->
	<control type="button" id="5280">
	<description>Media File Mask</description>
	<left>0</left>
	<top>98</top>
	<label>$ADDON[script.games.rom.collection.browser 52018]</label>
	<align>right</align>
	<aligny>center</aligny>
	<onup>5270</onup>
	<ondown>5490</ondown>
	<onleft>7000</onleft>
	<onright>6000</onright>
	</control>
	<control type="label">
	<left>50</left>
	<top>98</top>
	<width>200</width>
	<height>40</height>
	<font>Font_18</font>
	<textcolor>FFFFFAF0</textcolor>
	<align>left</align>
	<aligny>center</aligny>
	<label>$ADDON[script.games.rom.collection.browser 52018]</label>
	<visible>!Control.HasFocus(5280)</visible>
	</control>
	<control type="label">
	<left>50</left>
	<top>98</top>
	<width>200</width>
	<height>40</height>
	<font>Font_18</font>
	<textcolor>E4101010</textcolor>
	<align>left</align>
	<aligny>center</aligny>
	<label>$ADDON[script.games.rom.collection.browser 52018]</label>
	<visible>Control.HasFocus(5280)</visible>
	</control>

	<control type="button" id="5490">
	<description>Remove Media path</description>
	<left>0</left>
	<top>147</top>
	<label>$ADDON[script.games.rom.collection.browser 52019]</label>
	<align>left</align>
	<aligny>center</aligny>
	<onup>5280</onup>
	<ondown>5500</ondown>
	<onleft>7000</onleft>
	<onright>6000</onright>
	</control>
	<control type="button" id="5500">
	<description>Add Media path</description>
	<left>0</left>
	<top>196</top>
	<label>$ADDON[script.games.rom.collection.browser 52020]</label>
	<align>left</align>
	<aligny>center</aligny>
	<onup>5490</onup>
	<ondown>6000</ondown>
	<onleft>7000</onleft>
	<onright>6000</onright>
	</control>
	</control>
	</control>

	<!-- Game Browsing -->
	<control type="group" id="7002">
	<visible>Container(7000).Hasfocus(3)</visible>
	<left>0</left>
	<top>40</top>

	<control type="list" id="5320">
	<hitrect x="0" y="0" w="0" h="0" />
	<enable>false</enable>
	<left>0</left>
	<top>0</top>
	<width>1040</width>
	<height>40</height>
	<onleft>5320</onleft>
	<onright>5320</onright>
	<onup>5320</onup>
	<ondown>5320</ondown>
	<pagecontrol>-</pagecontrol>
	<scrolltime>0</scrolltime>
	<itemlayout height="1" width="1040">
	</itemlayout>
	<focusedlayout height="40" width="1040">
	<control type="image">
	<left>0</left>
	<top>0</top>
	<width>1040</width>
	<height>40</height>
	<texture>settings_button_focus.png</texture>
	<visible>[Control.HasFocus(5321) | Control.HasFocus(5322)]</visible>
	</control>
	<control type="label">
	<left>50</left>
	<top>0</top>
	<width>300</width>
	<height>40</height>
	<font>Font_18</font>
	<textcolor>FFFFFAF0</textcolor>
	<align>left</align>
	<aligny>center</aligny>
	<label>$ADDON[script.games.rom.collection.browser 52021]</label>
	<visible>![Control.HasFocus(5321) | Control.HasFocus(5322)]</visible>
	</control>
	<control type="label">
	<left>50</left>
	<top>0</top>
	<width>300</width>
	<height>40</height>
	<font>Font_18</font>
	<textcolor>E4101010</textcolor>
	<align>left</align>
	<aligny>center</aligny>
	<label>$ADDON[script.games.rom.collection.browser 52021]</label>
	<visible>[Control.HasFocus(5321) | Control.HasFocus(5322)]</visible>
	</control>
	<control type="label">
	<left>915</left>
	<top>0</top>
	<width>370</width>
	<height>40</height>
	<font>Font_18</font>
	<textcolor>FFFFFAF0</textcolor>
	<align>right</align>
	<aligny>center</aligny>
	<label>$INFO[ListItem.Label]</label>
	<visible>![Control.HasFocus(5321) | Control.HasFocus(5322)]</visible>
	</control>
	<control type="label">
	<left>915</left>
	<top>0</top>
	<width>370</width>
	<height>40</height>
	<font>Font_18</font>
	<textcolor>E4101010</textcolor>
	<align>right</align>
	<aligny>center</aligny>
	<label>$INFO[ListItem.Label]</label>
	<visible>[Control.HasFocus(5321) | Control.HasFocus(5322)]</visible>
	</control>
	</focusedlayout>
	</control>
	<control type="button" id="5321">
	<description>Menu Item Next Button</description>
	<left>927</left>
	<top>-11</top>
	<width>40</width>
	<height>65</height>
	<label>-</label>
	<font>-</font>
	<texturenofocus>spindown.png</texturenofocus>
	<texturefocus>spindown_focus.png</texturefocus>
	<onclick>Control.Move(5320,1)</onclick>
	<onleft>7000</onleft>
	<onright>5322</onright>
	<onup>5211</onup>
	<ondown>5341</ondown>
	</control>
	<control type="button" id="5322">
	<description>Menu Item Prev Button</description>
	<left>967</left>
	<top>-11</top>
	<width>40</width>
	<height>65</height>
	<label>-</label>
	<font>-</font>
	<texturenofocus>spinup.png</texturenofocus>
	<texturefocus>spinup_focus.png</texturefocus>
	<onclick>Control.Move(5320,-1)</onclick>
	<onleft>5321</onleft>
	<onright>6000</onright>
	<onup>5212</onup>
	<ondown>5342</ondown>
	</control>

	<control type="list" id="5340">
	<hitrect x="0" y="0" w="0" h="0" />
	<enable>false</enable>
	<left>0</left>
	<top>40</top>
	<width>1040</width>
	<height>40</height>
	<onleft>5340</onleft>
	<onright>5340</onright>
	<onup>5340</onup>
	<ondown>5340</ondown>
	<pagecontrol>-</pagecontrol>
	<scrolltime>0</scrolltime>
	<itemlayout height="1" width="1040">
	</itemlayout>
	<focusedlayout height="40" width="1040">
	<control type="image">
	<left>0</left>
	<top>0</top>
	<width>1040</width>
	<height>40</height>
	<texture>settings_button_focus.png</texture>
	<visible>[Control.HasFocus(5341) | Control.HasFocus(5342)]</visible>
	</control>
	<control type="label">
	<left>50</left>
	<top>0</top>
	<width>300</width>
	<height>40</height>
	<font>Font_18</font>
	<textcolor>FFFFFAF0</textcolor>
	<align>left</align>
	<aligny>center</aligny>
	<label>$ADDON[script.games.rom.collection.browser 52022]</label>
	<visible>![Control.HasFocus(5341) | Control.HasFocus(5342)]</visible>
	</control>
	<control type="label">
	<left>50</left>
	<top>0</top>
	<width>300</width>
	<height>40</height>
	<font>Font_18</font>
	<textcolor>E4101010</textcolor>
	<align>left</align>
	<aligny>center</aligny>
	<label>$ADDON[script.games.rom.collection.browser 52022]</label>
	<visible>[Control.HasFocus(5341) | Control.HasFocus(5342)]</visible>
	</control>
	<control type="label">
	<left>915</left>
	<top>0</top>
	<width>370</width>
	<height>40</height>
	<font>Font_18</font>
	<textcolor>FFFFFAF0</textcolor>
	<align>right</align>
	<aligny>center</aligny>
	<label>$INFO[ListItem.Label]</label>
	<visible>![Control.HasFocus(5341) | Control.HasFocus(5342)]</visible>
	</control>
	<control type="label">
	<left>915</left>
	<top>0</top>
	<width>370</width>
	<height>40</height>
	<font>Font_18</font>
	<textcolor>E4101010</textcolor>
	<align>right</align>
	<aligny>center</aligny>
	<label>$INFO[ListItem.Label]</label>
	<visible>[Control.HasFocus(5341) | Control.HasFocus(5342)]</visible>
	</control>
	</focusedlayout>
	</control>
	<control type="button" id="5341">
	<description>Menu Item Next Button</description>
	<left>927</left>
	<top>28</top>
	<width>40</width>
	<height>65</height>
	<label>-</label>
	<font>-</font>
	<texturenofocus>spindown.png</texturenofocus>
	<texturefocus>spindown_focus.png</texturefocus>
	<onclick>Control.Move(5340,1)</onclick>
	<onleft>7000</onleft>
	<onright>5342</onright>
	<onup>5321</onup>
	<ondown>5350</ondown>
	</control>
	<control type="button" id="5342">
	<description>Menu Item Prev Button</description>
	<left>967</left>
	<top>28</top>
	<width>40</width>
	<height>65</height>
	<label>-</label>
	<font>-</font>
	<texturenofocus>spinup.png</texturenofocus>
	<texturefocus>spinup_focus.png</texturefocus>
	<onclick>Control.Move(5340,-1)</onclick>
	<onleft>5341</onleft>
	<onright>6000</onright>
	<onup>5322</onup>
	<ondown>5350</ondown>
	</control>
	<control type="radiobutton" id="5350"><!-- Autoplay Main -->
	<left>0</left>
	<top>80</top>
	<label>$ADDON[script.games.rom.collection.browser 52023]</label>
	<onleft>7000</onleft>
	<onright>6000</onright>
	<onup>5342</onup>
	<ondown>5360</ondown>
	</control>
	<control type="radiobutton" id="5360"><!-- Autoplay Info -->
	<left>0</left>
	<top>120</top>
	<label>$ADDON[script.games.rom.collection.browser 52036]</label>
	<onleft>7000</onleft>
	<onright>6000</onright>
	<onup>5350</onup>
	<ondown>6000</ondown>
	</control>
	</control>

	<!-- Game Launching -->
	<control type="group" id="7003">
	<visible>Container(7000).Hasfocus(4)</visible>
	<left>0</left>
	<top>40</top>
	<height>200</height>
	<!-- Emulator Cmd -->
	<control type="button" id="5220">
	<description>EmuCmd</description>
	<left>0</left>
	<top>0</top>
	<height>40</height>
	<label>$INFO[ListItem.Label]</label>
	<align>right</align>
	<aligny>center</aligny>
	<onup>5212</onup>
	<ondown>5230</ondown>
	<onleft>7000</onleft>
	<onright>6000</onright>
	</control>
	<control type="label">
	<left>50</left>
	<top>0</top>
	<width>200</width>
	<height>40</height>
	<font>Font_18</font>
	<textcolor>FFFFFAF0</textcolor>
	<align>left</align>
	<aligny>center</aligny>
	<label>$ADDON[script.games.rom.collection.browser 52024]</label>
	<visible>!Control.Hasfocus(5220)</visible>
	</control>
	<control type="label">
	<left>50</left>
	<top>0</top>
	<width>200</width>
	<height>40</height>
	<font>Font_18</font>
	<textcolor>E4101010</textcolor>
	<align>left</align>
	<aligny>center</aligny>
	<label>$ADDON[script.games.rom.collection.browser 52024]</label>
	<visible>Control.Hasfocus(5220)</visible>
	</control>
	<!-- Emulator Params -->
	<control type="button" id="5230">
	<description>EmuParams</description>
	<left>0</left>
	<top>45</top>
	<height>40</height>
	<align>right</align>
	<aligny>center</aligny>
	<onup>5220</onup>
	<ondown>5440</ondown>
	<onleft>7000</onleft>
	<onright>6000</onright>
	</control>
	<control type="label">
	<left>50</left>
	<top>45</top>
	<width>200</width>
	<height>40</height>
	<font>Font_18</font>
	<textcolor>FFFFFAF0</textcolor>
	<align>left</align>
	<aligny>center</aligny>
	<label>$ADDON[script.games.rom.collection.browser 52025]</label>
	<visible>!Control.Hasfocus(5230)</visible>
	</control>
	<control type="label">
	<left>50</left>
	<top>45</top>
	<width>200</width>
	<height>40</height>
	<font>Font_18</font>
	<textcolor>E4101010</textcolor>
	<align>left</align>
	<aligny>center</aligny>
	<label>$ADDON[script.games.rom.collection.browser 52025]</label>
	<visible>Control.Hasfocus(5230)</visible>
	</control>
	<!-- Use emu solo -->
	<control type="radiobutton" id="5440">
	<left>0</left>
	<top>90</top>
	<height>40</height>
	<label>$ADDON[script.games.rom.collection.browser 52026]</label>
	<onleft>7000</onleft>
	<onright>6000</onright>
	<onup>5230</onup>
	<ondown>5530</ondown>
	</control>
	<!-- Use Popen -->
	<control type="radiobutton" id="5530">
	<left>0</left>
	<top>135</top>
	<height>40</height>
	<label>$ADDON[script.games.rom.collection.browser 52027]</label>
	<onleft>7000</onleft>
	<onright>6000</onright>
	<onup>5440</onup>
	<ondown>5450</ondown>
	</control>
	<!-- Do not extract zip files -->
	<control type="radiobutton" id="5450">
	<left>0</left>
	<top>180</top>
	<height>40</height>
	<label>$ADDON[script.games.rom.collection.browser 52028]</label>
	<onleft>7000</onleft>
	<onright>6000</onright>
	<onup>5530</onup>
	<ondown>5460</ondown>
	</control>
	<!-- Savestate path -->
	<control type="button" id="5460">
	<description>Savestates</description>
	<left>0</left>
	<top>225</top>
	<height>40</height>
	<align>right</align>
	<aligny>center</aligny>
	<onup>5450</onup>
	<ondown>5470</ondown>
	<onleft>7000</onleft>
	<onright>6000</onright>
	</control>
	<control type="label">
	<left>50</left>
	<top>225</top>
	<width>200</width>
	<height>40</height>
	<font>Font_18</font>
	<textcolor>FFFFFAF0</textcolor>
	<align>left</align>
	<aligny>center</aligny>
	<label>$ADDON[script.games.rom.collection.browser 52029]</label>
	<visible>!Control.Hasfocus(5460)</visible>
	</control>
	<control type="label">
	<left>50</left>
	<top>225</top>
	<width>200</width>
	<height>40</height>
	<font>Font_18</font>
	<textcolor>E4101010</textcolor>
	<align>left</align>
	<aligny>center</aligny>
	<label>$ADDON[script.games.rom.collection.browser 52029]</label>
	<visible>Control.Hasfocus(5460)</visible>
	</control>
	<!-- Savestate file mask -->
	<control type="button" id="5470">
	<description>Savestates</description>
	<left>0</left>
	<top>270</top>
	<height>40</height>
	<align>right</align>
	<aligny>center</aligny>
	<onup>5460</onup>
	<ondown>5480</ondown>
	<onleft>7000</onleft>
	<onright>6000</onright>
	</control>
	<control type="label">
	<left>50</left>
	<top>270</top>
	<width>200</width>
	<height>40</height>
	<font>Font_18</font>
	<textcolor>FFFFFAF0</textcolor>
	<align>left</align>
	<aligny>center</aligny>
	<label>$ADDON[script.games.rom.collection.browser 52030]</label>
	<visible>!Control.Hasfocus(5470)</visible>
	</control>
	<control type="label">
	<left>50</left>
	<top>270</top>
	<width>200</width>
	<height>40</height>
	<font>Font_18</font>
	<textcolor>E4101010</textcolor>
	<align>left</align>
	<aligny>center</aligny>
	<label>$ADDON[script.games.rom.collection.browser 52030]</label>
	<visible>Control.Hasfocus(5470)</visible>
	</control>
	<!-- Savestate params -->
	<control type="button" id="5480">
	<description>Savestates</description>
	<left>0</left>
	<top>315</top>
	<height>40</height>
	<align>right</align>
	<aligny>center</aligny>
	<onup>5470</onup>
	<ondown>5510</ondown>
	<onleft>7000</onleft>
	<onright>6000</onright>
	</control>
	<control type="label">
	<left>50</left>
	<top>315</top>
	<width>200</width>
	<height>40</height>
	<font>Font_18</font>
	<textcolor>FFFFFAF0</textcolor>
	<align>left</align>
	<aligny>center</aligny>
	<label>$ADDON[script.games.rom.collection.browser 52031]</label>
	<visible>!Control.Hasfocus(5480)</visible>
	</control>
	<control type="label">
	<left>50</left>
	<top>315</top>
	<width>200</width>
	<height>40</height>
	<font>Font_18</font>
	<textcolor>E4101010</textcolor>
	<align>left</align>
	<aligny>center</aligny>
	<label>$ADDON[script.games.rom.collection.browser 52031]</label>
	<visible>Control.Hasfocus(5480)</visible>
	</control>
	<!-- PreCmd -->
	<control type="button" id="5510">
	<description>Pre-Launch Command</description>
	<left>0</left>
	<top>360</top>
	<height>40</height>
	<align>right</align>
	<aligny>center</aligny>
	<onup>5480</onup>
	<ondown>5520</ondown>
	<onleft>7000</onleft>
	<onright>6000</onright>
	</control>
	<control type="label">
	<left>50</left>
	<top>360</top>
	<width>200</width>
	<height>40</height>
	<font>Font_18</font>
	<textcolor>FFFFFAF0</textcolor>
	<align>left</align>
	<aligny>center</aligny>
	<label>$ADDON[script.games.rom.collection.browser 52032]</label>
	<visible>!Control.Hasfocus(5510)</visible>
	</control>
	<control type="label">
	<left>50</left>
	<top>360</top>
	<width>200</width>
	<height>40</height>
	<font>Font_18</font>
	<textcolor>E4101010</textcolor>
	<align>left</align>
	<aligny>center</aligny>
	<label>$ADDON[script.games.rom.collection.browser 52032]</label>
	<visible>Control.Hasfocus(5510)</visible>
	</control>
	<!-- PostCmd -->
	<control type="button" id="5520">
	<description>Post-Launch Command</description>
	<left>0</left>
	<top>405</top>
	<height>40</height>
	<align>right</align>
	<aligny>center</aligny>
	<onup>5510</onup>
	<ondown>6000</ondown>
	<texturenofocus>-</texturenofocus>
	<onleft>7000</onleft>
	<onright>6000</onright>
	</control>
	<control type="label">
	<left>50</left>
	<top>405</top>
	<width>200</width>
	<height>40</height>
	<font>Font_18</font>
	<textcolor>FFFFFAF0</textcolor>
	<align>left</align>
	<aligny>center</aligny>
	<label>$ADDON[script.games.rom.collection.browser 52033]</label>
	<visible>!Control.Hasfocus(5520)</visible>
	</control>
	<control type="label">
	<left>50</left>
	<top>405</top>
	<width>200</width>
	<height>40</height>
	<font>Font_18</font>
	<textcolor>E4101010</textcolor>
	<align>left</align>
	<aligny>center</aligny>
	<label>$ADDON[script.games.rom.collection.browser 52033]</label>
	<visible>Control.Hasfocus(5520)</visible>
	</control>
	</control>
	</control>
	</control>
	<control type="image">
	<left>240</left>
	<top>622</top>
	<width>1040</width>
	<height>40</height>
	<texture>darkgrey.png</texture>
	<colordiffuse>$VAR[value_texturecolor]</colordiffuse>
	<animation effect="fade" end="85" condition="true">Conditional</animation>
	</control>
	<control type="grouplist" id="9001">
	<left>240</left>
	<top>622</top>
	<itemgap>0</itemgap>
	<onup>7000</onup>
	<ondown>7000</ondown>
	<orientation>horizontal</orientation>
	<control type="button" id="6000"><!-- OK -->
	<width>520</width>
	<include>SettingsBottomButton</include>
	<label>$ADDON[script.games.rom.collection.browser 32634]</label>
	</control>
	<control type="button" id="6010"><!-- Cancel -->
	<width>520</width>
	<include>SettingsBottomButton</include>
	<label>$ADDON[script.games.rom.collection.browser 32635]</label>
	</control>
	</control>
	<include>RSS</include>
	<include>SettingsMenu</include><!-- Menu da esquerda -->
	<include>Date</include>
	<control type="label">
	<include>SettingsSectionTitle</include>
	<label>31202</label>
	</control>
	<control type="group">
	<control type="list" id="7000">
	<left>0</left>
	<top>120</top>
	<width>249</width>
	<height>600</height>
	<onleft>7010</onleft>
	<onright>7010</onright>
	<orientation>vertical</orientation>
	<itemgap>0</itemgap>
	<focusposition>0</focusposition>
	<scrolltime>400</scrolltime>
	<itemlayout width="240" height="40">
	<control type="label">
	<include>SettingsLabel</include>
	<label>$INFO[ListItem.Label]</label>
	</control>
	</itemlayout>
	<focusedlayout width="240" height="40">
	<control type="image">
	<include>SettingsImage</include>
	<animation effect="fade" start="100" end="50" time="0" condition="!Control.Hasfocus(7000)">conditional</animation>
	</control>
	<control type="label">
	<include>SettingsLabelFocus</include>
	<label>$INFO[ListItem.Label]</label>
	</control>
	</focusedlayout>
	<content>
	<item id="1">
	<label>$ADDON[script.games.rom.collection.browser 52002]</label>
	<onclick>noop</onclick>
	</item>
	<item id="2">
	<label>$ADDON[script.games.rom.collection.browser 52003]</label>
	<onclick>noop</onclick>
	</item>
	<item id="3">
	<label>$ADDON[script.games.rom.collection.browser 52004]</label>
	<onclick>noop</onclick>
	</item>
	<item id="4">
	<label>$ADDON[script.games.rom.collection.browser 52005]</label>
	<onclick>noop</onclick>
	</item>
	</content>
	</control>
	<control type="image">
	<left>0</left>
	<top>0</top>
	<width>250</width>
	<height>720</height>
	<texture>menu_glass.png</texture>
	<colordiffuse>70FFFAF0</colordiffuse>
	</control>
	</control>
	<include>BGBlack</include>
	</control>
	</controls>
</window>