<?xml version="1.0" encoding="UTF-8"?>
<window><!-- Aeon MQ 6 -->
	<allowoverlay>yes</allowoverlay>
	<defaultcontrol always="true">3000</defaultcontrol>
	<controls>
	<control type="group"><!-- default group -->
	<include>Animation_Window</include>
	<control type="image">
	<left>0</left>
	<top>0</top>
	<width>1280</width>
	<height>720</height>
	<texture>black.png</texture>
	</control>
	<control type="multiimage"><!-- Fanart -->
	<left>0</left>
	<top>0</top>
	<width>1280</width>
	<height>720</height>
	<aspectratio>keep</aspectratio>
	<imagepath background="true">$VAR[value_defaultgamesfanart]</imagepath>
	</control>
	<control type="multiimage"><!-- Fanart -->
	<left>0</left>
	<top>0</top>
	<width>1280</width>
	<height>720</height>
	<aspectratio>keep</aspectratio>
	<imagepath fallback="special://skin/backgrounds/default.jpg" background="true">$VAR[value_gamesfanart]</imagepath>
	</control>
	<control type="group">
	<control type="image">
	<left>0</left>
	<top>0</top>
	<height>150</height>
	<width>1280</width>
	<texture flipy="true">shadow_mask.png</texture>
	<colordiffuse>75000000</colordiffuse>
	</control>
	<control type="label"><!-- Title -->
	<left>30</left>
	<top>8</top>
	<width>1100</width>
	<height>40</height>
	<font>Font_40</font>
	<label>$INFO[ListItem.Label]</label>
	<textcolor>FFFFFAF0</textcolor>
	<scroll>true</scroll>
	<scrollout>false</scrollout>
	</control>
	<control type="label">
	<left>30</left>
	<top>50</top>
	<width>1100</width>
	<height>25</height>
	<font>Font_21</font>
	<label>$INFO[ListItem.Tagline]</label>
	<textcolor>90FFFFFF</textcolor>
	<scroll>true</scroll>
	<scrollout>false</scrollout>
	</control>
	<control type="image"><!-- Star -->
	<left>1179</left>
	<top>5</top>
	<width>73</width>
	<height>73</height>
	<align>center</align>
	<aligny>center</aligny>
	<texture>star.png</texture>
	<colordiffuse>FFFFFAF0</colordiffuse>
	</control>
	<control type="label">
	<left>1185</left>
	<top>15</top>
	<width>60</width>
	<height>60</height>
	<align>center</align>
	<aligny>center</aligny>
	<font>Font_18A</font>
	<label>[B]$INFO[ListItem.Rating][/B]</label>
	<textcolor>FF101010</textcolor>
	</control>
	<control type="image">
	<left>0</left>
	<top>80</top>
	<width>1280</width>
	<height>386</height>
	<texture>darkgrey.png</texture>
	<colordiffuse>$VAR[value_texturecolor]</colordiffuse>
	<include>Animation_HomeGlass</include>
	</control>
	<control type="image">
	<left>0</left>
	<top>0</top>
	<width>1280</width>
	<height>80</height>
	<texture>gradient_small.png</texture>
	</control>
	<control type="image">
	<left>205</left>
	<top>80</top>
	<height>190</height>
	<width>2</width>
	<texture>separator_v.png</texture>
	</control>
	<control type="image">
	<left>0</left>
	<top>136</top>
	<height>2</height>
	<width>686</width>
	<texture>separator.png</texture>
	</control>
	<control type="label"><!-- Year -->
	<left>220</left>
	<top>80</top>
	<height>40</height>
	<width>110</width>
	<align>left</align>
	<aligny>center</aligny>
	<font>Font_24A</font>
	<label>$INFO[ListItem.Property(year)]</label>
	<textcolor>FFFFFAF0</textcolor>
	</control>
	<control type="label"><!-- Genre -->
	<left>220</left>
	<top>103</top>
	<height>40</height>
	<width>490</width>
	<align>left</align>
	<aligny>center</aligny>
	<font>Font_18A</font>
	<label>$INFO[ListItem.Property(genre)]</label>
	<textcolor>FFFFFAF0</textcolor>
	<scroll>true</scroll>
	<scrollout>false</scrollout>
	</control>
	<control type="list" id="49"><!-- Lista de botoes/info -->
	<left>20</left>
	<top>145</top>
	<width>740</width>
	<height>330</height>
	<onleft>149</onleft>
	<onright>149</onright>
	<onup>149</onup>
	<ondown>149</ondown>
	<itemgap>0</itemgap>
	<pagecontrol>-</pagecontrol>
	<scrolltime>200</scrolltime>
	<itemlayout height="20">
	<control type="label">
	<left>-28</left>
	<top>0</top>
	<width>200</width>
	<height>20</height>
	<align>right</align>
	<aligny>center</aligny>
	<font>Font_18A</font>
	<textcolor>$VAR[value_headercolor]</textcolor>
	<selectedcolor>$VAR[value_headercolor]</selectedcolor>
	<label>$INFO[ListItem.Label]</label>
	<scroll>true</scroll>
	</control>
	<control type="label">
	<left>200</left>
	<top>0</top>
	<width>490</width>
	<height>20</height>
	<align>left</align>
	<aligny>center</aligny>
	<font>Font_18A</font>
	<textcolor>FFFFFAF0</textcolor>
	<selectedcolor>E4101010</selectedcolor>
	<label>$INFO[ListItem.Label2]</label>
	<scroll>true</scroll>
	</control>
	</itemlayout>
	<focusedlayout height="20">
	<control type="image">
	<left>190</left>
	<top>0</top>
	<width>510</width>
	<height>20</height>
	<texture>settings_button_focus.png</texture>
	<visible>Control.HasFocus(49)</visible>
	</control>
	<control type="label">
	<left>-28</left>
	<top>0</top>
	<width>200</width>
	<height>20</height>
	<align>right</align>
	<aligny>center</aligny>
	<font>Font_18A</font>
	<textcolor>$VAR[value_headercolor]</textcolor>
	<selectedcolor>$VAR[value_headercolor]</selectedcolor>
	<label>$INFO[ListItem.Label]</label>
	</control>
	<control type="label">
	<left>200</left>
	<top>0</top>
	<width>490</width>
	<height>20</height>
	<align>left</align>
	<aligny>center</aligny>
	<font>Font_18A</font>
	<textcolor>FFFFFAF0</textcolor>
	<selectedcolor>$VAR[value_headercolorfocus]</selectedcolor>
	<label>$INFO[ListItem.Label2]</label>
	<visible>!Control.HasFocus(49)</visible>
	</control>
	<control type="label">
	<left>200</left>
	<top>0</top>
	<width>490</width>
	<height>20</height>
	<align>left</align>
	<aligny>center</aligny>
	<font>Font_18A</font>
	<textcolor>E4101010</textcolor>
	<selectedcolor>$VAR[value_headercolorfocus]</selectedcolor>
	<label>$INFO[ListItem.Label2]</label>
	<visible>Control.HasFocus(49)</visible>
	</control>
	</focusedlayout>
	<content>
	<item>
	<label>$LOCALIZE[20376]:</label><!-- Original Title/Movies - Premiered/TvShows -->
	<label2>$INFO[ListItem.Property(originaltitle)]</label2>
	<onclick>noop</onclick>
	</item>
	<item>
	<label>$LOCALIZE[31788]:</label><!-- Developer -->
	<label2>$INFO[ListItem.Property(developer)]</label2>
	<onclick>noop</onclick>
	</item>
	<item>
	<label>$LOCALIZE[31771]:</label><!-- Publisher -->
	<label2>$INFO[ListItem.Property(publisher)]</label2>
	<onclick>noop</onclick>
	</item>
	<item>
	<label>$LOCALIZE[31776]:</label><!-- Perspective -->
	<label2>$INFO[ListItem.Property(perspective)]</label2>
	<onclick>noop</onclick>
	</item>
	<item>
	<label>$LOCALIZE[20026]:</label><!-- Region -->
	<label2>$INFO[ListItem.Property(region)]</label2>
	<onclick>noop</onclick>
	</item>
	</content>
	</control>
	<control type="image">
	<left>0</left>
	<top>270</top>
	<height>2</height>
	<width>686</width>
	<texture>separator.png</texture>
	</control>
	<control type="textbox"><!-- Plot -->
	<left>30</left>
	<top>280</top>
	<width>635</width>
	<height>175</height>
	<align>justify</align>
	<font>Font_18A</font>
	<label>$INFO[ListItem.Property(plot)]</label>
	<textcolor>FFFFFAF0</textcolor>
	<autoscroll delay="15000" time="5000" repeat="15000">!Skin.HasSetting(noinfoplotscroll)</autoscroll>
	</control>
	<control type="image"><!-- Thumb -->
	<left>687</left>
	<top>80</top>
	<height>386</height>
	<width>563</width>
	<aspectratio align="left">keep</aspectratio>
	<texture background="true">$INFO[ListItem.Property(gameinfobig)]</texture>
	<visible>!Control.HasFocus(151)</visible>
	</control>
	<control type="image"><!-- Thumb -->
	<left>687</left>
	<top>80</top>
	<height>386</height>
	<width>563</width>
	<aspectratio align="left">keep</aspectratio>
	<texture background="true">$INFO[Container(151).ListItem.Icon]</texture>
	<visible>Control.HasFocus(151)</visible>
	</control>
	<control type="image"><!-- Thumb 1 big -->
	<left>687</left>
	<top>80</top>
	<height>386</height>
	<width>563</width>
	<aspectratio align="left">keep</aspectratio>
	<texture background="true">$INFO[ListItem.Property(gameinfoupperright)]</texture>
	<visible>![Control.HasFocus(151) | Player.Playing]</visible>
	</control>
	<control type="image" id="2710"><!-- Thumb Gameinfoupper -->
	<left>687</left>
	<top>80</top>
	<height>386</height>
	<width>563</width>
	<aspectratio align="left">keep</aspectratio>
	<texture background="true">$INFO[ListItem.Property(gameinfoupper)]</texture>
	<visible>!Control.HasFocus(151)</visible>
	</control>
	<control type="image" id="2720"><!-- Thumb Gameinfolower -->
	<left>687</left>
	<top>80</top>
	<height>386</height>
	<width>563</width>
	<aspectratio align="left">keep</aspectratio>
	<texture background="true">$INFO[ListItem.Property(gameinfolower)]</texture>
	<visible>!Control.HasFocus(151)</visible>
	</control>
	<control type="image" id="2730"><!-- Thumb Gameinfoleft -->
	<left>687</left>
	<top>80</top>
	<height>386</height>
	<width>563</width>
	<aspectratio align="left">keep</aspectratio>
	<texture background="true">$INFO[ListItem.Property(gameinfoleft)]</texture>
	<visible>!Control.HasFocus(151)</visible>
	</control>
	<control type="image" id="2740"><!-- Thumb Gameinforight -->
	<left>687</left>
	<top>80</top>
	<height>386</height>
	<width>563</width>
	<aspectratio align="left">keep</aspectratio>
	<texture background="true">$INFO[ListItem.Property(gameinforight)]</texture>
	<visible>!Control.HasFocus(151)</visible>
	</control>
	<control type="videowindow" id="2800"><!-- Video Window Small -->
	<left>687</left>
	<top>80</top>
	<height>386</height>
	<width>563</width>
	<aspectratio align="left">keep</aspectratio>
	<visible>![IsEmpty(ListItem.Property(videosizesmall)) | Control.HasFocus(151)]</visible>
	</control>
	<control type="button"><!-- click absorber -->
	<description>click absorber</description>
	<left>687</left>
	<top>80</top>
	<height>386</height>
	<width>563</width>
	<texturefocus></texturefocus>
	<texturenofocus></texturenofocus>
	<visible>!IsEmpty(ListItem.Property(videosizesmall)) + !Control.HasFocus(151)</visible>
	</control>
	<control type="videowindow"><!-- Video Window Big -->
	<description>video control</description>
	<left>687</left>
	<top>80</top>
	<height>386</height>
	<width>563</width>
	<aspectratio align="left">keep</aspectratio>
	<visible>!IsEmpty(ListItem.Property(videosizebig))</visible>
	</control>
	<control type="button"><!-- click absorber -->
	<left>687</left>
	<top>80</top>
	<height>386</height>
	<width>563</width>
	<texturefocus></texturefocus>
	<texturenofocus></texturenofocus>
	<visible>!IsEmpty(ListItem.Property(videosizebig))</visible>
	</control>
	<control type="image">
	<left>686</left>
	<top>80</top>
	<height>386</height>
	<width>2</width>
	<texture>separator_v.png</texture>
	</control>
	<control type="image">
	<left>0</left>
	<top>80</top>
	<height>2</height>
	<width>1280</width>
	<texture>separator.png</texture>
	</control>
	<control type="image">
	<left>0</left>
	<top>650</top>
	<width>1280</width>
	<height>70</height>
	<texture>darkgrey.png</texture>
	<colordiffuse>$VAR[value_floorcolor]</colordiffuse>	
	</control>
	<control type="image"><!-- Fundo do rodape -->
	<left>0</left>
	<top>650</top>
	<width>1280</width>
	<height>70</height>
	<texture>shadow_mask.png</texture>
	<colordiffuse>$VAR[value_floorcolor]</colordiffuse>	
	<include>Animation_FloorGlass</include>
	</control>
	<control type="image">
	<left>0</left>
	<top>494</top>
	<height>186</height>
	<width>1280</width>
	<texture>darkgrey.png</texture>
	<colordiffuse>$VAR[value_texturecolor]</colordiffuse>
	<include>Animation_DefaultGlass</include>
	</control>
	<control type="grouplist"><!-- Etiquetas -->
	<left>34</left>
	<top>682</top>
	<orientation>horizontal</orientation>
	<itemgap>35</itemgap>
	<animation effect="slide" start="0,300" end="0,0" time="500" tween="sine" easing="out">WindowOpen</animation>
	<animation effect="slide" start="0,300" end="0,0" time="500" tween="sine" easing="out">Visible</animation>
	<animation effect="slide" start="0,0" end="0,300" time="500" tween="sine" easing="in">Hidden</animation>
	<visible>Control.HasFocus(149)</visible>
	</control>
	<control type="group">
	<left>0</left>
	<top>685</top>
	<animation effect="slide" start="0,300" end="0,0" time="500" tween="sine" easing="out">WindowOpen</animation>
	<animation effect="slide" start="0,300" end="0,0" time="500" tween="sine" easing="out">Visible</animation>
	<animation effect="slide" start="0,0" end="0,300" time="500" tween="sine" easing="in">Hidden</animation>
	<visible>Control.HasFocus(151)</visible>
	<control type="label">
	<left>30</left>
	<top>0</top>
	<width>400</width>
	<height>27</height>
	<align>left</align>
	<aligny>center</aligny>
	<font>Font_18A</font>
	<label>31789</label>
	<textcolor>$VAR[value_flagscolor]</textcolor>
	</control>
	<control type="label">
	<left>315</left>
	<top>0</top>
	<width>650</width>
	<align>center</align>
	<aligny>center</aligny>
	<font>Font_24</font>
	<label>$INFO[Container(151).ListItem.Label]</label>	
	<textcolor>$VAR[value_flagscolor]</textcolor>
	<scroll>true</scroll>
	</control>
	</control>
	<control type="image">
	<left>0</left>
	<top>680</top>
	<height>43</height>
	<width>1280</width>
	<texture>gradient_small.png</texture>
	</control>
	<control type="image"><!-- Cast -->
	<left>0</left>
	<top>679</top>
	<width>1280</width>
	<height>30</height>
	<texture flipy="true">shadow_h.png</texture>
	<colordiffuse>C3FFFFFF</colordiffuse>
	</control>
	<control type="image">
	<left>0</left>
	<top>494</top>
	<height>186</height>
	<width>1280</width>
	<texture>darkgrey.png</texture>
	<colordiffuse>$VAR[value_texturecolor]</colordiffuse>
	<include>Animation_HomeGlass</include>
	</control>

	<!-- Game List -->
	<control type="group" id="1000">
	<control type="wraplist" id="59">
	<left>550</left>
	<top>10</top>
	<height>60</height>
	<width>635</width>
	<onleft>1000</onleft>
	<onright>1000</onright>
	<onup>3000</onup>
	<ondown>3000</ondown>
	<scrolltime>200</scrolltime>
	</control>
	</control>
	<control type="list" id="151">
	<viewtype label="List">List Info</viewtype>
	<left>30</left>
	<top>492</top>
	<width>1220</width>
	<height>220</height>
	<onup>3000</onup>
	<ondown>SetFocus(160)</ondown>
	<orientation>horizontal</orientation>
	<scrolltime>400</scrolltime>
	<focusposition>3</focusposition>
	<itemlayout height="170" width="300">
	<control type="image">
	<left>0</left>
	<top>5</top>
	<width>300</width>
	<height>180</height>
	<aligny>center</aligny>
	<align>center</align>
	<aspectratio>keep</aspectratio>
	<texture background="true">$INFO[ListItem.Icon]</texture>
	<bordertexture border="-2">black.png</bordertexture>
	<colordiffuse>FF909090</colordiffuse>
	</control>
	</itemlayout>
	<focusedlayout height="170" width="300">
	<control type="image">
	<left>0</left>
	<top>5</top>
	<width>300</width>
	<height>180</height>
	<aligny>center</aligny>
	<align>center</align>
	<aspectratio>keep</aspectratio>
	<texture background="true">$INFO[ListItem.Icon]</texture>
	<bordertexture border="-2">black.png</bordertexture>
	<colordiffuse>FF909090</colordiffuse>
	<include>Animation_Fade</include>
	<visible>!Control.HasFocus(151)</visible>
	</control>
	<control type="image">
	<left>0</left>
	<top>5</top>
	<width>300</width>
	<height>180</height>
	<aligny>center</aligny>
	<align>center</align>
	<aspectratio>keep</aspectratio>
	<texture background="true">$INFO[ListItem.Icon]</texture>
	<bordertexture border="-2">grey.png</bordertexture>
	<include>Animation_Fade</include>
	<visible>Control.HasFocus(151)</visible>
	</control>
	</focusedlayout>
	<content>
	<item id="2400"><!-- game image 1 -->
	<icon>$INFO[ListItem.Property(gameinfoupperright)]</icon>
	<label>31924</label>
	<onclick>noop</onclick>
	</item>
	<item id="2500"><!-- game image 2 -->
	<icon>$INFO[ListItem.Property(gameinfolowerright)]</icon>
	<label>31925</label>
	<onclick>noop</onclick>
	</item>
	<item id="2600"><!-- game image 3 -->
	<icon>$INFO[ListItem.Property(gameinfolowerleft)]</icon>
	<label>31926</label>
	<onclick>noop</onclick>
	</item>
	<item id="2700"><!-- game image 4 -->
	<icon>$INFO[ListItem.Property(gameinfoupperleft)]</icon>
	<label>31927</label>
	<onclick>noop</onclick>
	</item>
	</content>
	</control>
	<control type="group"><!-- Menu bar -->
	<left>0</left>
	<top>465</top>
	<control type="image">
	<left>0</left>
	<top>-30</top>
	<width>1280</width>
	<height>30</height>
	<texture>shadow_h.png</texture>
	<colordiffuse>C3FFFFFF</colordiffuse>
	</control>
	<control type="image">
	<left>0</left>
	<top>29</top>
	<width>1280</width>
	<height>30</height>
	<texture flipy="true">shadow_h.png</texture>
	<colordiffuse>C3FFFFFF</colordiffuse>
	</control>
	<control type="image">
	<left>0</left>
	<top>0</top>
	<width>1280</width>
	<height>30</height>
	<texture>darkgrey.png</texture>
	<colordiffuse>$VAR[value_texturecolor]</colordiffuse>
	<include>Animation_DefaultGlass2</include>
	</control>
	<control type="button" id="3000">
	<left>0</left>
	<top>3</top>
	<width>640</width>
	<height>25</height>
	<align>center</align>
	<aligny>center</aligny>
	<onup>9900</onup>
	<ondown>151</ondown>
	<onleft>3001</onleft>
	<onright>3001</onright>	
	<label>$ADDON[script.games.rom.collection.browser 32756]</label>
	</control>
	<control type="button" id="3001">
	<left>640</left>
	<top>3</top>
	<width>640</width>
	<height>25</height>
	<align>center</align>
	<aligny>center</aligny>
	<onup>9900</onup>
	<ondown>151</ondown>
	<onleft>3000</onleft>
	<onright>3000</onright>	
	<onclick>XBMC.PlayMedia($ESCINFO[ListItem.Property(gameplayinfo)],1)</onclick>
	<visible>!IsEmpty(ListItem.Property(autoplayvideoinfo)) + !IsEmpty(ListItem.Property(gameplayinfo))</visible>
	</control>
	</control>
	<control type="button" id="160">
	<onup>SetFocus(151)</onup>
	<ondown>SetFocus(151)</ondown>
	<onleft>SetFocus(151)</onleft>
	<onright>SetFocus(151)</onright>
	<include>InvisibleButton</include>
	</control>
	<control type="image">
	<left>0</left>
	<top>0</top>
	<width>1280</width>
	<height>720</height>
	<texture>darkgrey.png</texture>
	<animation effect="fade" start="0" end="100" time="200">Visible</animation>
	<animation effect="fade" start="100" end="0" time="400">Hidden</animation>
	<visible>Control.HasFocus(160)</visible>
	</control>
	<control type="image">
	<left>0</left>
	<top>0</top>
	<width>1280</width>
	<height>720</height>
	<texture>hive_back.png</texture>
	<animation effect="fade" start="0" end="100" time="200">Visible</animation>
	<animation effect="fade" start="100" end="0" time="400">Hidden</animation>
	<visible>Control.HasFocus(160)</visible>
	</control>
	<control type="image">
	<description>Cover image</description>
	<left>-1280</left>
	<top>47</top>
	<width>1280</width>
	<height>640</height>
	<texture background="true">$INFO[Container(151).ListItem.Icon]</texture>
	<aspectratio>keep</aspectratio>
	<fadetime>FanartCrossfadeTime</fadetime>
	<animation effect="slide" start="0,0" end="1280,0" time="400" tween="cubic" easing="inout" condition="Control.HasFocus(160)">Conditional</animation>
	<animation effect="slide" start="0,0" end="0,-25" time="600" delay="1000" tween="cubic" easing="inout" condition="Control.HasFocus(160)">Conditional</animation>
	</control>
	<control type="group">
	<visible>Control.HasFocus(160)</visible>
	<animation effect="slide" start="0,0" end="0,-80" time="600" delay="1000" tween="cubic" easing="inout" condition="Control.HasFocus(160)">Conditional</animation>
	<control type="image">
	<left>0</left>
	<top>760</top>
	<height>40</height>
	<width>1280</width>
	<texture>darkgrey.png</texture>
	<colordiffuse>$VAR[value_texturecolor]</colordiffuse>
	<include>Animation_HomeGlass2</include>
	</control>
	<control type="label">
	<left>0</left>
	<top>760</top>
	<height>40</height>
	<width>1280</width>
	<align>center</align>
	<aligny>center</aligny>
	<label>$INFO[Container(151).ListItem.Label]</label>
	<font>Font_24</font>
	<textcolor>FFFFFAF0</textcolor>
	<scroll>true</scroll>
	<scrollout>false</scrollout>
	</control>
	<control type="image">
	<left>0</left>
	<top>760</top>
	<height>40</height>
	<width>1280</width>
	<texture>gradient_small.png</texture>
	</control>
	</control>
	<control type="label" id="4000">
	<description>Messages</description>
	<left>10</left>
	<top>560</top>
	<width>680</width>
	<height>10</height>
	<align>left</align>
	<label></label>
	<textcolor>FFbec0c2</textcolor>
	<font>Font_18A</font>
	<scroll>true</scroll>
	</control>
	</control>
	</control>
	</controls>
</window>