<?xml version="1.0" encoding="UTF-8"?>
<window><!-- Aeon MQ 6 -->
	<defaultcontrol always="true">111</defaultcontrol>
	<coordinates>
	<system>1</system>
	<left>410</left>
	<top>199</top>
	</coordinates>
	<controls>	
	<control type="group">
	<include>Animation_DialogPopup</include>
	<control type="image" id="2">
	<include>InvisibleButton</include>
	</control>
	<control type="list" id="111">
	<left>0</left>
	<top>0</top>
	<width>454</width>
	<height>322</height>
	<onup>111</onup>
	<ondown>111</ondown>
	<onleft>Close</onleft>
	<onright>Close</onright>
	<scrolltime>200</scrolltime>
	<itemlayout height="39" width="454">
	<control type="image">
	<left>0</left>
	<top>0</top>
	<height>39</height>
	<width>454</width>
	<texture>dialogs_context_nofocus.png</texture>
	</control>
	<control type="label">
	<left>0</left>
	<top>0</top>
	<height>39</height>
	<width>454</width>
	<align>center</align>
	<aligny>top</aligny>
	<font>Font_18</font>
	<textoffsety>8</textoffsety>
	<info>ListItem.Label</info>
	<textcolor>FFFFFAF0</textcolor>
	<selectedcolor>$VAR[value_headercolor]</selectedcolor>
	</control>
	</itemlayout>
	<focusedlayout height="39" width="454">
	<control type="image">
	<left>0</left>
	<top>0</top>
	<height>39</height>
	<width>454</width>
	<texture>dialogs_context_focus.png</texture>
	</control>
	<control type="label">
	<left>0</left>
	<top>0</top>
	<height>39</height>
	<width>454</width>
	<align>center</align>
	<aligny>top</aligny>
	<font>Font_18</font>
	<textoffsety>8</textoffsety>
	<info>ListItem.Label</info>
	<textcolor>E4101010</textcolor>
	<selectedcolor>$VAR[value_headercolor]</selectedcolor>
	</control>
	</focusedlayout>
	</control>
	</control>
	</controls>
</window>