<?xml version="1.0" encoding="UTF-8"?>
<window>
	<defaultcontrol always="true">149</defaultcontrol>
	<onload>Skin.SetString(sextend_list,1000)</onload>
	<controls>
	<control type="group"><!-- default group -->
	<include>Animation_Window</include>
	<control type="image">
	<left>0</left>
	<top>0</top>
	<width>1280</width>
	<height>720</height>
	<texture>black.png</texture>
	</control>
	<control type="multiimage"><!-- Multi Fanart -->
	<include>WindowBG</include>
	<imagepath background="true">$INFO[Window.Property(movie.fanart)]</imagepath>
	</control>
	<control type="image"><!-- Single Fanart -->
	<include>WindowBG</include>
	<texture background="true">$INFO[Window.Property(movie.fanart)]</texture>
	</control>
	<include>LiveBG</include>
	<control type="image">
	<left>0</left>
	<top>0</top>
	<width>1280</width>
	<height>720</height>
	<texture>black.png</texture>
	<colordiffuse>A5FFFFFF</colordiffuse>
	<include>Animation_Fade</include>
	</control>
	<control type="image">
	<left>0</left>
	<top>0</top>
	<height>150</height>
	<width>1280</width>
	<texture flipy="true">shadow_mask.png</texture>
	<colordiffuse>75000000</colordiffuse>
	</control>
	<control type="label"><!-- Title -->
	<left>30</left>
	<top>8</top>
	<width>1100</width>
	<height>40</height>
	<font>Font_40</font>
	<label>$INFO[Window.Property(movie.title)]</label>
	<textcolor>FFFFFAF0</textcolor>
	<scroll>true</scroll>
	</control>
	<control type="label">
	<left>30</left>
	<top>50</top>
	<width>1100</width>
	<height>25</height>
	<font>Font_21</font>
	<label>$INFO[Window.Property(movie.tagline)]</label>
	<textcolor>FFFFFAF0</textcolor>
	<scroll>true</scroll>
	</control>
	<control type="image"><!-- Star -->
	<left>1179</left>
	<top>5</top>
	<width>73</width>
	<height>73</height>
	<texture>star.png</texture>
	<aspectratio align="left" aligny="center">keep</aspectratio>
	<colordiffuse>$VAR[value_headercolor]</colordiffuse>
	</control>
	<control type="label">
	<left>1185</left>
	<top>15</top>
	<width>60</width>
	<height>60</height>
	<align>center</align>
	<aligny>center</aligny>
	<font>Font_18A</font>
	<label>[B]$INFO[Window.Property(movie.rating)][/B]</label>
	<textcolor>FF101010</textcolor>
	</control>
	<control type="image">
	<left>0</left>
	<top>80</top>
	<width>1280</width>
	<height>386</height>
	<texture>darkgrey.png</texture>
	<colordiffuse>$VAR[value_texturecolor]</colordiffuse>
	<include>Animation_DefaultGlass</include>
	</control>
	<control type="image">
	<left>0</left>
	<top>0</top>
	<width>1280</width>
	<height>80</height>
	<texture>gradient_small.png</texture>
	<colordiffuse>80FFFAF0</colordiffuse>
	</control>
	<control type="image"><!-- Certification -->
	<left>30</left>
	<top>69</top>
	<height>80</height>
	<width>158</width>
	<align>center</align>
	<aligny>center</aligny>
	<aspectratio>keep</aspectratio>
	<texture>$INFO[Container(650).ListItem.Property(certification),flags/mpaa/,.png]</texture>
	</control>
	<control type="image"><!-- Country -->
	<left>0</left>
	<top>269</top>
	<height>40</height>
	<width>79</width>
	<align>center</align>
	<aligny>center</aligny>
	<aspectratio>keep</aspectratio>
	<texture>$INFO[Container(650).ListItem.Property(iso_3166_1),flags/language/,.png]</texture>
	</control>
	<control type="label"><!-- Year -->
	<left>220</left>
	<top>80</top>
	<height>40</height>
	<width>110</width>
	<align>left</align>
	<aligny>center</aligny>
	<font>Font_24A</font>
	<label>$INFO[Window.Property(movie.year)]</label>
	<textcolor>FFFFFAF0</textcolor>
	</control>
	<control type="label"><!-- Genre -->
	<left>220</left>
	<top>103</top>
	<height>40</height>
	<width>490</width>
	<align>left</align>
	<aligny>center</aligny>
	<font>Font_18A</font>
	<label>$INFO[Window.Property(movie.genre)]</label>
	<textcolor>FFFFFAF0</textcolor>
	<scroll>true</scroll>
	<scrollout>false</scrollout>
	</control>
	<control type="list" id="49"><!-- Lista de botoes/info -->
	<left>20</left>
	<top>145</top>
	<width>740</width>
	<height>330</height>
	<onleft>149</onleft>
	<onright>149</onright>
	<onup>149</onup>
	<ondown>149</ondown>
	<itemgap>0</itemgap>
	<pagecontrol>-</pagecontrol>
	<scrolltime>200</scrolltime>
	<itemlayout height="20">
	<control type="label">
	<left>-28</left>
	<top>0</top>
	<width>200</width>
	<height>20</height>
	<align>right</align>
	<aligny>center</aligny>
	<font>Font_18A</font>
	<textcolor>$VAR[value_headercolor]</textcolor>
	<selectedcolor>$VAR[value_headercolor]</selectedcolor>
	<label>$INFO[ListItem.Label]</label>
	<scroll>true</scroll>
	</control>
	<control type="label">
	<left>200</left>
	<top>0</top>
	<width>490</width>
	<height>20</height>
	<align>left</align>
	<aligny>center</aligny>
	<font>Font_18A</font>
	<textcolor>FFFFFAF0</textcolor>
	<selectedcolor>E4101010</selectedcolor>
	<label>$INFO[ListItem.Label2]</label>
	<scroll>true</scroll>
	</control>
	</itemlayout>
	<focusedlayout height="20">
	<control type="image">
	<left>190</left>
	<top>0</top>
	<width>510</width>
	<height>20</height>
	<texture>settings_button_focus.png</texture>
	<visible>Control.HasFocus(49)</visible>
	</control>
	<control type="label">
	<left>-28</left>
	<top>0</top>
	<width>200</width>
	<height>20</height>
	<align>right</align>
	<aligny>center</aligny>
	<font>Font_18A</font>
	<textcolor>$VAR[value_headercolor]</textcolor>
	<selectedcolor>$VAR[value_headercolor]</selectedcolor>
	<label>$INFO[ListItem.Label]</label>
	</control>
	<control type="label">
	<left>200</left>
	<top>0</top>
	<width>490</width>
	<height>20</height>
	<align>left</align>
	<aligny>center</aligny>
	<font>Font_18A</font>
	<textcolor>FFFFFAF0</textcolor>
	<selectedcolor>$VAR[value_headercolorfocus]</selectedcolor>
	<label>$INFO[ListItem.Label2]</label>
	<visible>!Control.HasFocus(49)</visible>
	</control>
	<control type="label">
	<left>200</left>
	<top>0</top>
	<width>490</width>
	<height>20</height>
	<align>left</align>
	<aligny>center</aligny>
	<font>Font_18A</font>
	<textcolor>E4101010</textcolor>
	<selectedcolor>$VAR[value_headercolorfocus]</selectedcolor>
	<label>$INFO[ListItem.Label2]</label>
	<visible>Control.HasFocus(49)</visible>
	</control>
	</focusedlayout>
	<content>
	<item>
	<label>$LOCALIZE[20339]/$LOCALIZE[20417]</label><!-- Director/Written -->
	<label2>$INFO[Window.Property(movie.director)]/$INFO[Window.Property(movie.writer)]</label2>
	<onclick>SendClick(2003,13)</onclick>
	</item>
	<item>
	<label>$LOCALIZE[572]</label><!-- Studios -->
	<label2>$INFO[Container(550).ListItem(0).label]</label2>
	<onclick>noop</onclick>
	</item>
	<item>
	<label>$LOCALIZE[180]</label><!-- Duration -->
	<label2>$INFO[Window.Property(movie.Duration)] min</label2>
	<onclick>noop</onclick>
	</item>
	<item>
	<label>31994</label><!--  Top 250 -->
	<label2>$INFO[Window.Property(movie.Top250)]</label2>
	<onclick>noop</onclick>
	<visible>!IsEmpty(Window.Property(movie.Top250))</visible>
	</item>
	<item>
	<label>$LOCALIZE[205]</label><!-- Votes -->
	<label2>$INFO[Window.Property(movie.votes),, Votes]</label2>
	<onclick>noop</onclick>
	<visible>!IsEmpty(Window.Property(movie.rating))</visible>
	</item>
	</content>
	</control>
	<control type="image">
	<left>205</left>
	<top>80</top>
	<height>230</height>
	<width>2</width>
	<texture>separator_v.png</texture>
	</control>
	<control type="image">
	<left>0</left>
	<top>136</top>
	<height>2</height>
	<width>720</width>
	<texture>separator.png</texture>
	</control>
	<control type="image">
	<left>0</left>
	<top>310</top>
	<height>2</height>
	<width>987</width>
	<texture>separator.png</texture>
	<visible>!Container.Content(episodes)</visible>
	</control>
	<control type="image">
	<left>0</left>
	<top>310</top>
	<height>2</height>
	<width>719</width>
	<texture>separator.png</texture>
	<visible>Container.Content(episodes)</visible>
	</control>
	<control type="textbox"><!-- Plot -->
	<left>30</left>
	<top>320</top>
	<width>935</width>
	<height>133</height>
	<align>justify</align>
	<font>Font_18A</font>
	<label>$INFO[Window.Property(movie.Plot)]</label>
	<textcolor>FFFFFAF0</textcolor>
	<autoscroll delay="15000" time="5000" repeat="15000">!Skin.HasSetting(noinfoplotscroll)</autoscroll>
	<visible>!Container.Content(episodes)</visible>
	</control>
	<control type="textbox"><!-- Plot -->
	<left>30</left>
	<top>320</top>
	<width>660</width>
	<height>133</height>
	<align>justify</align>
	<font>Font_18A</font>
	<label>$INFO[Window.Property(movie.Plot)]</label>
	<textcolor>FFFFFAF0</textcolor>
	<autoscroll delay="15000" time="5000" repeat="15000">!Skin.HasSetting(noinfoplotscroll)</autoscroll>
	<visible>Container.Content(episodes)</visible>
	</control>
	<control type="image">
	<left>720</left>
	<top>80</top>
	<width>2</width>
	<height>230</height>
	<texture>separator_v.png</texture>
	<visible>!Container.Content(episodes)</visible>
	</control>
	<control type="image"><!-- Logo -->
	<left>755</left>
	<top>70</top>
	<height>145</height>
	<width>190</width>
	<aspectratio>keep</aspectratio>
	<texture background="true">$INFO[Container(550).ListItem(0).label,flags/studios/,.png]</texture>
	<visible>!Container.Content(episodes)</visible>
	</control>
	<control type="image"><!-- ClearArt -->
	<left>755</left>
	<top>174</top>
	<height>165</height>
	<width>190</width>
	<aspectratio align="center">keep</aspectratio>
	<texture background="true">$INFO[Container(1350).ListItem(1).Icon]</texture>
	<visible>!Container.Content(episodes)</visible>
	</control>
	<control type="image"><!-- Thumb -->
	<left>987</left>
	<top>82</top>
	<width>523</width>
	<height>382</height>
	<aspectratio align="left">keep</aspectratio>
	<texture background="true">$INFO[Window.Property(movie.Poster)]</texture>
	<bordertexture border="-2">black.png</bordertexture>
	<animation effect="slide" end="-266,0" time="0" condition="Container.Content(episodes)">Conditional</animation>
	</control>
	<control type="image">
	<left>986</left>
	<top>80</top>
	<width>2</width>
	<height>384</height>
	<texture>separator_v.png</texture>
	<animation effect="slide" end="-266,0" time="0" condition="Container.Content(episodes)">Conditional</animation>
	</control>
	<control type="image">
	<left>0</left>
	<top>80</top>
	<height>2</height>
	<width>1280</width>
	<texture>separator.png</texture>
	</control>
	<control type="image"><!-- Fundo do rodape -->
	<left>0</left>
	<top>650</top>
	<width>1280</width>
	<height>70</height>
	<texture>shadow_mask.png</texture>
	<colordiffuse>$VAR[value_floorcolor]</colordiffuse>	
	<include>Animation_FloorGlass</include>
	</control>
	<control type="image">
	<left>0</left>
	<top>494</top>
	<height>186</height>
	<width>1280</width>
	<texture>darkgrey.png</texture>
	<colordiffuse>$VAR[value_texturecolor]</colordiffuse>
	<include>Animation_DefaultGlass</include>
	</control>
	<control type="group"><!-- Nome do Elenco -->
	<left>0</left>
	<top>689</top>
	<animation effect="slide" start="0,300" end="0,0" time="500" tween="sine" easing="out">WindowOpen</animation>
	<animation effect="slide" start="0,300" end="0,0" time="500" tween="sine" easing="out">Visible</animation>
	<animation effect="slide" start="0,0" end="0,300" time="500" tween="sine" easing="in">Hidden</animation>
	<visible>ControlGroup(9000).HasFocus</visible>
	<control type="label">
	<left>30</left>
	<top>0</top>
	<width>400</width>
	<height>27</height>
	<align>left</align>
	<aligny>center</aligny>
	<font>Font_18</font>
	<label>$VAR[value_videoinfo_sublabel]</label>
	<textcolor>$VAR[value_flagscolor]</textcolor>
	</control>
	<control type="label"><!-- Labels do rodape -->
	<left>315</left>
	<top>0</top>
	<width>650</width>
	<align>center</align>
	<aligny>center</aligny>
	<font>Font_24</font>
	<label>$VAR[value_videoinfo_exfloorlabel]</label>
	<textcolor>$VAR[value_flagscolor]</textcolor>
	<scroll>true</scroll>
	</control>
	</control>
	<control type="image">
	<left>0</left>
	<top>680</top>
	<height>43</height>
	<width>1280</width>
	<texture>gradient_small.png</texture>
	</control>
	<control type="image"><!-- Cast -->
	<left>0</left>
	<top>679</top>
	<width>1285</width>
	<height>30</height>
	<texture flipy="true">shadow_h.png</texture>
	<colordiffuse>C3FFFFFF</colordiffuse>
	</control>
	<control type="image">
	<left>0</left>
	<top>494</top>
	<height>186</height>
	<width>1285</width>
	<texture>darkgrey.png</texture>
	<colordiffuse>$VAR[value_texturecolor]</colordiffuse>
	<include>Animation_DefaultGlass</include>
	</control>
	<control type="group" id="9000">
	<control type="list" id="1000"><!-- Elenco -->
	<animation effect="fade" reversible="true" time="300">VisibleChange</animation>
	<visible>StringCompare(skin.string(sextend_list),1000)</visible>	
	<viewtype label="List">List Info</viewtype>
	<left>30</left>
	<top>492</top>
	<width>1220</width>
	<height>220</height>
	<onup>149</onup>
	<ondown>Skin.Reset(coverzoom)</ondown>
	<ondown>SetFocus(160)</ondown>
	<ondown>Skin.SetBool(artistzoom)</ondown>
	<orientation>horizontal</orientation>
	<scrolltime>400</scrolltime>
	<focusposition>3</focusposition>
	<itemlayout height="170" width="181">
	<control type="image">
	<left>0</left>
	<top>5</top>
	<width>130</width>
	<height>180</height>
	<aligny>center</aligny>
	<align>center</align>
	<aspectratio>keep</aspectratio>
	<texture fallback="DefaultVideoPoster.png" background="true">$INFO[ListItem.Icon]</texture>
	<bordertexture border="-2">black.png</bordertexture>
	<colordiffuse>FF909090</colordiffuse>
	</control>
	</itemlayout>
	<focusedlayout height="170" width="181">
	<control type="image">
	<left>0</left>
	<top>5</top>
	<width>130</width>
	<height>180</height>
	<aligny>center</aligny>
	<align>center</align>
	<aspectratio>keep</aspectratio>
	<texture fallback="DefaultVideoPoster.png" background="true">$INFO[ListItem.Icon]</texture>
	<bordertexture border="-2">black.png</bordertexture>
	<colordiffuse>FF909090</colordiffuse>
	<include>Animation_Fade</include>
	<visible>!Control.HasFocus(1000)</visible>
	</control>
	<control type="image">
	<left>0</left>
	<top>5</top>
	<width>130</width>
	<height>180</height>
	<aligny>center</aligny>
	<align>center</align>
	<aspectratio>keep</aspectratio>
	<texture fallback="DefaultVideoPoster.png" background="true">$INFO[ListItem.Icon]</texture>
	<bordertexture border="-2">grey.png</bordertexture>
	<include>Animation_Fade</include>
	<visible>Control.HasFocus(1000)</visible>
	</control>
	</focusedlayout>
	</control>
	<control type="list" id="150"><!-- Similar -->
	<animation effect="fade" reversible="true" time="300">VisibleChange</animation>
	<visible>StringCompare(skin.string(sextend_list),150)</visible>	
	<viewtype label="List">List Info</viewtype>
	<left>30</left>
	<top>492</top>
	<width>1220</width>
	<height>220</height>
	<onup>149</onup>
	<ondown>Skin.Reset(coverzoom)</ondown>
	<ondown>SetFocus(160)</ondown>
	<ondown>Skin.SetBool(artistzoom)</ondown>
	<orientation>horizontal</orientation>
	<scrolltime>400</scrolltime>
	<focusposition>3</focusposition>
	<itemlayout height="170" width="181">
	<control type="image">
	<left>0</left>
	<top>5</top>
	<width>130</width>
	<height>180</height>
	<aligny>center</aligny>
	<align>center</align>
	<aspectratio>keep</aspectratio>
	<texture fallback="DefaultVideoPoster.png" background="true">$INFO[ListItem.Icon]</texture>
	<bordertexture border="-2">black.png</bordertexture>
	<colordiffuse>FF909090</colordiffuse>
	</control>
	</itemlayout>
	<focusedlayout height="170" width="181">
	<control type="image">
	<left>0</left>
	<top>5</top>
	<width>130</width>
	<height>180</height>
	<aligny>center</aligny>
	<align>center</align>
	<aspectratio>keep</aspectratio>
	<texture fallback="DefaultVideoPoster.png" background="true">$INFO[ListItem.Icon]</texture>
	<bordertexture border="-2">black.png</bordertexture>
	<colordiffuse>FF909090</colordiffuse>
	<include>Animation_Fade</include>
	<visible>!Control.HasFocus(150)</visible>
	</control>
	<control type="image">
	<left>0</left>
	<top>5</top>
	<width>130</width>
	<height>180</height>
	<aligny>center</aligny>
	<align>center</align>
	<aspectratio>keep</aspectratio>
	<texture fallback="DefaultVideoPoster.png" background="true">$INFO[ListItem.Icon]</texture>
	<bordertexture border="-2">grey.png</bordertexture>
	<include>Animation_Fade</include>
	<visible>Control.HasFocus(150)</visible>
	</control>
	</focusedlayout>
	</control>
	<control type="list" id="250"><!-- Episodios -->
	<animation effect="fade" reversible="true" time="300">VisibleChange</animation>
	<visible>StringCompare(skin.string(sextend_list),250)</visible>
	<viewtype label="List">List Info</viewtype>
	<left>30</left>
	<top>492</top>
	<width>1220</width>
	<height>220</height>
	<onup>149</onup>
	<ondown>Skin.Reset(coverzoom)</ondown>
	<ondown>SetFocus(160)</ondown>
	<ondown>Skin.SetBool(artistzoom)</ondown>
	<orientation>horizontal</orientation>
	<scrolltime>400</scrolltime>
	<focusposition>3</focusposition>
	<itemlayout height="170" width="181">
	<control type="image">
	<left>0</left>
	<top>5</top>
	<width>130</width>
	<height>180</height>
	<aligny>center</aligny>
	<align>center</align>
	<aspectratio>keep</aspectratio>
	<texture fallback="DefaultVideoPoster.png" background="true">$INFO[ListItem.Icon]</texture>
	<bordertexture border="-2">black.png</bordertexture>
	<colordiffuse>FF909090</colordiffuse>
	</control>
	</itemlayout>
	<focusedlayout height="170" width="181">
	<control type="image">
	<left>0</left>
	<top>5</top>
	<width>130</width>
	<height>180</height>
	<aligny>center</aligny>
	<align>center</align>
	<aspectratio>keep</aspectratio>
	<texture fallback="DefaultVideoPoster.png" background="true">$INFO[ListItem.Icon]</texture>
	<bordertexture border="-2">black.png</bordertexture>
	<colordiffuse>FF909090</colordiffuse>
	<include>Animation_Fade</include>
	<visible>!Control.HasFocus(250)</visible>
	</control>
	<control type="image">
	<left>0</left>
	<top>5</top>
	<width>130</width>
	<height>180</height>
	<aligny>center</aligny>
	<align>center</align>
	<aspectratio>keep</aspectratio>
	<texture fallback="DefaultVideoPoster.png" background="true">$INFO[ListItem.Icon]</texture>
	<bordertexture border="-2">grey.png</bordertexture>
	<include>Animation_Fade</include>
	<visible>Control.HasFocus(250)</visible>
	</control>
	</focusedlayout>
	</control>
	<control type="list" id="350"><!-- Trailer -->
	<animation effect="fade" reversible="true" time="300">VisibleChange</animation>
	<visible>StringCompare(skin.string(sextend_list),350)</visible>
	<viewtype label="List">List Info</viewtype>
	<left>24</left>
	<top>492</top>
	<width>1220</width>
	<height>220</height>
	<onup>149</onup>
	<orientation>horizontal</orientation>
	<scrolltime>400</scrolltime>
	<focusposition>3</focusposition>
	<itemlayout height="170" width="295">
	<control type="image">
	<left>0</left>
	<top>5</top>
	<width>350</width>
	<height>180</height>
	<aligny>center</aligny>
	<align>center</align>
	<aspectratio>keep</aspectratio>
	<texture fallback="DefaultVideoPoster.png" background="true">$INFO[ListItem.Icon]</texture>
	<bordertexture border="-2">black.png</bordertexture>
	<colordiffuse>FF909090</colordiffuse>
	</control>
	</itemlayout>
	<focusedlayout height="170" width="295">
	<control type="image">
	<left>0</left>
	<top>5</top>
	<width>350</width>
	<height>180</height>
	<aligny>center</aligny>
	<align>center</align>
	<aspectratio>keep</aspectratio>
	<texture fallback="DefaultVideoPoster.png" background="true">$INFO[ListItem.Icon]</texture>
	<bordertexture border="-2">black.png</bordertexture>
	<colordiffuse>FF909090</colordiffuse>
	<include>Animation_Fade</include>
	<visible>!Control.HasFocus(350)</visible>
	</control>
	<control type="image">
	<left>0</left>
	<top>5</top>
	<width>350</width>
	<height>180</height>
	<aligny>center</aligny>
	<align>center</align>
	<aspectratio>keep</aspectratio>
	<texture fallback="DefaultVideoPoster.png" background="true">$INFO[ListItem.Icon]</texture>
	<bordertexture border="-2">grey.png</bordertexture>
	<include>Animation_Fade</include>
	<visible>Control.HasFocus(350)</visible>
	</control>
	</focusedlayout>
	</control>
	<control type="list" id="450"><!-- Extended Info/Filmes para assistir -->
	<animation effect="fade" reversible="true" time="300">VisibleChange</animation>
	<visible>StringCompare(skin.string(sextend_list),450)</visible>
	<viewtype label="List">List Info</viewtype>
	<left>30</left>
	<top>492</top>
	<width>1220</width>
	<height>220</height>
	<onup>149</onup>
	<orientation>horizontal</orientation>
	<scrolltime>400</scrolltime>
	<focusposition>3</focusposition>
	<itemlayout height="170" width="181">
	<control type="image">
	<left>0</left>
	<top>5</top>
	<width>130</width>
	<height>180</height>
	<aligny>center</aligny>
	<align>center</align>
	<aspectratio>keep</aspectratio>
	<texture fallback="DefaultVideoPoster.png" background="true">$INFO[ListItem.Icon]</texture>
	<bordertexture border="-2">black.png</bordertexture>
	<colordiffuse>FF909090</colordiffuse>
	</control>
	</itemlayout>
	<focusedlayout height="170" width="181">
	<control type="image">
	<left>0</left>
	<top>5</top>
	<width>130</width>
	<height>180</height>
	<aligny>center</aligny>
	<align>center</align>
	<aspectratio>keep</aspectratio>
	<texture fallback="DefaultVideoPoster.png" background="true">$INFO[ListItem.Icon]</texture>
	<bordertexture border="-2">black.png</bordertexture>
	<colordiffuse>FF909090</colordiffuse>
	<include>Animation_Fade</include>
	<visible>!Control.HasFocus(450)</visible>
	</control>
	<control type="image">
	<left>0</left>
	<top>5</top>
	<width>130</width>
	<height>180</height>
	<aligny>center</aligny>
	<align>center</align>
	<aspectratio>keep</aspectratio>
	<texture fallback="DefaultVideoPoster.png" background="true">$INFO[ListItem.Icon]</texture>
	<bordertexture border="-2">grey.png</bordertexture>
	<include>Animation_Fade</include>
	<visible>Control.HasFocus(450)</visible>
	</control>
	</focusedlayout>
	</control>
	<control type="list" id="550"><!-- Extended Info/Filmes do estudio -->
	<animation effect="fade" reversible="true" time="300">VisibleChange</animation>
	<visible>StringCompare(skin.string(sextend_list),550)</visible>
	<viewtype label="List">List Info</viewtype>
	<left>30</left>
	<top>492</top>
	<width>1220</width>
	<height>220</height>
	<onup>149</onup>
	<orientation>horizontal</orientation>
	<scrolltime>400</scrolltime>
	<focusposition>3</focusposition>
	<itemlayout height="170" width="181">
	<control type="image">
	<left>0</left>
	<top>5</top>
	<width>130</width>
	<height>180</height>
	<aligny>center</aligny>
	<align>center</align>
	<aspectratio>keep</aspectratio>
	<texture fallback="DefaultVideoPoster.png" background="true">$INFO[ListItem.Icon]</texture>
	<bordertexture border="-2">black.png</bordertexture>
	<colordiffuse>FF909090</colordiffuse>
	</control>
	</itemlayout>
	<focusedlayout height="170" width="181">
	<control type="image">
	<left>0</left>
	<top>5</top>
	<width>130</width>
	<height>180</height>
	<aligny>center</aligny>
	<align>center</align>
	<aspectratio>keep</aspectratio>
	<texture fallback="DefaultVideoPoster.png" background="true">$INFO[ListItem.Icon]</texture>
	<bordertexture border="-2">black.png</bordertexture>
	<colordiffuse>FF909090</colordiffuse>
	<include>Animation_Fade</include>
	<visible>!Control.HasFocus(550)</visible>
	</control>
	<control type="image">
	<left>0</left>
	<top>5</top>
	<width>130</width>
	<height>180</height>
	<aligny>center</aligny>
	<align>center</align>
	<aspectratio>keep</aspectratio>
	<texture fallback="DefaultVideoPoster.png" background="true">$INFO[ListItem.Icon]</texture>
	<bordertexture border="-2">grey.png</bordertexture>
	<include>Animation_Fade</include>
	<visible>Control.HasFocus(550)</visible>
	</control>
	</focusedlayout>
	</control>
	<control type="list" id="650">
	<animation effect="fade" reversible="true" time="300">VisibleChange</animation>
	<visible>StringCompare(skin.string(sextend_list),650)</visible>
	<viewtype label="List">List Info</viewtype>
	<left>30</left>
	<top>492</top>
	<width>1220</width>
	<height>220</height>
	<onup>149</onup>
	<orientation>horizontal</orientation>
	<scrolltime>400</scrolltime>
	<focusposition>3</focusposition>
	<itemlayout height="170" width="181">
	<control type="image">
	<left>0</left>
	<top>5</top>
	<width>130</width>
	<height>180</height>
	<aligny>center</aligny>
	<align>center</align>
	<aspectratio>keep</aspectratio>
	<texture fallback="DefaultVideoPoster.png" background="true">$INFO[ListItem.Icon]</texture>
	<bordertexture border="-2">black.png</bordertexture>
	<colordiffuse>FF909090</colordiffuse>
	</control>
	</itemlayout>
	<focusedlayout height="170" width="181">
	<control type="image">
	<left>0</left>
	<top>5</top>
	<width>130</width>
	<height>180</height>
	<aligny>center</aligny>
	<align>center</align>
	<aspectratio>keep</aspectratio>
	<texture fallback="DefaultVideoPoster.png" background="true">$INFO[ListItem.Icon]</texture>
	<bordertexture border="-2">black.png</bordertexture>
	<colordiffuse>FF909090</colordiffuse>
	<include>Animation_Fade</include>
	<visible>!Control.HasFocus(650)</visible>
	</control>
	<control type="image">
	<left>0</left>
	<top>5</top>
	<width>130</width>
	<height>180</height>
	<aligny>center</aligny>
	<align>center</align>
	<aspectratio>keep</aspectratio>
	<texture fallback="DefaultVideoPoster.png" background="true">$INFO[ListItem.Icon]</texture>
	<bordertexture border="-2">grey.png</bordertexture>
	<include>Animation_Fade</include>
	<visible>Control.HasFocus(650)</visible>
	</control>
	</focusedlayout>
	</control>
	<control type="list" id="750"><!-- Diretor -->
	<animation effect="fade" reversible="true" time="300">VisibleChange</animation>
	<visible>StringCompare(skin.string(sextend_list),750)</visible>
	<viewtype label="List">List Info</viewtype>
	<left>30</left>
	<top>492</top>
	<width>1220</width>
	<height>220</height>
	<onup>149</onup>
	<ondown>Skin.Reset(coverzoom)</ondown>
	<ondown>SetFocus(160)</ondown>
	<ondown>Skin.SetBool(artistzoom)</ondown>
	<orientation>horizontal</orientation>
	<scrolltime>400</scrolltime>
	<focusposition>3</focusposition>
	<itemlayout height="170" width="181">
	<control type="image">
	<left>0</left>
	<top>5</top>
	<width>130</width>
	<height>180</height>
	<aligny>center</aligny>
	<align>center</align>
	<aspectratio>keep</aspectratio>
	<texture fallback="DefaultVideoPoster.png" background="true">$INFO[ListItem.Icon]</texture>
	<bordertexture border="-2">black.png</bordertexture>
	<colordiffuse>FF909090</colordiffuse>
	</control>
	</itemlayout>
	<focusedlayout height="170" width="181">
	<control type="image">
	<left>0</left>
	<top>5</top>
	<width>130</width>
	<height>180</height>
	<aligny>center</aligny>
	<align>center</align>
	<aspectratio>keep</aspectratio>
	<texture fallback="DefaultVideoPoster.png" background="true">$INFO[ListItem.Icon]</texture>
	<bordertexture border="-2">black.png</bordertexture>
	<colordiffuse>FF909090</colordiffuse>
	<include>Animation_Fade</include>
	<visible>!Control.HasFocus(750)</visible>
	</control>
	<control type="image">
	<left>0</left>
	<top>5</top>
	<width>130</width>
	<height>180</height>
	<aligny>center</aligny>
	<align>center</align>
	<aspectratio>keep</aspectratio>
	<texture fallback="DefaultVideoPoster.png" background="true">$INFO[ListItem.Icon]</texture>
	<bordertexture border="-2">grey.png</bordertexture>
	<include>Animation_Fade</include>
	<visible>Control.HasFocus(750)</visible>
	</control>
	</focusedlayout>
	</control>
	<control type="list" id="850"><!-- Extended Info/Generos -->
	<animation effect="fade" reversible="true" time="300">VisibleChange</animation>
	<visible>StringCompare(skin.string(sextend_list),850)</visible>
	<viewtype label="List">List Info</viewtype>
	<left>30</left>
	<top>492</top>
	<width>1220</width>
	<height>220</height>
	<onup>149</onup>
	<orientation>horizontal</orientation>
	<scrolltime>400</scrolltime>
	<focusposition>3</focusposition>
	<itemlayout height="170" width="181">
	<control type="image">
	<left>0</left>
	<top>5</top>
	<width>130</width>
	<height>180</height>
	<aligny>center</aligny>
	<align>center</align>
	<aspectratio>keep</aspectratio>
	<texture fallback="DefaultVideoPoster.png" background="true">$INFO[ListItem.Icon]</texture>
	<bordertexture border="-2">black.png</bordertexture>
	<colordiffuse>FF909090</colordiffuse>
	</control>
	</itemlayout>
	<focusedlayout height="170" width="181">
	<control type="image">
	<left>0</left>
	<top>5</top>
	<width>130</width>
	<height>180</height>
	<aligny>center</aligny>
	<align>center</align>
	<aspectratio>keep</aspectratio>
	<texture fallback="DefaultVideoPoster.png" background="true">$INFO[ListItem.Icon]</texture>
	<bordertexture border="-2">black.png</bordertexture>
	<colordiffuse>FF909090</colordiffuse>
	<include>Animation_Fade</include>
	<visible>!Control.HasFocus(850)</visible>
	</control>
	<control type="image">
	<left>0</left>
	<top>5</top>
	<width>130</width>
	<height>180</height>
	<aligny>center</aligny>
	<align>center</align>
	<aspectratio>keep</aspectratio>
	<texture fallback="DefaultVideoPoster.png" background="true">$INFO[ListItem.Icon]</texture>
	<bordertexture border="-2">grey.png</bordertexture>
	<include>Animation_Fade</include>
	<visible>Control.HasFocus(850)</visible>
	</control>
	</focusedlayout>
	</control>
	<control type="list" id="950"><!-- Extended Info/Filmes similares -->
	<animation effect="fade" reversible="true" time="300">VisibleChange</animation>
	<visible>StringCompare(skin.string(sextend_list),950)</visible>
	<viewtype label="List">List Info</viewtype>
	<left>30</left>
	<top>492</top>
	<width>1220</width>
	<height>220</height>
	<onup>149</onup>
	<orientation>horizontal</orientation>
	<scrolltime>400</scrolltime>
	<focusposition>3</focusposition>
	<itemlayout height="170" width="181">
	<control type="image">
	<left>0</left>
	<top>5</top>
	<width>130</width>
	<height>180</height>
	<aligny>center</aligny>
	<align>center</align>
	<aspectratio>keep</aspectratio>
	<texture fallback="DefaultVideoPoster.png" background="true">$INFO[ListItem.Icon]</texture>
	<bordertexture border="-2">black.png</bordertexture>
	<colordiffuse>FF909090</colordiffuse>
	</control>
	</itemlayout>
	<focusedlayout height="170" width="181">
	<control type="image">
	<left>0</left>
	<top>5</top>
	<width>130</width>
	<height>180</height>
	<aligny>center</aligny>
	<align>center</align>
	<aspectratio>keep</aspectratio>
	<texture fallback="DefaultVideoPoster.png" background="true">$INFO[ListItem.Icon]</texture>
	<bordertexture border="-2">black.png</bordertexture>
	<colordiffuse>FF909090</colordiffuse>
	<include>Animation_Fade</include>
	<visible>!Control.HasFocus(950)</visible>
	</control>
	<control type="image">
	<left>0</left>
	<top>5</top>
	<width>130</width>
	<height>180</height>
	<aligny>center</aligny>
	<align>center</align>
	<aspectratio>keep</aspectratio>
	<texture fallback="DefaultVideoPoster.png" background="true">$INFO[ListItem.Icon]</texture>
	<bordertexture border="-2">grey.png</bordertexture>
	<include>Animation_Fade</include>
	<visible>Control.HasFocus(950)</visible>
	</control>
	</focusedlayout>
	</control>
	<control type="list" id="1050">
	<animation effect="fade" reversible="true" time="300">VisibleChange</animation>
	<visible>StringCompare(skin.string(sextend_list),1050)</visible>
	<viewtype label="List">List Info</viewtype>
	<left>30</left>
	<top>492</top>
	<width>1220</width>
	<height>220</height>
	<onup>149</onup>
	<orientation>horizontal</orientation>
	<scrolltime>400</scrolltime>
	<focusposition>3</focusposition>
	<itemlayout height="170" width="181">
	<control type="image">
	<left>0</left>
	<top>5</top>
	<width>130</width>
	<height>180</height>
	<aligny>center</aligny>
	<align>center</align>
	<aspectratio>keep</aspectratio>
	<texture fallback="DefaultVideoPoster.png" background="true">$INFO[ListItem.Icon]</texture>
	<bordertexture border="-2">black.png</bordertexture>
	<colordiffuse>FF909090</colordiffuse>
	</control>
	</itemlayout>
	<focusedlayout height="170" width="181">
	<control type="image">
	<left>0</left>
	<top>5</top>
	<width>130</width>
	<height>180</height>
	<aligny>center</aligny>
	<align>center</align>
	<aspectratio>keep</aspectratio>
	<texture fallback="DefaultVideoPoster.png" background="true">$INFO[ListItem.Icon]</texture>
	<bordertexture border="-2">black.png</bordertexture>
	<colordiffuse>FF909090</colordiffuse>
	<include>Animation_Fade</include>
	<visible>!Control.HasFocus(1050)</visible>
	</control>
	<control type="image">
	<left>0</left>
	<top>5</top>
	<width>130</width>
	<height>180</height>
	<aligny>center</aligny>
	<align>center</align>
	<aspectratio>keep</aspectratio>
	<texture fallback="DefaultVideoPoster.png" background="true">$INFO[ListItem.Icon]</texture>
	<bordertexture border="-2">grey.png</bordertexture>
	<include>Animation_Fade</include>
	<visible>Control.HasFocus(1050)</visible>
	</control>
	</focusedlayout>
	</control>
	<control type="list" id="1150"><!-- Youtube -->
	<animation effect="fade" reversible="true" time="300">VisibleChange</animation>
	<visible>StringCompare(skin.string(sextend_list),1150)</visible>
	<viewtype label="List">List Info</viewtype>
	<left>24</left>
	<top>492</top>
	<width>1220</width>
	<height>220</height>
	<onup>149</onup>
	<orientation>horizontal</orientation>
	<scrolltime>400</scrolltime>
	<focusposition>3</focusposition>
	<itemlayout height="170" width="295">
	<control type="image">
	<left>0</left>
	<top>5</top>
	<width>350</width>
	<height>180</height>
	<aligny>center</aligny>
	<align>center</align>
	<aspectratio>keep</aspectratio>
	<texture fallback="DefaultVideoPoster.png" background="true">$INFO[ListItem.Icon]</texture>
	<bordertexture border="-2">black.png</bordertexture>
	<colordiffuse>FF909090</colordiffuse>
	</control>
	</itemlayout>
	<focusedlayout height="170" width="295">
	<control type="image">
	<left>0</left>
	<top>5</top>
	<width>350</width>
	<height>180</height>
	<aligny>center</aligny>
	<align>center</align>
	<aspectratio>keep</aspectratio>
	<texture fallback="DefaultVideoPoster.png" background="true">$INFO[ListItem.Icon]</texture>
	<bordertexture border="-2">black.png</bordertexture>
	<colordiffuse>FF909090</colordiffuse>
	<include>Animation_Fade</include>
	<visible>!Control.HasFocus(1150)</visible>
	</control>
	<control type="image">
	<left>0</left>
	<top>5</top>
	<width>350</width>
	<height>180</height>
	<aligny>center</aligny>
	<align>center</align>
	<aspectratio>keep</aspectratio>
	<texture fallback="DefaultVideoPoster.png" background="true">$INFO[ListItem.Icon]</texture>
	<bordertexture border="-2">grey.png</bordertexture>
	<include>Animation_Fade</include>
	<visible>Control.HasFocus(1150)</visible>
	</control>
	</focusedlayout>
	</control>
	<control type="list" id="1250"><!-- Arte contextual -->
	<animation effect="fade" reversible="true" time="300">VisibleChange</animation>
	<visible>StringCompare(skin.string(sextend_list),1250)</visible>
	<viewtype label="List">List Info</viewtype>
	<left>30</left>
	<top>492</top>
	<width>1220</width>
	<height>220</height>
	<onup>149</onup>
	<ondown>Skin.Reset(coverzoom)</ondown>
	<ondown>SetFocus(160)</ondown>
	<ondown>Skin.SetBool(artistzoom)</ondown>
	<orientation>horizontal</orientation>
	<scrolltime>400</scrolltime>
	<focusposition>3</focusposition>
	<itemlayout height="170" width="181">
	<control type="image">
	<left>0</left>
	<top>5</top>
	<width>130</width>
	<height>180</height>
	<aligny>center</aligny>
	<align>center</align>
	<aspectratio>keep</aspectratio>
	<texture fallback="DefaultVideoPoster.png" background="true">$INFO[ListItem.Icon]</texture>
	<bordertexture border="-2">black.png</bordertexture>
	<colordiffuse>FF909090</colordiffuse>
	</control>
	</itemlayout>
	<focusedlayout height="170" width="181">
	<control type="image">
	<left>0</left>
	<top>5</top>
	<width>130</width>
	<height>180</height>
	<aligny>center</aligny>
	<align>center</align>
	<aspectratio>keep</aspectratio>
	<texture fallback="DefaultVideoPoster.png" background="true">$INFO[ListItem.Icon]</texture>
	<bordertexture border="-2">black.png</bordertexture>
	<colordiffuse>FF909090</colordiffuse>
	<include>Animation_Fade</include>
	<visible>!Control.HasFocus(1250)</visible>
	</control>
	<control type="image">
	<left>0</left>
	<top>5</top>
	<width>130</width>
	<height>180</height>
	<aligny>center</aligny>
	<align>center</align>
	<aspectratio>keep</aspectratio>
	<texture fallback="DefaultVideoPoster.png" background="true">$INFO[ListItem.Icon]</texture>
	<bordertexture border="-2">grey.png</bordertexture>
	<include>Animation_Fade</include>
	<visible>Control.HasFocus(1250)</visible>
	</control>
	</focusedlayout>
	</control>
	<control type="list" id="1350">
	<animation effect="fade" reversible="true" time="300">VisibleChange</animation>
	<visible>StringCompare(skin.string(sextend_list),1350)</visible>
	<viewtype label="List">List Info</viewtype>
	<left>30</left>
	<top>492</top>
	<width>1220</width>
	<height>220</height>
	<onup>149</onup>
	<orientation>horizontal</orientation>
	<scrolltime>400</scrolltime>
	<focusposition>3</focusposition>
	<itemlayout height="170" width="181">
	<control type="image">
	<left>0</left>
	<top>5</top>
	<width>130</width>
	<height>180</height>
	<aligny>center</aligny>
	<align>center</align>
	<aspectratio>keep</aspectratio>
	<texture fallback="DefaultVideoPoster.png" background="true">$INFO[ListItem.Icon]</texture>
	<bordertexture border="-2">black.png</bordertexture>
	<colordiffuse>FF909090</colordiffuse>
	</control>
	</itemlayout>
	<focusedlayout height="170" width="181">
	<control type="image">
	<left>0</left>
	<top>5</top>
	<width>130</width>
	<height>180</height>
	<aligny>center</aligny>
	<align>center</align>
	<aspectratio>keep</aspectratio>
	<texture fallback="DefaultVideoPoster.png" background="true">$INFO[ListItem.Icon]</texture>
	<bordertexture border="-2">black.png</bordertexture>
	<colordiffuse>FF909090</colordiffuse>
	<include>Animation_Fade</include>
	<visible>!Control.HasFocus(1350)</visible>
	</control>
	<control type="image">
	<left>0</left>
	<top>5</top>
	<width>130</width>
	<height>180</height>
	<aligny>center</aligny>
	<align>center</align>
	<aspectratio>keep</aspectratio>
	<texture fallback="DefaultVideoPoster.png" background="true">$INFO[ListItem.Icon]</texture>
	<bordertexture border="-2">grey.png</bordertexture>
	<include>Animation_Fade</include>
	<visible>Control.HasFocus(1350)</visible>
	</control>
	</focusedlayout>
	</control>
	<control type="list" id="1450">
	<animation effect="fade" reversible="true" time="300">VisibleChange</animation>
	<visible>StringCompare(skin.string(sextend_list),1450)</visible>
	<viewtype label="List">List Info</viewtype>
	<left>30</left>
	<top>492</top>
	<width>1220</width>
	<height>220</height>
	<onup>149</onup>
	<orientation>horizontal</orientation>
	<scrolltime>400</scrolltime>
	<focusposition>3</focusposition>
	<itemlayout height="170" width="181">
	<control type="image">
	<left>0</left>
	<top>5</top>
	<width>130</width>
	<height>180</height>
	<aligny>center</aligny>
	<align>center</align>
	<aspectratio>keep</aspectratio>
	<texture fallback="DefaultVideoPoster.png" background="true">$INFO[ListItem.Icon]</texture>
	<bordertexture border="-2">black.png</bordertexture>
	<colordiffuse>FF909090</colordiffuse>
	</control>
	</itemlayout>
	<focusedlayout height="170" width="181">
	<control type="image">
	<left>0</left>
	<top>5</top>
	<width>130</width>
	<height>180</height>
	<aligny>center</aligny>
	<align>center</align>
	<aspectratio>keep</aspectratio>
	<texture fallback="DefaultVideoPoster.png" background="true">$INFO[ListItem.Icon]</texture>
	<bordertexture border="-2">black.png</bordertexture>
	<colordiffuse>FF909090</colordiffuse>
	<include>Animation_Fade</include>
	<visible>!Control.HasFocus(1450)</visible>
	</control>
	<control type="image">
	<left>0</left>
	<top>5</top>
	<width>130</width>
	<height>180</height>
	<aligny>center</aligny>
	<align>center</align>
	<aspectratio>keep</aspectratio>
	<texture fallback="DefaultVideoPoster.png" background="true">$INFO[ListItem.Icon]</texture>
	<bordertexture border="-2">grey.png</bordertexture>
	<include>Animation_Fade</include>
	<visible>Control.HasFocus(1450)</visible>
	</control>
	</focusedlayout>
	</control>
	<control type="list" id="2000">
	<animation effect="fade" reversible="true" time="300">VisibleChange</animation>
	<visible>StringCompare(skin.string(sextend_list),2000)</visible>
	<viewtype label="List">List Info</viewtype>
	<left>30</left>
	<top>492</top>
	<width>1220</width>
	<height>220</height>
	<onup>149</onup>
	<orientation>horizontal</orientation>
	<scrolltime>400</scrolltime>
	<focusposition>3</focusposition>
	<itemlayout height="170" width="181">
	<control type="image">
	<left>0</left>
	<top>5</top>
	<width>130</width>
	<height>180</height>
	<aligny>center</aligny>
	<align>center</align>
	<aspectratio>keep</aspectratio>
	<texture fallback="DefaultVideoPoster.png" background="true">$INFO[ListItem.Icon]</texture>
	<bordertexture border="-2">black.png</bordertexture>
	<colordiffuse>FF909090</colordiffuse>
	</control>
	</itemlayout>
	<focusedlayout height="170" width="181">
	<control type="image">
	<left>0</left>
	<top>5</top>
	<width>130</width>
	<height>180</height>
	<aligny>center</aligny>
	<align>center</align>
	<aspectratio>keep</aspectratio>
	<texture fallback="DefaultVideoPoster.png" background="true">$INFO[ListItem.Icon]</texture>
	<bordertexture border="-2">black.png</bordertexture>
	<colordiffuse>FF909090</colordiffuse>
	<include>Animation_Fade</include>
	<visible>!Control.HasFocus(2000)</visible>
	</control>
	<control type="image">
	<left>0</left>
	<top>5</top>
	<width>130</width>
	<height>180</height>
	<aligny>center</aligny>
	<align>center</align>
	<aspectratio>keep</aspectratio>
	<texture fallback="DefaultVideoPoster.png" background="true">$INFO[ListItem.Icon]</texture>
	<bordertexture border="-2">grey.png</bordertexture>
	<include>Animation_Fade</include>
	<visible>Control.HasFocus(2000)</visible>
	</control>
	</focusedlayout>
	</control>
	</control>

	<control type="group"><!-- Menu bar -->
	<left>0</left>
	<top>465</top>
	<control type="image">
	<left>0</left>
	<top>-30</top>
	<width>1285</width>
	<height>30</height>
	<texture>shadow_h.png</texture>
	<colordiffuse>C3FFFFFF</colordiffuse>
	</control>
	<control type="image">
	<left>0</left>
	<top>29</top>
	<width>1285</width>
	<height>30</height>
	<texture flipy="true">shadow_h.png</texture>
	<colordiffuse>C3FFFFFF</colordiffuse>
	</control>
	<control type="image">
	<left>0</left>
	<top>0</top>
	<width>1280</width>
	<height>30</height>
	<texture>darkgrey.png</texture>
	<colordiffuse>$VAR[value_texturecolor]</colordiffuse>
	<include>Animation_DefaultGlass2</include>
	</control>
	<control type="list" id="149">
	<left>0</left>
	<top>3</top>
	<width>1280</width>
	<height>25</height>
	<onup>Skin.SetBool(coverzoom)</onup>
	<onup>SetFocus(160)</onup>
	<onup>Skin.Reset(artistzoom)</onup>	
	<ondown>SetFocus(9000,1)</ondown>
	<orientation>horizontal</orientation>
	<pagecontrol>-</pagecontrol>
	<scrolltime>300</scrolltime>
	<focusposition>3</focusposition>
	<itemlayout height="25" width="182.5">
	<control type="image">
	<left>0</left>
	<top>0</top>
	<width>1</width>
	<height>25</height>
	<texture>separator_v.png</texture>
	</control>
	<control type="label">
	<left>10</left>
	<top>1</top>
	<height>25</height>
	<width>162</width>
	<align>center</align>
	<aligny>center</aligny>
	<font>Font_18</font>
	<label>[UPPERCASE]$INFO[ListItem.Label][/UPPERCASE]</label>
	<textcolor>80FFFAF0</textcolor>
	</control>
	</itemlayout>
	<focusedlayout height="25" width="182.5">
	<control type="image">
	<left>0</left>
	<top>-1</top>
	<width>182</width>
	<height>27</height>
	<texture>settings_button_focus.png</texture>
	<visible>Control.Hasfocus(149)</visible>
	</control>
	<control type="image">
	<left>0</left>
	<top>0</top>
	<width>1</width>
	<height>25</height>
	<texture>separator_v.png</texture>
	</control>
	<control type="label">
	<left>10</left>
	<top>1</top>
	<height>25</height>
	<width>162</width>
	<align>center</align>
	<aligny>center</aligny>
	<font>Font_18</font>
	<label>[UPPERCASE]$INFO[ListItem.Label][/UPPERCASE]</label>
	<textcolor>FF101010</textcolor>
	<visible>Control.Hasfocus(149)</visible>
	</control>
	<control type="label">
	<left>10</left>
	<top>1</top>
	<height>25</height>
	<width>162</width>
	<align>center</align>
	<aligny>center</aligny>
	<font>Font_18</font>
	<label>[UPPERCASE]$INFO[ListItem.Label][/UPPERCASE]</label>
	<textcolor>80FFFAF0</textcolor>
	<visible>!Control.Hasfocus(149)</visible>
	</control>
	</focusedlayout>
	<content>
	<item id="6"><!-- Elenco -->
	<label>31703</label>
	<onclick>Skin.SetString(sextend_list,1000)</onclick>
	<visible>!Skin.HasSetting(kioskininfo)</visible>
	</item>
	<item id="13"><!-- Episodes -->
	<label>31527</label>
	<onclick>Skin.SetString(sextend_list,250)</onclick>
	</item>
	<item id="1"><!-- Youtube -->
	<label>Youtube</label>
	<onclick>Skin.SetString(sextend_list,1150)</onclick>
	</item>
	<item id="11"><!-- Trailer -->
	<label>31701</label>	
	<onclick>Skin.SetString(sextend_list,350)</onclick>
	</item>
	<item id="7"><!-- Arte contextual -->
	<label>31409</label>
	<onclick>Skin.SetString(sextend_list,1250)</onclick>
	<onclick condition="StringCompare(skin.string(sextend_list),1250)">Skin.SetString(sextend_list,1350)</onclick>
	</item>
	<item id="8"><!-- Similar -->
	<label>31046</label>
	<onclick>Skin.SetString(sextend_list,150)</onclick>
	</item>
	<item id="10"><!-- Directores -->
	<label>31090</label>
	<onclick>Skin.SetString(sextend_list,750)</onclick>
	</item>
	<item id="9"><!-- ExtendedScript -->
	<label>Extended Script</label>
	<onclick>Skin.SetString(sextend_list,450)</onclick>
	<onclick condition="StringCompare(skin.string(sextend_list),450)">Skin.SetString(sextend_list,550)</onclick>
	<onclick condition="StringCompare(skin.string(sextend_list),550)">Skin.SetString(sextend_list,650)</onclick>
	<onclick condition="StringCompare(skin.string(sextend_list),650)">Skin.SetString(sextend_list,850)</onclick>
	<onclick condition="StringCompare(skin.string(sextend_list),850)">Skin.SetString(sextend_list,950)</onclick>
	<onclick condition="StringCompare(skin.string(sextend_list),950)">Skin.SetString(sextend_list,1450)</onclick>
	<onclick condition="StringCompare(skin.string(sextend_list),1450)">Skin.SetString(sextend_list,2000)</onclick>
	<onclick condition="StringCompare(skin.string(sextend_list),2000)">Skin.SetString(sextend_list,450)</onclick>
	</item>
	</content>
	</control>
	<control type="image">
	<left>0</left>
	<top>0</top>
	<width>1280</width>
	<height>30</height>
	<texture>gradient_small.png</texture>
	</control>
	</control>

	<control type="image">
	<left>0</left>
	<top>0</top>
	<width>1280</width>
	<height>720</height>
	<texture>darkgrey.png</texture>
	<animation effect="fade" start="0" end="100" time="200">Visible</animation>
	<animation effect="fade" start="100" end="0" time="400">Hidden</animation>
	<visible>Control.HasFocus(160)</visible>
	</control>
	<control type="image">
	<left>0</left>
	<top>0</top>
	<width>1280</width>
	<height>720</height>
	<texture>hive_back.png</texture>
	<animation effect="fade" start="0" end="100" time="200">Visible</animation>
	<animation effect="fade" start="100" end="0" time="400">Hidden</animation>
	<visible>Control.HasFocus(160)</visible>
	</control>

	<control type="group">
	<left>-1280</left>
	<top>15</top>
	<animation effect="slide" start="0,0" end="1280,0" time="400" tween="cubic" easing="inout" condition="Control.HasFocus(160)">Conditional</animation>
	<animation effect="slide" start="0,0" end="0,-25" time="600" delay="1000" tween="cubic" easing="inout" condition="Control.HasFocus(160)">Conditional</animation>
	<control type="image">
	<left>400</left>
	<top>0</top>
	<width>480</width>
	<height>700</height>
	<align>center</align>
	<texture>actor_border.png</texture>
	<animation effect="rotate" start="0,0" end="-2.0.0" center="auto" delay="1000" easing="out" tween="back" time="600" condition="Control.HasFocus(160)">Conditional</animation>
	<visible>Control.HasFocus(160)</visible>
	</control>
	<control type="image">
	<left>430</left>
	<top>32</top>
	<width>425</width>
	<height>640</height>
	<aspectratio>scale</aspectratio>
	<texture background="true">$VAR[value_videoinfo_exzoomposter]</texture>
	</control>
	<control type="image">
	<left>400</left>
	<top>0</top>
	<width>480</width>
	<height>700</height>
	<align>center</align>
	<texture>actor_border.png</texture>
	</control>
	</control>
	<control type="group">
	<visible>Control.HasFocus(160)</visible>
	<animation effect="slide" start="0,0" end="0,-80" time="600" delay="1000" tween="cubic" easing="inout" condition="Control.HasFocus(160)">Conditional</animation>
	<control type="image">
	<left>0</left>
	<top>760</top>
	<height>40</height>
	<width>1280</width>
	<texture>darkgrey.png</texture>
	<colordiffuse>$VAR[value_texturecolor]</colordiffuse>
	<include>Animation_DefaultGlass2</include>
	</control>
	<control type="label">
	<left>0</left>
	<top>760</top>
	<height>40</height>
	<width>1280</width>
	<align>center</align>
	<aligny>center</aligny>
	<label>$VAR[value_videoinfo_exzoomlabel]</label>
	<font>Font_24</font>
	<textcolor>FFFFFAF0</textcolor>
	<scroll>true</scroll>
	</control>
	<control type="image">
	<left>0</left>
	<top>760</top>
	<height>40</height>
	<width>1280</width>
	<texture>gradient_small.png</texture>
	</control>
	</control>
	<control type="button" id="160">
	<top>760</top>
	<width>300</width>
	<include>SettingsBottomButton</include>	
	<label>$LOCALIZE[31798]</label>
	<onup condition="Skin.HasSetting(artistzoom)">SetFocus(9000)</onup>
	<onup condition="Skin.HasSetting(coverzoom)">SetFocus(149)</onup>
	<ondown condition="Skin.HasSetting(artistzoom)">SetFocus(9000)</ondown>
	<ondown condition="Skin.HasSetting(coverzoom)">SetFocus(149)</ondown>
	<onleft condition="Skin.HasSetting(artistzoom)">SetFocus(9000)</onleft>
	<onleft condition="Skin.HasSetting(coverzoom)">SetFocus(149)</onleft>
	<onright condition="Skin.HasSetting(artistzoom)">SetFocus(9000)</onright>
	<onright condition="Skin.HasSetting(coverzoom)">SetFocus(149)</onright>
	<onclick>noop</onclick>
	</control>
	<include>BGBlack</include>
	<include>TrailerWindow</include>
	</control>
	</controls>
</window>