<?xml version="1.0" encoding="UTF-8"?>
<window><!-- Aeon MQ 6 -->
	<defaultcontrol always="true">3012</defaultcontrol>
	<controls>
	<control type="image">
	<left>0</left>
	<top>0</top>
	<width>1280</width>
	<height>720</height>
	<texture>black.png</texture>
	<colordiffuse>C3FFFFFF</colordiffuse>
	<include>Animation_Fade</include>
	<visible>![Window.IsActive(115) | Window.IsActive(142)]</visible>
	</control>
	<control type="group"><!-- default group -->
	<animation effect="slide" time="1000" start="0,400" end="0,0" easing="inout" tween="cubic">WindowOpen</animation>
	<animation effect="slide" time="1000" start="0,400" end="0,0" easing="inout" tween="cubic">Visible</animation>
	<animation effect="slide" time="400" start="0,0" end="0,400" easing="inout" tween="cubic">WindowClose</animation>
	<animation effect="slide" time="400" start="0,0" end="0,400" easing="inout" tween="cubic">Hidden</animation>
	<visible>![Window.IsActive(115) | Window.IsActive(142)]</visible>	
	<control type="label" id="3000">
	<visible>false</visible>
	</control>
	<control type="textbox" id="3001">
	<visible>false</visible>
	</control>
	<control type="label" id="3002">
	<visible>false</visible>
	</control>
	<control type="label" id="3003">
	<visible>false</visible>
	</control>
	<control type="label" id="3004">
	<visible>false</visible>
	</control>
	<control type="image" id="3005">
	<visible>false</visible>
	</control>
	<control type="image" id="3006">
	<visible>false</visible>
	</control>
	<control type="image" id="3008">
	<visible>false</visible>
	</control>
	<control type="image" id="3009">
	<visible>false</visible>
	</control>
	<control type="image" id="3010">
	<visible>false</visible>
	</control>
	<control type="label" id="3011">
	<visible>false</visible>
	</control>
	<control type="label" id="3015">
	<visible>false</visible>
	</control>
	<control type="label" id="3016">
	<visible>false</visible>
	</control>	
	<control type="image">
	<left>0</left>
	<top>351</top>
	<width>1285</width>
	<height>30</height>
	<texture>shadow_h.png</texture>
	<colordiffuse>C3FFFFFF</colordiffuse>
	</control>
	<control type="image">
	<left>0</left>
	<top>381</top>
	<width>1280</width>
	<height>249</height>
	<texture>darkgrey.png</texture>
	<colordiffuse>$VAR[value_texturecolor]</colordiffuse>
	<include>Animation_HomeGlass</include>
	</control>
	<control type="image">
	<left>0</left>
	<top>630</top>
	<width>1285</width>
	<height>30</height>
	<texture flipy="true">shadow_h.png</texture>
	<colordiffuse>C3FFFFFF</colordiffuse>
	</control>	
	<control type="image">
	<left>-20</left>
	<width>680</width>
	<height>52</height>
	<texture diffuse="gradient_button.png">black.png</texture>
	<colordiffuse>$VAR[value_texturecolor]</colordiffuse>
	<animation effect="fade" end="85" condition="true">Conditional</animation>
	</control>	
	<control type="image">
	<left>490</left>
	<top>581</top>
	<width>45</width>
	<height>45</height>
	<aspectratio aligny="center" align="center">keep</aspectratio>
	<texture>osd_menu_play.png</texture>
	<colordiffuse>20FFFFFF</colordiffuse>
	<visible>!Control.HasFocus(3012)</visible>
	</control>
	<control type="button" id="3012">
	<left>490</left>
	<top>581</top>
	<width>45</width>
	<height>45</height>
	<onright>3013</onright>
	<onleft>3013</onleft>
	<font>Font_18</font>
	<label>-</label>
	<textoffsetx>64</textoffsetx>
	<texturefocus>osd_menu_play.png</texturefocus>
	<texturenofocus>-</texturenofocus>
	<colordiffuse>$VAR[value_headercolor]</colordiffuse>
	<animation effect="fade" start="20" end="100" time="700" condition="true" pulse="true">Conditional</animation>
	</control>
	<control type="image">
	<left>550</left>
	<top>581</top>
	<width>45</width>
	<height>45</height>
	<aspectratio aligny="center" align="center">keep</aspectratio>
	<texture>osd_menu_stop.png</texture>
	<colordiffuse>20FFFFFF</colordiffuse>
	<visible>!Control.HasFocus(3013)</visible>
	</control>
	<control type="button" id="3013">
	<left>550</left>
	<top>581</top>
	<width>45</width>
	<height>45</height>
	<onright>3012</onright>
	<onleft>3012</onleft>
	<font>Font_18</font>
	<label>-</label>
	<textoffsetx>64</textoffsetx>
	<texturefocus>osd_menu_stop.png</texturefocus>
	<texturenofocus>-</texturenofocus>
	<colordiffuse>$VAR[value_headercolor]</colordiffuse>
	<animation effect="fade" start="20" end="100" time="700" condition="true" pulse="true">Conditional</animation>
	</control>
	<control type="label"><!-- Continuar assistindo -->
	<left>610</left>
	<top>580</top>
	<width>400</width>
	<height>50</height>
	<align>left</align>
	<aligny>center</aligny>
	<font>font_18</font>
	<textcolor>$VAR[value_headercolor]</textcolor>	
	<scroll>true</scroll>
	<label>$LOCALIZE[31562]$INFO[Player.TimeRemaining(ss), - ]</label>
	</control>
	<control type="label" id="3000"><!-- Titulo -->
	<left>495</left>
	<top>385</top>
	<width>765</width>
	<height>30</height>
	<align>left</align>
	<aligny>top</aligny>
	<font>font_20</font>
	<textcolor>FFFFFAF0</textcolor>
	<scroll>true</scroll>
	<scrollout>false</scrollout>	
	</control>
	<control type="image">
	<left>495</left>
	<top>415</top>
	<width>320</width>
	<height>25</height>
	<texture>gradient_focus.png</texture>
	<colordiffuse>$VAR[value_headercolor]</colordiffuse>
	</control>
	<control type="image">
	<left>495</left>
	<top>415</top>
	<width>320</width>
	<height>2</height>
	<align>left</align>
	<texture flipx="true">divider.png</texture>
	</control>
	<control type="label">
	<left>495</left>
	<top>415</top>
	<width>410</width>
	<height>20</height>
	<align>left</align>
	<aligny>top</aligny>
	<textcolor>$VAR[value_headercolor]</textcolor>
	<font>Font_18A</font>	
	<label>$INFO[Control.GetLabel(3015),$LOCALIZE[20373] , ] $INFO[Control.GetLabel(3016),$LOCALIZE[20452] ]</label>
	<scroll>true</scroll>
	<scrollout>false</scrollout>
	</control>
	<control type="image">
	<left>495</left>
	<top>436</top>
	<width>320</width>
	<height>2</height>
	<align>left</align>
	<texture flipx="true">divider.png</texture>
	</control>
	<control type="textbox"><!-- Plot -->
	<left>495</left>
	<top>449</top>
	<width>765</width>
	<height>120</height>
	<textcolor>FFFFFAF0</textcolor>
	<font>Font_18A</font>
	<label>$INFO[Control.GetLabel(3001)]</label>
	</control>
	<control type="image"><!-- Fundo borda -->
	<left>40</left>
	<top>376</top>
	<width>442</width>
	<height>260</height>
	<texture>fanartframe.png</texture>
	</control>
	<control type="image" id="3006"><!-- ClearArt -->
	<left>1050</left>
	<top>570</top>
	<width>200</width>
	<height>60</height>
	<texture background="true" >$INFO[Control.GetLabel(3006)]</texture>
	<aspectratio align="right" aligny="bottom">keep</aspectratio>
	</control>
	<control type="image" id="3008"><!-- Thumb -->
	<left>43</left>
	<top>391</top>
	<width>436</width>
	<height>229</height>
	<aspectratio>keep</aspectratio>
	<texture background="true" >$INFO[Control.GetLabel(3008)]</texture>
	</control>
	<control type="image">
	<left>0</left>
	<top>381</top>
	<width>1280</width>
	<height>249</height>
	<texture>osd_glass.png</texture>
	<colordiffuse>90FFFFFF</colordiffuse>
	</control>
	</control>
	</controls>
</window>