<?xml version="1.0" encoding="UTF-8"?>
<window><!-- Aeon MQ 6 -->
	<defaultcontrol>8</defaultcontrol>
	<controls>
	<control type="videowindow" id="20">
	<description>videowindow</description>
	<left>0</left>
	<top>0</top>
	<width>1280</width>
	<height>720</height>
	</control>
	<control type="mover" id="8">
	<description>top left mover</description>
	<left>0</left>
	<top>0</top>
	<width>128</width>
	<height>128</height>
	<texturefocus>calibrate_topleft_focus.png</texturefocus>
	<texturenofocus>calibrate_topleft.png</texturenofocus>
	</control>
	<control type="mover" id="9">
	<description>right bottom mover</description>
	<left>700</left>
	<top>500</top>
	<width>128</width>
	<height>128</height>
	<texturefocus>calibrate_bottomright_focus.png</texturefocus>
	<texturenofocus>calibrate_bottomright.png</texturenofocus>
	</control>
	<control type="mover" id="10">
	<description>subtitle position mover</description>
	<left>200</left>
	<top>500</top>
	<width>512</width>
	<height>128</height>
	<texturefocus>calibrate_subtitles_focus.png</texturefocus>
	<texturenofocus>calibrate_subtitles.png</texturenofocus>
	</control>
	<control type="resize" id="11">
	<description>pixel aspect ratio box</description>
	<left>0</left>
	<top>270</top>
	<width>288</width>
	<height>288</height>
	<texturefocus>calibrate_pixelratio_focus.png</texturefocus>
	<texturenofocus>calibrate_pixelratio.png</texturenofocus>
	</control>
	<control type="group">
	<left>240</left>
	<top>60</top>
	<control type="label" id="2">
	<description>coordinates label</description>
	<left>20</left>
	<top>10</top>
	<width>750</width>
	<label>-</label>
	<font>Font_18A</font>
	<align>center</align>
	</control>
	<control type="label" id="3">
	<description>help information</description>
	<left>20</left>
	<top>40</top>
	<width>750</width>
	<label>-</label>
	<font>Font_18A</font>
	<align>center</align>
	</control>
	</control>
	</controls>
</window>