<?xml version="1.0" encoding="UTF-8"?>
<window id="7"><!-- Aeon MQ 6 -->
	<defaultcontrol always="true">9000</defaultcontrol>
	<allowoverlay>no</allowoverlay>
	<controls>
	<control type="multiimage">
	<include>WindowBG</include>
	<imagepath background="true">$VAR[value_menutheme_settings]</imagepath>
	</control>
	<control type="group"><!-- default group -->
	<include>Animation_Window</include>
	<include>SettingsBack</include><!-- Menu da direita -->
	<control type="label" id="40">
	<include>SettingsContentTitle</include>
	<label>-</label>
	<animation effect="fade" reversible="true" time="300">VisibleChange</animation>
	<visible>!Control.HasFocus(9001)</visible>
	</control>
	<control type="label">
	<include>SettingsContentTitle</include>
	<label>31443</label>
	<animation effect="fade" reversible="true" time="300">VisibleChange</animation>
	<visible>Control.HasFocus(9001)</visible>
	</control>
	<control type="grouplist">
	<left>290</left>
	<top>120</top>
	<width>940</width>
	<height>494</height>
	<itemgap>10</itemgap>
	<animation effect="fade" reversible="true" time="300">VisibleChange</animation>
	<visible>!Control.HasFocus(9001)</visible>
	<control type="label" id="2">
	<width>890</width>
	<height>20</height>
	<label>-</label>
	<font>Font_20</font>
	</control>
	<control type="label" id="3">
	<width>890</width>
	<height>20</height>
	<label>-</label>
	<font>Font_20</font>
	</control>
	<control type="label" id="4">
	<width>890</width>
	<height>20</height>
	<label>-</label>
	<font>Font_20</font>
	</control>
	<control type="label" id="5">
	<width>890</width>
	<height>20</height>
	<label>-</label>
	<font>Font_20</font>
	</control>
	<control type="label" id="6">
	<width>890</width>
	<height>20</height>
	<label>-</label>
	<font>Font_20</font>
	</control>
	<control type="label" id="7">
	<width>890</width>
	<height>20</height>
	<label>-</label>
	<font>Font_20</font>
	</control>
	<control type="label" id="8">
	<width>890</width>
	<height>20</height>
	<label>-</label>
	<font>Font_20</font>
	</control>
	<control type="label" id="9">
	<width>890</width>
	<height>20</height>
	<label>-</label>
	<font>Font_20</font>
	</control>
	<control type="label" id="10">
	<width>890</width>
	<height>20</height>
	<label>-</label>
	<font>Font_20</font>
	</control>
	<control type="label" id="11">
	<width>890</width>
	<height>20</height>
	<label>-</label>
	<font>Font_20</font>
	</control>
	</control>
	<control type="textbox"><!-- Creditos -->
	<left>290</left>
	<top>120</top>
	<width>940</width>
	<height>630</height>
	<font>Font_20A</font>
	<label>[COLOR=$VAR[value_headercolor]]$LOCALIZE[31788]:[/COLOR] MarcosQui[CR][COLOR=$VAR[value_headercolor]]$LOCALIZE[31706]:[/COLOR] Wanilton[CR][COLOR=$VAR[value_headercolor]]$LOCALIZE[31704]:[/COLOR] Samu-rai[CR][COLOR=$VAR[value_headercolor]]$LOCALIZE[31705]:[/COLOR] Arabic - kim1406(C) - Bulgarian - alex95sv(C) - Catalan - mrfloffy(C) - Chinese - taxigps(C) - Croatian - mitaok(C) - Czech - Fery(C) - Danish - tenzion(C), denver99(T) - Dutch - schumi2004(C), Skank(T) - Finnish - hatiac(C) - French - GuiZ(C), Mati24(T) - Galician - xurxo(C) - German - janusreith(C), zawaponga s(T), Ash(T) - Greek - CutSickAss(C) - Hebrew - BuSHari (C) , yakirp88 (T) , dhead666(T) - Hindi - amanker(C) - Hungarian - attilazsigus(C), pulse117(T) - Icelandic - passer(C) - Italian - peppe_sr(C), Simzer0(T) - Japanese - shaolin (C) - Korean - piodio(C) - Lithuanian - ArtX38(C) - Norwegian - magnusalex(C) - Polish - Etharr(C) - Portuguese - nelsonamen(C) , Pingo.Mister(T) - Romanian - sergiocos(C) - Russian - SergeiAK(C) - Slovenian - tadej C) - Spanish - terratec C) - Spanish (Argentina) - LinkinStg(C) - Spanish (Mexico) - Palalisimo(C) - Swedish - thedarer(C) JohNan(T) - Thai - devilshura(C) - Ukrainian - GodfazzerC) - Vietnamese - dukevn(C), tess_vn(T)[CR][COLOR=$VAR[value_headercolor]]$LOCALIZE[31708]:[/COLOR] $LOCALIZE[31707][CR][CR][COLOR=$VAR[value_headercolor]]$LOCALIZE[31999][/COLOR]</label>	
	<animation effect="fade" reversible="true" time="300">VisibleChange</animation>
	<autoscroll delay="25000" time="4000" repeat="25000">!Skin.HasSetting(noallowscroll)</autoscroll>
	<visible>Control.HasFocus(9001)</visible>
	</control>
	<control type="group">
	<visible>!Control.HasFocus(9001)</visible>
	<control type="label"><!-- Titulo Sistema -->
	<left>290</left>
	<top>400</top>
	<height>49</height>
	<width>800</width>	
	<font>Font_32</font>
	<textcolor>FFFFFAF0</textcolor>
	<label>130</label>
	<animation effect="fade" reversible="true" time="300">VisibleChange</animation>
	</control>
	<control type="label" id="52"><!-- Kodi Version -->
	<left>290</left>
	<top>450</top>
	<height>25</height>
	<width>800</width>
	<label></label>
	<font>Font_20</font>
	<textcolor>$VAR[value_headercolor]</textcolor>
	<animation effect="fade" reversible="true" time="300">VisibleChange</animation>
	</control>
	<control type="label"><!-- Skin Name -->
	<left>290</left>
	<top>480</top>
	<height>25</height>
	<width>800</width>	
	<label>$LOCALIZE[31443] by MarcosQui - $VAR[SkinVersion]</label>
	<font>Font_20</font>
	<textcolor>$VAR[value_headercolor]</textcolor>
	<animation effect="fade" reversible="true" time="300">VisibleChange</animation>
	</control>
	<control type="label"><!-- Consumo da CPU -->
	<left>290</left>
	<top>510</top>
	<height>25</height>
	<width>350</width>	
	<font>Font_20</font>
	<textcolor>$VAR[value_headercolor]</textcolor>
	<label>$LOCALIZE[13271]: $INFO[System.CPUUsage]</label>
	</control>
	<control type="progress"><!-- Grafico da CPU -->
	<left>290</left>
	<top>535</top>
	<height>16</height>
	<width>350</width>	
	<info>System.CPUUsage</info>
	</control>
	<control type="label"><!-- Consumo de memoria -->
	<left>290</left>
	<top>565</top>
	<width>350</width>
	<height>25</height>
	<font>Font_20</font>
	<textcolor>$VAR[value_headercolor]</textcolor>
	<label>$LOCALIZE[31183]: $INFO[System.Memory(used.percent)]</label>
	</control>
	<control type="progress"><!-- Grafico de memoria -->
	<left>290</left>
	<top>590</top>
	<height>16</height>
	<width>350</width>
	<info>System.Memory(used)</info>
	</control>
	<control type="label"><!-- Espaco usado -->
	<left>290</left>
	<top>620</top>
	<width>350</width>
	<height>25</height>
	<font>Font_20</font>
	<textcolor>$VAR[value_headercolor]</textcolor>
	<label>$LOCALIZE[31345]: $INFO[System.UsedSpacePercent]</label>
	</control>
	<control type="progress"><!-- Grafico de disco -->
	<left>290</left>
	<top>645</top>
	<height>16</height>
	<width>350</width>
	<info>System.UsedSpace</info>
	</control>	
	</control>
	<control type="image"><!-- Skin Logo -->
	<left>1010</left>
	<top>570</top>
	<width>250</width>
	<height>100</height>
	<align>right</align>
	<aspectratio>keep</aspectratio>
	<texture>aeonmq6_logo.png</texture>
	</control>
	<include>RSS</include>
	<include>SettingsMenu</include><!-- Menu da esquerda -->
	<include>Date</include>
	<control type="label">
	<include>SettingsSectionTitle</include>
	<label>31202</label>
	</control>
	<control type="grouplist" id="9000">
	<left>0</left>
	<top>120</top>
	<width>240</width>
	<height>660</height>
	<orientation>vertical</orientation>
	<itemgap>0</itemgap>
	<onup>9000</onup>
	<ondown>9000</ondown>
	<control type="button" id="95"><!-- Default Values -->
	<include>SettingsButton</include>
	<label>20037</label>
	</control>
	<control type="button" id="94"><!-- Storage -->
	<include>SettingsButton</include>
	<label>13277</label>
	</control>
	<control type="button" id="96"><!-- Network -->
	<include>SettingsButton</include>
	<label>13279</label>
	</control>
	<control type="button" id="97"><!-- Video -->
	<include>SettingsButton</include>
	<label>13280</label>
	</control>
	<control type="button" id="98"><!-- Hardware -->
	<include>SettingsButton</include>
	<label>13281</label>
	</control>
	<control type="button" id="99"><!-- PVR -->
	<include>SettingsButton</include>
	<label>19191</label>
	</control>
	<control type="button" id="9001"><!-- Creditos -->
	<include>SettingsButton</include>
	<label>31985</label>
	</control>
	</control>
	<control type="image">
	<left>0</left>
	<top>0</top>
	<width>250</width>
	<height>720</height>
	<texture>menu_glass.png</texture>
	<colordiffuse>70FFFAF0</colordiffuse>
	</control>
	<include>BGBlack</include>
	</control>
	</controls>
</window>