<?xml version="1.0" encoding="UTF-8"?>
<window><!-- Aeon MQ 6 -->
	<defaultcontrol always="true">22</defaultcontrol>
	<allowoverlay>no</allowoverlay>
	<coordinates>
	<system>1</system>
	<left>0</left>
	<top>0</top>
	</coordinates>
	<controls>
	<control type="group">
	<top>80</top>
	<include>Animation_DialogPopup</include>
	<visible>!Window.IsVisible(smartplaylistrule)</visible>

	<control type="image">
	<left>171</left>
	<top>40</top>
	<width>30</width>
	<height>481</height>
	<texture flipx="true">shadow.png</texture>
	<colordiffuse>C3FFFFFF</colordiffuse>
	</control>
	<control type="image"><!-- Fundo -->
	<left>200</left>
	<top>40</top>
	<width>875</width>
	<height>481</height>
	<texture>darkgrey.png</texture>
	<colordiffuse>F0FFFFFF</colordiffuse>
	</control>
	<control type="image"><!-- Fundo do titulo -->
	<left>200</left>
	<top>40</top>
	<width>875</width>
	<height>50</height>
	<texture>black.png</texture>
	<colordiffuse>90FFFFFF</colordiffuse>
	</control>
	<control type="label"><!-- Titulo -->
	<left>220</left>
	<top>50</top>
	<width>690</width>
	<height>25</height>
	<align>center</align>
	<label>21432</label>
	<font>Font_23</font>
	<textcolor>80FFFAF0</textcolor>
	</control>
	<control type="spincontrolex" id="22"><!-- type -->
	<left>200</left>
	<top>90</top>
	<width>711</width>
	<label>467</label>	
	<font>Font_18</font>
	<spinposx>-4</spinposx>
	<textoffsetx>20</textoffsetx>
	<onright>22</onright>
	<onleft>22</onleft>
	<onup>18</onup>
	<ondown>12</ondown>
	</control>
	<control type="label" id="2"><!-- name of playlist -->
	<left>220</left>
	<top>140</top>
	<width>420</width>
	<height>25</height>
	<label>-</label>
	<font>Font_18</font>
	<textcolor>$VAR[value_headercolor]</textcolor>	
	</control>
	<control type="image">
	<left>200</left>
	<top>170</top>
	<width>711</width>
	<height>40</height>
	<texture>black.png</texture>
	<colordiffuse>40FFFFFF</colordiffuse>
	<visible>!Control.HasFocus(12)</visible>
	</control>
	<control type="edit" id="12"><!-- text box for name of playlist -->
	<left>200</left>
	<top>170</top>
	<width>711</width>
	<height>40</height>
	<textwidth>630</textwidth>
	<align>left</align>
	<aligny>center</aligny>
	<label>-</label>
	<onup>22</onup>
	<onleft>12</onleft>
	<onright>12</onright>
	<ondown>10</ondown>
	<font>Font_18</font>
	<textoffsetx>20</textoffsetx>
	<texturenofocus>-</texturenofocus>
	<texturefocus>settings_button_focus.png</texturefocus>
	</control>
	<control type="label"><!-- find items where -->
	<left>220</left>
	<top>215</top>
	<width>420</width>
	<height>25</height>
	<align>left</align>
	<label>21434</label>
	<font>Font_18</font>
	<textcolor>$VAR[value_headercolor]</textcolor>	
	</control>
	<control type="list" id="10"><!-- Rules -->
	<left>200</left>
	<top>245</top>
	<width>711</width>
	<height>123</height>
	<onup>12</onup>
	<onleft>10</onleft>
	<onright>9000</onright>
	<ondown>16</ondown>
	<itemlayout height="40" width="711">
	<control type="label">
	<left>20</left>
	<top>0</top>
	<width>400</width>
	<height>39</height>
	<align>left</align>
	<aligny>center</aligny>
	<info>ListItem.Label</info>
	<font>Font_18</font>
	<textcolor>FFFFFAF0</textcolor>
	</control>
	</itemlayout>
	<focusedlayout height="40" width="711">
	<control type="image">
	<left>0</left>
	<top>0</top>
	<width>711</width>
	<height>40</height>
	<texture>black.png</texture>
	<colordiffuse>40FFFFFF</colordiffuse>
	<visible>!Control.HasFocus(10)</visible>
	</control>
	<control type="image">
	<left>0</left>
	<top>0</top>
	<width>711</width>
	<height>40</height>
	<texture>settings_button_focus.png</texture>
	<colordiffuse>B6FFFFFF</colordiffuse>
	<visible>Control.HasFocus(10)</visible>
	</control>
	<control type="label">
	<left>20</left>
	<top>0</top>
	<width>400</width>
	<height>39</height>
	<align>left</align>
	<aligny>center</aligny>
	<info>ListItem.Label</info>
	<font>Font_18</font>
	<textcolor>FFFFFAF0</textcolor>
	<disabledcolor>FF505050</disabledcolor>
	<visible>!Control.HasFocus(10)</visible>
	</control>
	<control type="label">
	<left>20</left>
	<top>0</top>
	<width>400</width>
	<height>39</height>
	<align>left</align>
	<aligny>center</aligny>
	<info>ListItem.Label</info>
	<font>Font_18</font>
	<textcolor>FF101010</textcolor>
	<disabledcolor>FF505050</disabledcolor>
	<visible>Control.HasFocus(10)</visible>
	</control>
	</focusedlayout>
	</control>
	<control type="spincontrolex" id="16"><!-- items must match -->
	<left>200</left>
	<top>360</top>
	<width>711</width>
	<height>40</height>
	<label>21424</label>	
	<font>Font_18</font>
	<spinposx>-4</spinposx>
	<textoffsetx>20</textoffsetx>
	<onright>9001</onright>
	<onleft>16</onleft>
	<onup>10</onup>
	<ondown>17</ondown>
	</control>
	<control type="spincontrolex" id="17"><!-- limit to -->
	<left>200</left>
	<top>400</top>
	<width>711</width>
	<height>40</height>
	<label>21427</label>	
	<font>Font_18</font>
	<spinposx>-4</spinposx>
	<textoffsetx>20</textoffsetx>
	<onright>9001</onright>
	<onleft>17</onleft>
	<onup>16</onup>
	<ondown>18</ondown>
	</control>
	<control type="spincontrolex" id="18"><!-- order by -->
	<left>200</left>
	<top>440</top>
	<width>488</width>
	<height>40</height>
	<label>21429</label>	
	<font>Font_18</font>
	<spinposx>-4</spinposx>
	<textoffsetx>20</textoffsetx>
	<onright>19</onright>
	<onleft>19</onleft>
	<onup>17</onup>
	<ondown>23</ondown>
	</control>
	<control type="togglebutton" id="19"><!-- ascending / descending -->
	<left>700</left>
	<top>440</top>
	<height>40</height>
	<width>211</width>
	<label>21431</label>
	<altlabel>21430</altlabel>
	<font>Font_18</font>
	<texturenofocus>-</texturenofocus>
	<texturefocus>grey.png</texturefocus>
	<alttexturenofocus>-</alttexturenofocus>
	<alttexturefocus>settings_button_focus.png</alttexturefocus>
	<textcolor>FFbbbbbb</textcolor>
	<focusedcolor>FF101010</focusedcolor>
	<disabledcolor>FF505050</disabledcolor>
	<pulseonselect>false</pulseonselect>
	<textoffsetx>0</textoffsetx>
	<align>center</align>
	<include>Animation_Fade</include>
	<onright>20</onright>
	<onleft>18</onleft>
	<onup>17</onup>
	<ondown>23</ondown>
	</control>
	<control type="spincontrolex" id="23">
	<left>200</left>
	<top>480</top>
	<width>488</width>
	<height>40</height>
	<label>21458</label>
	<font>Font_18</font>
	<spinposx>-4</spinposx>
	<textoffsetx>20</textoffsetx>
	<onright>24</onright>
	<onleft>24</onleft>
	<onup>18</onup>
	<ondown>22</ondown>
	</control>
	<control type="radiobutton" id="24">
	<left>655</left>
	<top>480</top>
	<width>211</width>
	<height>40</height>
	<label>21459</label>
	<textwidth>145</textwidth>
	<radioposx>185</radioposx>
	<onright>23</onright>
	<onleft>23</onleft>
	<onup>19</onup>
	<ondown>22</ondown>
	</control>
	<control type="image"><!-- Options -->
	<left>882</left>
	<top>40</top>
	<width>30</width>
	<height>481</height>
	<texture flipx="true">shadow.png</texture>
	<colordiffuse>C3FFFFFF</colordiffuse>
	</control>
	<control type="image">
	<left>1075</left>
	<top>40</top>
	<width>30</width>
	<height>481</height>
	<texture>shadow.png</texture>
	<colordiffuse>C3FFFFFF</colordiffuse>
	</control>
	<control type="image">
	<left>912</left>
	<top>40</top>
	<width>163</width>
	<height>481</height>
	<texture>grey.png</texture>
	<colordiffuse>90FFFFFF</colordiffuse>
	</control>
	<control type="grouplist" id="9000">
	<left>912</left>
	<top>245</top>
	<control type="button" id="13"><!-- Add -->
	<include>SettingsDialogButton</include>
	<label>15019</label>
	<onleft>9002</onleft>
	</control>
	<control type="button" id="14"><!-- Remove -->
	<include>SettingsDialogButton</include>
	<label>1210</label>
	<onleft>9002</onleft>
	</control>
	<control type="button" id="15"><!-- Edit -->
	<include>SettingsDialogButton</include>
	<label>21435</label>
	<onleft>9002</onleft>
	</control>
	<control type="button" id="21"><!-- Cancel -->
	<include>SettingsDialogButton</include>
	<label>222</label>
	<onleft>9002</onleft>
	</control>
	<control type="button" id="20"><!-- OK -->
	<include>SettingsDialogButton</include>
	<label>186</label>
	<onleft>9002</onleft>
	</control>
	</control>
	<control type="image">
	<left>904</left>
	<top>40</top>
	<width>171</width>
	<height>481</height>
	<texture flipx="true">menu_glass.png</texture>
	<colordiffuse>70FFFAF0</colordiffuse>
	</control>
	</control>
	</controls>
</window>