<?xml version="1.0" encoding="UTF-8"?>
<window><!-- Aeon MQ 6 -->
	<defaultcontrol always="true">9001</defaultcontrol>
	<coordinates>
	<system>1</system>
	<left>0</left>
	<top>0</top>
	</coordinates>
	<include>Animation_DialogPopup</include>
	<controls>
	<control type="image">
	<left>187</left>
	<top>196</top>
	<width>30</width>
	<height>316</height>
	<texture flipx="true">shadow.png</texture>
	<colordiffuse>C3FFFFFF</colordiffuse>
	</control>
	<control type="group">
	<left>216</left>
	<top>196</top>
	<width>847</width>
	<height>328</height>
	<control type="image"><!-- Fundo -->
	<left>0</left>
	<top>0</top>
	<width>861</width>
	<height>316</height>
	<texture>darkgrey.png</texture>
	<colordiffuse>F0FFFFFF</colordiffuse>
	</control>
	<control type="image"><!-- Fundo do titulo -->
	<left>0</left>
	<top>0</top>
	<width>861</width>
	<height>50</height>
	<texture>black.png</texture>
	<colordiffuse>90FFFFFF</colordiffuse>
	</control>
	<control type="label"><!-- Titulo -->
	<left>20</left>
	<top>10</top>
	<width>692</width>
	<height>25</height>
	<align>center</align>
	<label>21421</label>
	<font>Font_23</font>
	<textcolor>80FFFAF0</textcolor>
	</control>
	<control type="label"><!-- Rule match label -->
	<left>25</left>
	<top>75</top>
	<width>480</width>
	<height>25</height>
	<label>21422</label>
	<font>Font_18</font>
	<textcolor>$VAR[value_headercolor]</textcolor>
	</control>
	<control type="group" id="9001">
	<control type="spincontrolex" id="15"><!-- Rule Field -->
	<left>0</left>
	<top>110</top>
	<width>340</width>
	<height>41</height>
	<font>Font_18</font>
	<spinposx>-4</spinposx>
	<textoffsetx>20</textoffsetx>
	<onright>16</onright>
	<onleft>16</onleft>
	<onup>9000</onup>
	<ondown>17</ondown>
	</control>
	<control type="spincontrolex" id="16"><!-- Rule operator -->
	<left>363</left>
	<top>110</top>
	<width>336</width>
	<height>41</height>
	<font>Font_18</font>
	<spinposx>-4</spinposx>
	<textoffsetx>20</textoffsetx>
	<onright>9000</onright>
	<onleft>15</onleft>
	<onup>9000</onup>
	<ondown>17</ondown>
	</control>
	</control>
	<control type="edit" id="17"><!-- Value Button -->
	<textoffsetx>12</textoffsetx>
	<left>0</left>
	<top>202</top>
	<width>699</width>
	<height>44</height>
	<font>Font_20</font>
	<align>center</align>
	<aligny>center</aligny>
	<texturefocus>settings_button_focus.png</texturefocus>
	<texturenofocus>darkgrey.png</texturenofocus>
	<label>-</label>
	<onup>9001</onup>
	<onleft>17</onleft>
	<onright>18</onright>
	<ondown>17</ondown>
	</control>
	<control type="image"><!-- Options -->
	<left>671</left>
	<top>0</top>
	<width>30</width>
	<height>316</height>
	<texture flipx="true">shadow.png</texture>
	<colordiffuse>C3FFFFFF</colordiffuse>
	</control>
	<control type="image">
	<left>863</left>
	<top>0</top>
	<width>30</width>
	<height>316</height>
	<texture>shadow.png</texture>
	<colordiffuse>C3FFFFFF</colordiffuse>
	</control>
	<control type="image">
	<left>700</left>
	<top>0</top>
	<width>163</width>
	<height>316</height>
	<texture>grey.png</texture>
	<colordiffuse>90FFFFFF</colordiffuse>
	</control>
	<control type="grouplist" id="9000">
	<left>700</left>
	<top>110</top>
	<control type="button" id="20"><!-- Browse -->
	<include>SettingsDialogButton</include>
	<label>1024</label>
	<onleft>9001</onleft>
	</control>
	<control type="button" id="19"><!-- Cancel -->
	<include>SettingsDialogButton</include>
	<label>222</label>
	<onleft>9001</onleft>
	</control>
	<control type="button" id="18"><!-- OK -->
	<include>SettingsDialogButton</include>
	<label>186</label>
	<onleft>9001</onleft>
	</control>
	</control>
	<control type="image">
	<left>692</left>
	<top>0</top>
	<width>171</width>
	<height>316</height>
	<texture flipx="true">menu_glass.png</texture>
	<colordiffuse>70FFFAF0</colordiffuse>
	</control>
	</control>
	</controls>
</window>