<?xml version="1.0" encoding="UTF-8"?>
<window><!-- Aeon MQ 6 -->
	<defaultcontrol always="true">10</defaultcontrol>
	<onload condition="System.HasAddon(script.games.rom.collection.browser)">RunScript(script.games.rom.collection.browser,limit=12)</onload>
	<onload condition="System.HasAddon(script.skin.info.service)">RunScript(script.skin.info.service)</onload>
	<onload condition="Skin.HasSetting(custommode)">Skin.Reset(custommode)</onload>
	<onload condition="Skin.HasSetting(submode)">Skin.Reset(submode)</onload>
	<onload condition="Skin.HasSetting(startplay)">PlayMedia($INFO[Skin.String(startupplaylist)])</onload>
	<onload condition="System.HasAddon(script.extendedinfo)">RunScript(script.extendedinfo,info=nearevents,prefix=Extras12)</onload>	
	<onload condition="System.HasAddon(script.randomandlastitems) + [SubString(skin.string(menu1.master),vpl) | SubString(skin.string(menu1.master),apl)]">RunScript(script.randomandlastitems,limit=1,playlist=$INFO[Skin.String(menu1.path)],property=Widget1)</onload>
	<onload condition="System.HasAddon(script.randomandlastitems) + [SubString(skin.string(menu2.master),vpl) | SubString(skin.string(menu2.master),apl)]">RunScript(script.randomandlastitems,limit=1,playlist=$INFO[Skin.String(menu2.path)],property=Widget2)</onload>
	<onload condition="System.HasAddon(script.randomandlastitems) + [SubString(skin.string(menu3.master),vpl) | SubString(skin.string(menu3.master),apl)]">RunScript(script.randomandlastitems,limit=1,playlist=$INFO[Skin.String(menu3.path)],property=Widget3)</onload>
	<onload condition="System.HasAddon(script.randomandlastitems) + [SubString(skin.string(menu4.master),vpl) | SubString(skin.string(menu4.master),apl)]">RunScript(script.randomandlastitems,limit=1,playlist=$INFO[Skin.String(menu4.path)],property=Widget4)</onload>
	<onload condition="System.HasAddon(script.randomandlastitems) + [SubString(skin.string(menu5.master),vpl) | SubString(skin.string(menu5.master),apl)]">RunScript(script.randomandlastitems,limit=1,playlist=$INFO[Skin.String(menu5.path)],property=Widget5)</onload>
	<onload condition="System.HasAddon(script.randomandlastitems) + [SubString(skin.string(menu6.master),vpl) | SubString(skin.string(menu6.master),apl)]">RunScript(script.randomandlastitems,limit=1,playlist=$INFO[Skin.String(menu6.path)],property=Widget6)</onload>
	<onload condition="System.HasAddon(script.randomandlastitems) + [SubString(skin.string(menu7.master),vpl) | SubString(skin.string(menu7.master),apl)]">RunScript(script.randomandlastitems,limit=1,playlist=$INFO[Skin.String(menu7.path)],property=Widget7)</onload>
	<onload condition="System.HasAddon(script.randomandlastitems) + [SubString(skin.string(menu8.master),vpl) | SubString(skin.string(menu8.master),apl)]">RunScript(script.randomandlastitems,limit=1,playlist=$INFO[Skin.String(menu8.path)],property=Widget8)</onload>
	<onload condition="System.HasAddon(script.randomandlastitems) + [SubString(skin.string(menu9.master),vpl) | SubString(skin.string(menu9.master),apl)]">RunScript(script.randomandlastitems,limit=1,playlist=$INFO[Skin.String(menu9.path)],property=Widget9)</onload>
	<onload condition="System.HasAddon(script.randomandlastitems) + [SubString(skin.string(menu10.master),vpl) | SubString(skin.string(menu10.master),apl)]">RunScript(script.randomandlastitems,limit=1,playlist=$INFO[Skin.String(menu10.path)],property=Widget10)</onload>
	<onload condition="System.HasAddon(script.randomandlastitems) + [SubString(skin.string(menu11.master),vpl) | SubString(skin.string(menu11.master),apl)]">RunScript(script.randomandlastitems,limit=1,playlist=$INFO[Skin.String(menu11.path)],property=Widget11)</onload>
	<onload condition="System.HasAddon(script.randomandlastitems) + [SubString(skin.string(menu12.master),vpl) | SubString(skin.string(menu12.master),apl)]">RunScript(script.randomandlastitems,limit=1,playlist=$INFO[Skin.String(menu12.path)],property=Widget12)</onload>
	<onload condition="System.HasAddon(script.randomandlastitems) + [SubString(skin.string(menu13.master),vpl) | SubString(skin.string(menu13.master),apl)]">RunScript(script.randomandlastitems,limit=1,playlist=$INFO[Skin.String(menu13.path)],property=Widget13)</onload>
	<onload condition="System.HasAddon(script.randomandlastitems) + [SubString(skin.string(menu14.master),vpl) | SubString(skin.string(menu14.master),apl)]">RunScript(script.randomandlastitems,limit=1,playlist=$INFO[Skin.String(menu14.path)],property=Widget14)</onload>
	<onload condition="System.HasAddon(script.randomandlastitems) + [SubString(skin.string(menu15.master),vpl) | SubString(skin.string(menu15.master),apl)]">RunScript(script.randomandlastitems,limit=1,playlist=$INFO[Skin.String(menu15.path)],property=Widget15)</onload>
	<onload condition="System.HasAddon(script.randomandlastitems) + [SubString(skin.string(menu16.master),vpl) | SubString(skin.string(menu16.master),apl)]">RunScript(script.randomandlastitems,limit=1,playlist=$INFO[Skin.String(menu16.path)],property=Widget16)</onload>
	<onload condition="System.HasAddon(script.randomandlastitems) + [SubString(skin.string(menu17.master),vpl) | SubString(skin.string(menu17.master),apl)]">RunScript(script.randomandlastitems,limit=1,playlist=$INFO[Skin.String(menu17.path)],property=Widget17)</onload>
	<onload condition="System.HasAddon(script.randomandlastitems) + [SubString(skin.string(menu18.master),vpl) | SubString(skin.string(menu18.master),apl)]">RunScript(script.randomandlastitems,limit=1,playlist=$INFO[Skin.String(menu18.path)],property=Widget18)</onload>
	<onload condition="System.HasAddon(script.randomandlastitems) + [SubString(skin.string(menu19.master),vpl) | SubString(skin.string(menu19.master),apl)]">RunScript(script.randomandlastitems,limit=1,playlist=$INFO[Skin.String(menu19.path)],property=Widget19)</onload>
	<onload condition="System.HasAddon(script.randomandlastitems) + [SubString(skin.string(menu20.master),vpl) | SubString(skin.string(menu20.master),apl)]">RunScript(script.randomandlastitems,limit=1,playlist=$INFO[Skin.String(menu20.path)],property=Widget20)</onload>	
	
	<allowoverlay>no</allowoverlay>
	<controls>
	<control type="button" id="10">
	<include>InvisibleButton</include>
	<onfocus condition="Skin.HasSetting(randomthemes) + SubString(skin.string(theme),colors)">Skin.SetString(theme,reddish)</onfocus>
	<onfocus condition="Skin.HasSetting(randomthemes) + SubString(skin.string(theme),reddish)">Skin.SetString(theme,modern)</onfocus>
	<onfocus condition="Skin.HasSetting(randomthemes) + SubString(skin.string(theme),modern)">Skin.SetString(theme,future)</onfocus>
	<onfocus condition="Skin.HasSetting(randomthemes) + SubString(skin.string(theme),future)">Skin.SetString(theme,cold)</onfocus>
	<onfocus condition="Skin.HasSetting(randomthemes) + SubString(skin.string(theme),cold)">Skin.SetString(theme,warm)</onfocus>
	<onfocus condition="Skin.HasSetting(randomthemes) + SubString(skin.string(theme),warm)">Skin.SetString(theme,darkness)</onfocus>
	<onfocus condition="Skin.HasSetting(randomthemes) + SubString(skin.string(theme),darkness)">Skin.SetString(theme,digitalart)</onfocus>
	<onfocus condition="Skin.HasSetting(randomthemes) + SubString(skin.string(theme),digitalart)">Skin.SetString(theme,colors)</onfocus>
	<onfocus>ReplaceWindow(Home)</onfocus>
	</control>
	</controls>
</window>