<?xml version="1.0" encoding="UTF-8"?>
<window id="2005"><!-- Aeon MQ 6 -->
	<controls>	
	<control type="group">
	<left>0</left>
	<top>0</top>
	<width>1280</width>
	<height>125</height>
	<animation effect="slide" time="400" start="0,-125" end="0,0" easing="out" tween="cubic">WindowOpen</animation>
	<animation effect="slide" time="400" start="0,-125" end="0,0" easing="out" tween="cubic">Visible</animation>
	<animation effect="slide" time="400" start="0,0" end="0,-125" easing="in" tween="cubic">WindowClose</animation>
	<animation effect="slide" time="400" start="0,0" end="0,-125" easing="in" tween="cubic">Hidden</animation>
	<visible>![Window.IsVisible(115) | Window.IsVisible(123) | Window.IsVisible(124) | Window.IsActive(142) | Window.IsActive(2901) | Skin.HasSetting(customosd)]</visible>
	<control type="image">
	<left>0</left>
	<top>0</top>
	<height>200</height>
	<width>1280</width>
	<texture flipy="true">shadow_mask.png</texture>
	<colordiffuse>75000000</colordiffuse>
	</control>
	<control type="label" id="10">
	<left>30</left>
	<top>10</top>	
	<width>1250</width>
	<height>20</height>
	<align>left</align>
	<aligny>center</aligny>
	<font>Font_18</font>
	<label>-</label>
	</control>
	<control type="label" id="11">
	<left>30</left>
	<top>55</top>	
	<width>1250</width>
	<height>20</height>
	<align>left</align>
	<aligny>center</aligny>
	<font>Font_18</font>
	<label>-</label>
	</control>
	<control type="label" id="12">
	<left>30</left>
	<top>100</top>	
	<width>1250</width>
	<height>45</height>
	<align>left</align>
	<aligny>center</aligny>
	<font>Font_18</font>
	<label>-</label>
	</control>
	</control>

	<!-- Buffering Dialog -->
	<control type="label" id="24">
	<description>buffering label</description>
	<label>$LOCALIZE[15107] $INFO[Player.CacheLevel]%</label>
	<left>499</left>
	<top>330</top>
	<width>281</width>
	<height>18</height>
	<aligny>center</aligny>
	<align>center</align>
	<font>Font_23</font>
	<textcolor>80FFFAF0</textcolor>
	<include>Animation_Fade</include>
	</control>
	</controls>
</window>