<?xml version="1.0" encoding="UTF-8"?>
<window><!-- Aeon MQ 6 -->
	<defaultcontrol always="true">2</defaultcontrol>
	<coordinates>
	<system>1</system>
	</coordinates>
	<include>Animation_DialogPopup</include>
	<controls>
	<control type="image">
	<left>110</left>
	<top>0</top>
	<width>30</width>
	<height>720</height>
	<texture flipx="true">shadow.png</texture>
	<colordiffuse>C3FFFFFF</colordiffuse>
	</control>
	<control type="image">
	<left>1140</left>
	<top>0</top>
	<width>30</width>
	<height>720</height>
	<texture>shadow.png</texture>
	<colordiffuse>C3FFFFFF</colordiffuse>
	</control>
	<control type="image">
	<left>140</left>
	<top>0</top>
	<width>1000</width>
	<height>720</height>
	<texture>darkgrey.png</texture>
	<colordiffuse>$VAR[value_texturecolor]</colordiffuse>
	<include>Animation_DefaultGlass</include>
	</control>
	<control type="image">
	<left>140</left>
	<top>0</top>
	<width>1000</width>
	<height>80</height>
	<texture>black.png</texture>
	<colordiffuse>90FFFFFF</colordiffuse>
	</control>
	<control type="label">
	<left>215</left>
	<top>23</top>
	<width>852</width>
	<height>30</height>
	<label>$LOCALIZE[298]</label>
	<font>Font_32</font>
	<textcolor>FFFFFAF0</textcolor>
	<align>center</align>
	<aligny>center</aligny>
	<include>Animation_Fade</include>
	</control>
	<control type="panel" id="11">
	<viewtype label="536">icon</viewtype>
	<left>140</left>
	<top>120</top>
	<width>1000</width>
	<height>430</height>
	<onleft>2</onleft>
	<onright>80</onright>
	<ondown>2</ondown>
	<onup>2</onup>
	<scrolltime>200</scrolltime>	
	<pagecontrol>80</pagecontrol>
	<orientation>vertical</orientation>
	<itemlayout height="215" width="250">
	<control type="image">
	<left>2</left>
	<top>2</top>
	<width>245</width>
	<height>211</height>
	<texture border="3">black.png</texture>
	<colordiffuse>C3FFFFFF</colordiffuse>
	</control>
	<control type="image">
	<left>7</left>
	<top>7</top>
	<width>235</width>
	<height>165</height>
	<aspectratio>scale</aspectratio>
	<info>ListItem.Icon</info>
	</control>
	<control type="label">
	<left>0</left>
	<top>185</top>
	<width>225</width>
	<height>15</height>
	<font>Font_18A</font>
	<include>listcolor</include>
	<align>center</align>
	<aligny>center</aligny>
	<label>$INFO[ListItem.Label]$INFO[ListItem.Label2, (,)]</label>
	</control>
	</itemlayout>
	<focusedlayout height="215" width="250">
	<control type="image">
	<left>2</left>
	<top>2</top>
	<width>245</width>
	<height>211</height>
	<texture border="3">grey.png</texture>
	<colordiffuse>90FFFFFF</colordiffuse>
	</control>
	<control type="image">
	<left>7</left>
	<top>7</top>
	<width>235</width>
	<height>165</height>
	<aspectratio>scale</aspectratio>
	<info>ListItem.Icon</info>
	</control>
	<control type="label">
	<left>0</left>
	<top>185</top>
	<width>225</width>
	<height>15</height>
	<font>Font_18A</font>
	<include>listcolorfocus</include>
	<align>center</align>
	<aligny>center</aligny>
	<label>$INFO[ListItem.Label]$INFO[ListItem.Label2, (,)]</label>
	</control>
	</focusedlayout>
	</control>
	<control type="image">
	<left>140</left>
	<top>635</top>
	<width>1000</width>
	<height>40</height>
	<texture>black.png</texture>
	<colordiffuse>90FFFFFF</colordiffuse>
	</control>
	<control type="grouplist" id="9000">
	<left>140</left>
	<top>635</top>
	<width>1000</width>
	<height>40</height>
	<itemgap>0</itemgap>
	<orientation>horizontal</orientation>
	<onleft>9000</onleft>
	<onright>9000</onright>
	<onup>11</onup>
	<ondown>11</ondown>
	<control type="button" id="2"><!-- Create Bookmark -->
	<align>center</align>
	<label>294</label>
	<width>500</width>
	</control>
	<control type="button" id="3"><!-- Clear Bookmark -->
	<align>center</align>
	<label>296</label>
	<width>500</width>
	</control>
	<control type="button" id="4"><!-- Clear Bookmark Episodes -->
	<align>center</align>
	<label>20406</label>
	<width>500</width>
	<visible>VideoPlayer.Content(episodes)</visible>
	</control>
	</control>
	<control type="scrollbar" id="80">
	<include>ScrollBar_Vertical</include>
	<left>1140</left>
	<top>115</top>
	<height>440</height>
	<onleft>11</onleft>
	<onright>11</onright>
	<include>Animation_Fade</include>
	<visible allowhiddenfocus="true">Control.HasFocus(80)</visible>
	</control>
	<control type="label">
	<left>1125</left>
	<top>590</top>
	<width>300</width>
	<height>35</height>
	<font>Font_18A</font>
	<align>right</align>
	<aligny>center</aligny>
	<scroll>true</scroll>
	<textcolor>$VAR[value_headercolor]</textcolor>
	<label>$INFO[Container(11).NumItems] $LOCALIZE[31210] - $LOCALIZE[31215] $INFO[Container(11).CurrentPage]/$INFO[Container(11).NumPages]</label>
	</control>
	</controls>
</window>
