<?xml version="1.0" encoding="UTF-8"?>
<includes><!-- Aeon MQ 6 -->
	<!--##################################################################################   VISTA PHOTOSHOW - ID 79   ##################################################################################-->
	<include name="ViewPhotoShow">
	<control type="group"><!-- default group -->
	<animation effect="fade" time="400">VisibleChange</animation>
	<include>Animation_HidePhotoShow</include>
	<visible>Control.IsVisible(79)</visible>
	<control type="group" id="304"><!-- painel das miniaturas -->
	<left>0</left>
	<top>454</top>
	<animation effect="slide" start="0,0" end="0,300" time="600" easing="out" tween="sine">Hidden</animation>
	<animation effect="fade" start="0" end="100" time="300">Visible</animation>
	<visible>!Control.IsVisible(105)</visible>
	<control type="image">
	<left>0</left>
	<top>-29</top>
	<width>1280</width>
	<height>30</height>
	<texture>shadow_h.png</texture>
	<colordiffuse>C3FFFFFF</colordiffuse>
	</control>
	<control type="image">
	<left>0</left>
	<top>0</top>
	<width>1280</width>
	<height>266</height>
	<texture>darkgrey.png</texture>
	<colordiffuse>$VAR[value_texturecolor]</colordiffuse>
	<animation effect="fade" end="95" condition="true">Conditional</animation>
	</control>
	<control type="image">
	<left>20</left>
	<top>6</top>
	<width>19</width>
	<height>221</height>
	<texture flipx="true">photoshow_arrow.png</texture>
	<animation effect="slide" start="-100" end="0" delay="800" time="400" easing="out" tween="cubic">WindowOpen</animation>
	</control>
	<control type="image">
	<left>1241</left>
	<top>6</top>
	<width>19</width>
	<height>221</height>
	<texture>photoshow_arrow.png</texture>
	<animation effect="slide" start="100" end="0" delay="800" time="400" easing="out" tween="cubic">WindowOpen</animation>
	</control>
	<control type="label">
	<left>64</left>
	<top>235</top>
	<width>1152</width>
	<font>Font_18A</font>
	<label>$INFO[ListItem.Label]</label>
	<include>Animation_Fade</include>
	<visible>!Control.HasFocus(80) + [Container(79).Column(0) | Container(79).Column(1) | Container(79).Column(2)]</visible>
	</control>
	<control type="label">
	<left>1216</left>
	<top>235</top>
	<width>1152</width>
	<align>right</align>
	<font>Font_18A</font>
	<label>$INFO[ListItem.Label]</label>
	<include>Animation_Fade</include>
	<visible>!Control.HasFocus(80) + [Container(79).Column(3) | Container(79).Column(4) | Container(79).Column(5)]</visible>
	</control>
	</control>
	<control type="panel" id="79">
	<viewtype label="31817">icon</viewtype>
	<left>44</left>
	<top>455</top>
	<width>1171</width>
	<height>252</height>
	<pagecontrol>80</pagecontrol>
	<onup>9900</onup>
	<ondown>80</ondown>
	<orientation>horizontal</orientation>
	<scrolltime>450</scrolltime>
	<itemlayout width="192" height="192">
	<control type="image">
	<left>20</left>
	<top>20</top>
	<width>192</width>
	<height>192</height>
	<aspectratio>keep</aspectratio>
	<texture fallback="DefaultPicture.png" background="true">$VAR[value_poster]</texture>
	<bordertexture border="-2">darkgrey.png</bordertexture>
	<visible>!Control.IsVisible(105)</visible>
	</control>
	</itemlayout>
	<focusedlayout width="192" height="192">
	<control type="image">
	<left>18</left>
	<top>20</top>
	<width>192</width>
	<height>192</height>
	<aspectratio>keep</aspectratio>
	<texture fallback="DefaultPicture.png" background="true">$VAR[value_poster]</texture>
	<animation effect="zoom" center="96,96" start="100" end="110" time="400" easing="out" tween="cubic" reversible="false">Focus</animation>
	<bordertexture border="-2">grey.png</bordertexture>
	<visible>!Control.IsVisible(105)</visible>
	</control>
	</focusedlayout>
	</control>
	<control type="group">
	<top>620</top>
	<animation effect="slide" start="0,120" end="0,0" time="600" easing="in" tween="sine">Visible</animation>
	<animation effect="fade" start="100" end="0" time="200">Hidden</animation>
	<animation effect="slide" start="0,0" end="0,100" time="200" tween="cubic" easing="inout" condition="System.IdleTime(8)">Conditional</animation>
	<visible>Control.IsVisible(105)</visible>
	<control type="image">
	<left>0</left>
	<top>-29</top>
	<width>1280</width>
	<height>30</height>
	<texture>shadow_h.png</texture>
	<colordiffuse>C3FFFFFF</colordiffuse>
	</control>
	<control type="image">
	<left>0</left>
	<top>0</top>
	<width>1280</width>
	<height>100</height>
	<texture>darkgrey.png</texture>
	<colordiffuse>$VAR[value_texturecolor]</colordiffuse>
	<animation effect="fade" end="95" condition="true">Conditional</animation>
	</control>
	<control type="label"><!-- Nome da foto -->
	<left>20</left>
	<top>24</top>
	<font>Font_18A</font>
	<label>$INFO[ListItem.Label]</label>
	<animation effect="fade" delay="600" start="0" end="100" time="200">Visible</animation>
	</control>
	<control type="label"><!-- Detalhes -->
	<left>1260</left>
	<top>10</top>
	<width>400</width>
	<height>100</height>
	<align>right</align>
	<font>Font_17A</font>
	<label>[COLOR=$VAR[value_headercolor]]$LOCALIZE[31714]:[/COLOR] $INFO[ListItem.PictureDateTime][CR][COLOR=$VAR[value_headercolor]]$LOCALIZE[31350]:[/COLOR] $INFO[ListItem.Date][CR][COLOR=$VAR[value_headercolor]]$LOCALIZE[31715]:[/COLOR] $INFO[ListItem.PictureResolution][CR]$INFO[ListItem.Size]</label>
	<animation effect="fade" delay="600" start="0" end="100" time="200">Visible</animation>
	</control>
	<control type="image">
	<left>0</left>
	<top>645</top>
	<width>1280</width>
	<height>75</height>
	<texture>gradient_small.png</texture>
	<animation effect="slide" start="0,15" end="0,15" time="200" condition="!Control.IsVisible(105)">Conditional</animation>
	</control>
	</control>
	<control type="button" id="195">
	<include>InvisibleButton</include>
	<onleft>79</onleft>
	<onright>79</onright>
	<onup>79</onup>
	<ondown>79</ondown>
	</control>
	<control type="scrollbar" id="80">
	<include>ScrollBar_Horizontal</include>
	<left>67</left>
	<top>673</top>
	<width>1147</width>
	<onup>79</onup>
	<ondown>195</ondown>
	<include>Animation_Fade</include>
	<visible allowhiddenfocus="true">Control.IsVisible(79) + Control.HasFocus(80) + !Control.IsVisible(105)</visible>
	</control>
	</control>
	</include>
</includes>