<?xml version="1.0" encoding="UTF-8"?>
<includes><!-- Aeon MQ 6 -->
	<!--##################################################################################   VISTA GLASS LIST - ID 57   ##################################################################################-->
	<include name="GlassListLabel">
	<left>320</left>
	<height>44</height>
	<width>390</width>
	<font>Font_18A</font>
	<aligny>top</aligny>
	<align>left</align>
	<textcolor>$VAR[value_headercolor]</textcolor>
	<textoffsetx>30</textoffsetx>
	<textoffsety>2</textoffsety>
	</include>
	<include name="GlassListValue">
	<left>320</left>
	<height>13</height>
	<width>390</width>
	<font>Font_18A</font>
	<aligny>top</aligny>
	<align>left</align>
	<textoffsetx>30</textoffsetx>
	<textoffsety>21</textoffsety>
	<scroll>true</scroll>
	</include>
	<include name="GlassListDisc">
	<width>150</width>
	<height>150</height>
	<fadetime>FanartCrossFadeTime</fadetime>
	<aspectratio align="center" aligny="center">keep</aspectratio>
	<animation effect="rotate" start="0" end="-360" center="auto" time="40000" delay="5000" loop="true" reversible="false" condition="!Player.HasVideo">Conditional</animation>
	<include>Animation_ViewsCDart</include>
	</include>
	<include name="ViewGlassList">
	<control type="group">
	<animation effect="slide" start="1000,0" end="0,0" time="600" easing="out" tween="sine">WindowOpen</animation>
	<animation effect="slide" start="1000,0" end="0,0" time="600" easing="out" tween="sine">Visible</animation>
	<animation effect="slide" start="0,0" end="1000,0" time="600" easing="out" tween="sine">Hidden</animation>
	<visible>Control.IsVisible(57) + [Control.HasFocus(9957) | StringCompare(skin.string(glasslistvideopanel),alwayson) | StringCompare(skin.string(glasslistvideopanel),auto) + Control.IsVisible(9921) | Window.IsVisible(6621)]</visible>
	<control type="group">
	<animation effect="slide" start="0,300" end="0,0"  time="500" tween="sine" easing="out">WindowOpen</animation>
	<animation effect="slide" start="0,300" end="0,0"  time="500" tween="sine" easing="out">Visible</animation>
	<animation effect="fade" start="100" end="0" time="200">Hidden</animation>
	<visible>!StringCompare(ListItem.Label,..) + [SubString(skin.string(mediaflags),on) | SubString(skin.string(mediaflags),auto) + Control.IsVisible(9921)]</visible>
	<control type="image"><!-- Barra do rodape -->
	<left>300</left>
	<top>510</top>
	<width>1280</width>
	<height>180</height>
	<texture>shadow_mask.png</texture>
	<colordiffuse>$VAR[value_floorcolor]</colordiffuse>	
	<include>Animation_FloorGlass</include>
	</control>
	<control type="grouplist"><!-- Etiquetas -->
	<left>320</left>
	<top>647</top>
	<orientation>horizontal</orientation>
	<itemgap>6</itemgap>
	<include>FlagsContent</include>
	</control>
	<control type="image">
	<left>300</left>
	<top>650</top>
	<height>40</height>
	<width>980</width>
	<texture>gradient_small.png</texture>
	</control>
	</control>
	<control type="group"><!-- Painel de Info -->
	<animation effect="slide" end="0,40" time="500" tween="sine" easing="out" condition="SubString(skin.string(mediaflags),off)">Conditional</animation>
	<visible>!StringCompare(ListItem.Label,..)</visible>
	<control type="image"><!-- Fundo -->
	<left>300</left>
	<top>56</top>
	<width>980</width>
	<height>30</height>
	<texture>shadow_h.png</texture>
	<colordiffuse>C3FFFFFF</colordiffuse>
	</control>
	<control type="image">
	<left>300</left>
	<top>85</top>
	<width>980</width>
	<height>565</height>
	<texture flipy="true" diffuse="shadow_mask.png">darkgrey.png</texture>
	<colordiffuse>$VAR[value_texturecolor]</colordiffuse>
	<animation effect="fade" end="85" condition="true">Conditional</animation>
	</control>
	<control type="image"><!-- Certification -->
	<left>330</left>
	<top>83</top>
	<height>60</height>
	<width>158</width>
	<align>center</align>
	<aligny>center</aligny>
	<aspectratio>keep</aspectratio>
	<texture>$VAR[value_mpaa]</texture>
	</control>
	<control type="image">
	<left>510</left>
	<top>86</top>
	<width>2</width>
	<height>55</height>
	<texture>separator_v.png</texture>
	</control>
	<control type="image">
	<left>525</left>
	<top>101</top>
	<width>118</width><!-- 302 -->
	<height>25</height><!-- 64 -->
	<info>ListItem.StarRating</info>
	<colordiffuse>$VAR[value_headercolor]</colordiffuse>
	<aspectratio>keep</aspectratio>
	<visible>![Container.Content(artists) | Container.Content(years) | Container.Content(genres) | Container.Content(seasons) | StringCompare(ListItem.Label,..)]</visible>
	</control>
	<control type="label"><!-- Nota -->
	<left>660</left>
	<top>103</top>
	<width>30</width>
	<height>25</height>
	<font>Font_23</font>
	<label>[B]$INFO[ListItem.Rating][/B]</label>
	<textcolor>FFFFFAF0</textcolor>	
	</control>
	<control type="image">
	<left>300</left>
	<top>140</top>
	<height>2</height>
	<width>400</width>
	<texture>separator.png</texture>
	</control>
	<control type="image">
	<left>700</left>
	<top>86</top>
	<width>2</width>
	<height>404</height>
	<texture>separator_v.png</texture>
	</control>
	
	<control type="group">
	<top>165</top>
	<control type="label">
	<include>GlassListLabel</include>
	<top>0</top>
	<label>$VAR[value_ground11_label]</label>
	</control>
	<control type="label">
	<include>GlassListValue</include>
	<top>0</top>
	<label>$VAR[value_ground11_value]</label>
	</control>
	<control type="label">
	<include>GlassListLabel</include>
	<top>44</top>
	<label>$VAR[value_ground12_label]</label>
	</control>
	<control type="label">
	<include>GlassListValue</include>
	<top>44</top>
	<label>$VAR[value_ground12_value]</label>
	</control>
	<control type="label">
	<include>GlassListLabel</include>
	<top>88</top>
	<label>$VAR[value_ground13_label]</label>
	</control>
	<control type="label">
	<include>GlassListValue</include>
	<top>88</top>
	<label>$VAR[value_ground13_value]</label>
	</control>
	<control type="label"><!-- Written -->
	<include>GlassListLabel</include>
	<top>132</top>
	<label>$VAR[value_ground14_label]</label>
	</control>
	<control type="label">
	<include>GlassListValue</include>
	<top>132</top>
	<label>$VAR[value_ground14_value]</label>
	</control>
	<control type="label"><!-- Written -->
	<include>GlassListLabel</include>
	<top>176</top>
	<label>$VAR[value_ground15_label]</label>
	</control>
	<control type="label">
	<include>GlassListValue</include>
	<top>176</top>
	<label>$VAR[value_ground15_value]</label>
	</control>
	<control type="label"><!-- Written/Status -->
	<include>GlassListLabel</include>
	<top>220</top>
	<label>$VAR[value_ground16_label]</label>
	</control>
	<control type="label">
	<include>GlassListValue</include>
	<top>220</top>
	<label>$VAR[value_ground16_value]</label>
	</control>
	</control>
	
	<control type="group"><!-- CDART VIDEO -->
	<left>730</left>
	<top>75</top>
	<animation type="WindowOpen">
	<effect type="slide" start="-100,0" end="0,0" time="500" delay="1000" tween="cubic" easing="out"/>
	<effect type="fade" start="0" end="100" time="500" delay="1000"/>
	</animation>
	<animation type="Visible">
	<effect type="slide" start="-100,0" end="0,0" time="500" delay="1000" tween="cubic" easing="out"/>
	<effect type="fade" start="0" end="100" time="500" delay="1000"/>
	</animation>
	<animation effect="fade" start="100" end="0" time="200">WindowClose</animation>
	<animation type="Hidden">
	<effect type="slide" start="0,0" end="-100,0" time="300" tween="cubic" easing="out"/>
	<effect type="fade" start="100" end="0" time="200"/>
	</animation>
	<visible>![IsEmpty(ListItem.Art(discart)) | Skin.HasSetting(noglasslistdiscart) | SubString(ListItem.Path,videodb://movies/sets,left)] + Window.IsActive(25) + [Control.HasFocus(9957) | Control.IsVisible(9923)]</visible>
	<control type="image">
	<left>112</left>
	<top>55</top>
	<width>250</width>
	<height>250</height>
	<texture diffuse="cdart_diffuse.png" background="true">$INFO[ListItem.Art(discart)]</texture>
	<fadetime>FanartCrossFadeTime</fadetime>
	<aspectratio align="center" aligny="center">keep</aspectratio>
	<animation effect="rotate" start="0" end="-360" center="auto" time="40000" delay="5000" loop="true" reversible="false" condition="!Player.HasVideo">Conditional</animation>
	<include>Animation_ViewsCDart</include>
	</control>
	</control>
	
	<control type="grouplist"><!-- CDART SETS da direita -->
	<left>1000</left>
	<top>100</top>
	<orientation>vertical</orientation>
	<itemgap>-92</itemgap>
	<animation type="WindowOpen">
	<effect type="slide" start="-100,0" end="0,0" time="500" delay="500" tween="cubic" easing="out"/>
	<effect type="fade" start="0" end="100" time="500" delay="500"/>
	</animation>
	<animation type="Visible">
	<effect type="slide" start="-100,0" end="0,0" time="500" delay="500" tween="cubic" easing="out"/>
	<effect type="fade" start="0" end="100" time="500" delay="500"/>
	</animation>
	<animation effect="fade" start="100" end="0" time="200">WindowClose</animation>
	<animation type="Hidden">
	<effect type="slide" start="0,0" end="-100,0" time="300" tween="cubic" easing="out"/>
	<effect type="fade" start="100" end="0" time="200"/>
	</animation>
	<visible>![IsEmpty(Window(0).Property(Set.Movie.6.Art(discart))) | Skin.HasSetting(noglasslistdiscart)] + Window.IsActive(25) + SubString(ListItem.Path,videodb://movies/sets,left) + [Control.HasFocus(9957) | Control.IsVisible(9923)]</visible>
	<control type="image">
	<include>GlassListDisc</include>
	<texture diffuse="cdart_diffuse.png" background="true">$INFO[Window(0).Property(Set.Movie.6.Art(discart))]</texture>
	<visible>!IsEmpty(Window(0).Property(Set.Movie.6.Art(discart)))</visible>
	</control>
	<control type="image">
	<include>GlassListDisc</include>
	<texture diffuse="cdart_diffuse.png" background="true">$INFO[Window(0).Property(Set.Movie.7.Art(discart))]</texture>
	<visible>!IsEmpty(Window(0).Property(Set.Movie.7.Art(discart)))</visible>
	</control>
	<control type="image">
	<include>GlassListDisc</include>
	<texture diffuse="cdart_diffuse.png" background="true">$INFO[Window(0).Property(Set.Movie.8.Art(discart))]</texture>
	<visible>!IsEmpty(Window(0).Property(Set.Movie.8.Art(discart)))</visible>
	</control>
	<control type="image">
	<include>GlassListDisc</include>
	<texture diffuse="cdart_diffuse.png" background="true">$INFO[Window(0).Property(Set.Movie.9.Art(discart))]</texture>
	<visible>!IsEmpty(Window(0).Property(Set.Movie.9.Art(discart)))</visible>
	</control>
	<control type="image">
	<include>GlassListDisc</include>
	<texture diffuse="cdart_diffuse.png" background="true">$INFO[Window(0).Property(Set.Movie.10.Art(discart))]</texture>
	<visible>!IsEmpty(Window(0).Property(Set.Movie.10.Art(discart)))</visible>
	</control>
	</control>
	
	<control type="grouplist"><!-- CDART SETS da esquerda -->
	<left>900</left>
	<top>100</top>
	<orientation>vertical</orientation>
	<itemgap>-92</itemgap>
	<animation type="WindowOpen">
	<effect type="slide" start="-100,0" end="0,0" time="500" delay="500" tween="cubic" easing="out"/>
	<effect type="fade" start="0" end="100" time="500" delay="500"/>
	</animation>
	<animation type="Visible">
	<effect type="slide" start="-100,0" end="0,0" time="500" delay="500" tween="cubic" easing="out"/>
	<effect type="fade" start="0" end="100" time="500" delay="500"/>
	</animation>
	<animation effect="fade" start="100" end="0" time="200">WindowClose</animation>
	<animation type="Hidden">
	<effect type="slide" start="0,0" end="-100,0" time="300" tween="cubic" easing="out"/>
	<effect type="fade" start="100" end="0" time="200"/>
	</animation>
	<visible>![IsEmpty(Window(0).Property(Set.Movie.1.Art(discart))) | Skin.HasSetting(noglasslistdiscart)] + Window.IsActive(25) + SubString(ListItem.Path,videodb://movies/sets,left) + [Control.HasFocus(9957) | Control.IsVisible(9923)]</visible>
	<control type="image">
	<include>GlassListDisc</include>
	<texture diffuse="cdart_diffuse.png" background="true">$INFO[Window(0).Property(Set.Movie.1.Art(discart))]</texture>
	<visible>!IsEmpty(Window(0).Property(Set.Movie.1.Art(discart)))</visible>
	</control>
	<control type="image">
	<include>GlassListDisc</include>
	<texture diffuse="cdart_diffuse.png" background="true">$INFO[Window(0).Property(Set.Movie.2.Art(discart))]</texture>
	<visible>!IsEmpty(Window(0).Property(Set.Movie.2.Art(discart)))</visible>
	</control>
	<control type="image">
	<include>GlassListDisc</include>
	<texture diffuse="cdart_diffuse.png" background="true">$INFO[Window(0).Property(Set.Movie.3.Art(discart))]</texture>
	<visible>!IsEmpty(Window(0).Property(Set.Movie.3.Art(discart)))</visible>
	</control>
	<control type="image">
	<include>GlassListDisc</include>
	<texture diffuse="cdart_diffuse.png" background="true">$INFO[Window(0).Property(Set.Movie.4.Art(discart))]</texture>
	<visible>!IsEmpty(Window(0).Property(Set.Movie.4.Art(discart)))</visible>
	</control>
	<control type="image">
	<include>GlassListDisc</include>
	<texture diffuse="cdart_diffuse.png" background="true">$INFO[Window(0).Property(Set.Movie.5.Art(discart))]</texture>
	<visible>!IsEmpty(Window(0).Property(Set.Movie.5.Art(discart)))</visible>
	</control>
	</control>

	<control type="group"><!-- VIDEO SEM ESTOJO -->
	<left>704</left>
	<top>88</top>
	<include>Animation_Fade</include>
	<visible>![!Skin.HasSetting(noglasslistvideocase) + [Container.Content(movies) | Container.Content(musicvideos) | Container.Content(sets)] | Window.IsActive(500) | Window.IsActive(501) | Window.IsActive(502)]</visible>
	<control type="image"><!-- Filmes/Fotos/Arquivos reflexo -->
	<left>0</left>
	<top>406</top>
	<width>530</width>
	<height>400</height>
	<fadetime>FanartCrossFadeTime</fadetime>
	<aspectratio align="left" aligny="top">keep</aspectratio>
	<texture flipy="true" diffuse="thumb_reflect.png" background="true">$VAR[value_poster]</texture>
	<bordertexture flipy="true" diffuse="thumb_reflect.png" border="-2">black.png</bordertexture>
	</control>
	<control type="image"><!-- Filmes/Fotos/Arquivos -->
	<left>0</left>
	<top>0</top>
	<width>530</width>
	<height>400</height>
	<fadetime>FanartCrossFadeTime</fadetime>
	<aspectratio align="left" aligny="bottom">keep</aspectratio>
	<texture fallback="DefaultVideoPoster.png" background="true">$VAR[value_poster]</texture>
	<bordertexture border="-2">black.png</bordertexture>
	</control>
	</control>

	<control type="group"><!-- FILMES ESTOJO -->
	<left>730</left>
	<top>75</top>
	<include>Animation_Fade</include>
	<visible>!Skin.HasSetting(noglasslistvideocase) + [Container.Content(movies) | Container.Content(musicvideos) | Container.Content(sets)]</visible>
	<control type="image"><!-- Poster reflexo -->
	<left>-4</left>
	<top>426</top>
	<width>245</width>
	<height>350</height>
	<fadetime>FanartCrossFadeTime</fadetime>
	<texture flipy="true" diffuse="thumb_reflect.png" background="true">$INFO[ListItem.Icon]</texture>
	<aspectratio>stretch</aspectratio>
	</control>
	<control type="image"><!-- Estojo reflexo -->
	<left>-26</left>
	<top>390</top>
	<width>304</width>
	<height>435</height>
	<fadetime>FanartCrossFadeTime</fadetime>
	<texture flipy="true" diffuse="thumb_box_reflect.png">$VAR[value_videocase0]</texture>
	<aspectratio>stretch</aspectratio>
	<include>Animation_CaseGlass</include>
	</control>
	<control type="image"><!-- Poster -->
	<left>-4</left>
	<top>56</top>
	<width>245</width>
	<height>345</height>
	<fadetime>FanartCrossFadeTime</fadetime>
	<texture fallback="DefaultVideoPoster.png" background="true">$VAR[value_poster]</texture>
	<aspectratio align="center" aligny="center">stretch</aspectratio>
	</control>
	<control type="image"><!-- Estojo -->
	<left>-26</left>
	<top>0</top>
	<width>304</width>
	<height>435</height>
	<fadetime>FanartCrossFadeTime</fadetime>
	<texture>$VAR[value_videocase0]</texture>
	<include>Animation_CaseGlass</include>
	</control>
	<control type="image"><!-- Codec -->
	<left>88</left>
	<top>4</top>
	<width>70</width>
	<height>70</height>
	<fadetime>FanartCrossFadeTime</fadetime>
	<aspectratio align="center" aligny="center">keep</aspectratio>
	<texture>$VAR[value_videocodec0]</texture>
	</control>
	</control>

	<control type="group"><!-- MUSICA -->
	<include>Animation_Fade</include>
	<visible>[Window.IsActive(500) | Window.IsActive(501) | Window.IsActive(502)] + Skin.HasSetting(noaudiomediacase)</visible>
	<control type="image"><!-- Musica reflexo -->
	<left>-5</left>
	<top>420</top>
	<width>245</width>
	<height>350</height>
	<fadetime>FanartCrossFadeTime</fadetime>
	<aspectratio align="center" aligny="top">keep</aspectratio>
	<texture flipy="true" diffuse="thumb_reflect.png" background="true">$INFO[ListItem.Icon]</texture>
	<bordertexture flipy="true" diffuse="thumb_reflect.png" border="-2">black.png</bordertexture>
	</control>
	<control type="image"><!-- Musica -->
	<left>-5</left>
	<top>65</top>
	<width>245</width>
	<height>350</height>
	<fadetime>FanartCrossFadeTime</fadetime>
	<aspectratio align="center" aligny="bottom">keep</aspectratio>
	<texture fallback="DefaultAudioCover.png" background="true">$INFO[ListItem.Icon]</texture>
	<bordertexture border="-2">black.png</bordertexture>
	</control>
	</control>

	<control type="group"><!-- MUSICA ESTOJO -->
	<include>Animation_Fade</include>
	<visible>[Window.IsActive(500) | Window.IsActive(501) | Window.IsActive(502)] + !Skin.HasSetting(noaudiomediacase)</visible>
	<control type="image"><!-- Musica/Estojo reflexo-->
	<left>18</left>
	<top>420</top>
	<width>230</width>
	<height>230</height>
	<fadetime>FanartCrossFadeTime</fadetime>
	<aspectratio scalediffuse="false">stretch</aspectratio>
	<texture flipy="true" diffuse="thumb_box_diffuse_reflect.png" background="true">$INFO[ListItem.Icon]</texture>
	</control>
	<control type="image"><!-- Estojo reflexo -->
	<left>-20</left>
	<top>418</top>
	<width>278</width>
	<height>243</height>
	<texture flipy="true" diffuse="thumb_box_reflect.png">thumb_box_cd.png</texture>
	</control>
	<control type="image"><!-- Musica -->
	<left>18</left>
	<top>194</top>
	<width>230</width>
	<height>230</height>
	<fadetime>FanartCrossFadeTime</fadetime>
	<aspectratio scalediffuse="false">stretch</aspectratio>
	<texture diffuse="thumb_box_diffuse.png" fallback="DefaultAudioCover.png" background="true">$INFO[ListItem.Icon]</texture>
	</control>
	<control type="image"><!-- Estojo -->
	<left>-20</left>
	<top>190</top>
	<width>278</width>
	<height>243</height>
	<texture>thumb_box_cd.png</texture>
	<colordiffuse>DEFFFFFF</colordiffuse>
	</control>
	</control>

	<control type="image"><!-- Logo -->
	<left>1050</left>
	<top>60</top>
	<height>145</height>
	<width>190</width>
	<aspectratio>keep</aspectratio>
	<texture background="true">$INFO[ListItem.Art(clearlogo)]</texture>
	<fadetime>FanartCrossFadeTime</fadetime>
	<visible>!Skin.HasSetting(noartglasslistvideo)</visible>
	</control>
	<control type="image"><!-- ClearArt -->
	<left>1040</left>
	<top>335</top>
	<height>200</height>
	<width>200</width>
	<aspectratio align="center">keep</aspectratio>
	<texture background="true">$INFO[ListItem.Art(clearart)]</texture>
	<fadetime>FanartCrossFadeTime</fadetime>
	<visible>!Skin.HasSetting(noartglasslistvideo)</visible>
	</control>
	<control type="image">
	<left>300</left>
	<top>490</top>
	<height>2</height>
	<width>980</width>
	<texture>separator.png</texture>
	</control>
	<control type="textbox"><!-- Plot -->
	<left>350</left>
	<top>500</top>
	<width>885</width>
	<height>134</height>
	<font>Font_18A</font>
	<label>$VAR[value_plot]</label>
	<textcolor>FFFFFAF0</textcolor>
	<autoscroll delay="15000" time="5000" repeat="15000">!Skin.HasSetting(noinfoplotscroll)</autoscroll>
	</control>
	</control>
	</control>

	<control type="group">
	<animation effect="fade" time="400">VisibleChange</animation>
	<visible>Control.IsVisible(57)</visible>
	<control type="button" id="9957">
	<include>InvisibleButton</include>
	<onleft>57</onleft>
	<onright>9920</onright>
	<onup>57</onup>
	<ondown>57</ondown>
	</control>
	<control type="image">
	<left>300</left>
	<top>-30</top>
	<width>30</width>
	<height>720</height>
	<texture>shadow.png</texture>
	<colordiffuse>C3FFFFFF</colordiffuse>
	</control>
	<control type="image">
	<left>0</left>
	<top>-30</top>
	<width>300</width>
	<height>720</height>
	<texture>grey.png</texture>
	<colordiffuse>90FFFFFF</colordiffuse>
	</control>
	<control type="image">
	<left>0</left>
	<top>658</top>
	<width>298</width>
	<height>3</height>
	<texture flipx="true">divider.png</texture>
	<colordiffuse>90FFFFFF</colordiffuse>
	</control>
	<control type="label"><!-- Contador de pagina -->
	<left>20</left>
	<top>665</top>
	<width>150</width>
	<height>22</height>
	<label>$LOCALIZE[31757] $INFO[Container.CurrentPage]/$INFO[Container.NumPages]</label>
	<font>Font_15</font>
	<align>left</align>
	<textcolor>FF101010</textcolor>
	<include>Animation_Fade</include>
	</control>
	<control type="image">
	<left>298</left>
	<top>-30</top>
	<width>2</width>
	<height>720</height>
	<texture>separator_v.png</texture>
	</control>
	<control type="list" id="57">
	<viewtype label="31821">List</viewtype>
	<left>0</left>
	<top>0</top>
	<width>300</width>
	<height>650</height>
	<onleft>9900</onleft>
	<onright condition="StringCompare(skin.string(glasslistvideopanel),manual) + !StringCompare(ListItem.Label,..)">9957</onright>
	<onright condition="![StringCompare(skin.string(glasslistvideopanel),manual) + !StringCompare(ListItem.Label,..)]">9920</onright>
	<orientation>vertical</orientation>
	<scrolltime>450</scrolltime>
	<preloaditems>2</preloaditems>
	<focusposition>0</focusposition>
	<pagecontrol>-</pagecontrol>
	<visible>!Container.Content(years)</visible>
	<itemlayout width="300" height="40">
	<control type="image">
	<left>0</left>
	<top>0</top>
	<width>298</width>
	<height>3</height>
	<texture flipx="true">divider.png</texture>
	<colordiffuse>90FFFFFF</colordiffuse>
	</control>
	<control type="label">
	<left>20</left>
	<top>1</top>
	<width>260</width>
	<height>40</height>
	<font>Font_22</font>
	<label>$INFO[ListItem.Label]</label>
	<align>left</align>
	<aligny>center</aligny>
	<textcolor>FF101010</textcolor>
	<selectedcolor>$VAR[value_headercolor]</selectedcolor>
	</control>
	<control type="image">
	<left>240</left>
	<top>2</top>
	<width>80</width>
	<height>37</height>
	<texture>$VAR[value_watchedstyle]</texture>
	<colordiffuse>$VAR[value_watchedcolor]</colordiffuse>
	<aspectratio align="center" aligny="top">keep</aspectratio>
	<visible>!Skin.HasSetting(nooverlays) + StringCompare(ListItem.Overlay,OverlayWatched.png)</visible>
	</control>
	</itemlayout>
	<focusedlayout condition="IsEmpty(Control.GetLabel(198)) | Window.IsActive(25) + Skin.HasSetting(slimglasslistvideo) | [Window.IsActive(500) | Window.IsActive(501) | Window.IsActive(502)] + Skin.HasSetting(slimglasslistmusic)" width="300" height="40">
	<control type="image">
	<left>0</left>
	<top>0</top>
	<width>299</width>
	<height>40</height>
	<texture>settings_button.png</texture>
	<colordiffuse>F9FFFFFF</colordiffuse>
	<animation effect="fade" start="100" end="75" time="0" condition="!Control.Hasfocus(57)">conditional</animation>
	</control>
	<control type="label">
	<left>20</left>
	<top>1</top>
	<width>260</width>
	<height>40</height>
	<font>Font_24A</font>
	<label>$INFO[ListItem.Label]</label>
	<align>left</align>
	<aligny>center</aligny>
	<textcolor>FFFFFAF0</textcolor>
	<selectedcolor>$VAR[value_headercolor]</selectedcolor>
	<animation effect="fade" start="100" end="90" time="0" condition="!Control.Hasfocus(57)">conditional</animation>
	</control>
	<control type="image">
	<left>240</left>
	<top>2</top>
	<width>80</width>
	<height>37</height>
	<texture>$VAR[value_watchedstyle]</texture>
	<colordiffuse>$VAR[value_watchedcolor]</colordiffuse>
	<aspectratio align="center" aligny="top">keep</aspectratio>
	<visible>!Skin.HasSetting(nooverlays) + StringCompare(ListItem.Overlay,OverlayWatched.png)</visible>
	</control>
	</focusedlayout>
	<focusedlayout condition="![IsEmpty(Control.GetLabel(198)) | Window.IsActive(25) + Skin.HasSetting(slimglasslistvideo) | [Window.IsActive(500) | Window.IsActive(501) | Window.IsActive(502)] + Skin.HasSetting(slimglasslistmusic)]" width="300" height="60">
	<control type="image">
	<left>0</left>
	<top>0</top>
	<width>299</width>
	<height>60</height>
	<texture>settings_button_large.png</texture>
	<colordiffuse>F9FFFFFF</colordiffuse>
	<animation effect="fade" start="100" end="75" time="0" condition="!Control.Hasfocus(57)">conditional</animation>
	</control>
	<control type="label">
	<left>20</left>
	<top>-9</top>
	<width>260</width>
	<height>60</height>
	<font>Font_24A</font>
	<label>$INFO[ListItem.Label]</label>
	<align>left</align>
	<aligny>center</aligny>
	<textcolor>FFFFFAF0</textcolor>
	<selectedcolor>$VAR[value_headercolor]</selectedcolor>
	<animation effect="fade" start="100" end="90" time="0" condition="!Control.Hasfocus(57)">conditional</animation>
	</control>
	<control type="label">
	<left>20</left>
	<top>33</top>
	<width>260</width>
	<height>20</height>
	<font>Font_18A</font>
	<align>left</align>
	<aligny>center</aligny>
	<label>$VAR[value_glasslistinfofocus]</label>
	<textcolor>FFFFFAF0</textcolor>
	<selectedcolor>FFFFFAF0</selectedcolor>
	<visible>!StringCompare(ListItem.Label,..)</visible>
	</control>
	<control type="image">
	<left>240</left>
	<top>2</top>
	<width>80</width>
	<height>37</height>
	<texture>$VAR[value_watchedstyle]</texture>
	<colordiffuse>$VAR[value_watchedcolor]</colordiffuse>
	<aspectratio align="center" aligny="top">keep</aspectratio>
	<visible>!Skin.HasSetting(nooverlays) + StringCompare(ListItem.Overlay,OverlayWatched.png)</visible>
	</control>
	</focusedlayout>
	</control>
	<control type="image">
	<left>0</left>
	<top>-30</top>
	<width>313</width>
	<height>720</height>
	<texture>menu_glass.png</texture>
	<colordiffuse>70FFFAF0</colordiffuse>
	</control>
	<control type="label" id="198"><!-- Tag -->
	<include>InvisibleButton</include>
	<label>$VAR[value_listinfofocus]</label>
	</control>
	</control>
	</include>
</includes>