<?xml version="1.0" encoding="UTF-8"?>
<includes><!-- Aeon MQ 6 -->
	<include name="EPGMenu">
	<control type="image">
	<left>0</left>
	<top>31</top>
	<width>1280</width>
	<height>30</height>
	<texture>shadow_h.png</texture>
	<colordiffuse>C3FFFFFF</colordiffuse>
	</control>
	<control type="image">
	<left>240</left>
	<top>60</top>
	<width>1040</width>
	<height>510</height>
	<texture>darkgrey.png</texture>
	<colordiffuse>$VAR[value_texturecolor]</colordiffuse>
	<animation effect="fade" end="85" condition="true">Conditional</animation>
	</control>
	<control type="image">
	<left>0</left>
	<top>570</top>
	<width>1280</width>
	<height>150</height>
	<texture>darkgrey.png</texture>
	<colordiffuse>$VAR[value_texturecolor]</colordiffuse>
	<animation effect="fade" end="99" condition="true">Conditional</animation>
	</control>
	<control type="image">
	<left>240</left>
	<top>60</top>
	<width>30</width>
	<height>510</height>
	<texture>shadow.png</texture>
	<colordiffuse>C3FFFFFF</colordiffuse>
	</control>
	<control type="image">
	<left>0</left>
	<top>60</top>
	<width>240</width>
	<height>510</height>
	<texture>grey.png</texture>
	<colordiffuse>90FFFFFF</colordiffuse>
	</control>
	<control type="image">
	<left>238</left>
	<top>60</top>
	<width>2</width>
	<height>510</height>
	<texture>separator_v.png</texture>
	</control>
	<control type="label"><!-- Titulo da esquerda -->
	<include>SettingsSectionTitle</include>
	<label>31333</label>
	<visible>!Control.IsVisible(13)</visible>
	</control>
	<control type="label"><!-- Titulo da esquerda -->
	<include>SettingsSectionTitle</include>
	<label>31763</label>
	<visible>Control.IsVisible(13)</visible>
	</control>
	<control type="label"><!-- Titulo da direita -->
	<left>275</left>
	<include>SettingsContentTitle</include>
	<label>$INFO[Control.GetLabel(29)] $INFO[Control.GetLabel(30)]</label>
	</control>
	</include>
	
	<include name="PVRCommonInfo">
	<control type="image">
	<left>20</left>
	<top>585</top>
	<width>120</width>
	<height>120</height>
	<texture fallback="DefaultVideoCover.png" background="true">$VAR[value_pvrchannelicon]</texture>
	<bordertexture border="-12">musicframe.png</bordertexture>
	<fadetime>FanartCrossFadeTime</fadetime>
	<aspectratio>keep</aspectratio>
	</control>
	<control type="label"><!-- Nome do programa -->
	<left>170</left>
	<top>580</top>
	<width>1090</width>
	<height>30</height>
	<align>left</align>
	<aligny>center</aligny>
	<textcolor>$VAR[value_headercolor]</textcolor>
	<font>Font_20A</font>
	<label>$INFO[ListItem.Title]</label>
	<scroll>true</scroll>
	</control>
	<control type="label"><!-- Hora/Data/Genero -->
	<left>170</left>
	<top>605</top>
	<width>1090</width>
	<height>25</height>
	<align>left</align>
	<aligny>center</aligny>
	<font>Font_18A</font>
	<textcolor>$VAR[value_headercolor]</textcolor>
	<label>$LOCALIZE[142] [COLOR=FFFFFAF0]$INFO[ListItem.StartTime] - $INFO[ListItem.EndTime] ($INFO[ListItem.StartDate]) - [/COLOR]$LOCALIZE[180]: [COLOR=FFFFFAF0]$INFO[ListItem.Duration] - [/COLOR]$LOCALIZE[515]: [COLOR=FFFFFAF0]$INFO[ListItem.Genre][/COLOR]</label>
	<visible>!Control.IsVisible(14)</visible>
	</control>
	<control type="label"><!-- Hora/Data/Genero -->
	<left>170</left>
	<top>605</top>
	<width>1090</width>
	<height>25</height>
	<align>left</align>
	<aligny>center</aligny>
	<font>Font_18A</font>
	<textcolor>$VAR[value_headercolor]</textcolor>
	<label>$LOCALIZE[142] [COLOR=FFFFFAF0]$INFO[ListItem.Date][/COLOR]</label>
	<visible>Control.IsVisible(14) + !IsEmpty(ListItem.Date)</visible>
	</control>
	<control type="image">
	<left>170</left>
	<top>635</top>
	<width>825</width>
	<height>2</height>
	<align>left</align>
	<texture flipx="true">divider.png</texture>
	</control>
	<control type="textbox" id="400">
	<left>170</left>
	<top>640</top>
	<width>1090</width>
	<height>65</height>
	<align>justify</align>
	<label>$INFO[ListItem.Plot]</label>
	<textcolor>FFFFFAF0</textcolor>
	<font>Font_18A</font>
	<autoscroll delay="10000" time="3000" repeat="10000">!Skin.HasSetting(noallowscroll)</autoscroll>
	</control>
	<control type="image">
	<left>0</left>
	<top>60</top>
	<width>250</width>
	<height>510</height>
	<texture>menu_glass.png</texture>
	<colordiffuse>70FFFAF0</colordiffuse>
	</control>
	<control type="image">
	<left>0</left>
	<top>569</top>
	<width>1280</width>
	<height>30</height>
	<texture flipy="true">shadow_h.png</texture>
	</control>
	</include>	
	
	<!--##################################################################################   EPG   ##################################################################################-->
	<include name="ViewEPGTimeline">
	<control type="group">
	<visible>Control.IsVisible(10)</visible>
	<animation effect="fade" reversible="true" time="300">VisibleChange</animation>
    <include>EPGMenu</include>
	<control type="image">
	<left>0</left>
	<top>140</top>
	<width>240</width>
	<height>25</height>
	<texture>grey.png</texture>
	<colordiffuse>E4101010</colordiffuse>
	</control>
	<control type="epggrid" id="10">
	<viewtype label="19032">list</viewtype>
	<left>0</left>
	<top>140</top>
	<width>1280</width>
	<height>430</height>
	<onleft>9900</onleft>
	<onright>9900</onright>
	<onup>10</onup>
	<ondown>10</ondown>
	<onback>9900</onback>
	<pagecontrol>10</pagecontrol>
	<scrolltime>350</scrolltime>
	<timeblocks>40</timeblocks>
	<rulerunit>6</rulerunit>
	<progresstexture border="5">pvr_epgprogressindicator.png</progresstexture>
	<rulerlayout height="30" width="40">
	<control type="image">
	<left>0</left>
	<top>0</top>
	<width>154</width>
	<height>25</height>
	<texture>grey.png</texture>
	<colordiffuse>50101010</colordiffuse>
	</control>
	<control type="label" id="2">
	<left>20</left>
	<top>-1</top>
	<width>40</width>
	<height>28</height>
	<align>left</align>
	<aligny>center</aligny>
	<font>Font_18A</font>
	<label>$INFO[ListItem.Label]</label>
	<textcolor>$VAR[value_headercolor]</textcolor>
	</control>
	</rulerlayout>
	<channellayout height="40" width="240">
	<control type="label" id="1">
	<include>SettingsLabel</include>
	<label>$INFO[ListItem.ChannelName]</label>
	</control>
	<control type="image">
	<left>0</left>
	<top>0</top>
	<width>240</width>
	<height>3</height>
	<texture>divider.png</texture>
	<colordiffuse>90FFFFFF</colordiffuse>
	</control>
	</channellayout>
	<focusedchannellayout height="40" width="240">
	<control type="image" id="1">
	<left>0</left>
	<top>0</top>
	<width>238</width>
	<height>40</height>
	<texture>settings_button.png</texture>
	<animation effect="fade" start="100" end="50" time="50" condition="!Control.Hasfocus(10)">conditional</animation>
	</control>
	<control type="label" id="1">
	<include>SettingsLabelFocus</include>
	<label>$INFO[ListItem.ChannelName]</label>
	</control>
	</focusedchannellayout>
	<itemlayout height="40" width="50">
	<control type="image" id="14">
	<left>0</left>
	<top>1</top>
	<width>48</width>
	<height>38</height>
	<aspectratio>stretch</aspectratio>
	<colordiffuse>50FFFAF0</colordiffuse>
	<texture>settings_button_focus.png</texture>
	</control>
	<control type="image" id="2">
	<left>0</left>
	<top>1</top>
	<width>48</width>
	<height>38</height>
	<aspectratio>stretch</aspectratio>
	<texture border="3">genres/pvr/$INFO[ListItem.Property(GenreType)].png</texture>
	<colordiffuse>50FFFAF0</colordiffuse>	
	</control>
	<control type="label" id="1">
	<left>6</left>
	<top>1</top>
	<width>42</width>
	<height>38</height>
	<aligny>center</aligny>
	<align>left</align>
	<font>Font_18A</font>
	<include>listcolor</include>
	<info>ListItem.Label</info>
	</control>
	<control type="image">
	<left>0</left>
	<top>1</top>
	<width>9</width>
	<height>9</height>
	<texture>pvr_isrecording.png</texture>
	<visible>ListItem.IsRecording</visible>
	</control>
	<control type="image">
	<left>0</left>
	<top>1</top>
	<width>9</width>
	<height>9</height>
	<texture>pvr_hastimer.png</texture>
	<visible>ListItem.HasTimer + !ListItem.IsRecording</visible>
	</control>
	</itemlayout>
	<focusedlayout height="40" width="50">
	<control type="image" id="14">
	<left>0</left>
	<top>1</top>
	<width>48</width>
	<height>38</height>
	<texture>settings_button_focus.png</texture>
	</control>
	<control type="image" id="2">
	<left>0</left>
	<top>1</top>
	<width>48</width>
	<height>38</height>
	<aspectratio>stretch</aspectratio>
	<texture border="3">genres/pvr/$INFO[ListItem.Property(GenreType)].png</texture>
	<colordiffuse>90FFFAF0</colordiffuse>	
	</control>
	<control type="label" id="1">
	<left>6</left>
	<top>1</top>
	<width>42</width>
	<height>38</height>
	<aligny>center</aligny>
	<align>left</align>
	<font>Font_18A</font>
	<include>listcolorfocus</include>
	<info>ListItem.Label</info>
	</control>
	<control type="image">
	<left>0</left>
	<top>1</top>
	<width>9</width>
	<height>9</height>
	<texture>pvr_isrecording.png</texture>
	<visible>ListItem.IsRecording</visible>
	</control>
	<control type="image">
	<left>0</left>
	<top>1</top>
	<width>9</width>
	<height>9</height>
	<texture>pvr_hastimer.png</texture>
	<colordiffuse>E4101010</colordiffuse>
	<visible>ListItem.HasTimer + !ListItem.IsRecording</visible>
	</control>
	</focusedlayout>
	</control>
	<include>PVRCommonInfo</include>
	</control>
	</include>

	<!--##################################################################################   EPG AGORA  ##################################################################################-->
	<include name="ViewLiveTVGuideNow">
	<control type="group">
	<animation effect="fade" reversible="true" time="300">VisibleChange</animation>
	<visible>Control.IsVisible(11)</visible>
	<include>EPGMenu</include>
	<control type="image">
	<left>240</left>
	<top>131</top>
	<width>120</width>
	<height>439</height>
	<texture>grey.png</texture>
	<colordiffuse>20FFFFFF</colordiffuse>
	</control>
	<control type="image">
	<left>1060</left>
	<top>131</top>
	<width>180</width>
	<height>439</height>
	<texture>grey.png</texture>
	<colordiffuse>20FFFFFF</colordiffuse>
	</control>
	<control type="list" id="11">
	<viewtype label="19030">list</viewtype>
	<left>0</left>
	<top>130</top>
	<width>1280</width>
	<height>440</height>
	<onup>11</onup>
	<ondown>11</ondown>
	<onleft>9900</onleft>
	<onright>76</onright>
	<pagecontrol>76</pagecontrol>
	<scrolltime>350</scrolltime>
	<itemlayout height="40">
	<control type="label">
	<include>SettingsLabel</include>
	<label>$INFO[ListItem.ChannelName]</label>
	</control>
	<control type="image">
	<left>0</left>
	<top>0</top>
	<width>240</width>
	<height>3</height>
	<texture>divider.png</texture>
	<colordiffuse>90FFFFFF</colordiffuse>
	</control>
	<control type="image">
	<left>240</left>
	<top>1</top>
	<width>1040</width>
	<height>38</height>
	<aspectratio>stretch</aspectratio>
	<colordiffuse>50FFFAF0</colordiffuse>
	<texture>settings_button_focus.png</texture>
	</control>	
	<control type="label">
	<left>250</left>
	<top>0</top>
	<width>100</width>
	<height>40</height>
	<align>center</align>
	<aligny>center</aligny>
	<font>Font_20</font>
	<include>listcolor</include>
	<info>ListItem.StartTime</info>
	</control>
	<control type="label">
	<left>400</left>
	<top>1</top>
	<width>590</width>
	<height>38</height>
	<align>left</align>
	<aligny>center</aligny>
	<font>Font_18A</font>
	<include>listcolor</include>
	<info>ListItem.Label</info>
	</control>
	<control type="image">
	<left>1080</left>
	<top>10</top>
	<width>30</width>
	<height>20</height>
	<texture>pvr_isrecording.png</texture>
	<visible>ListItem.IsRecording</visible>
	</control>
	<control type="label">
	<left>1120</left>
	<top>1</top>
	<width>110</width>
	<height>38</height>
	<align>left</align>
	<aligny>center</aligny>
	<font>Font_18A</font>
	<include>listcolor</include>
	<label>19043</label>
	<visible>ListItem.IsRecording</visible>
	</control>
	<control type="image">
	<left>1080</left>
	<top>10</top>
	<width>20</width>
	<height>20</height>
	<texture>pvr_hastimer.png</texture>
	<visible>ListItem.HasTimer + !ListItem.IsRecording</visible>
	</control>
	<control type="label">
	<left>1120</left>
	<top>1</top>
	<width>110</width>
	<height>38</height>
	<align>left</align>
	<aligny>center</aligny>
	<font>Font_18A</font>
	<include>listcolor</include>
	<label>31149</label>
	<visible>ListItem.HasTimer</visible>
	</control>
	</itemlayout>
	<focusedlayout height="40">
	<control type="image">
	<left>0</left>
	<top>0</top>
	<width>238</width>
	<height>40</height>
	<texture>settings_button.png</texture>
	<animation effect="fade" start="100" end="50" time="50" condition="!Control.Hasfocus(11)">conditional</animation>
	</control>
	<control type="image">
	<left>240</left>
	<top>1</top>
	<width>1040</width>
	<height>38</height>
	<aspectratio>stretch</aspectratio>
	<colordiffuse>FFFFFAF0</colordiffuse>
	<texture>settings_button_focus.png</texture>
	</control>
	<control type="label">
	<include>SettingsLabelFocus</include>
	<label>$INFO[ListItem.ChannelName]</label>
	</control>	
	<control type="label">
	<left>250</left>
	<top>0</top>
	<width>100</width>
	<height>40</height>
	<align>center</align>
	<aligny>center</aligny>
	<font>Font_20</font>
	<include>listcolorfocus</include>
	<info>ListItem.StartTime</info>
	</control>
	<control type="label">
	<left>400</left>
	<top>1</top>
	<width>590</width>
	<height>38</height>
	<align>left</align>
	<aligny>center</aligny>
	<font>Font_18A</font>
	<include>listcolorfocus</include>
	<info>ListItem.Label</info>
	</control>
	<control type="image">
	<left>1080</left>
	<top>10</top>
	<width>30</width>
	<height>20</height>
	<texture>pvr_isrecording.png</texture>
	<visible>ListItem.IsRecording</visible>
	</control>
	<control type="label">
	<left>1120</left>
	<top>1</top>
	<width>110</width>
	<height>38</height>
	<align>left</align>
	<aligny>center</aligny>
	<font>Font_18A</font>
	<include>listcolorfocus</include>
	<label>19043</label>
	<visible>ListItem.IsRecording</visible>
	</control>
	<control type="image">
	<left>1080</left>
	<top>10</top>
	<width>20</width>
	<height>20</height>
	<texture>pvr_hastimer.png</texture>
	<visible>ListItem.HasTimer + !ListItem.IsRecording</visible>
	</control>
	<control type="label">
	<left>1120</left>
	<top>1</top>
	<width>110</width>
	<height>38</height>
	<align>left</align>
	<aligny>center</aligny>
	<font>Font_18A</font>
	<include>listcolorfocus</include>
	<label>31149</label>
	<visible>ListItem.HasTimer</visible>
	</control>
	</focusedlayout>
	</control>
	<control type="scrollbar" id="76">
	<include>ScrollBar_Vertical</include>
	<left>1245</left>
	<top>135</top>
	<height>430</height>
	<onleft>11</onleft>
	<onright>11</onright>
	</control>
	<include>PVRCommonInfo</include>
	</control>
	</include>
	
	<!--##################################################################################   EPG PROXIMO   ##################################################################################-->
	<include name="ViewLiveTVGuideNext">
	<control type="group">
	<animation effect="fade" reversible="true" time="300">VisibleChange</animation>
	<visible>Control.IsVisible(12)</visible>
	<include>EPGMenu</include>
	<control type="image">
	<left>240</left>
	<top>131</top>
	<width>120</width>
	<height>439</height>
	<texture>grey.png</texture>
	<colordiffuse>20FFFFFF</colordiffuse>
	</control>
	<control type="image">
	<left>1060</left>
	<top>131</top>
	<width>180</width>
	<height>439</height>
	<texture>grey.png</texture>
	<colordiffuse>20FFFFFF</colordiffuse>
	</control>
	<control type="list" id="12">
	<viewtype label="19031">list</viewtype>
	<left>0</left>
	<top>130</top>
	<width>1280</width>
	<height>440</height>
	<onup>12</onup>
	<ondown>12</ondown>
	<onleft>9900</onleft>
	<onright>76</onright>
	<pagecontrol>76</pagecontrol>
	<scrolltime>350</scrolltime>
	<itemlayout height="40">
	<control type="label">
	<include>SettingsLabel</include>
	<label>$INFO[ListItem.ChannelName]</label>
	</control>
	<control type="image">
	<left>0</left>
	<top>0</top>
	<width>240</width>
	<height>3</height>
	<texture>divider.png</texture>
	<colordiffuse>90FFFFFF</colordiffuse>
	</control>
	<control type="image">
	<left>240</left>
	<top>1</top>
	<width>1040</width>
	<height>38</height>
	<aspectratio>stretch</aspectratio>
	<colordiffuse>50FFFAF0</colordiffuse>
	<texture>settings_button_focus.png</texture>
	</control>	
	<control type="label">
	<left>250</left>
	<top>0</top>
	<width>100</width>
	<height>40</height>
	<align>center</align>
	<aligny>center</aligny>
	<font>Font_20</font>
	<include>listcolor</include>
	<info>ListItem.StartTime</info>
	</control>
	<control type="label">
	<left>400</left>
	<top>1</top>
	<width>590</width>
	<height>38</height>
	<align>left</align>
	<aligny>center</aligny>
	<font>Font_18A</font>
	<include>listcolor</include>
	<info>ListItem.Label</info>
	</control>
	<control type="image">
	<left>1080</left>
	<top>10</top>
	<width>30</width>
	<height>20</height>
	<texture>pvr_isrecording.png</texture>
	<visible>ListItem.IsRecording</visible>
	</control>
	<control type="label">
	<left>1120</left>
	<top>1</top>
	<width>110</width>
	<height>38</height>
	<align>left</align>
	<aligny>center</aligny>
	<font>Font_18A</font>
	<include>listcolor</include>
	<label>19043</label>
	<visible>ListItem.IsRecording</visible>
	</control>
	<control type="image">
	<left>1080</left>
	<top>10</top>
	<width>20</width>
	<height>20</height>
	<texture>pvr_hastimer.png</texture>
	<visible>ListItem.HasTimer + !ListItem.IsRecording</visible>
	</control>
	<control type="label">
	<left>1120</left>
	<top>1</top>
	<width>110</width>
	<height>38</height>
	<align>left</align>
	<aligny>center</aligny>
	<font>Font_18A</font>
	<include>listcolor</include>
	<label>31149</label>
	<visible>ListItem.HasTimer</visible>
	</control>
	</itemlayout>
	<focusedlayout height="40">
	<control type="image">
	<left>0</left>
	<top>0</top>
	<width>238</width>
	<height>40</height>
	<texture>settings_button.png</texture>
	<animation effect="fade" start="100" end="50" time="50" condition="!Control.Hasfocus(12)">conditional</animation>
	</control>
	<control type="image">
	<left>240</left>
	<top>1</top>
	<width>1040</width>
	<height>38</height>
	<aspectratio>stretch</aspectratio>
	<colordiffuse>FFFFFAF0</colordiffuse>
	<texture>settings_button_focus.png</texture>
	</control>
	<control type="label">
	<include>SettingsLabelFocus</include>
	<label>$INFO[ListItem.ChannelName]</label>
	</control>	
	<control type="label">
	<left>250</left>
	<top>0</top>
	<width>100</width>
	<height>40</height>
	<align>center</align>
	<aligny>center</aligny>
	<font>Font_20</font>
	<include>listcolorfocus</include>
	<info>ListItem.StartTime</info>
	</control>
	<control type="label">
	<left>400</left>
	<top>1</top>
	<width>590</width>
	<height>38</height>
	<align>left</align>
	<aligny>center</aligny>
	<font>Font_18A</font>
	<include>listcolorfocus</include>
	<info>ListItem.Label</info>
	</control>
	<control type="image">
	<left>1080</left>
	<top>10</top>
	<width>30</width>
	<height>20</height>
	<texture>pvr_isrecording.png</texture>
	<visible>ListItem.IsRecording</visible>
	</control>
	<control type="label">
	<left>1120</left>
	<top>1</top>
	<width>110</width>
	<height>38</height>
	<align>left</align>
	<aligny>center</aligny>
	<font>Font_18A</font>
	<include>listcolorfocus</include>
	<label>19043</label>
	<visible>ListItem.IsRecording</visible>
	</control>
	<control type="image">
	<left>1080</left>
	<top>10</top>
	<width>20</width>
	<height>20</height>
	<texture>pvr_hastimer.png</texture>
	<visible>ListItem.HasTimer + !ListItem.IsRecording</visible>
	</control>
	<control type="label">
	<left>1120</left>
	<top>1</top>
	<width>110</width>
	<height>38</height>
	<align>left</align>
	<aligny>center</aligny>
	<font>Font_18A</font>
	<include>listcolorfocus</include>
	<label>31149</label>
	<visible>ListItem.HasTimer</visible>
	</control>
	</focusedlayout>
	</control>
	<control type="scrollbar" id="76">
	<include>ScrollBar_Vertical</include>
	<left>1245</left>
	<top>135</top>
	<height>430</height>
	<onleft>12</onleft>
	<onright>12</onright>
	</control>
	<include>PVRCommonInfo</include>
	</control>
	</include>
	
	<!--##################################################################################   EPG GUIA DE CANAIS   ##################################################################################-->
	<include name="ViewLiveTVGuideChannel">
	<control type="group">
	<animation effect="fade" reversible="true" time="300">VisibleChange</animation>
	<visible>Control.IsVisible(13)</visible>
	<include>EPGMenu</include>
	<control type="image">
	<left>240</left>
	<top>131</top>
	<width>160</width>
	<height>439</height>
	<texture>grey.png</texture>
	<colordiffuse>20FFFFFF</colordiffuse>
	</control>
	<control type="image">
	<left>1060</left>
	<top>131</top>
	<width>180</width>
	<height>439</height>
	<texture>grey.png</texture>
	<colordiffuse>20FFFFFF</colordiffuse>
	</control>
	<control type="list" id="13">
	<viewtype label="19029">list</viewtype>
	<left>0</left>
	<top>130</top>
	<width>1280</width>
	<height>440</height>
	<onup>13</onup>
	<ondown>13</ondown>
	<onleft>9900</onleft>
	<onright>75</onright>
	<pagecontrol>75</pagecontrol>
	<scrolltime>350</scrolltime>
	<itemlayout height="40" width="1280">
	<control type="label">
	<include>SettingsLabel</include>
	<label>$INFO[ListItem.ChannelName]</label>
	</control>
	<control type="image">
	<left>0</left>
	<top>0</top>
	<width>240</width>
	<height>3</height>
	<texture>divider.png</texture>
	<colordiffuse>90FFFFFF</colordiffuse>
	</control>
	<control type="image">
	<left>240</left>
	<top>1</top>
	<width>1040</width>
	<height>38</height>
	<aspectratio>stretch</aspectratio>
	<colordiffuse>50FFFAF0</colordiffuse>
	<texture>settings_button_focus.png</texture>
	</control>
	<control type="label">
	<left>250</left>
	<top>0</top>
	<width>140</width>
	<height>40</height>
	<align>center</align>
	<aligny>center</aligny>
	<font>Font_20</font>
	<include>listcolor</include>
	<info>ListItem.Date</info>
	</control>
	<control type="label">
	<left>430</left>
	<top>1</top>
	<width>590</width>
	<height>38</height>
	<align>left</align>
	<aligny>center</aligny>
	<font>Font_18A</font>
	<include>listcolor</include>
	<info>ListItem.Label</info>
	</control>
	<control type="image">
	<left>1080</left>
	<top>10</top>
	<width>30</width>
	<height>20</height>
	<texture>pvr_isrecording.png</texture>
	<visible>ListItem.IsRecording</visible>
	</control>
	<control type="label">
	<left>1120</left>
	<top>1</top>
	<width>110</width>
	<height>38</height>
	<align>left</align>
	<aligny>center</aligny>
	<font>Font_18A</font>
	<include>listcolorfocus</include>
	<label>19043</label>
	<visible>ListItem.IsRecording</visible>
	</control>
	<control type="label">
	<left>1120</left>
	<top>1</top>
	<width>110</width>
	<height>38</height>
	<align>left</align>
	<aligny>center</aligny>
	<font>Font_18A</font>
	<include>listcolorfocus</include>
	<label>31149</label>
	<visible>ListItem.HasTimer</visible>
	</control>
	</itemlayout>
	<focusedlayout height="40" width="1280">
	<control type="image">
	<left>0</left>
	<top>0</top>
	<width>238</width>
	<height>40</height>
	<texture>settings_button.png</texture>
	<animation effect="fade" start="100" end="50" time="50" condition="!Control.Hasfocus(13)">conditional</animation>
	</control>
	<control type="image">
	<left>240</left>
	<top>1</top>
	<width>1040</width>
	<height>38</height>
	<aspectratio>stretch</aspectratio>
	<colordiffuse>FFFFFAF0</colordiffuse>
	<texture>settings_button_focus.png</texture>
	</control>
	<control type="label">
	<include>SettingsLabelFocus</include>
	<label>$INFO[ListItem.ChannelName]</label>
	</control>
	<control type="label">
	<left>250</left>
	<top>0</top>
	<width>140</width>
	<height>40</height>
	<align>center</align>
	<aligny>center</aligny>
	<font>Font_20</font>
	<textcolor>$VAR[value_headercolor]</textcolor>
	<info>ListItem.Date</info>
	</control>
	<control type="label">
	<left>430</left>
	<top>1</top>
	<width>590</width>
	<height>38</height>
	<align>left</align>
	<aligny>center</aligny>
	<font>Font_18A</font>
	<include>listcolorfocus</include>
	<info>ListItem.Label</info>
	</control>
	<control type="image">
	<left>1080</left>
	<top>10</top>
	<width>30</width>
	<height>20</height>
	<texture>pvr_isrecording.png</texture>
	<visible>ListItem.IsRecording</visible>
	</control>
	<control type="label">
	<left>1120</left>
	<top>1</top>
	<width>110</width>
	<height>38</height>
	<align>left</align>
	<aligny>center</aligny>
	<font>Font_18A</font>
	<include>listcolorfocus</include>
	<label>19043</label>
	<visible>ListItem.IsRecording</visible>
	</control>
	<control type="label">
	<left>1120</left>
	<top>1</top>
	<width>110</width>
	<height>38</height>
	<align>left</align>
	<aligny>center</aligny>
	<font>Font_18A</font>
	<include>listcolorfocus</include>
	<label>31149</label>
	<visible>ListItem.HasTimer</visible>
	</control>
	</focusedlayout>	
	</control>
	<control type="scrollbar" id="75">
	<include>ScrollBar_Vertical</include>
	<left>1245</left>
	<top>135</top>
	<height>430</height>
	<onleft>13</onleft>
	<onright>31</onright>
	<ondown>75</ondown>
	<onup>75</onup>
	</control>
	<include>PVRCommonInfo</include>
	</control>
	</include>
</includes>