<?xml version="1.0" encoding="UTF-8"?>
<includes><!-- Aeon MQ 6 -->
	<!--##################################################################################   VISTA WIDE ID 50   #############################################################################-->
	<include name="ViewWideGames">
	<control type="group">
	<visible>Control.IsVisible(50)</visible>
	<control type="group">
	<animation effect="slide" time="500" start="-800,0" end="0,0" tween="cubic" easing="out">WindowOpen</animation>
	<animation effect="slide" time="500" start="-800,0" end="0,0" tween="cubic" easing="out">Visible</animation>
	<animation effect="fade" time="200" start="100" end="0">Hidden</animation>
	<control type="image">
	<left>0</left>
	<top>36</top>
	<width>640</width>
	<height>30</height>
	<texture>shadow_h.png</texture>
	<colordiffuse>C3FFFFFF</colordiffuse>
	</control>
	<control type="image">
	<left>0</left>
	<top>650</top>
	<width>1280</width>
	<height>30</height>
	<texture flipy="true">shadow_h.png</texture>
	<colordiffuse>C3FFFFFF</colordiffuse>
	</control>
	<control type="image">
	<left>0</left>
	<top>65</top>
	<width>640</width>
	<height>585</height>
	<texture>darkgrey.png</texture>
	<colordiffuse>$VAR[value_texturecolor]</colordiffuse>
	<animation effect="fade" end="95" condition="true">Conditional</animation>
	</control>
	<control type="button" id="562">
	<include>InvisibleButton</include>
	<onright>9920</onright>
	<onleft>50</onleft>
	<onup>50</onup>
	<ondown>50</ondown>
	</control>
	<control type="list" id="50">
	<viewtype label="31813">list</viewtype>
	<left>0</left>
	<top>65</top>
	<width>640</width>
	<height>584</height>
	<pagecontrol>61</pagecontrol>
	<onleft>61</onleft>
	<onright>562</onright>
	<orientation>vertical</orientation>
	<scrolltime>450</scrolltime>
	<preloaditems>2</preloaditems>
	<itemlayout height="40" width="640">
	<control type="image">
	<left>0</left>
	<top>0</top>
	<width>739</width>
	<height>1</height>
	<texture>line.png</texture>
	</control>
	<control type="label">
	<left>45</left>
	<top>-1</top>
	<width>440</width>
	<height>40</height>
	<font>Font_22</font>
	<aligny>center</aligny>
	<include>listcolor</include>
	<label>$INFO[ListItem.Label]</label>
	</control>
	<control type="image">
	<left>585</left>
	<top>2</top>
	<width>37</width>
	<height>37</height>
	<texture>star.png</texture>
	<colordiffuse>$VAR[value_watchedcolor]</colordiffuse>
	<visible>!IsEmpty(ListItem.Property(isfavorite))</visible>
	</control>
	</itemlayout>
	<focusedlayout height="63" width="640">
	<control type="button">
	<include>InvisibleButton</include>
	<animation effect="fade" start="100" end="100" time="0" delay="0" condition="SubString(skin.string(gamevideo_seconds),0)">Focus</animation>
	<animation effect="fade" start="100" end="100" time="0" delay="1000" condition="SubString(skin.string(gamevideo_seconds),1)">Focus</animation>
	<animation effect="fade" start="100" end="100" time="0" delay="2000" condition="SubString(skin.string(gamevideo_seconds),2)">Focus</animation>
	<animation effect="fade" start="100" end="100" time="0" delay="3000" condition="SubString(skin.string(gamevideo_seconds),3)">Focus</animation>
	<animation effect="fade" start="100" end="100" time="0" delay="4000" condition="SubString(skin.string(gamevideo_seconds),4)">Focus</animation>
	<animation effect="fade" start="100" end="100" time="0" delay="5000" condition="SubString(skin.string(gamevideo_seconds),5)">Focus</animation>
	<onfocus condition="!Skin.HasSetting(fullscreengamevideo)">PlayMedia($ESCINFO[ListItem.Property(gameplaymain)],1)</onfocus>
	<onfocus condition="Skin.HasSetting(fullscreengamevideo)">PlayMedia($ESCINFO[ListItem.Property(gameplaymain)])</onfocus>
	<visible>![IsEmpty(ListItem.Property(autoplayvideomain)) | IsEmpty(ListItem.Property(gameplaymain))]</visible>
	</control>
	<control type="image">
	<left>0</left>
	<top>0</top>
	<width>640</width>
	<height>63</height>
	<texture>settings_button_focus.png</texture>
	<animation effect="fade" start="100" end="50" time="0" condition="!Control.Hasfocus(50)">conditional</animation>
	</control>
	<control type="label">
	<left>45</left>
	<top>0</top>
	<width>440</width>
	<height>41</height>
	<font>Font_22</font>
	<aligny>center</aligny>
	<include>listcolorfocus</include>
	<label>$INFO[ListItem.Label]</label>
	</control>
	<control type="fadelabel">
	<left>45</left>
	<top>37</top>
	<width>440</width>
	<height>16</height>
	<font>Font_18A</font>
	<align>left</align>
	<aligny>center</aligny>
	<include>subcolorfocus</include>
	<label>[COLOR=$VAR[value_headercolorfocus]]$LOCALIZE[31770]: [/COLOR]$INFO[ListItem.Property(console)] - [COLOR=$VAR[value_headercolorfocus]]$LOCALIZE[515]: [/COLOR]$INFO[ListItem.Property(genre)]</label>
	<visible>!StringCompare(ListItem.Label,..)</visible>
	</control>
	<control type="image">
	<left>585</left>
	<top>12</top>
	<width>37</width>
	<height>37</height>
	<texture>star.png</texture>
	<colordiffuse>$VAR[value_watchedcolor]</colordiffuse>
	<visible>!IsEmpty(ListItem.Property(isfavorite))</visible>
	</control>
	<control type="group">
	<visible>SubString(skin.string(games_video),trigger)</visible>
	<control type="button">
	<include>InvisibleButton</include>
	<animation effect="fade" start="100" end="100" time="150" delay="500" condition="true">Focus</animation>
	<onfocus>PlayMedia($ESCINFO[ListItem.Property(gameplaymain)],1)</onfocus>
	<visible>!IsEmpty(ListItem.Property(autoplayvideomain)) + !IsEmpty(ListItem.Property(gameplaymain))</visible>
	</control>
	</control>
	</focusedlayout>
	</control>
	<control type="scrollbar" id="61">
	<include>ScrollBar_Vertical</include>
	<left>5</left>
	<top>68</top>
	<height>580</height>
	<onleft>9900</onleft>
	<onright>51</onright>
	<include>Animation_Fade</include>
	<visible allowhiddenfocus="true">Control.IsVisible(50) + Control.HasFocus(61)</visible>
	</control>
	</control>
	<control type="group"><!-- Grupo da direita -->
	<left>640</left>
	<top>0</top>
	<animation effect="slide" time="1000" start="600,0" end="0,0" tween="cubic" easing="out">WindowOpen</animation>
	<animation effect="slide" time="1000" start="600,0" end="0,0" tween="cubic" easing="out">Visible</animation>
	<animation effect="fade" time="400" start="100" end="0">Hidden</animation>
	<visible>Control.IsVisible(50)</visible>
	<control type="image">
	<left>-29</left>
	<top>-70</top>
	<width>30</width>
	<height>720</height>
	<texture flipx="true">shadow.png</texture>
	<colordiffuse>C3FFFFFF</colordiffuse>
	</control>
	<control type="image">
	<left>0</left>
	<top>-70</top>
	<width>640</width>
	<height>720</height>
	<texture>darkgrey.png</texture>
	<colordiffuse>$VAR[value_texturecolor]</colordiffuse>
	<animation effect="fade" end="85" condition="true">Conditional</animation>
	</control>
	<control type="image">
	<left>0</left>
	<top>396</top>
	<width>640</width>
	<height>254</height>
	<texture>darkgrey.png</texture>
	<colordiffuse>$VAR[value_texturecolor]</colordiffuse>
	<animation effect="fade" end="85" condition="true">Conditional</animation>
	<include>Animation_Fade</include>
	<visible>!Control.HasFocus(562)</visible>
	</control>
	<control type="image">
	<left>0</left>
	<top>-70</top>
	<width>640</width>
	<height>720</height>
	<texture>black.png</texture>
	<colordiffuse>75FFFFFF</colordiffuse>
	<include>Animation_Fade</include>
	<visible>Control.HasFocus(562)</visible>
	</control>
	<control type="group"><!-- Grupo das artes -->
	<animation effect="slide" start="0,0" end="700,0" time="400" easing="inout" tween="cubic" condition="Control.HasFocus(562) | Control.HasFocus(9920)">Conditional</animation>
	<include>Animation_Fade</include>
	<control type="image"><!-- miniatura reflexo -->
	<left>20</left>
	<top>401</top>
	<width>600</width>
	<height>367</height>
	<fadetime>FanartCrossFadeTime</fadetime>
	<aspectratio align="center" aligny="top">keep</aspectratio>
	<texture fallback="DefaultGame.png" flipy="true" diffuse="thumb_reflect.png" background="true">$INFO[ListItem.ActualIcon]</texture>
	<bordertexture flipy="true" diffuse="thumb_reflect.png" border="-2">black.png</bordertexture>
	</control>
	<control type="image"><!-- miniatura -->
	<left>20</left>
	<top>30</top>
	<width>600</width>
	<height>367</height>
	<fadetime>FanartCrossFadeTime</fadetime>
	<aspectratio align="center" aligny="bottom">keep</aspectratio>
	<texture fallback="DefaultGame.png" background="true">$INFO[ListItem.ActualIcon]</texture>
	<bordertexture flipy="true" border="-2">black.png</bordertexture>
	</control>
	<control type="image"><!-- gameinfobig -->
	<left>20</left>
	<top>401</top>
	<width>600</width>
	<height>367</height>
	<fadetime>FanartCrossFadeTime</fadetime>
	<aspectratio align="center" aligny="top">keep</aspectratio>
	<texture fallback="DefaultGame.png" flipy="true" diffuse="thumb_reflect.png" background="true">$INFO[ListItem.Property(gameinfobig)]</texture>
	<bordertexture flipy="true" diffuse="thumb_reflect.png" border="-2">black.png</bordertexture>
	<visible>![Player.HasVideo | IsEmpty(ListItem.Property(gameplaymain))]</visible>
	</control>
	<control type="image" id="2001"><!-- gameinfobig -->
	<left>20</left>
	<top>30</top>
	<width>600</width>
	<height>367</height>
	<fadetime>FanartCrossFadeTime</fadetime>
	<aspectratio align="center" aligny="bottom">keep</aspectratio>
	<texture fallback="DefaultGame.png" background="true">$INFO[ListItem.Property(gameinfobig)]</texture>
	<bordertexture border="-2">black.png</bordertexture>
	<visible>![Player.HasVideo | IsEmpty(ListItem.Property(gameplaymain))]</visible>
	</control>
	<control type="videowindow" id="2301"><!-- videowindowbig -->
	<left>20</left>
	<top>30</top>
	<width>600</width>
	<height>367</height>
	<animation effect="slide" start="0,0" end="-2000,0" time="0">WindowClose</animation>
	<visible>![IsEmpty(ListItem.Property(videosizebig)) | Skin.HasSetting(trailerplay)]</visible>
	</control>
	<control type="button"><!-- click absorber -->
	<left>20</left>
	<top>30</top>
	<width>600</width>
	<height>367</height>
	<texturefocus></texturefocus>
	<texturenofocus></texturenofocus>
	<visible>!IsEmpty(ListItem.Property(videosizebig))</visible>
	</control>
	<control type="image" id="2401"><!-- gameinfoupperleft -->
	<left>20</left>
	<top>30</top>
	<width>300</width>
	<height>183</height>
	<fadetime>FanartCrossFadeTime</fadetime>
	<aspectratio align="center" aligny="top">keep</aspectratio>
	<texture background="true">$INFO[ListItem.Property(gameinfoupperleft)]</texture>
	<bordertexture border="-2">black.png</bordertexture>
	</control>
	<control type="image" id="2501"><!-- gameinfoupperright -->
	<left>295</left>
	<top>30</top>
	<width>300</width>
	<height>183</height>
	<fadetime>FanartCrossFadeTime</fadetime>
	<aspectratio align="center" aligny="top">keep</aspectratio>
	<texture background="true">$INFO[ListItem.Property(gameinfoupperright)]</texture>
	<bordertexture border="-2">black.png</bordertexture>
	</control>
	<control type="image" id="2601"><!-- gameinfolowerleft -->
	<left>20</left>
	<top>215</top>
	<width>300</width>
	<height>183</height>
	<fadetime>FanartCrossFadeTime</fadetime>
	<aspectratio align="center" aligny="bottom">keep</aspectratio>
	<texture background="true">$INFO[ListItem.Property(gameinfolowerleft)]</texture>
	<bordertexture border="-2">black.png</bordertexture>
	</control>
	<control type="image" id="2701"><!-- gameinfolowerright -->
	<left>295</left>
	<top>215</top>
	<width>300</width>
	<height>183</height>
	<fadetime>FanartCrossFadeTime</fadetime>
	<aspectratio align="center" aligny="bottom">keep</aspectratio>
	<texture background="true">$INFO[ListItem.Property(gameinfolowerright)]</texture>
	<bordertexture border="-2">black.png</bordertexture>
	<visible>!Player.HasVideo</visible>
	</control>
	<control type="image" id="2711"><!-- gameinfoupper -->
	<left>25</left>
	<top>60</top>
	<width>538</width>
	<height>145</height>
	<texture background="true">$INFO[ListItem.Property(gameinfoupper)]</texture>
	<aspectratio>keep</aspectratio>
	<fadetime>FanartCrossfadeTime</fadetime>
	</control>
	<control type="image" id="2721"><!-- gameinfolower -->
	<left>25</left>
	<top>207</top>
	<width>538</width>
	<height>145</height>
	<texture background="true">$INFO[ListItem.Property(gameinfolower)]</texture>
	<aspectratio>keep</aspectratio>
	<fadetime>FanartCrossfadeTime</fadetime>
	</control>
	<control type="image" id="2731"><!-- gameinfoleft -->
	<left>25</left>
	<top>60</top>
	<width>268</width>
	<height>290</height>
	<texture background="true">$INFO[ListItem.Property(gameinfoleft)]</texture>
	<aspectratio>keep</aspectratio>
	<fadetime>FanartCrossfadeTime</fadetime>
	</control>
	<control type="image" id="2741"><!-- gameinforight -->
	<left>295</left>
	<top>60</top>
	<width>268</width>
	<height>290</height>
	<texture background="true">$INFO[ListItem.Property(gameinforight)]</texture>
	<aspectratio>keep</aspectratio>
	<fadetime>FanartCrossfadeTime</fadetime>
	</control>
	<control type="videowindow" id="2801"><!-- videowindowsmall -->
	<left>295</left>
	<top>207</top>
	<width>268</width>
	<height>145</height>
	<animation effect="slide" start="0,0" end="-2000,0" time="0">WindowClose</animation>
	<visible>![IsEmpty(ListItem.Property(videosizesmall)) | Skin.HasSetting(trailerplay)]</visible>
	</control>
	<control type="button"><!-- video absorber -->
	<left>269</left>
	<top>207</top>
	<width>268</width>
	<height>145</height>
	<texturefocus></texturefocus>
	<texturenofocus></texturenofocus>
	<visible>!IsEmpty(ListItem.Property(videosizesmall))</visible>
	</control>
	</control>
	</control>
	<control type="textbox" id="2101">
	<left>660</left>
	<top>410</top>
	<width>600</width>
	<height>235</height>
	<font>Font_18A</font>
	<label>$INFO[ListItem.Property(plot)]</label>
	<autoscroll delay="15000" time="2000" repeat="15000">!Skin.HasSetting(noallowscroll)</autoscroll>
	<include>Animation_Fade</include>
	<visible>!Control.HasFocus(562)</visible>
	</control>
	<control type="textbox" id="2101">
	<left>660</left>
	<top>293</top>
	<width>600</width>
	<height>353</height>
	<font>Font_18A</font>
	<label>$INFO[ListItem.Property(plot)]</label>
	<autoscroll delay="15000" time="2000" repeat="15000">!Skin.HasSetting(noallowscroll)</autoscroll>
	<include>Animation_Fade</include>
	<visible>Control.HasFocus(562)</visible>
	</control>

	<control type="group">
	<top>10</top>
	<animation effect="slide" start="700,0" end="0,0" time="400" easing="inout" tween="cubic">Visible</animation>
	<animation effect="slide" start="0,0" end="700,0" time="400" easing="inout" tween="cubic">Hidden</animation>
	<visible>Control.HasFocus(562)</visible>
	<control type="image">
	<left>650</left>
	<top>280</top>
	<height>1</height>
	<width>620</width>
	<texture>line.png</texture>
	</control>
	<control type="label"><!-- Year -->
	<include>WideLabel</include>
	<top>0</top>
	<label>$LOCALIZE[345]:</label>
	</control>
	<control type="label">
	<include>WideValue</include>
	<top>0</top>
	<label fallback="416">$INFO[ListItem.Property(year)]</label>
	</control>
	<control type="label"><!-- Genre -->
	<include>WideLabel</include>
	<top>44</top>
	<label>$LOCALIZE[515]:</label>
	</control>
	<control type="label">
	<include>WideValue</include>
	<top>44</top>
	<label fallback="416">$INFO[ListItem.Property(genre)]</label>
	</control>
	<control type="label"><!-- Publisher -->
	<include>WideLabel</include>
	<top>88</top>
	<label>$LOCALIZE[31771]:</label>
	</control>
	<control type="label">
	<include>WideValue</include>
	<top>88</top>
	<label fallback="416">$INFO[ListItem.Property(publisher)]</label>
	</control>
	<control type="label"><!-- Developer -->
	<include>WideLabel</include>
	<top>132</top>
	<label>$LOCALIZE[31788]:</label>
	</control>
	<control type="label">
	<include>WideValue</include>
	<top>132</top>
	<label fallback="416">$INFO[ListItem.Property(developer)]</label>
	</control>
	<control type="label"><!-- Players -->
	<include>WideLabel</include>
	<top>176</top>
	<label>$LOCALIZE[31773]:</label>
	</control>
	<control type="label">
	<include>WideValue</include>
	<top>176</top>
	<label fallback="416">$INFO[ListItem.Property(maxplayers)]</label>
	</control>
	<control type="label"><!-- Play count -->
	<include>WideLabel</include>
	<top>220</top>
	<label>$ADDON[script.games.rom.collection.browser 54005]:</label>
	</control>
	<control type="label">
	<include>WideValue</include>
	<top>220</top>
	<label fallback="416">$INFO[ListItem.Property(playcount)]</label>
	</control>
	</control>
	</control>
	</include>

	<!--##################################################################################   VISTA POSTER - ID 51   #############################################################################-->
	<include name="PosterGamesFixedList">
	<control type="fixedlist" id="51">
	<include>PosterGames_Content</include>
	</control>
	</include>
	<include name="PosterGamesWrapList">
	<control type="wraplist" id="51">
	<include>PosterGames_Content</include>
	</control>
	</include>
	<include name="PosterGames_Content">
	<viewtype label="31808">list</viewtype>
	<left>-88</left>
	<top>120</top>
	<width>1420</width>
	<height>400</height>
	<onleft>51</onleft>
	<onright>51</onright>
	<onup>9900</onup>
	<ondown>80</ondown>
	<orientation>horizontal</orientation>
	<focusposition>2</focusposition>
	<scrolltime>400</scrolltime>
	<preloaditems>2</preloaditems>
	<pagecontrol>80</pagecontrol>
	<itemlayout width="298" height="360">
	<control type="image">
	<left>0</left>
	<top>6</top>
	<width>260</width>
	<height>350</height>
	<aspectratio align="center" aligny="bottom">keep</aspectratio>
	<bordertexture border="-2">black.png</bordertexture>
	<texture fallback="DefaultGame.png" background="true">$INFO[ListItem.ActualIcon]</texture>
	</control>
	<control type="image">
	<left>212</left>
	<top>315</top>
	<width>40</width>
	<height>40</height>
	<texture>star.png</texture>
	<colordiffuse>$VAR[value_watchedcolor]</colordiffuse>
	<aspectratio align="center" aligny="bottom">keep</aspectratio>
	<visible>!IsEmpty(ListItem.Property(isfavorite))</visible>
	</control>
	</itemlayout>
	<focusedlayout width="298" height="360">
	<control type="image">
	<left>0</left>
	<top>6</top>
	<width>260</width>
	<height>350</height>
	<aspectratio align="center" aligny="bottom">keep</aspectratio>
	<texture fallback="DefaultGame.png" background="true">$INFO[ListItem.ActualIcon]</texture>
	<bordertexture border="-2">grey.png</bordertexture>
	<animation reversible="false" effect="zoom" end="120" center="auto" time="200">Focus</animation>
	</control>
	<control type="image">
	<left>212</left>
	<top>315</top>
	<width>40</width>
	<height>40</height>
	<texture>star.png</texture>
	<colordiffuse>$VAR[value_watchedcolor]</colordiffuse>
	<aspectratio align="center" aligny="bottom">keep</aspectratio>
	<animation reversible="false" effect="slide" start="0,0" end="24,36" center="auto" time="200">Focus</animation>
	<animation reversible="false" effect="zoom" end="120" center="auto" time="200">Focus</animation>
	<visible>!IsEmpty(ListItem.Property(isfavorite))</visible>
	</control>
	</focusedlayout>
	</include>
	<include name="ViewPosterGames">
	<control type="group"><!-- default group -->
	<visible>Control.IsVisible(51)</visible>
	<include>ViewBack</include><!-- Fundo -->
	
	<control type="grouplist"><!-- Painel de info -->
	<left>30</left>
	<top>520</top>
	<orientation>vertical</orientation>
	<itemgap>0</itemgap>
	<control type="label"><!-- Year -->
	<include>PosterLabel</include>
	<label>$LOCALIZE[345]: [COLOR=FFFFFAF0]$INFO[ListItem.Property(year)][/COLOR]</label>
	</control>
	<control type="label"><!-- Genre -->
	<include>PosterLabel</include>
	<label>$LOCALIZE[515]: [COLOR=FFFFFAF0]$INFO[ListItem.Property(genre)][/COLOR]</label>
	</control>
	<control type="label"><!-- Publisher -->
	<include>PosterLabel</include>
	<label>$LOCALIZE[31771]: [COLOR=FFFFFAF0]$INFO[ListItem.Property(publisher)][/COLOR]</label>
	</control>
	<control type="label"><!-- Developer -->
	<include>PosterLabel</include>
	<label>$LOCALIZE[31788]: [COLOR=FFFFFAF0]$INFO[ListItem.Property(developer)][/COLOR]</label>
	</control>
	<control type="label"><!-- Players -->
	<include>PosterLabel</include>
	<label>$LOCALIZE[31773]: [COLOR=FFFFFAF0]$INFO[ListItem.Property(maxplayers)][/COLOR]</label>
	</control>
	<control type="label"><!-- Play count -->
	<include>PosterLabel</include>
	<label>$ADDON[script.games.rom.collection.browser 54005]: [COLOR=FFFFFAF0]$INFO[ListItem.Property(playcount)][/COLOR]</label>
	</control>
	</control>
	
	<control type="textbox" id="2101">
	<left>366</left>
	<top>525</top>
	<width>885</width>
	<height>110</height>
	<textcolor>FFFFFAF0</textcolor>
	<font>Font_18A</font>
	<label>$INFO[ListItem.Property(plot)]</label>
	<autoscroll delay="15000" time="3000" repeat="15000">!Skin.HasSetting(noallowscroll)</autoscroll>
	</control>
	<include condition="Skin.HasSetting(postergamesfixedlist)">PosterGamesFixedList</include>
	<include condition="!Skin.HasSetting(postergamesfixedlist)">PosterGamesWrapList</include>
	<control type="scrollbar" id="80">
	<include>ScrollBar_Horizontal</include>
	<left>190</left>
	<top>480</top>
	<width>900</width>
	<onup>51</onup>
	<ondown>9920</ondown>
	<include>Animation_Fade</include>
	<visible allowhiddenfocus="true">Control.IsVisible(51) + Control.HasFocus(80)</visible>
	</control>
	</control>
	</include>
	
	<!--##################################################################################   VISTA PANEL - ID 52   ##################################################################################-->
	<include name="ViewPanelGames">
	<control type="group"><!-- default group -->
	<animation effect="fade" time="400">VisibleChange</animation>
	<include>ViewBack</include><!-- Fundo -->
	<visible>Control.IsVisible(52)</visible>
	<control type="group">
	<animation effect="slide" time="500" start="-800,0" end="0,0" tween="cubic" easing="out">WindowOpen</animation>
	<animation effect="slide" time="500" start="-800,0" end="0,0" tween="cubic" easing="out">Visible</animation>
	<animation effect="fade" time="200" start="100" end="0">Hidden</animation>

	<control type="panel" id="52">
	<viewtype label="31818">icon</viewtype>
	<left>505</left>
	<top>110</top>
	<width>720</width>
	<height>510</height>
	<scrolltime>200</scrolltime>
	<orientation>vertical</orientation>
	<onup>9900</onup>
	<ondown>9920</ondown>
	<onleft>9900</onleft>
	<onright>80</onright>
	<pagecontrol>80</pagecontrol>
	<preloaditems>2</preloaditems>
	<itemlayout width="120" height="170">
	<control type="image">
	<left>8</left>
	<top>6</top>
	<width>100</width>
	<height>141</height>
	<texture fallback="DefaultGame.png" background="true">$INFO[ListItem.ActualIcon]</texture>
	<aspectratio>keep</aspectratio>
	</control>
	<control type="image">
	<left>87</left>
	<top>8</top>
	<width>20</width>
	<height>20</height>
	<texture>star.png</texture>
	<colordiffuse>$VAR[value_watchedcolor]</colordiffuse>
	<visible>!IsEmpty(ListItem.Property(isfavorite))</visible>
	</control>
	</itemlayout>
	<focusedlayout width="120" height="170">
	<control type="button">
	<include>InvisibleButton</include>
	<animation effect="fade" start="100" end="100" time="150" delay="500" condition="true">Focus</animation>
	<onfocus>PlayMedia($ESCINFO[ListItem.Property(gameplaymain)],1)</onfocus>
	<visible>!IsEmpty(ListItem.Property(autoplayvideomain)) + !IsEmpty(ListItem.Property(gameplaymain))</visible>
	</control>
	<control type="image">
	<left>8</left>
	<top>6</top>
	<width>100</width>
	<height>141</height>
	<texture fallback="DefaultGame.png" background="true">$INFO[ListItem.ActualIcon]</texture>
	<bordertexture border="-2">grey.png</bordertexture>
	<animation type="Focus" reversible="false">
	<effect type="zoom" center="auto" start="80" end="100" time="400" tween="back" easing="out" />
	<effect type="fade" start="80" end="100" time="400" />
	</animation>
	<aspectratio>keep</aspectratio>
	</control>
	<control type="image">
	<left>87</left>
	<top>8</top>
	<width>20</width>
	<height>20</height>
	<texture>star.png</texture>
	<colordiffuse>$VAR[value_watchedcolor]</colordiffuse>
	<animation type="Focus" reversible="false">
	<effect type="zoom" center="60,60" start="80" end="100" time="400" tween="back" easing="out" />
	<effect type="fade" start="80" end="100" time="400" />
	</animation>
	<visible>!IsEmpty(ListItem.Property(isfavorite))</visible>
	</control>
	</focusedlayout>
	</control>
	</control>

	<!-- Info Panel -->
	<control type="group">
	<animation effect="slide" time="700" start="-800,0" end="0,0" tween="cubic" easing="out">WindowOpen</animation>
	<animation effect="slide" time="700" start="0,0" end="-800,0" tween="cubic" easing="out">WindowClose</animation>
	<animation effect="slide" time="700" start="-800,0" end="0,0" tween="cubic" easing="out">Visible</animation>
	<animation effect="fade" time="200" start="100" end="0">Hidden</animation>
	<visible>Control.IsVisible(52)</visible>
	<left>60</left>
	<top>80</top>
	<control type="image">
	<left>-5</left>
	<top>27</top>
	<width>417</width>
	<height>240</height>
	<texture>fanartframe.png</texture>
	</control>
	<control type="image" id="2001"><!-- gameinfobig -->
	<left>10</left>
	<top>42</top>
	<width>387</width>
	<height>210</height>
	<fadetime>FanartCrossFadeTime</fadetime>
	<aspectratio align="center" aligny="bottom">keep</aspectratio>
	<texture fallback="DefaultExtraThumbs.png" background="true">$INFO[ListItem.Property(gameinfobig)]</texture>
	<bordertexture border="-2">black.png</bordertexture>
	<visible>!Player.HasVideo | IsEmpty(ListItem.Property(gameplaymain))</visible>
	</control>
	<control type="videowindow" id="2301"><!-- videowindowbig -->
	<left>10</left>
	<top>42</top>
	<width>387</width>
	<height>210</height>
	<animation effect="slide" start="0,0" end="-2000,0" time="0">WindowClose</animation>
	<visible>![IsEmpty(ListItem.Property(videosizebig)) | Skin.HasSetting(trailerplay)]</visible>
	</control>
	<control type="label">
	<left>10</left>
	<top>262</top>
	<width>387</width>
	<height>15</height>
	<textcolor>FFFFFAF0</textcolor>
	<label>[COLOR=$VAR[value_headercolor]]$LOCALIZE[345]: [/COLOR] $INFO[ListItem.Property(year)] - [COLOR=$VAR[value_headercolor]]$LOCALIZE[515]: [/COLOR] $INFO[ListItem.Property(genre)] - [COLOR=$VAR[value_headercolor]]$LOCALIZE[31788]: [/COLOR] $INFO[ListItem.Property(developer)]</label>
	<font>Font_18A</font>
	<scroll>true</scroll>
	<scrollout>false</scrollout>
	<visible>!StringCompare(ListItem.Label,..)</visible>
	</control>	
	<control type="textbox">
	<left>10</left>
	<top>290</top>
	<width>387</width>
	<height>253</height>
	<label>$INFO[ListItem.Property(plot)]</label>
	<font>Font_18A</font>
	<autoscroll delay="8000" time="2000" repeat="8000">!Skin.HasSetting(noallowscroll)</autoscroll>
	</control>
	</control>
	<!-- Scroll Bar -->
	<control type="scrollbar" id="80">
	<include>ScrollBar_Vertical</include>
	<left>1230</left>
	<top>111</top>
	<height>471</height>
	<onleft>52</onleft>
	<onright>52</onright>
	<include>Animation_Fade</include>
	<visible allowhiddenfocus="true">Control.IsVisible(52) + Control.HasFocus(80)</visible>
	</control>
	</control>
	</include>
	
	<!--##################################################################################   VIEW MULTIPLEX - ID 53   #############################################################################-->
	<include name="ViewMultiplexGames">
	<control type="group"><!-- default group -->
	<animation effect="fade" time="400">VisibleChange</animation>
	<control type="button" id="9953">
	<include>InvisibleButton</include>
	<onleft>53</onleft>
	<onright>53</onright>
	<onup>9900</onup>
	<ondown>53</ondown>
	</control>
	<visible>Control.IsVisible(53)</visible>
	<control type="group"><!-- painel de info fanart layout -->
	<animation effect="slide" start="0,-600" end="0,0" time="500" tween="sine" easing="out">Visible</animation>
	<animation effect="slide" start="0,0" end="0,-600" time="500" tween="sine" easing="out">Hidden</animation>
	<visible>[Control.HasFocus(9953) | StringCompare(skin.string(multiplexgamespanel),alwayson) | StringCompare(skin.string(multiplexgamespanel),auto) + Control.IsVisible(9921) | Window.IsVisible(6621)] + IsEmpty(ListItem.Property(gameinfoupperleft)) + !StringCompare(ListItem.Label,..)</visible>
	<control type="image">
	<left>0</left>
	<top>56</top>
	<width>1280</width>
	<height>30</height>
	<texture>shadow_h.png</texture>
	<colordiffuse>C3FFFFFF</colordiffuse>
	</control>
	<control type="image">
	<left>0</left>
	<top>85</top>
	<width>1280</width>
	<height>530</height>
	<texture flipy="true" diffuse="shadow_mask.png">darkgrey.png</texture>
	<colordiffuse>$VAR[value_texturecolor]</colordiffuse>
	<animation effect="fade" end="85" condition="true">Conditional</animation>
	</control>
	<control type="grouplist">
	<left>30</left>
	<top>104</top>
	<orientation>vertical</orientation>
	<itemgap>10</itemgap>
	<control type="label"><!-- Developer -->
	<include>MultiplexLabel_Fanart</include>
	<label>$LOCALIZE[31788]: [COLOR=FFFFFAF0]$INFO[ListItem.Property(developer)][/COLOR]</label>
	</control>
	<control type="label"><!-- Publisher -->
	<include>MultiplexLabel_Fanart</include>
	<label>$LOCALIZE[31771]: [COLOR=FFFFFAF0]$INFO[ListItem.Property(publisher)][/COLOR]</label>
	</control>
	<control type="label"><!-- Plataform -->
	<include>MultiplexLabel_Fanart</include>
	<label>$LOCALIZE[31770]: [COLOR=FFFFFAF0]$INFO[ListItem.Property(console)][/COLOR]</label>
	</control>
	<control type="label"><!-- Year -->
	<include>MultiplexLabel_Fanart</include>
	<label>$LOCALIZE[31036]: [COLOR=FFFFFAF0]$INFO[ListItem.Property(year)][/COLOR]</label>
	</control>
	<control type="label"><!-- Genre -->
	<include>MultiplexLabel_Fanart</include>
	<label>$LOCALIZE[515]: [COLOR=FFFFFAF0]$INFO[ListItem.Property(genre)][/COLOR]</label>
	</control>
	<control type="label"><!-- Rating -->
	<include>MultiplexLabel_Fanart</include>
	<label>$LOCALIZE[31983]: [COLOR=FFFFFAF0]$INFO[ListItem.Property(rating)][/COLOR]</label>
	</control>
	<control type="label"><!-- Votes -->
	<include>MultiplexLabel_Fanart</include>
	<label>$LOCALIZE[205]: [COLOR=FFFFFAF0]$INFO[ListItem.Property(votes)][/COLOR]</label>
	</control>
	</control>
	<control type="image">
	<left>400</left>
	<top>85</top>
	<width>2</width>
	<height>273</height>
	<texture>separator_v.png</texture>
	</control>
	<control type="image">
	<left>805</left>
	<top>85</top>
	<width>2</width>
	<height>273</height>
	<texture>separator_v.png</texture>
	</control>
	<control type="textbox">
	<left>423</left>
	<top>104</top>
	<width>360</width>
	<height>235</height>
	<font>Font_18A</font>
	<label>$INFO[ListItem.Property(plot)]</label>
	<autoscroll delay="15000" time="2000" repeat="15000">!Skin.HasSetting(noallowscroll)</autoscroll>
	</control>
	<control type="image">
	<left>0</left>
	<top>358</top>
	<width>1280</width>
	<height>2</height>
	<texture>separator.png</texture>
	</control>
	
	<control type="image" id="2401"><!-- gameinfoupperleft -->
	<left>790</left>
	<top>106</top>
	<width>250</width>
	<height>117</height>
	<fadetime>FanartCrossFadeTime</fadetime>
	<aspectratio align="center" aligny="top">keep</aspectratio>
	<texture background="true">$INFO[ListItem.Property(gameinfoupperleft)]</texture>
	<bordertexture border="-2">black.png</bordertexture>
	</control>
	<control type="image" id="2501"><!-- gameinfoupperright -->
	<left>1040</left>
	<top>106</top>
	<width>250</width>
	<height>117</height>
	<fadetime>FanartCrossFadeTime</fadetime>
	<aspectratio align="center" aligny="top">keep</aspectratio>
	<texture background="true">$INFO[ListItem.Property(gameinfoupperright)]</texture>
	<bordertexture border="-2">black.png</bordertexture>
	</control>
	<control type="image" id="2601"><!-- gameinfolowerleft -->
	<left>790</left>
	<top>223</top>
	<width>250</width>
	<height>117</height>
	<fadetime>FanartCrossFadeTime</fadetime>
	<aspectratio align="center" aligny="bottom">keep</aspectratio>
	<texture background="true">$INFO[ListItem.Property(gameinfolowerleft)]</texture>
	<bordertexture border="-2">black.png</bordertexture>
	</control>
	<control type="image" id="2701"><!-- gameinfolowerright -->
	<left>1040</left>
	<top>223</top>
	<width>250</width>
	<height>117</height>
	<fadetime>FanartCrossFadeTime</fadetime>
	<aspectratio align="center" aligny="bottom">keep</aspectratio>
	<texture background="true">$INFO[ListItem.Property(gameinfolowerright)]</texture>
	<bordertexture border="-2">black.png</bordertexture>
	<visible>!Player.HasVideo</visible>
	</control>
	<control type="image" id="2711"><!-- gameinfoupper -->
	<left>790</left>
	<top>106</top>
	<width>500</width>
	<height>117</height>
	<texture background="true">$INFO[ListItem.Property(gameinfoupper)]</texture>
	<aspectratio>keep</aspectratio>
	<fadetime>FanartCrossfadeTime</fadetime>
	</control>
	<control type="image" id="2721"><!-- gameinfolower -->
	<left>790</left>
	<top>207</top>
	<width>500</width>
	<height>117</height>
	<texture background="true">$INFO[ListItem.Property(gameinfolower)]</texture>
	<aspectratio>keep</aspectratio>
	<fadetime>FanartCrossfadeTime</fadetime>
	</control>
	<control type="image" id="2731"><!-- gameinfoleft -->
	<left>790</left>
	<top>106</top>
	<width>250</width>
	<height>290</height>
	<texture background="true">$INFO[ListItem.Property(gameinfoleft)]</texture>
	<aspectratio>keep</aspectratio>
	<fadetime>FanartCrossfadeTime</fadetime>
	</control>
	<control type="image" id="2741"><!-- gameinforight -->
	<left>1040</left>
	<top>60</top>
	<width>250</width>
	<height>290</height>
	<texture background="true">$INFO[ListItem.Property(gameinforight)]</texture>
	<aspectratio>keep</aspectratio>
	<fadetime>FanartCrossfadeTime</fadetime>
	</control>
	<control type="videowindow" id="2801"><!-- videowindowsmall -->
	<left>1040</left>
	<top>207</top>
	<width>250</width>
	<height>117</height>
	<animation effect="slide" start="0,0" end="-2000,0" time="0">WindowClose</animation>
	<visible>![IsEmpty(ListItem.Property(videosizesmall)) | Skin.HasSetting(trailerplay)]</visible>
	</control>
	<control type="button"><!-- video absorber -->
	<left>1040</left>
	<top>207</top>
	<width>250</width>
	<height>117</height>
	<texturefocus></texturefocus>
	<texturenofocus></texturenofocus>
	<visible>!IsEmpty(ListItem.Property(videosizesmall))</visible>
	</control>
	
	<control type="image" id="2001"><!-- mainviewgameinfobig -->
	<left>790</left>
	<top>106</top>
	<width>500</width>
	<height>235</height>
	<aspectratio>keep</aspectratio>
	<texture background="true">$INFO[ListItem.Property(gameinfobig)]</texture>
	<bordertexture border="-2">black.png</bordertexture>
	<fadetime>FanartCrossFadeTime</fadetime>
	</control>
	<control type="videowindow" id="2301"><!-- videowindowbig -->
	<left>790</left>
	<top>106</top>
	<width>500</width>
	<height>235</height>
	<animation effect="slide" start="0,0" end="-2000,0" time="0">WindowClose</animation>
	<visible>![IsEmpty(ListItem.Property(videosizebig)) | Skin.HasSetting(trailerplay)]</visible>
	</control>
	<control type="button"><!-- click absorber -->
	<left>0</left>
	<top>0</top>
	<width>522</width>
	<height>292</height>
	<texturefocus></texturefocus>
	<texturenofocus></texturenofocus>
	<visible>!IsEmpty(ListItem.Property(videosizebig))</visible>
	</control>
	</control>
	<control type="group"><!-- painel de info extrathumbs layout -->
	<animation effect="slide" start="0,-600" end="0,0" time="500" tween="sine" easing="out">Visible</animation>
	<animation effect="slide" start="0,0" end="0,-600" time="500" tween="sine" easing="out">Hidden</animation>
	<visible>[Control.HasFocus(9953) | StringCompare(skin.string(multiplexgamespanel),alwayson) | StringCompare(skin.string(multiplexgamespanel),auto) + Control.IsVisible(9921)] + !IsEmpty(ListItem.Property(gameinfoupperleft)) + !StringCompare(ListItem.Label,..)</visible>
	<control type="image">
	<left>0</left>
	<top>56</top>
	<width>1280</width>
	<height>30</height>
	<texture>shadow_h.png</texture>
	<colordiffuse>C3FFFFFF</colordiffuse>
	</control>
	<control type="image">
	<left>0</left>
	<top>85</top>
	<width>1280</width>
	<height>530</height>
	<texture flipy="true" diffuse="shadow_mask.png">darkgrey.png</texture>
	<colordiffuse>$VAR[value_texturecolor]</colordiffuse>
	<animation effect="fade" end="85" condition="true">Conditional</animation>
	</control>
	
	<control type="image"><!-- Thumb 1 fundo -->
	<left>15</left>
	<top>85</top>
	<width>241</width>
	<height>140</height>
	<aspectratio align="left" aligny="bottom">stretch</aspectratio>
	<texture>fanartframe.png</texture>
	<colordiffuse>$VAR[value_texturecolor]</colordiffuse>
	</control>
	<control type="image" id="2401"><!-- game info upper left --><!-- Thumb 1 -->
	<left>20</left>
	<top>90</top>
	<width>231</width>
	<height>130</height>
	<aspectratio align="center" aligny="bottom">keep</aspectratio>
	<fadetime>FanartCrossFadeTime</fadetime>
	<texture background="true">$INFO[ListItem.Property(gameinfoupperleft)]</texture>
	<bordersize>5</bordersize>
	</control>
	<control type="image" id="2711"><!-- game info upper -->
	<left>20</left>
	<top>90</top>
	<width>231</width>
	<height>130</height>
	<aspectratio align="center" aligny="bottom">keep</aspectratio>
	<fadetime>FanartCrossFadeTime</fadetime>
	<texture background="true">$INFO[ListItem.Property(gameinfoupper)]</texture>
	<bordersize>5</bordersize>
	</control>
	<control type="image"><!-- Thumb 2 fundo -->
	<left>15</left>
	<top>220</top>
	<width>241</width>
	<height>140</height>
	<aspectratio align="left" aligny="bottom">stretch</aspectratio>
	<texture>fanartframe.png</texture>
	<colordiffuse>$VAR[value_texturecolor]</colordiffuse>
	</control>
	<control type="image" id="2601"><!-- game info lower left --><!-- Thumb 2 -->
	<left>20</left>
	<top>225</top>
	<width>231</width>
	<height>130</height>
	<aspectratio align="center" aligny="bottom">keep</aspectratio>
	<fadetime>FanartCrossFadeTime</fadetime>
	<texture background="true">$INFO[ListItem.Property(gameinfolowerleft)]</texture>
	<bordersize>5</bordersize>
	</control>
	<control type="image" id="2721"><!-- main view game info lower -->
	<left>20</left>
	<top>225</top>
	<width>231</width>
	<height>130</height>
	<aspectratio align="center" aligny="bottom">keep</aspectratio>
	<fadetime>FanartCrossFadeTime</fadetime>
	<texture background="true">$INFO[ListItem.Property(gameinfolower)]</texture>
	<bordersize>5</bordersize>
	</control>
	<control type="image"><!-- Thumb 3 fundo -->
	<left>1024</left>
	<top>85</top>
	<width>241</width>
	<height>140</height>
	<aspectratio align="left" aligny="bottom">stretch</aspectratio>
	<texture>fanartframe.png</texture>
	<colordiffuse>$VAR[value_texturecolor]</colordiffuse>
	</control>
	<control type="image" id="2501"><!-- Thumb 3 -->
	<left>1029</left>
	<top>90</top>
	<width>231</width>
	<height>130</height>
	<aspectratio align="center" aligny="bottom">keep</aspectratio>
	<fadetime>FanartCrossFadeTime</fadetime>
	<texture background="true">$INFO[ListItem.Property(gameinfoupperright)]</texture>
	<bordersize>5</bordersize>
	</control>
	<control type="image" id="2741"><!-- main view game info right -->
	<left>1029</left>
	<top>90</top>
	<width>231</width>
	<height>130</height>
	<aspectratio align="center" aligny="bottom">keep</aspectratio>
	<fadetime>FanartCrossFadeTime</fadetime>
	<texture background="true">$INFO[ListItem.Property(gameinforight)]</texture>
	<bordersize>5</bordersize>
	</control>
	<control type="image"><!-- Thumb 4 fundo -->
	<left>1024</left>
	<top>220</top>
	<width>241</width>
	<height>140</height>
	<aspectratio align="left" aligny="bottom">stretch</aspectratio>
	<texture>fanartframe.png</texture>
	<colordiffuse>$VAR[value_texturecolor]</colordiffuse>
	</control>
	<control type="image" id="2701"><!-- game info lower right --><!-- Thumb 4 -->
	<left>1029</left>
	<top>225</top>
	<width>231</width>
	<height>130</height>
	<aspectratio align="center" aligny="bottom">keep</aspectratio>
	<fadetime>FanartCrossFadeTime</fadetime>
	<texture background="true">$INFO[ListItem.Property(gameinfolowerright)]</texture>
	<bordersize>5</bordersize>
	</control>
	<control type="videowindow" id="2801"><!-- video window small -->
	<left>1029</left>
	<top>225</top>
	<width>231</width>
	<height>130</height>
	<aspectratio align="center" aligny="bottom">keep</aspectratio>
    <animation effect="slide" start="0,0" end="-2000,0" time="0">WindowClose</animation>
	<bordersize>5</bordersize>
    <visible>![IsEmpty(ListItem.Property(videosizesmall)) | Skin.HasSetting(trailerplay)]</visible>
	</control>
	<control type="button"><!-- video absorber -->
	<left>1029</left>
	<top>225</top>
	<width>231</width>
	<height>130</height>
	<texturefocus></texturefocus>
	<texturenofocus></texturenofocus>
	<visible>!IsEmpty(ListItem.Property(videosizesmall))</visible>
	</control>
	<control type="label"><!-- Developer -->
	<include>MultiplexLabel_Extrathumbs</include>
	<top>104</top>
	<label>$LOCALIZE[31788]:</label>
	</control>
	<control type="fadelabel">
	<include>MultiplexValue_Extrathumbs</include>
	<top>124</top>
	<label>$INFO[ListItem.Property(developer)]</label>
	</control>
	<control type="label"><!-- Publisher -->
	<include>MultiplexLabel_Extrathumbs</include>
	<top>154</top>
	<label>$LOCALIZE[31771]:</label>
	</control>
	<control type="fadelabel">
	<include>MultiplexValue_Extrathumbs</include>
	<top>174</top>
	<label>$INFO[ListItem.Property(publisher)]</label>
	</control>
	<control type="label"><!-- Plataform -->
	<include>MultiplexLabel_Extrathumbs</include>
	<top>204</top>
	<label>$LOCALIZE[31770]:</label>
	</control>
	<control type="fadelabel">
	<include>MultiplexValue_Extrathumbs</include>
	<top>224</top>
	<label>$INFO[ListItem.Property(console)]</label>
	</control>
	<control type="label"><!-- Year -->
	<include>MultiplexLabel_Extrathumbs</include>
	<top>254</top>
	<label>$LOCALIZE[31036]:</label>
	</control>
	<control type="fadelabel">
	<include>MultiplexValue_Extrathumbs</include>
	<top>274</top>
	<label>$INFO[ListItem.Property(year)]</label>
	</control>
	<control type="label"><!-- Genre -->
	<include>MultiplexLabel_Extrathumbs</include>
	<top>304</top>
	<label>$LOCALIZE[515]:</label>
	</control>
	<control type="fadelabel">
	<include>MultiplexValue_Extrathumbs</include>
	<top>324</top>
	<label>$INFO[ListItem.Property(genre)]</label>
	</control>
	<control type="image">
	<left>275</left>
	<top>85</top>
	<width>2</width>
	<height>273</height>
	<texture>separator_v.png</texture>
	</control>
	<control type="image">
	<left>640</left>
	<top>85</top>
	<width>2</width>
	<height>273</height>
	<texture>separator_v.png</texture>
	</control>
	<control type="image">
	<left>1005</left>
	<top>85</top>
	<width>2</width>
	<height>273</height>
	<texture>separator_v.png</texture>
	</control>
	<control type="textbox">
	<left>665</left>
	<top>104</top>
	<width>310</width>
	<height>235</height>
	<font>Font_18A</font>
	<label>$INFO[ListItem.Property(plot)]</label>
	<autoscroll delay="15000" time="2000" repeat="15000">!Skin.HasSetting(noallowscroll)</autoscroll>
	</control>
	<control type="image">
	<left>0</left>
	<top>358</top>
	<width>1280</width>
	<height>2</height>
	<texture>separator.png</texture>
	</control>
	</control>
	<control type="wraplist" id="53">
	<viewtype label="31803">list</viewtype>
	<left>0</left>
	<top>360</top>
	<width>1280</width>
	<height>360</height>
	<onleft>53</onleft>
	<onright>53</onright>
	<onup condition="StringCompare(skin.string(multiplexgamespanel),manual) + !StringCompare(ListItem.Label,..)">9953</onup>
	<onup condition="![StringCompare(skin.string(multiplexgamespanel),manual) + !StringCompare(ListItem.Label,..)]">9900</onup>
	<ondown>60</ondown>
	<orientation>horizontal</orientation>
	<focusposition>4</focusposition>
	<scrolltime>400</scrolltime>
	<preloaditems>2</preloaditems>
	<pagecontrol>60</pagecontrol>
	<animation effect="slide" start="0,0" end="0,-10" time="300" tween="sine" easing="out" condition="Control.HasFocus(60)">Conditional</animation>
	<animation effect="fade" start="100" end="20" time="200" condition="Window.IsVisible(6621)">Conditional</animation>
	<itemlayout width="138.5" height="380">
	<control type="image"><!-- poster reflexo -->
	<left>0</left>
	<top>249</top>
	<width>138</width>
	<height>205</height>
	<aspectratio align="center" aligny="top">keep</aspectratio>
	<texture fallback="DefaultGame.png" flipy="true" diffuse="thumb_reflect.png" background="true">$INFO[ListItem.ActualIcon]</texture>
	<bordertexture flipy="true" diffuse="thumb_reflect.png" border="-2">black.png</bordertexture>
	</control>
	<control type="image"><!-- poster -->
	<left>0</left>
	<top>40</top>
	<width>138</width>
	<height>205</height>
	<aspectratio align="center" aligny="bottom">keep</aspectratio>
	<texture fallback="DefaultGame.png" background="true">$INFO[ListItem.ActualIcon]</texture>
	<bordertexture border="-2">black.png</bordertexture>
	</control>
	<control type="image">
	<left>105</left>
	<top>40</top>
	<width>30</width>
	<height>30</height>
	<texture>star.png</texture>
	<colordiffuse>$VAR[value_watchedcolor]</colordiffuse>
	<visible>!IsEmpty(ListItem.Property(isfavorite))</visible>
	</control>
	</itemlayout>
	<focusedlayout width="175" height="380">	
	<control type="image"><!-- poster reflexo -->
	<left>5</left>
	<top>280</top>
	<width>175</width>
	<height>254</height>
	<aspectratio align="center" aligny="top">keep</aspectratio>
	<texture fallback="DefaultGame.png" flipy="true" diffuse="thumb_reflect.png" background="true">$INFO[ListItem.ActualIcon]</texture>
	<bordertexture flipy="true" diffuse="thumb_reflect.png" border="-2">black.png</bordertexture>
	<animation effect="zoom" start="100" end="110" center="135,255" time="400" easing="out" reversible="false" tween="cubic">Focus</animation>
	</control>
	<control type="image"><!-- poster -->
	<left>5</left>
	<top>22</top>
	<width>175</width>
	<height>254</height>
	<aspectratio align="center" aligny="bottom">keep</aspectratio>
	<texture fallback="DefaultGame.png" background="true">$INFO[ListItem.ActualIcon]</texture>
	<bordertexture border="-2">black.png</bordertexture>
	<animation effect="zoom" start="100" end="110" center="135,255" time="400" easing="out" reversible="false" tween="cubic">Focus</animation>
	</control>
	<control type="image">
	<left>140</left>
	<top>21</top>
	<width>40</width>
	<height>40</height>
	<texture>star.png</texture>
	<colordiffuse>$VAR[value_watchedcolor]</colordiffuse>	
	<animation effect="zoom" start="100" end="110" center="135,255" time="400" easing="out" reversible="false" tween="cubic">Focus</animation>
	<visible>!IsEmpty(ListItem.Property(isfavorite))</visible>
	</control>
	<control type="button">
	<include>InvisibleButton</include>
	<animation effect="fade" start="100" end="100" time="0" delay="1000" condition="SubString(skin.string(panel_seconds),1)">Focus</animation>
	<animation effect="fade" start="100" end="100" time="0" delay="2000" condition="SubString(skin.string(panel_seconds),2)">Focus</animation>
	<animation effect="fade" start="100" end="100" time="0" delay="3000" condition="SubString(skin.string(panel_seconds),3)">Focus</animation>
	<animation effect="fade" start="100" end="100" time="0" delay="4000" condition="SubString(skin.string(panel_seconds),4)">Focus</animation>
	<animation effect="fade" start="100" end="100" time="0" delay="5000" condition="SubString(skin.string(panel_seconds),5)">Focus</animation>
	<onfocus condition="!Skin.HasSetting(fullscreengamevideo)">PlayMedia($ESCINFO[ListItem.Property(gameplaymain)],1)</onfocus>
	<onfocus condition="Skin.HasSetting(fullscreengamevideo)">PlayMedia($ESCINFO[ListItem.Property(gameplaymain)])</onfocus>
	<visible>![IsEmpty(ListItem.Property(autoplayvideomain)) | IsEmpty(ListItem.Property(gameplaymain))] + StringCompare(skin.string(multiplexgamespanel),auto)</visible>
	</control>
	<control type="button">
	<include>InvisibleButton</include>
	<animation effect="fade" start="100" end="100" time="150" delay="500" condition="true">Focus</animation>
	<onfocus>PlayMedia($ESCINFO[ListItem.Property(gameplaymain)],1)</onfocus>
	<visible>![IsEmpty(ListItem.Property(autoplayvideomain)) | IsEmpty(ListItem.Property(gameplaymain))] + StringCompare(skin.string(multiplexgamespanel),alwayson)</visible>
	</control>
	</focusedlayout>
	</control>
	<control type="scrollbar" id="60">
	<include>ScrollBar_Horizontal</include>
	<left>190</left>
	<top>613</top>
	<width>900</width>
	<onup>53</onup>
	<ondown>9920</ondown>
	<include>Animation_Fade</include>
	<visible allowhiddenfocus="true">Control.IsVisible(53) + Control.HasFocus(60)</visible>
	</control>
	</control>
	</include>	
	
	<!--##################################################################################   VISTA WALL - ID 56   ##################################################################################-->
	<include name="ViewWallGames">
	<control type="group">
	<animation effect="fade" time="400">VisibleChange</animation>
	<include>ViewBack</include><!-- Fundo -->
	<visible>Control.IsVisible(56)</visible>
	<control type="panel" id="56">
	<viewtype label="31805">Panel</viewtype>
	<left>0</left>
	<top>91</top>
	<width>1375</width>
	<height>553</height>
	<onleft>9900</onleft>
	<onup>9900</onup>
	<ondown>9920</ondown>
	<orientation>vertical</orientation>
	<pagecontrol>-</pagecontrol>
	<itemlayout condition="SubString(skin.string(wallgamesgrid),default)" width="98.5" height="138"><!-- tamanho normal -->
	<control type="image">
	<left>2</left>
	<top>2</top>
	<width>94</width>
	<height>134</height>
	<texture fallback="DefaultGame.png" background="true">$INFO[ListItem.ActualIcon]</texture>
	<bordertexture border="-2">black.png</bordertexture>
	<aspectratio align="center" aligny="bottom">keep</aspectratio>
	</control>
	<control type="image">
	<left>73</left>
	<top>9</top>
	<width>20</width>
	<height>20</height>
	<texture>star.png</texture>
	<colordiffuse>$VAR[value_watchedcolor]</colordiffuse>
	<visible>!IsEmpty(ListItem.Property(isfavorite))</visible>
	</control>
	</itemlayout>
	<itemlayout condition="SubString(skin.string(wallgamesgrid),mid)" width="128" height="184"><!-- tamanho medio -->
	<control type="image">
	<left>2</left>
	<top>2</top>
	<width>124</width>
	<height>175</height>
	<texture fallback="DefaultGame.png" background="true">$INFO[ListItem.ActualIcon]</texture>
	<bordertexture border="-2">black.png</bordertexture>
	<aspectratio align="center" aligny="bottom">keep</aspectratio>
	</control>
	<control type="image">
	<left>98</left>
	<top>8</top>
	<width>25</width>
	<height>25</height>
	<texture>star.png</texture>
	<colordiffuse>$VAR[value_watchedcolor]</colordiffuse>
	<visible>!IsEmpty(ListItem.Property(isfavorite))</visible>
	</control>
	</itemlayout>
	<itemlayout condition="SubString(skin.string(wallgamesgrid),big)" width="210" height="276"><!-- tamanho grande -->
	<control type="image">
	<left>18</left>
	<top>2</top>
	<width>193</width>
	<height>272</height>
	<texture fallback="DefaultGame.png" background="true">$INFO[ListItem.ActualIcon]</texture>
	<bordertexture border="-2">black.png</bordertexture>
	<aspectratio align="center" aligny="bottom">keep</aspectratio>
	</control>
	<control type="image">
	<left>175</left>
	<top>8</top>
	<width>35</width>
	<height>35</height>
	<texture>star.png</texture>
	<colordiffuse>$VAR[value_watchedcolor]</colordiffuse>
	<visible>!IsEmpty(ListItem.Property(isfavorite))</visible>
	</control>
	</itemlayout>
	<focusedlayout condition="SubString(skin.string(wallgamesgrid),default)" width="98.5" height="138"><!-- tamanho normal -->
	<control type="image">
	<left>2</left>
	<top>2</top>
	<width>94</width>
	<height>134</height>
	<texture fallback="DefaultGame.png" background="true">$INFO[ListItem.ActualIcon]</texture>
	<bordertexture border="-2">grey.png</bordertexture>
	<aspectratio align="center" aligny="bottom">keep</aspectratio>
	<animation type="Focus" reversible="false">
	<effect type="zoom" center="auto" start="80" end="100" time="400" tween="back" easing="out" />
	<effect type="fade" start="80" end="100" time="400" />
	</animation>
	</control>
	<control type="image">
	<left>73</left>
	<top>9</top>
	<width>20</width>
	<height>20</height>
	<texture>star.png</texture>
	<colordiffuse>$VAR[value_watchedcolor]</colordiffuse>
	<animation type="Focus" reversible="false">
	<effect type="zoom" center="60,60" start="80" end="100" time="400" tween="back" easing="out" />
	<effect type="fade" start="80" end="100" time="400" />
	</animation>
	<visible>!IsEmpty(ListItem.Property(isfavorite))</visible>
	</control>
	</focusedlayout>
	<focusedlayout condition="SubString(skin.string(wallgamesgrid),mid)" width="128" height="184"><!-- tamanho medio -->
	<control type="image">
	<left>2</left>
	<top>2</top>
	<width>124</width>
	<height>175</height>
	<texture fallback="DefaultGame.png" background="true">$INFO[ListItem.ActualIcon]</texture>
	<bordertexture border="-2">grey.png</bordertexture>
	<aspectratio align="center" aligny="bottom">keep</aspectratio>
	<animation type="Focus" reversible="false">
	<effect type="zoom" center="auto" start="80" end="100" time="400" tween="back" easing="out" />
	<effect type="fade" start="80" end="100" time="400" />
	</animation>
	</control>
	<control type="image">
	<left>98</left>
	<top>8</top>
	<width>25</width>
	<height>25</height>
	<texture>star.png</texture>
	<colordiffuse>$VAR[value_watchedcolor]</colordiffuse>
	<animation type="Focus" reversible="false">
	<effect type="zoom" center="60,60" start="80" end="100" time="400" tween="back" easing="out" />
	<effect type="fade" start="80" end="100" time="400" />
	</animation>
	<visible>!IsEmpty(ListItem.Property(isfavorite))</visible>
	</control>
	</focusedlayout>
	<focusedlayout condition="SubString(skin.string(wallgamesgrid),big)" width="210" height="276"><!-- tamanho grande -->
	<control type="image">
	<left>18</left>
	<top>2</top>
	<width>193</width>
	<height>272</height>
	<texture fallback="DefaultGame.png" background="true">$INFO[ListItem.ActualIcon]</texture>
	<bordertexture border="-2">grey.png</bordertexture>
	<aspectratio align="center" aligny="bottom">keep</aspectratio>
	<animation type="Focus" reversible="false">
	<effect type="zoom" center="auto" start="80" end="100" time="400" tween="back" easing="out" />
	<effect type="fade" start="80" end="100" time="400" />
	</animation>
	</control>
	<control type="image">
	<left>175</left>
	<top>8</top>
	<width>35</width>
	<height>35</height>
	<texture>star.png</texture>
	<colordiffuse>$VAR[value_watchedcolor]</colordiffuse>
	<animation type="Focus" reversible="false">
	<effect type="zoom" center="60,60" start="80" end="100" time="400" tween="back" easing="out" />
	<effect type="fade" start="80" end="100" time="400" />
	</animation>
	<visible>!IsEmpty(ListItem.Property(isfavorite))</visible>
	</control>
	</focusedlayout>
	</control>
	</control>
	</include>
</includes>