<?xml version="1.0" encoding="UTF-8"?>
<includes><!-- Aeon MQ 6 -->
	<!--##################################################################################   VISTA SHOWART- ID 60   ##################################################################################-->
	<include name="ShowArtLabel">
	<left>0</left>
	<height>20</height>
	<width>400</width>
	<font>Font_18A</font>
	<aligny>top</aligny>
	<align>left</align>
	<textcolor>$VAR[value_headercolor]</textcolor>
	<textoffsetx>0</textoffsetx>
	<textoffsety>0</textoffsety>
	<scroll>true</scroll>
	</include>
	<include name="ShowArtFixedList">
	<control type="fixedlist" id="60">
	<include>ShowArt_Content</include>
	</control>
	</include>
	<include name="ShowArtWrapList">
	<control type="wraplist" id="60">
	<include>ShowArt_Content</include>
	</control>
	</include>
	<include name="ShowArt_Content">
	<viewtype label="31819">list</viewtype>
	<left>50</left>
	<top>482</top>
	<width>1200</width>
	<height>300</height>
	<pagecontrol>80</pagecontrol>
	<onup condition="StringCompare(skin.string(showartvideopanel),manual) + !StringCompare(ListItem.Label,..)">9960</onup>
	<onup condition="![StringCompare(skin.string(showartvideopanel),manual) + !StringCompare(ListItem.Label,..)]">9900</onup>
	<ondown>80</ondown>
	<orientation>horizontal</orientation>
	<focusposition>2</focusposition>
	<scrolltime>400</scrolltime>
	<preloaditems>2</preloaditems>
	<animation effect="slide" start="0,0" end="0,-32" time="300" tween="sine" easing="out" condition="Control.HasFocus(80)">Conditional</animation>
	<animation effect="fade" start="100" end="20" time="200" condition="Window.IsVisible(6621)">Conditional</animation>
	<visible>![Container.Content(sets) | Container.Content(years) | Container.Content(genres) | Container.Content(actors) | Container.Content(countries) | Container.Content(studios)]</visible>
	<itemlayout condition="SubString(skin.string(showartvideogrid),default)" width="252" height="300"><!-- tamanho normal -->	
	<control type="image"><!-- reflexo -->
	<left>0</left>
	<top>165</top>
	<width>180</width>
	<height>114</height>
	<aspectratio align="center" aligny="top">stretch</aspectratio>
	<texture flipy="true" diffuse="thumb_reflect.png" background="true">$VAR[value_logoandclearart]</texture>
	</control>
	<control type="image"><!-- clearlogo e clearart -->
	<left>0</left>
	<top>50</top>
	<width>180</width>
	<height>114</height>
	<texture fallback="aeon_logo_small.png" background="true">$VAR[value_logoandclearart]</texture>
	<aspectratio align="center" aligny="bottom">keep</aspectratio>
	</control>
	<control type="image">
	<left>165</left>
	<top>65</top>
	<width>30</width>
	<height>30</height>
	<texture>$VAR[value_watchedstyle]</texture>
	<colordiffuse>$VAR[value_watchedcolor]</colordiffuse>
	<aspectratio align="center" aligny="bottom">keep</aspectratio>
	<visible>![Skin.HasSetting(nooverlays) | SubString(skin.string(stylewatched),2) | SubString(skin.string(stylewatched),3)] + StringCompare(ListItem.Overlay,OverlayWatched.png)</visible>
	</control>
	<control type="image">
	<left>165</left>
	<top>134</top>
	<width>30</width>
	<height>30</height>
	<texture flipy="true">$VAR[value_watchedstyle]</texture>
	<colordiffuse>$VAR[value_watchedcolor]</colordiffuse>
	<aspectratio align="center" aligny="bottom">keep</aspectratio>
	<visible>[!Skin.HasSetting(nooverlays) + StringCompare(ListItem.Overlay,OverlayWatched.png)] + [SubString(skin.string(stylewatched),2) | SubString(skin.string(stylewatched),3)]</visible>
	</control>
	</itemlayout>
	<itemlayout condition="SubString(skin.string(showartvideogrid),big)" width="240" height="300"><!-- tamanho grande -->	
	<control type="image"><!-- reflexo -->
	<left>0</left>
	<top>163</top>
	<width>220</width>
	<height>154</height>
	<aspectratio align="center" aligny="top">stretch</aspectratio>
	<texture flipy="true" diffuse="thumb_reflect.png" background="true">$VAR[value_logoandclearart]</texture>
	</control>
	<control type="image"><!-- clearlogo e clearart -->
	<left>0</left>
	<top>10</top>
	<width>220</width>
	<height>154</height>
	<texture fallback="aeon_logo_small.png" background="true">$VAR[value_logoandclearart]</texture>
	<aspectratio align="center" aligny="bottom">keep</aspectratio>
	</control>
	<control type="image">
	<left>202</left>
	<top>45</top>
	<width>30</width>
	<height>30</height>
	<texture>$VAR[value_watchedstyle]</texture>
	<colordiffuse>$VAR[value_watchedcolor]</colordiffuse>
	<aspectratio align="center" aligny="bottom">keep</aspectratio>
	<visible>![Skin.HasSetting(nooverlays) | SubString(skin.string(stylewatched),2) | SubString(skin.string(stylewatched),3)] + StringCompare(ListItem.Overlay,OverlayWatched.png)</visible>
	</control>
	<control type="image">
	<left>202</left>
	<top>134</top>
	<width>30</width>
	<height>30</height>
	<texture flipy="true">$VAR[value_watchedstyle]</texture>
	<colordiffuse>$VAR[value_watchedcolor]</colordiffuse>
	<aspectratio align="center" aligny="bottom">keep</aspectratio>
	<visible>[!Skin.HasSetting(nooverlays) + StringCompare(ListItem.Overlay,OverlayWatched.png)] + [SubString(skin.string(stylewatched),2) | SubString(skin.string(stylewatched),3)]</visible>
	</control>
	</itemlayout>
	<focusedlayout condition="SubString(skin.string(showartvideogrid),default)" width="252" height="300"><!-- tamanho normal -->
	<control type="image"><!-- reflexo -->
	<left>0</left>
	<top>164</top>
	<width>180</width>
	<height>114</height>
	<aspectratio align="center" aligny="top">stretch</aspectratio>
	<texture flipy="true" diffuse="thumb_reflect.png" background="true">$VAR[value_logoandclearart]</texture>
	<animation effect="zoom" start="100" end="160" center="105,164" time="400" easing="out" reversible="false" tween="cubic">Focus</animation>
	</control>
	<control type="image"><!-- clearlogo e clearart -->
	<left>0</left>
	<top>50</top>
	<width>180</width>
	<height>114</height>
	<texture fallback="aeon_logo_small.png" background="true">$VAR[value_logoandclearart]</texture>
	<aspectratio align="center" aligny="bottom">keep</aspectratio>
	<animation effect="zoom" start="100" end="160" center="105,164" time="400" easing="out" reversible="false" tween="cubic">Focus</animation>
	</control>
	<control type="image">
	<left>165</left>
	<top>65</top>
	<width>30</width>
	<height>30</height>
	<texture>$VAR[value_watchedstyle]</texture>
	<colordiffuse>$VAR[value_watchedcolor]</colordiffuse>
	<aspectratio align="center" aligny="bottom">keep</aspectratio>
	<animation effect="zoom" start="100" end="160" center="105,164" time="400" easing="out" reversible="false" tween="cubic">Focus</animation>
	<visible>![Skin.HasSetting(nooverlays) | SubString(skin.string(stylewatched),2) | SubString(skin.string(stylewatched),3)] + StringCompare(ListItem.Overlay,OverlayWatched.png)</visible>
	</control>
	<control type="image">
	<left>165</left>
	<top>134</top>
	<width>30</width>
	<height>30</height>
	<texture flipy="true">$VAR[value_watchedstyle]</texture>
	<colordiffuse>$VAR[value_watchedcolor]</colordiffuse>
	<aspectratio align="center" aligny="bottom">keep</aspectratio>
	<animation effect="zoom" start="100" end="160" center="105,164" time="400" easing="out" reversible="false" tween="cubic">Focus</animation>
	<visible>[!Skin.HasSetting(nooverlays) + StringCompare(ListItem.Overlay,OverlayWatched.png)] + [SubString(skin.string(stylewatched),2) | SubString(skin.string(stylewatched),3)]</visible>
	</control>	
	</focusedlayout>
	<focusedlayout condition="SubString(skin.string(showartvideogrid),big)" width="240" height="300"><!-- tamanho grande -->
	<control type="image"><!-- reflexo -->
	<left>0</left>
	<top>163</top>
	<width>220</width>
	<height>154</height>
	<aspectratio align="center" aligny="top">stretch</aspectratio>
	<texture flipy="true" diffuse="thumb_reflect.png" background="true">$VAR[value_logoandclearart]</texture>
	<animation effect="zoom" start="100" end="118" center="120,165" time="400" easing="out" reversible="false" tween="cubic">Focus</animation>
	</control>
	<control type="image"><!-- clearlogo e clearart -->
	<left>0</left>
	<top>10</top>
	<width>220</width>
	<height>154</height>
	<texture fallback="aeon_logo_small.png" background="true">$VAR[value_logoandclearart]</texture>
	<aspectratio align="center" aligny="bottom">keep</aspectratio>
	<animation effect="zoom" start="100" end="118" center="120,165" time="400" easing="out" reversible="false" tween="cubic">Focus</animation>
	</control>
	<control type="image">
	<left>202</left>
	<top>45</top>
	<width>30</width>
	<height>30</height>
	<texture>$VAR[value_watchedstyle]</texture>
	<colordiffuse>$VAR[value_watchedcolor]</colordiffuse>
	<aspectratio align="center" aligny="bottom">keep</aspectratio>
	<animation effect="zoom" start="100" end="118" center="120,165" time="400" easing="out" reversible="false" tween="cubic">Focus</animation>
	<visible>![Skin.HasSetting(nooverlays) | SubString(skin.string(stylewatched),2) | SubString(skin.string(stylewatched),3)] + StringCompare(ListItem.Overlay,OverlayWatched.png)</visible>
	</control>
	<control type="image">
	<left>202</left>
	<top>134</top>
	<width>30</width>
	<height>30</height>
	<texture flipy="true">$VAR[value_watchedstyle]</texture>
	<colordiffuse>$VAR[value_watchedcolor]</colordiffuse>
	<aspectratio align="center" aligny="bottom">keep</aspectratio>
	<animation effect="zoom" start="100" end="118" center="120,165" time="400" easing="out" reversible="false" tween="cubic">Focus</animation>
	<visible>[!Skin.HasSetting(nooverlays) + StringCompare(ListItem.Overlay,OverlayWatched.png)] + [SubString(skin.string(stylewatched),2) | SubString(skin.string(stylewatched),3)]</visible>
	</control>	
	</focusedlayout>
	</include>	
	<include name="ViewShowArt">
	<control type="group"><!-- default group -->
	<animation effect="fade" time="400">VisibleChange</animation>
	<control type="button" id="9960">
	<include>InvisibleButton</include>
	<onleft>60</onleft>
	<onright>60</onright>
	<onup>9900</onup>
	<ondown>60</ondown>
	</control>
	<visible>Control.IsVisible(60)</visible>
	<control type="group"><!-- painel de info -->
	<animation effect="slide" start="0,-600" end="0,0" time="500" tween="sine" easing="out">Visible</animation>
	<animation effect="slide" start="0,0" end="0,-600" time="500" tween="sine" easing="out">Hidden</animation>
	<visible>[Control.HasFocus(9960) | StringCompare(skin.string(showartvideopanel),alwayson) | StringCompare(skin.string(showartvideopanel),auto) + Control.IsVisible(9921) | Window.IsVisible(6621)] + !StringCompare(ListItem.Label,..)</visible>
	<control type="image">
	<left>0</left>
	<top>56</top>
	<width>1280</width>
	<height>30</height>
	<texture>shadow_h.png</texture>
	<colordiffuse>C3FFFFFF</colordiffuse>
	</control>
	<control type="image">
	<left>0</left>
	<top>85</top>
	<width>1280</width>
	<height>530</height>
	<texture flipy="true" diffuse="shadow_mask.png">darkgrey.png</texture>
	<colordiffuse>$VAR[value_texturecolor]</colordiffuse>
	<animation effect="fade" end="85" condition="true">Conditional</animation>
	</control>
	<control type="image">
	<left>485</left>
	<top>85</top>
	<width>2</width>
	<height>435</height>
	<texture>separator_v.png</texture>
	</control>
	<control type="grouplist">
	<left>60</left>
	<top>104</top>
	<orientation>vertical</orientation>
	<itemgap>0</itemgap>
	<control type="label">
	<include>ShowArtLabel</include>
	<label>$VAR[value_ground11_label]: [COLOR=FFFFFAF0]$VAR[value_ground11_value][/COLOR]</label>
	</control>
	<control type="label">
	<include>ShowArtLabel</include>
	<label>$VAR[value_ground12_label]: [COLOR=FFFFFAF0]$VAR[value_ground12_value][/COLOR]</label>
	</control>
	<control type="label">
	<include>ShowArtLabel</include>
	<label>$VAR[value_ground13_label]: [COLOR=FFFFFAF0]$VAR[value_ground13_value][/COLOR]</label>
	</control>
	<control type="label">
	<include>ShowArtLabel</include>
	<label>$VAR[value_ground14_label]: [COLOR=FFFFFAF0]$VAR[value_ground14_value][/COLOR]</label>
	</control>
	<control type="label">
	<include>ShowArtLabel</include>
	<label>$VAR[value_ground15_label]: [COLOR=FFFFFAF0]$VAR[value_ground15_value][/COLOR]</label>
	</control>
	<control type="label">
	<include>ShowArtLabel</include>
	<label>$VAR[value_ground16_label]: [COLOR=FFFFFAF0]$VAR[value_ground16_value][/COLOR]</label>
	</control>
	<control type="label">
	<include>ShowArtLabel</include>
	<label>$VAR[value_ground17_label]: [COLOR=FFFFFAF0]$VAR[value_ground17_value][/COLOR]</label>
	</control>
	</control>
	<control type="image">
	<left>0</left>
	<top>258</top>
	<width>485</width>
	<height>2</height>
	<texture>separator.png</texture>
	</control>
	<control type="textbox">
	<left>60</left>
	<top>270</top>
	<width>400</width>
	<height>241</height>
	<font>Font_18A</font>
	<label>$VAR[value_plot]</label>
	<autoscroll delay="15000" time="2000" repeat="15000">!Skin.HasSetting(noallowscroll)</autoscroll>
	</control>
	<control type="image">
	<left>0</left>
	<top>520</top>
	<width>1280</width>
	<height>2</height>
	<texture>separator.png</texture>
	</control>
	<control type="image">
	<left>515</left>
	<top>64</top>
	<width>695</width>
	<height>480</height>
	<aspectratio>keep</aspectratio>
	<texture background="true">$INFO[ListItem.Art(fanart)]</texture>
	<bordertexture border="-2">black.png</bordertexture>
	<fadetime>FanartCrossFadeTime</fadetime>
	</control>
	</control>
	<include condition="Skin.HasSetting(showartfixedlist)">ShowArtFixedList</include>
	<include condition="!Skin.HasSetting(showartfixedlist)">ShowArtWrapList</include>
	<control type="scrollbar" id="80">
	<include>ScrollBar_Horizontal</include>
	<left>305</left>
	<top>613</top>
	<width>670</width>
	<onup>SetFocus(60)</onup>
	<ondown>9920</ondown>
	<include>Animation_Fade</include>
	<visible allowhiddenfocus="true">Control.IsVisible(60) + Control.HasFocus(80)</visible>
	</control>
	</control>
	</include>
</includes>