<?xml version="1.0" encoding="UTF-8"?>
<includes><!-- Aeon MQ 6 -->
	<!--##################################################################################   VISTA POSTER LITE - 69   ##################################################################################-->
	<include name="ViewPosterLite">
	<control type="group"><!-- PosterLite infopanel visibility -->
	<control type="button" id="69196">
	<include>InvisibleButton</include>
	<visible>[StringCompare(Control.GetLabel(92131),infopanelon) | StringCompare(Control.GetLabel(92131),infopaneloff)] + !StringCompare(ListItem.Label,..)</visible>
	</control>
	<control type="button" id="69194">
	<include>InvisibleButton</include>
	<visible>StringCompare(Control.GetLabel(92131),infopanelauto) + ![Container.OnNext | Container.OnPrevious] + !Control.IsVisible(80) + !StringCompare(ListItem.Label,..)</visible>
	</control>
	<control type="button" id="69193">
	<include>InvisibleButton</include>
	<visible>[StringCompare(Control.GetLabel(92131),infopaneloff) | [StringCompare(Control.GetLabel(92132),noicon)+!Control.IsVisible(69200)]]</visible>
	</control>
	<control type="button" id="69195">
	<include>InvisibleButton</include>
	<visible>[Window.IsVisible(CustomGlass.xml) | Window.IsVisible(CustomDelay.xml) | Window.IsVisible(numericinput) | Window.IsVisible(shutdownmenu) | Window.IsVisible(movieinformation) | Window.IsVisible(contextmenu) | Window.IsVisible(playercontrols) | Window.IsVisible(progressdialog) | Window.IsVisible(busydialog) | Window.IsVisible(filebrowser) | Window.IsVisible(selectdialog) | Window.IsVisible(yesnodialog) | Window.IsVisible(virtualkeyboard) | Window.IsVisible(favourites) | Window.IsVisible(CustomViewsVideo.xml)]</visible>
	</control>
	<control type="button" id="69197">
	<include>InvisibleButton</include>
	<visible>Control.IsVisible(69194)</visible>
	<include>PLDelAn</include>
	</control>
	<control type="button" id="69198">
	<include>InvisibleButton</include>
	<visible>StringCompare(Control.GetLabel(92132),poster) + !Skin.HasSetting(nowidevideocase) + Skin.HasSetting(plopencase) + ![Container.OnNext|Container.OnPrevious] + !Skin.HasSetting(nopldiscart) + [!IsEmpty(ListItem.Art(discart)) | !IsEmpty(Window(0).Property(Set.Movie.1.Art(discart))) | !IsEmpty(Window(0).Property(Set.Movie.2.Art(discart))) | !IsEmpty(Window(0).Property(Set.Movie.3.Art(discart))) | !IsEmpty(Window(0).Property(Set.Movie.4.Art(discart))) | !IsEmpty(Window(0).Property(Set.Movie.5.Art(discart))) | !IsEmpty(Window(0).Property(Set.Movie.6.Art(discart))) | !IsEmpty(Window(0).Property(Set.Movie.7.Art(discart))) | !IsEmpty(Window(0).Property(Set.Movie.8.Art(discart))) | !IsEmpty(Window(0).Property(Set.Movie.9.Art(discart))) | !IsEmpty(Window(0).Property(Set.Movie.10.Art(discart)))]</visible>
	</control>
	</control>
	
	<control type="group">
	<animation effect="slide" time="600" start="0,400" end="0,0" tween="cubic" easing="out">WindowOpen</animation>
	<animation effect="slide" time="600" start="0,400" end="0,0" tween="cubic" easing="out">Visible</animation>
	<animation effect="fade" time="250" start="100" end="0">Hidden</animation>
	<control type="button" id="9969">
	<include>InvisibleButton</include>
	<onleft>69</onleft>
	<onright>69</onright>
	<onup>9900</onup>
	<ondown>69</ondown>
	</control>
	<animation effect="fade" time="400">VisibleChange</animation>
	<visible>Control.IsVisible(69)</visible>
	<control type="image">
	<left>77r</left>
	<top>-30</top>
	<width>80</width>
	<height>80</height>
	<aspectratio>keep</aspectratio>
	<texture background="true">$VAR[value_watchedstyle]</texture>
	<colordiffuse>$VAR[value_watchedcolor]</colordiffuse>
	<animation effect="slide" time="400" start="0,-400" end="0,0" easing="inout" tween="cubic">WindowOpen</animation>
	<animation effect="slide" time="400" start="0,-400" end="0,0" easing="inout" tween="cubic">Visible</animation>
	<animation effect="slide" time="400" start="0,0" end="0,-400" easing="inout" tween="cubic">WindowClose</animation>
	<animation effect="slide" time="400" start="0,0" end="0,-1000" easing="inout" tween="cubic" condition="Control.HasFocus(9920)">Conditional</animation>
	<animation effect="slide" end="0,-40" time="500" tween="sine" easing="out" condition="SubString(skin.string(mediaflags),off)">Conditional</animation>
	<animation effect="slide" end="0,20" time="500" tween="sine" easing="out" condition="Skin.HasSetting(videodate)">Conditional</animation>
	<visible>!Skin.HasSetting(nooverlays)+StringCompare(ListItem.Overlay,OverlayWatched.png)+[StringCompare(Control.GetLabel(92132),logo)|StringCompare(Control.GetLabel(92132),clearart)|StringCompare(Control.GetLabel(92132),characterart)|StringCompare(Control.GetLabel(92132),noicon)]</visible>
	</control>
	<control type="group">
	<animation effect="fade" start="100" end="0" time="160" condition="[StringCompare(Control.GetLabel(92131),infopaneloff)|[[[StringCompare(Control.GetLabel(92131),infopanelmanual)+[!Control.HasFocus(9969)|Control.IsVisible(69195)]]|[StringCompare(Control.GetLabel(92131),infopanelauto)+!Control.IsVisible(69200)]]+StringCompare(Control.GetLabel(92132),noicon)]]">Conditional</animation>
	<control type="image">
	<left>0</left>
	<top>506</top>
	<width>1280</width>
	<height>30</height>
	<texture background="true">shadow_h.png</texture>
	<colordiffuse>C3FFFFFF</colordiffuse>
	<include>Animation_Fade</include>
	</control>
	<control type="image">
	<left>0</left>
	<top>535</top>
	<width>1280</width>
	<height>115</height>
	<texture flipy="true" diffuse="shadow_mask.png">darkgrey.png</texture>
	<colordiffuse>$VAR[value_texturecolor]</colordiffuse>
	<animation effect="fade" end="85" condition="true">Conditional</animation>
	</control>
	</control>
	<control type="group">
	<left>371</left>
	<top>520</top>
	<!-- Labels -->
	<control type="group" id="69200">
	<visible>[[Control.IsVisible(69197) + ![Container.OnNext|Container.OnPrevious] + !Control.IsVisible(69195)] | [StringCompare(Control.GetLabel(92131),infopanelmanual) + Control.HasFocus(9969) + !Control.IsVisible(69195)] | StringCompare(Control.GetLabel(92131),infopanelon)] + !StringCompare(ListItem.Label,..)</visible>
	<animation effect="fade" time="320">Visible</animation>
	<control type="group">
	<!-- Movies and TV shows -->
	<control type="textbox">
	<left>0</left>
	<top>38</top>
	<width>881</width>
	<height>88</height>
	<font>Font_18A</font>
	<label>$VAR[value_plot]</label>
	<autoscroll time="6000" delay="10000" repeat="8000">!Skin.HasSetting(noallowscroll)</autoscroll>
	</control>
	<control type="image">
	<left>-371</left>
	<top>15</top>
	<width>1280</width>
	<height>25</height>
	<texture flipx="true" diffuse="shadow_mask_v.png">darkgrey.png</texture>
	<colordiffuse>$VAR[value_texturecolorfocus]</colordiffuse>
	</control>
	<control type="fadelabel">
	<left>0</left>
	<top>15</top>
	<width>430</width>
	<height>20</height>
	<scrollout>false</scrollout>
	<pauseatend>2000</pauseatend>
	<scrollspeed>10</scrollspeed>
	<font>Font_18A</font>
	<label>$VAR[PLGenre]</label>
	<textcolor>FFFFFAF0</textcolor>
	</control>
	<control type="fadelabel">
	<left>450</left>
	<top>15</top>
	<width>430</width>
	<height>20</height>
	<align>right</align>
	<scrollout>false</scrollout>
	<pauseatend>2000</pauseatend>
	<scrollspeed>10</scrollspeed>
	<font>Font_18A</font>
	<label>$VAR[PLYear]</label>
	<textcolor>FFFFFAF0</textcolor>
	</control>
	</control>
	</control>
	<!-- +1 icons -->
	<control type="group">
	<visible>[[StringCompare(Control.GetLabel(92131),infopanelauto) + StringCompare(Control.GetLabel(92132),noicon) + !Control.IsVisible(69200)] | [Control.IsVisible(69197) + !Control.IsVisible(69195)] | [StringCompare(Control.GetLabel(92131),infopanelmanual) + [[Control.HasFocus(9969)+!Control.IsVisible(69195)] | [StringCompare(Control.GetLabel(92132),noicon) + !Control.IsVisible(69200)]]] | Control.IsVisible(69196)]</visible>
	<control type="image">
	<include>PLClearValue</include>
	<texture background="true">$VAR[PLLogoVar]</texture>
	<visible>StringCompare(Control.GetLabel(92133),logo)</visible>
	</control>
	<control type="image">
	<include>PLClearValue</include>
	<texture background="true">$VAR[PLClearArtVar]</texture>
	<visible>StringCompare(Control.GetLabel(92133),clearart)</visible>
	</control>
	<control type="image">
	<include>PLClearValue</include>
	<texture background="true">$VAR[PLCharacterArtVar]</texture>
	<visible>StringCompare(Control.GetLabel(92133),characterart)</visible>
	</control>
	<control type="group">
	<visible>StringCompare(Control.GetLabel(92133),extrathumbs)+!StringCompare(ListItem.Label,..)</visible>
	<animation effect="slide" end="0,111" time="160" condition="Control.IsVisible(69193)">Conditional</animation>
	<left>635</left>
	<top>-125</top>
	<control type="multiimage" id="69201">
	<include>PLLandValue</include>
	<imagepath background="true">$INFO[ListItem.Path,,extrathumbs]</imagepath>
	</control>
	<control type="multiimage" id="69202">
	<include>PLLandValue</include>
	<imagepath background="true">$INFO[ListItem.Path,,extrafanart]</imagepath>
	<visible>IsEmpty(Control.GetLabel(69201))</visible>
	</control>
	<control type="image" id="69203">
	<include>PLLandValue</include>
	<texture background="true">$INFO[ListItem.Art(landscape)]</texture>
	<bordertexture background="true" border="-2">black.png</bordertexture>
	<visible>IsEmpty(Control.GetLabel(69201))+IsEmpty(Control.GetLabel(69202))</visible>
	</control>
	</control>
	<control type="group">
	<left>527</left>
	<top>-52</top>
	<include>PLBanner</include>
	<control type="group">
	<include>PLBannerMask</include>
	<include>PLBannerLabel</include>
	<visible>!Container.Content(episodes)</visible>
	</control>
	<animation effect="slide" end="0,92" time="160" reversible="false" condition="Control.IsVisible(69193)">Conditional</animation>
	<visible>StringCompare(Control.GetLabel(92133),banner)</visible>
	</control>
	<control type="group">
	<visible>StringCompare(Control.GetLabel(92133),cdart)</visible>
	<animation effect="slide" end="0,92" time="160" condition="Control.IsVisible(69193)">Conditional</animation>
	<control type="group">
	<left>1020</left>
	<top>-245</top>
	<include>PLcdART</include>
	<animation effect="zoom" start="60" end="60" time="0" condition="true">Conditional</animation>
	<visible>!SubString(ListItem.Path,videodb://movies/sets,left)</visible>
	</control>
	<control type="group">
	<left>-373</left>
	<top>-130</top>
	<include>PLcdARTHorz</include>
	<visible>SubString(ListItem.Path,videodb://movies/sets,left)</visible>
	</control>
	</control>
	<control type="fadelabel">
	<left>0</left>
	<top>80</top>
	<width>880</width>
	<align>right</align>
	<scrollout>false</scrollout>
	<pauseatend>2000</pauseatend>
	<scrollspeed>10</scrollspeed>
	<font>Font_40</font>
	<shadowcolor>black</shadowcolor>
	<label>[COLOR=$VAR[value_headercolor]][B]$INFO[ListItem.Label][/B][/COLOR]</label>
	<visible>StringCompare(Control.GetLabel(92131),infopaneloff)+StringCompare(Control.GetLabel(92132),noicon)+[[StringCompare(Control.GetLabel(92133),logo)+IsEmpty(ListItem.Art(clearlogo))]|[StringCompare(Control.GetLabel(92133),clearart)+IsEmpty(ListItem.Art(clearart))+IsEmpty(ListItem.Art(clearlogo))]|[StringCompare(Control.GetLabel(92133),characterart)+IsEmpty(ListItem.Art(characterart))+IsEmpty(ListItem.Art(clearlogo))]|[StringCompare(Control.GetLabel(92133),characterart)+IsEmpty(ListItem.Art(characterart))+IsEmpty(ListItem.Art(clearlogo))]|[StringCompare(Control.GetLabel(92133),extrathumbs)+IsEmpty(Control.GetLabel(69203))]|[StringCompare(Control.GetLabel(92133),cdart)+IsEmpty(ListItem.Art(discart))]]</visible>
	</control>
	</control>
	</control>
	<control type="group">
	<left>417</left>
	<top>76</top>
	<control type="videowindow">
	<width>790</width>
	<height>336</height>
	<animation effect="slide" end="66,0" time="500" reversible="true" condition="StringCompare(Control.GetLabel(92132),poster) + !Skin.HasSetting(nopldiscart) + !Skin.HasSetting(plopencase) + [!IsEmpty(ListItem.Art(discart)) | !IsEmpty(Window(0).Property(Set.Movie.6.Art(discart))) | !IsEmpty(Window(0).Property(Set.Movie.7.Art(discart))) | !IsEmpty(Window(0).Property(Set.Movie.8.Art(discart))) | !IsEmpty(Window(0).Property(Set.Movie.9.Art(discart))) | !IsEmpty(Window(0).Property(Set.Movie.10.Art(discart)))]">Conditional</animation>
	<visible>Player.HasVideo+!VideoPlayer.IsFullscreen+!Skin.HasSetting(homefullscreentrailer)</visible>
	</control>
	<control type="image">
	<width>790</width>
	<height>352</height>
	<fadetime>FanartCrossFadeTime</fadetime>
	<aspectratio align="center">keep</aspectratio>
	<texture background="true">$INFO[ListItem.Art(thumb)]</texture>
	<bordertexture background="true" border="-2">black.png</bordertexture>
	<visible>![Player.HasVideo+!Skin.HasSetting(homefullscreentrailer)]+Container.Content(episodes)+Skin.HasSetting(plepthumb)</visible>
	</control>
	</control>
	<control type="group">
	<visible>Control.IsVisible(69)</visible>
	<include condition="Skin.HasSetting(plfixed)">plfixed</include>
	<include condition="!Skin.HasSetting(plfixed)">plwrap</include>
	<control type="scrollbar" id="80">
	<include>ScrollBar_Horizontal</include>
	<left>190</left>
	<top>613</top>
	<width>900</width>
	<onup>69</onup>
	<ondown>9920</ondown>
	<include>Animation_Fade</include>
	<visible allowhiddenfocus="true">Control.IsVisible(69)+Control.HasFocus(80)</visible>
	</control>
	<control type="group">
	<visible>Control.IsVisible(69198)</visible>
	<animation effect="slide" start="0,0" end="0,-20" time="300" tween="sine" easing="out" condition="Control.HasFocus(80)">Conditional</animation>
	<animation effect="fade" start="0" end="100" delay="300" time="700" reversible="false" condition="Control.IsVisible(69198)">Conditional</animation>
	<control type="image">
	<left>-1</left>
	<top>150</top>
	<width>370</width>
	<height>500</height>
	<aspectratio>stretch</aspectratio>
	<fadetime>0</fadetime>
	<texture background="true">thumb_box_back.png</texture>
	</control>
	<control type="image">
	<left>50</left>
	<top>273</top>
	<width>258</width>
	<height>258</height>
	<aligny>center</aligny>
	<fadetime>0</fadetime>
	<texture diffuse="cdart_diffuse.png" background="true">$INFO[ListItem.Art(discart)]</texture>
	</control>
	<control type="group">
	<top>180</top>
	<control type="grouplist">
	<left>185</left>
	<orientation>vertical</orientation>
	<itemgap>-70</itemgap>
	<include>PLcdART6_10</include>
	</control>
	<control type="grouplist">
	<left>38</left>
	<orientation>vertical</orientation>
	<itemgap>-70</itemgap>
	<include>PLcdART1_5</include>
	</control>
	</control>
	</control>
	<control type="group">
	<animation effect="slide" start="0,0" end="0,-20" time="300" tween="sine" easing="out" condition="Control.HasFocus(80)">Conditional</animation>
	<animation type="conditional" reversible="false" condition="Control.IsVisible(69198)">
	<effect type="rotatey" delay="2000" center="30" start="0" end="90" time="1000" tween="quadratic" easing="out"/>
	<effect type="rotatey" delay="9000" center="30" start="0" end="-90" time="1000" tween="quadratic" easing="out"/>
	</animation>
	<control type="group">
	<left>30</left>
	<top>190</top>
	<control type="group">
	<include>PLcdART</include>
	<include>PLcdARTVert</include>
	<visible>!Skin.HasSetting(nopldiscart)+[!Skin.HasSetting(plopencase)|Skin.HasSetting(nowidevideocase)]</visible>
	</control>
	<include>PLPoster</include>
	<visible>StringCompare(Control.GetLabel(92132),poster)</visible>
	</control>
	<control type="group">
	<left>25</left>
	<top>464</top>
	<include>PLLand</include>
	<visible>StringCompare(Control.GetLabel(92132),landscape)+Control.IsVisible(69196)</visible>
	</control>
	<control type="group">
	<left>25</left>
	<top>517</top>
	<include>PLLogo</include>
	<visible>StringCompare(Control.GetLabel(92132),logo)+Control.IsVisible(69196)</visible>
	</control>
	<control type="group">
	<left>25</left>
	<top>517</top>
	<include>PLClear</include>
	<visible>StringCompare(Control.GetLabel(92132),clearart)+Control.IsVisible(69196)</visible>
	</control>
	<control type="group">
	<left>25</left>
	<top>325</top>
	<include>PLCharacter</include>
	<visible>StringCompare(Control.GetLabel(92132),characterart)+Control.IsVisible(69196)</visible>
	</control>
	<control type="group">
	<left>9</left>
	<top>560</top>
	<include>PLBanner</include>
	<include>PLBannerMask</include>
	<include>PLBannerWatched</include>
	<visible>StringCompare(Control.GetLabel(92132),banner)+Control.IsVisible(69196)</visible>
	</control>
	<control type="group">
	<visible>StringCompare(Control.GetLabel(92132),noicon)</visible>
	</control>
	</control>
	</control>
	</control>
	</include>
	<include name="contents69list">
	<viewtype label="PosterLite">list</viewtype>
	<left>-230</left>
	<top>-41</top>
	<width>1920</width>
	<height>1080</height>
	<onup condition="StringCompare(Control.GetLabel(92131),infopanelmanual)+!StringCompare(ListItem.Label,..)">9969</onup>
	<onup condition="[!StringCompare(Control.GetLabel(92131),infopanelmanual)|StringCompare(ListItem.Label,..)]">9900</onup>
	<ondown>80</ondown>
	<orientation>horizontal</orientation>
	<focusposition>2</focusposition>
	<scrolltime>400</scrolltime>
	<preloaditems>3</preloaditems>
	<pagecontrol>80</pagecontrol>
	<visible>![Container.Content(years) | Container.Content(genres) | Container.Content(actors) | Container.Content(countries) | Container.Content(studios)]</visible>
	<animation effect="slide" start="0,0" end="0,-20" time="300" tween="sine" easing="out" condition="Control.HasFocus(80)">Conditional</animation>
	<itemlayout width="127" height="667" condition="StringCompare(Control.GetLabel(92132),poster)+!Control.IsVisible(69196)">
	<control type="group">
	<left>-50</left>
	<top>432</top>
	<animation effect="zoom" center="auto" start="39" end="39" condition="true">Conditional</animation>
	<include>PosFade</include>
	<include>PLPoster</include>
	</control>
	</itemlayout>
	<focusedlayout width="325" height="512" condition="StringCompare(Control.GetLabel(92132),poster)"></focusedlayout>
	<itemlayout width="280" height="667" condition="[StringCompare(Control.GetLabel(92132),noicon)|Control.IsVisible(69196)]"></itemlayout>
	<focusedlayout width="380" height="512" condition="[StringCompare(Control.GetLabel(92132),noicon)|Control.IsVisible(69196)]"></focusedlayout>
	<itemlayout width="280" height="109" condition="StringCompare(Control.GetLabel(92132),landscape)+!Control.IsVisible(69196)">
	<control type="group">
	<left>-400</left>
	<top>550</top>
	<animation effect="zoom" center="auto" start="74" end="74" condition="true">Conditional</animation>
	<include>PosFade</include>
	<include>PLLand</include>
	</control>
	</itemlayout>
	<focusedlayout width="380" height="149" condition="StringCompare(Control.GetLabel(92132),landscape)">
	<control type="group">
	<left>-305</left>
	<top>505</top>
	<animation effect="zoom" center="0,682" start="74" end="100" time="480" tween="cubic" easing="inout" reversible="false">Focus</animation>
	<animation effect="zoom" start="100" end="100" tween="cubic" easing="inout" reversible="false" condition="!Control.HasFocus(69)">Unfocus</animation>
	<animation type="Unfocus" reversible="false" condition="Control.HasFocus(69)">
	<effect type="zoom" center="-167,682" start="100" end="74" time="120" tween="cubic" easing="inout" />
	<effect type="slide" end="-58,-2" />
	</animation>
	<include>PLLand</include>
	</control>
	</focusedlayout>
	<itemlayout width="280" height="109" condition="StringCompare(Control.GetLabel(92132),logo)+!Control.IsVisible(69196)">
	<control type="group">
	<left>-400</left>
	<top>586</top>
	<animation effect="zoom" center="auto" start="74" end="74" condition="true">Conditional</animation>
	<include>PosFade</include>
	<include>PLLogo</include>
	</control>
	</itemlayout>
	<focusedlayout width="380" height="149" condition="StringCompare(Control.GetLabel(92132),logo)">
	<control type="group">
	<left>-305</left>
	<top>558</top>
	<animation effect="zoom" center="0,671" start="74" end="100" time="480" tween="cubic" easing="inout" reversible="false">Focus</animation>
	<animation effect="zoom" start="100" end="100" tween="cubic" easing="inout" reversible="false" condition="!Control.HasFocus(69)">Unfocus</animation>
	<animation type="Unfocus" reversible="false" condition="Control.HasFocus(69)">
	<effect type="zoom" center="-167,671" start="100" end="74" time="240" tween="cubic" easing="inout" />
	<effect type="slide" end="-58,-2" />
	</animation>
	<include>PLLogo</include>
	</control>
	</focusedlayout>
	<itemlayout width="280" height="109" condition="StringCompare(Control.GetLabel(92132),clearart)+!Control.IsVisible(69196)">
	<control type="group">
	<left>-400</left>
	<top>586</top>
	<animation effect="zoom" center="auto" start="74" end="74" condition="true">Conditional</animation>
	<include>PosFade</include>
	<include>PLClear</include>
	</control>
	</itemlayout>
	<focusedlayout width="380" height="149" condition="StringCompare(Control.GetLabel(92132),clearart)">
	<control type="group">
	<left>-305</left>
	<top>558</top>
	<animation effect="zoom" center="0,671" start="74" end="100" time="480" tween="cubic" easing="inout" reversible="false">Focus</animation>
	<animation effect="zoom" start="100" end="100" tween="cubic" easing="inout" reversible="false" condition="!Control.HasFocus(69)">Unfocus</animation>
	<animation type="Unfocus" reversible="false" condition="Control.HasFocus(69)">
	<effect type="zoom" center="-167,671" start="100" end="74" time="240" tween="cubic" easing="inout" />
	<effect type="slide" end="-58,-2" />
	</animation>
	<include>PLClear</include>
	</control>
	</focusedlayout>
	<itemlayout width="187" height="109" condition="StringCompare(Control.GetLabel(92132),characterart)+!Control.IsVisible(69196)">
	<control type="group">
	<left>-280</left>
	<top>544</top>
	<animation effect="zoom" center="auto" start="44" end="44" condition="true">Conditional</animation>
	<include>PosFade</include>
	<include>PLCharacter</include>
	</control>
	</itemlayout>
	<focusedlayout width="380" height="149" condition="StringCompare(Control.GetLabel(92132),characterart)">
	<control type="group">
	<left>-119</left>
	<top>366</top>
	<animation effect="zoom" center="75,684" start="44" end="100" time="480" tween="quadratic" reversible="false" condition="Container.OnNext">Focus</animation>
	<animation effect="zoom" center="-150,684" start="100" end="44" time="240" tween="quadratic" reversible="false" condition="Container.OnNext">Unfocus</animation>
	<animation effect="zoom" center="-150,684" start="44" end="100" time="480" tween="quadratic" reversible="false" condition="Container.OnPrevious">Focus</animation>
	<animation type="Unfocus" reversible="false" condition="Container.OnPrevious">
	<effect type="zoom" center="-31,684" start="100" end="44" time="240" tween="quadratic" />
	<effect type="slide" end="-180" />
	</animation>
	<include>PLCharacter</include>
	</control>
	</focusedlayout>
	<itemlayout width="280" height="109" condition="StringCompare(Control.GetLabel(92132),banner)+!Control.IsVisible(69196)">
	<control type="group">
	<left>-400</left>
	<top>610</top>
	<animation effect="zoom" center="auto" start="74" end="74" condition="true">Conditional</animation>
	<include>PosFade</include>
	<include>PLBanner</include>
	<include>PLBannerMask</include>
	<include>PLBannerWatched</include>
	</control>
	</itemlayout>
	<focusedlayout width="380" height="149" condition="StringCompare(Control.GetLabel(92132),banner)">
	<control type="group">
	<left>-321</left>
	<top>601</top>
	<animation effect="zoom" center="0,634" start="74" end="100" time="480" tween="cubic" easing="inout" reversible="false">Focus</animation>
	<animation effect="zoom" start="100" end="100" tween="cubic" easing="inout" reversible="false" condition="!Control.HasFocus(69)">Unfocus</animation>
	<animation type="Unfocus" reversible="false" condition="Control.HasFocus(69)">
	<effect type="zoom" center="-167,634" start="100" end="74" time="240" tween="cubic" easing="inout" />
	<effect type="slide" end="-41" />
	</animation>
	<include>PLBanner</include>
	<include>PLBannerMask</include>
	<include>PLBannerWatched</include>
	</control>
	</focusedlayout>
	</include>

	<include name="plfixed">
	<control type="fixedlist" id="69">
	<include>contents69list</include>
	</control>
	</include>
	<include name="plwrap">
	<control type="wraplist" id="69">
	<include>contents69list</include>
	</control>
	</include>

	<include name="PLPoster">
	<animation effect="slide" time="200" start="0,0" end="0,-20" tween="cubic" easing="out" condition="!Skin.HasSetting(nowidevideocase)">Conditional</animation>
	<control type="image">
	<width>309</width>
	<height>455</height>
	<fadetime>FanartCrossFadeTime</fadetime>
	<aspectratio>stretch</aspectratio>
	<texture background="true" fallback="DefaultVideoPoster.png">$VAR[value_poster]</texture>
	<bordertexture background="true" border="-2">black.png</bordertexture>
	<visible>Skin.HasSetting(nowidevideocase)</visible>
	</control>
	<control type="image">
	<width>309</width>
	<height>455</height>
	<fadetime>FanartCrossFadeTime</fadetime>
	<aspectratio>stretch</aspectratio>
	<texture background="true" fallback="DefaultVideoPoster.png">$VAR[value_poster]</texture>
	<visible>!Skin.HasSetting(nowidevideocase)</visible>
	</control>
	<control type="image">
	<left>-28</left>
	<top>-75</top>
	<width>384</width>
	<height>577</height>
	<fadetime>FanartCrossFadeTime</fadetime>
	<aspectratio>stretch</aspectratio>
	<texture background="true">$VAR[value_videocase0]</texture>
	<visible>!Skin.HasSetting(nowidevideocase)</visible>
	<include>Animation_CaseGlass</include>
	</control>
	<control type="image">
	<left>107</left>
	<top>-72</top>
	<width>99</width>
	<height>99</height>
	<align>center</align>
	<aligny>center</aligny>
	<aspectratio>keep</aspectratio>
	<texture background="true">$VAR[PLCodec]</texture>
	<visible>!Skin.HasSetting(nowidevideocase)</visible>
	</control>
	<control type="textbox">
	<left>9</left>
	<top>-44</top>
	<width>300</width>
	<height>42</height>
	<align>center</align>
	<font>Font_30</font>
	<textcolor>FFFFFFFF</textcolor>
	<label>$VAR[PLStudio]</label>
	<visible>[[[Container.Content(tvshows)|Container.Content(seasons)]+!SubString(ListItem.FolderPath,videodb://movies/)]|Container.Content(genres)]+!Skin.HasSetting(nowidevideocase)</visible>
	<autoscroll time="3000" delay="5000" repeat="3000">true</autoscroll>
	</control>
	<control type="image">
	<left>260</left>
	<top>-2</top>
	<include>PLWatchedIcon</include>
	</control>
	</include>
	<include name="PLLand">
	<control type="image">
	<width>320</width>
	<height>180</height>
	<fadetime>FanartCrossFadeTime</fadetime>
	<aspectratio>scale</aspectratio>
	<texture background="true" fallback="DefaultExtraThumbs.png">$VAR[PLLandscapeVar]</texture>
	<bordertexture background="true" border="-2">black.png</bordertexture>
	</control>
	<control type="image">
	<width>320</width>
	<height>180</height>
	<fadetime>FanartCrossFadeTime</fadetime>
	<aspectratio>stretch</aspectratio>
	<texture background="true">shadow_mask.png</texture>
	<colordiffuse>FFF0F0F0</colordiffuse>
	<animation effect="fade" end="80" time="0" condition="true">Conditional</animation>
	<visible>IsEmpty(ListItem.Art(landscape))+IsEmpty(ListItem.Art(clearlogo))+IsEmpty(ListItem.Art(tvshow.clearlogo))+!IsEmpty(ListItem.Art(fanart))+!Container.Content(episodes)+!StringCompare(ListItem.Label,..)</visible>
	</control>
	<control type="image">
	<left>9</left>
	<top>30</top>
	<width>302</width>
	<height>118</height>
	<aspectratio>keep</aspectratio>
	<texture background="true">$INFO[ListItem.Art(clearlogo)]</texture>
	<visible>IsEmpty(ListItem.Art(landscape))+!IsEmpty(ListItem.Art(fanart))</visible>
	</control>
	<control type="image">
	<left>275</left>
	<top>-5</top>
	<include>PLWatchedIcon</include>
	</control>
	<control type="textbox">
	<top>72</top>
	<include>PLTextTitle</include>
	<visible>IsEmpty(ListItem.Art(landscape))+IsEmpty(ListItem.Art(clearlogo))+IsEmpty(ListItem.Art(tvshow.clearlogo))</visible>
	</control>
	</include>
	<include name="PLLogo">
	<control type="image">
	<width>320</width>
	<height>125</height>
	<fadetime>FanartCrossFadeTime</fadetime>
	<aspectratio aligny="bottom">keep</aspectratio>
	<texture background="true">$VAR[PLLogoVar]</texture>
	</control>
	<control type="textbox">
	<top>19</top>
	<include>PLTextTitle</include>
	<visible>IsEmpty(ListItem.Art(clearlogo))</visible>
	</control>
	</include>
	<include name="PLClear">
	<control type="image">
	<width>320</width>
	<height>125</height>
	<fadetime>FanartCrossFadeTime</fadetime>
	<aspectratio aligny="bottom">keep</aspectratio>
	<texture background="true">$VAR[PLClearArtVar]</texture>
	</control>
	<control type="textbox">
	<top>19</top>
	<include>PLTextTitle</include>
	<visible>IsEmpty(ListItem.Art(clearart))+IsEmpty(ListItem.Art(clearlogo))</visible>
	</control>
	</include>
	<include name="PLCharacter">
	<control type="image">
	<width>320</width>
	<height>320</height>
	<fadetime>FanartCrossFadeTime</fadetime>
	<aspectratio aligny="bottom">keep</aspectratio>
	<texture background="true">$VAR[PLCharacterArtVar]</texture>
	</control>
	<control type="textbox">
	<top>211</top>
	<include>PLTextTitle</include>
	<visible>IsEmpty(ListItem.Art(characterart))+IsEmpty(ListItem.Art(clearlogo))</visible>
	</control>
	</include>
	<include name="PLBanner">
	<control type="image">
	<include>PLBannerValue</include>
	<visible>!IsEmpty(ListItem.Art(banner))</visible>
	</control>
	<control type="image">
	<width>352</width>
	<height>65</height>
	<fadetime>FanartCrossFadeTime</fadetime>
	<aspectratio>stretch</aspectratio>
	<texture background="true">$INFO[ListItem.Art(tvshow.banner)]</texture>
	<visible>[Container.Content(seasons)|Container.Content(episodes)]+IsEmpty(ListItem.Art(banner))+!StringCompare(ListItem.Label,..)</visible>
	</control>
	<control type="image">
	<aspectratio>scale</aspectratio>
	<include>PLBannerValue</include>
	<visible>IsEmpty(ListItem.Art(banner))+!StringCompare(ListItem.Label,..)</visible>
	</control>
	<control type="image">
	<width>352</width>
	<height>65</height>
	<fadetime>FanartCrossFadeTime</fadetime>
	<aspectratio>keep</aspectratio>
	<texture background="true">$INFO[ListItem.Art(clearlogo)]</texture>
	<visible>IsEmpty(ListItem.Art(banner))</visible>
	</control>
	</include>
	<include name="PLBannerMask">
	<control type="image">
	<width>352</width>
	<height>65</height>
	<fadetime>FanartCrossFadeTime</fadetime>
	<aspectratio>stretch</aspectratio>
	<texture background="true">shadow_mask.png</texture>
	<colordiffuse>FFF0F0F0</colordiffuse>
	<animation effect="fade" end="80" time="0" condition="true">Conditional</animation>
	<visible>IsEmpty(ListItem.Art(banner))+IsEmpty(ListItem.Art(clearlogo))+!IsEmpty(ListItem.Art(fanart))+!StringCompare(ListItem.Label,..)</visible>
	</control>
	</include>
	<include name="PLBannerLabel">
	<control type="label">
	<left>5</left>
	<top>20</top>
	<width>342</width>
	<height>50</height>
	<align>center</align>
	<font>Font_23</font>
	<shadowcolor>black</shadowcolor>
	<scroll>true</scroll>
	<label>[COLOR=$VAR[value_headercolor]][B]$INFO[ListItem.Label][/B][/COLOR]</label>
	<visible>IsEmpty(ListItem.Art(banner))+IsEmpty(ListItem.Art(clearlogo))</visible>
	</control>
	</include>
	<include name="PLBannerWatched">
	<control type="group">
	<include>PLBannerLabel</include>
	<!--animation effect="slide" end="171" time="0" condition="!Control.IsVisible(69196)">Conditional</animation-->
	</control>
	<control type="image">
	<left>306</left>
	<top>-6</top>
	<include>PLWatchedIcon</include>
	</control>
	</include>
	<include name="PLTextTitle">
	<left>2</left>
	<top>5</top>
	<width>315</width>
	<height>107</height>
	<align>center</align>
	<font>Font_40</font>
	<shadowcolor>black</shadowcolor>
	<label>[COLOR=$VAR[value_headercolor]][B]$INFO[ListItem.Label][/B][/COLOR]</label>
	<autoscroll time="2000" delay="2000" repeat="2000">true</autoscroll>
	<visible>!Container.Content(episodes)</visible>
	</include>
	<include name="PLLandValue">
	<width>245</width>
	<height>138</height>
	<fadetime>FanartCrossFadeTime</fadetime>
	<timeperimage>4000</timeperimage>
	<aspectratio>stretch</aspectratio>
	<randomize>true</randomize>
	</include>
	<include name="PLClearValue">
	<left>610</left>
	<top>-90</top>
	<width>270</width>
	<height>105</height>
	<fadetime>FanartCrossFadeTime</fadetime>
	<aspectratio aligny="bottom">keep</aspectratio>
	<animation effect="slide" end="0,106" time="160" condition="Control.IsVisible(69193)">Conditional</animation>
	</include>
	<include name="PLBannerValue">
	<width>352</width>
	<height>65</height>
	<fadetime>FanartCrossFadeTime</fadetime>
	<aspectratio>stretch</aspectratio>
	<texture background="true">$VAR[PLBannerVar]</texture>
	<bordertexture background="true" border="-2">black.png</bordertexture>
	</include>
	<include name="PLWatchedIcon">
	<width>50</width>
	<height>50</height>
	<aspectratio>keep</aspectratio>
	<texture background="true">$VAR[value_watchedstyle]</texture>
	<colordiffuse>$VAR[value_watchedcolor]</colordiffuse>
	<visible>!Skin.HasSetting(nooverlays)+StringCompare(ListItem.Overlay,OverlayWatched.png)</visible>
	</include>
	<include name="PLcdART">
	<control type="group">
	<left>65</left>
	<top>-57</top>
	<include>PLcdAn</include>
	<visible>![IsEmpty(ListItem.Art(discart))|SubString(ListItem.Path,videodb://movies/sets,left)]</visible>
	<control type="image">
	<left>112</left>
	<top>55</top>
	<width>270</width>
	<height>270</height>
	<texture>cdart.png</texture>
	<include>PLDisc</include>
	</control>
	<control type="image">
	<left>112</left>
	<top>55</top>
	<width>270</width>
	<height>270</height>
	<aligny>center</aligny>
	<fadetime>FanartCrossFadeTime</fadetime>
	<texture diffuse="cdart_diffuse.png" background="true">$INFO[ListItem.Art(discart)]</texture>
	<include>PLDisc</include>
	</control>
	</control>
	</include>
	<include name="PLcdARTVert">
	<control type="grouplist">
	<left>338</left>
	<top>0</top>
	<orientation>vertical</orientation>
	<itemgap>-92</itemgap>
	<include>PLcdAn</include>
	<include>PLcdART6_10</include>
	<visible>SubString(ListItem.Path,videodb://movies/sets,left)</visible>
	</control>
	<control type="grouplist">
	<left>238</left>
	<top>0</top>
	<orientation>vertical</orientation>
	<itemgap>-92</itemgap>
	<include>PLcdAn</include>
	<include>PLcdART1_5</include>
	<visible>SubString(ListItem.Path,videodb://movies/sets,left)</visible>
	</control>
	</include>
	<include name="PLcdARTHorz">
	<control type="grouplist">
	<orientation>horizontal</orientation>
	<align>right</align>
	<itemgap>-75</itemgap>
	<include>PLcdAn</include>
	<include>PLcdART1_5</include>
	<include>PLcdART6_10</include>
	</control>
	</include>
	<include name="PLcdART1_5">
	<control type="image">
	<include>PLDisc</include>
	<texture diffuse="cdart_diffuse.png" background="true">$INFO[Window(0).Property(Set.Movie.1.Art(discart))]</texture>
	</control>
	<control type="image">
	<include>PLDisc</include>
	<texture diffuse="cdart_diffuse.png" background="true">$INFO[Window(0).Property(Set.Movie.2.Art(discart))]</texture>
	</control>
	<control type="image">
	<include>PLDisc</include>
	<texture diffuse="cdart_diffuse.png" background="true">$INFO[Window(0).Property(Set.Movie.3.Art(discart))]</texture>
	</control>
	<control type="image">
	<include>PLDisc</include>
	<texture diffuse="cdart_diffuse.png" background="true">$INFO[Window(0).Property(Set.Movie.4.Art(discart))]</texture>
	</control>
	<control type="image">
	<include>PLDisc</include>
	<texture diffuse="cdart_diffuse.png" background="true">$INFO[Window(0).Property(Set.Movie.5.Art(discart))]</texture>
	</control>
	</include>
	<include name="PLcdART6_10">
	<control type="image">
	<include>PLDisc</include>
	<texture diffuse="cdart_diffuse.png" background="true">$INFO[Window(0).Property(Set.Movie.6.Art(discart))]</texture>
	</control>
	<control type="image">
	<include>PLDisc</include>
	<texture diffuse="cdart_diffuse.png" background="true">$INFO[Window(0).Property(Set.Movie.7.Art(discart))]</texture>
	</control>
	<control type="image">
	<include>PLDisc</include>
	<texture diffuse="cdart_diffuse.png" background="true">$INFO[Window(0).Property(Set.Movie.8.Art(discart))]</texture>
	</control>
	<control type="image">
	<include>PLDisc</include>
	<texture diffuse="cdart_diffuse.png" background="true">$INFO[Window(0).Property(Set.Movie.9.Art(discart))]</texture>
	</control>
	<control type="image">
	<include>PLDisc</include>
	<texture diffuse="cdart_diffuse.png" background="true">$INFO[Window(0).Property(Set.Movie.10.Art(discart))]</texture>
	</control>
	</include>
	<include name="PLDisc">
	<width>144</width>
	<height>144</height>
	<aligny>center</aligny>
	<fadetime>FanartCrossFadeTime</fadetime>
	<aspectratio align="center">keep</aspectratio>
	<animation effect="rotate" start="0" end="-360" center="auto" time="40000" delay="5000" loop="true" reversible="false" condition="!Player.HasVideo+![SubString(ListItem.Path,videodb://movies/sets,left)+Skin.HasSetting(plopencase)]">Conditional</animation>
	<animation effect="rotate" end="-360" center="auto" time="4000" loop="true" reversible="false" condition="Player.HasVideo+!Player.Paused+![SubString(ListItem.Path,videodb://movies/sets,left)+Skin.HasSetting(plopencase)]">Conditional</animation>
	</include>
	<include name="PLcdAn">
	<animation type="WindowOpen">
	<effect type="slide" start="-100,0" end="0,0" time="500" delay="700" tween="cubic" easing="out"/>
	<effect type="fade" start="0" end="100" time="500" delay="700"/>
	</animation>
	<animation type="Visible">
	<effect type="slide" start="-100,0" end="0,0" time="500" delay="700" tween="cubic" easing="out"/>
	<effect type="fade" start="0" end="100" time="500" delay="700"/>
	</animation>
	<animation effect="fade" start="100" end="0" time="200">WindowClose</animation>
	<animation type="Hidden">
	<effect type="slide" start="0,0" end="-100,0" time="300" tween="cubic" easing="out"/>
	<effect type="fade" start="100" end="0" time="200"/>
	</animation>
	</include>
	<include name="PosFade">
	<visible>!Control.IsVisible(69200)</visible>
	<animation effect="fade" start="100" end="0" time="400" delay="1000" reversible="false" condition="Control.IsVisible(69194) + SubString(skin.string(panel_seconds),1)">Conditional</animation>
	<animation effect="fade" start="100" end="0" time="400" delay="2000" reversible="false" condition="Control.IsVisible(69194) + SubString(skin.string(panel_seconds),2)">Conditional</animation>
	<animation effect="fade" start="100" end="0" time="400" delay="3000" reversible="false" condition="Control.IsVisible(69194) + SubString(skin.string(panel_seconds),3)">Conditional</animation>
	<animation effect="fade" start="100" end="0" time="400" delay="4000" reversible="false" condition="Control.IsVisible(69194) + SubString(skin.string(panel_seconds),4)">Conditional</animation>
	<animation effect="fade" start="100" end="0" time="400" delay="5000" reversible="false" condition="Control.IsVisible(69194) + SubString(skin.string(panel_seconds),5)">Conditional</animation>
	</include>
</includes>