<?xml version="1.0" encoding="UTF-8"?>
<includes><!-- Aeon MQ 6 -->
	<!--##################################################################################   VISTA POSTER LIST - 70   ##################################################################################-->
	<include name="ViewPosterList">
	<control type="group"><!-- default group -->
	<top>-30</top>
	<animation effect="fade" time="400">VisibleChange</animation>
	<animation effect="slide" start="0,0" end="30,0" time="200" easing="inout" tween="cubic" condition="Control.HasFocus(80)">Conditional</animation>
	<visible>Control.IsVisible(70)</visible>
	
	<control type="group"><!-- Grupo das etiquetas -->
	<animation effect="slide" start="0,300" end="0,0"  time="500" tween="sine" easing="out">WindowOpen</animation>
	<animation effect="slide" start="0,300" end="0,0"  time="500" tween="sine" easing="out">Visible</animation>
	<animation effect="fade" start="100" end="0" time="200">Hidden</animation>
	<visible>!StringCompare(ListItem.Label,..) + [SubString(skin.string(mediaflags),on) | SubString(skin.string(mediaflags),auto) + Control.IsVisible(9921)]</visible>
	<control type="image"><!-- Barra do rodape -->
	<left>162</left>
	<top>550</top>
	<width>1118</width>
	<height>170</height>
	<texture>shadow_mask.png</texture>
	<colordiffuse>$VAR[value_floorcolor]</colordiffuse>	
	<include>Animation_FloorGlass</include>
	</control>
	<control type="grouplist"><!-- Etiquetas -->
	<left>180</left>
	<top>677</top>
	<orientation>horizontal</orientation>
	<itemgap>9</itemgap>
	<include>FlagsContent</include>
	</control>
	<control type="image">
	<left>162</left>
	<top>680</top>
	<width>1118</width>
	<height>40</height>	
	<texture>gradient_small.png</texture>
	</control>
	</control>
	
	<control type="group"><!-- Grupo das infos -->
	<top>-40</top>
	<animation effect="slide" end="0,40" time="500" tween="sine" easing="out" condition="SubString(skin.string(mediaflags),off) | SubString(skin.string(mediaflags),auto) + [!Control.IsVisible(9921) | StringCompare(ListItem.Label,..)]">Conditional</animation>	
	<control type="image">
	<left>164</left>
	<top>630</top>
	<width>1118</width>
	<height>90</height>
	<texture flipy="true" diffuse="shadow_mask.png">darkgrey.png</texture>
	<colordiffuse>$VAR[value_texturecolor]</colordiffuse>
	<animation effect="fade" end="85" condition="true">Conditional</animation>
	</control>
	<control type="image">
	<left>164</left>
	<top>600</top>
	<width>1125</width>
	<height>30</height>
	<texture>shadow_h.png</texture>
	</control>
	<control type="image">
	<left>162</left>
	<top>460</top>
	<width>1118</width>
	<height>170</height>
	<texture diffuse="shadow_mask.png">darkgrey.png</texture>
	<colordiffuse>$VAR[value_texturecolor]</colordiffuse>
	<animation effect="fade" end="85" condition="true">Conditional</animation>
	</control>
	<control type="label"><!-- Titulo maior -->
	<left>200</left>
	<top>535</top>
	<width>1050</width>
	<height>40</height>
	<font>Font_40</font>
	<textcolor>FFFFFAF0</textcolor>
	<label>$VAR[value_videotitle]</label>	
	<scroll>true</scroll>
	<scrollout>false</scrollout>
	<shadowcolor>grey</shadowcolor>
	<visible>IsEmpty(Control.GetLabel(1018))</visible>
	</control>
	<control type="label"><!-- Titulo menor -->
	<left>200</left>
	<top>535</top>
	<width>850</width>
	<height>40</height>
	<font>Font_40</font>
	<textcolor>FFFFFAF0</textcolor>
	<label>$VAR[value_videotitle]</label>	
	<scroll>true</scroll>
	<scrollout>false</scrollout>
	<shadowcolor>grey</shadowcolor>
	<visible>!IsEmpty(Control.GetLabel(1018))</visible>
	</control>
	<control type="label"><!-- Subtitulo maior -->
	<left>200</left>
	<top>575</top>
	<width>1050</width>
	<height>25</height>
	<font>Font_21</font>
	<textcolor>90FFFFFF</textcolor>
	<label>$INFO[ListItem.Tagline]</label>	
	<scroll>true</scroll>
	<scrollout>false</scrollout>
	<visible>!Skin.HasSetting(nomoviestagline) + IsEmpty(Control.GetLabel(1018))</visible>
	</control>
	<control type="label"><!-- Subtitulo menor -->
	<left>200</left>
	<top>575</top>
	<width>850</width>
	<height>25</height>
	<font>Font_21</font>
	<textcolor>90FFFFFF</textcolor>
	<label>$INFO[ListItem.Tagline]</label>	
	<scroll>true</scroll>
	<scrollout>false</scrollout>
	<visible>!Skin.HasSetting(nomoviestagline) + !IsEmpty(Control.GetLabel(1018))</visible>
	</control>
	<control type="image"><!-- Estrelas -->
	<left>200</left>
	<top>599</top>
	<width>105</width>
	<height>25</height>
	<info>ListItem.StarRating</info>
	<aspectratio align="left" aligny="center">keep</aspectratio>
	<colordiffuse>$VAR[value_headercolor]</colordiffuse>
	<visible>![Container.Content(artists) | Container.Content(years) | Container.Content(genres) | Container.Content(seasons) | StringCompare(ListItem.Label,..)]</visible>
	</control>
	<control type="label"><!-- Nota -->
	<left>311</left>
	<top>600</top>
	<width>30</width>
	<height>25</height>
	<font>Font_21</font>
	<label>$INFO[ListItem.Rating]</label>
	<textcolor>FFFFFAF0</textcolor>	
	</control>
	<control type="label"><!-- Ano/genero maior -->
	<left>340</left>
	<top>600</top>
	<width>910</width>
	<height>25</height>
	<font>Font_21</font>	
	<label>[COLOR=$VAR[value_headercolor]]$VAR[value_ground6_value,[COLOR=50FFFAF0] | [/COLOR]][/COLOR]$INFO[ListItem.Genre,[COLOR=50FFFAF0] | [/COLOR]]</label>
	<textcolor>FFFFFAF0</textcolor>
	<scroll>true</scroll>
	<scrollout>false</scrollout>
	<visible>IsEmpty(Control.GetLabel(1018))</visible>
	</control>
	<control type="label"><!-- Ano/genero menor -->
	<left>340</left>
	<top>600</top>
	<width>710</width>
	<height>25</height>
	<font>Font_21</font>	
	<label>[COLOR=$VAR[value_headercolor]]$VAR[value_ground6_value,[COLOR=50FFFAF0] | [/COLOR]][/COLOR]$INFO[ListItem.Genre,[COLOR=50FFFAF0] | [/COLOR]]</label>
	<textcolor>FFFFFAF0</textcolor>
	<scroll>true</scroll>
	<scrollout>false</scrollout>
	<visible>!IsEmpty(Control.GetLabel(1018))</visible>
	</control>
	<control type="image" id="1018"><!-- clearlogo e clearart -->
	<left>1045</left>
	<top>538</top>
	<width>200</width>
	<height>92</height>
	<aspectratio align="right" aligny="bottom">keep</aspectratio>
	<texture background="true">$VAR[value_logoandclearart]</texture>
	<fadetime>250</fadetime>
	<visible>!Skin.HasSetting(noartposterlistvideo)</visible>
	</control>
	<control type="textbox">
	<left>200</left>
	<top>643</top>
	<width>1050</width>
	<height>68</height>
	<font>Font_18A</font>
	<label>$VAR[value_plot]</label>
	<autoscroll delay="8000" time="2000" repeat="8000">!Skin.HasSetting(noallowscroll)</autoscroll>
	<include>Animation_Fade</include>
	<visible>!Control.HasFocus(9915)</visible>
	</control>
	<control type="image">
	<left>164</left>
	<top>0</top>
	<width>30</width>
	<height>720</height>
	<texture>shadow.png</texture>
	</control>
	</control>

	<control type="group">
	<animation effect="slide" time="500" start="-800,0" end="0,0" tween="cubic" easing="out">WindowOpen</animation>
	<animation effect="slide" time="500" start="-800,0" end="0,0" tween="cubic" easing="out">Visible</animation>
	<animation effect="fade" time="200" start="100" end="0">Hidden</animation>
	<control type="wraplist" id="70">
	<viewtype label="31814">list</viewtype>
	<left>0</left>
	<top>0</top>
	<width>202</width>
	<height>720</height>
	<pagecontrol>80</pagecontrol>
	<onleft>80</onleft>
	<onright>562</onright>
	<focusposition>2</focusposition>
	<orientation>vertical</orientation>
	<scrolltime>450</scrolltime>
	<preloaditems>2</preloaditems>
	<visible>Container.Content(movies)</visible>
	<itemlayout width="164" height="240">
	<control type="image"><!-- poster -->
	<left>2</left>
	<top>0</top>
	<width>162</width>
	<height>240</height>
	<aspectratio align="center" aligny="bottom">stretch</aspectratio>
	<texture fallback="DefaultVideoPoster.png" background="true">$VAR[value_poster]</texture>
	<bordertexture border="-2">black.png</bordertexture>
	</control>
	<control type="image">
	<left>125</left>
	<top>2</top>
	<width>37</width>
	<height>37</height>>
	<texture>$VAR[value_watchedstyle]</texture>
	<colordiffuse>$VAR[value_watchedcolor]</colordiffuse>
	<visible>!Skin.HasSetting(nooverlays) + StringCompare(ListItem.Overlay,OverlayWatched.png)</visible>
	</control>
	<control type="image">
	<left>2</left>
	<top>0</top>
	<width>162</width>
	<height>240</height>
	<texture>black.png</texture>
	<animation effect="fade" start="100" end="85" condition="true">Conditional</animation>
	<animation effect="fade" time="300">Visible</animation>
	<animation effect="fade" time="50">Hidden</animation>
	<visible>System.IdleTime(1) + Control.HasFocus(70)</visible>
	</control>
	</itemlayout>
	<focusedlayout width="164" height="240">
	<control type="image">
	<left>164</left>
	<top>5</top>
	<width>25</width>
	<height>60</height>
	<texture>arrow_settings.png</texture>
	<colordiffuse>60FFFAF0</colordiffuse>
	<animation effect="fade" time="300">Visible</animation>
	<animation effect="fade" time="50">Hidden</animation>
	<visible>Control.HasFocus(70) + !StringCompare(ListItem.Label,..)</visible>
	</control>
	<control type="group"><!-- CDART VIDEO -->
	<animation type="WindowOpen">
	<effect type="slide" start="0,0" end="0,-100" time="500" delay="300" tween="cubic" easing="out"/>
	<effect type="fade" start="0" end="100" time="500" delay="300"/>
	</animation>
	<animation type="Visible">
	<effect type="slide" start="0,0" end="0,-100" time="500" delay="300" tween="cubic" easing="out"/>
	<effect type="fade" start="0" end="100" time="500" delay="300"/>
	</animation>
	<animation effect="fade" start="100" end="0" time="200">WindowClose</animation>
	<animation effect="fade" start="100" end="0" time="50">Hidden</animation>
	<visible>!IsEmpty(ListItem.Art(discart)) + !Skin.HasSetting(noposterlistdiscart) + Window.IsActive(25) + Control.IsVisible(9923)</visible>
	<control type="image">
	<left>2</left>
	<top>15</top>
	<width>162</width>
	<height>162</height>
	<texture diffuse="cdart_diffuse.png" background="true">$INFO[ListItem.Art(discart)]</texture>
	<fadetime>FanartCrossFadeTime</fadetime>
	<aspectratio align="center" aligny="center">keep</aspectratio>
	<animation effect="rotate" start="0" end="-360" center="auto" time="40000" delay="5000" loop="true" reversible="false" condition="!Player.HasVideo">Conditional</animation>
	<include>Animation_ViewsCDart</include>
	</control>
	</control>
	<control type="image">
	<left>-20</left>
	<top>-30</top>
	<width>210</width>
	<height>300</height>
	<texture border="-15" diffuse="thumb_3dwall_mask2.png">thumb_frame.png</texture>
	<colordiffuse>$VAR[value_headercolor]</colordiffuse>
	</control>
	<control type="image"><!-- poster -->
	<left>2</left>
	<top>0</top>
	<width>162</width>
	<height>240</height>
	<aspectratio align="center" aligny="bottom">stretch</aspectratio>
	<texture fallback="DefaultVideoPoster.png" background="true">$VAR[value_poster]</texture>
	<bordertexture border="-2">black.png</bordertexture>
	</control>
	<control type="image">
	<left>125</left>
	<top>2</top>
	<width>37</width>
	<height>37</height>
	<texture>$VAR[value_watchedstyle]</texture>
	<colordiffuse>$VAR[value_watchedcolor]</colordiffuse>
	<visible>!Skin.HasSetting(nooverlays) + StringCompare(ListItem.Overlay,OverlayWatched.png)</visible>
	</control>
	</focusedlayout>
	</control>
	</control>
	</control>
	<control type="scrollbar" id="80">
	<include>ScrollBar_Vertical</include>
	<left>0</left>
	<top>68</top>
	<height>580</height>
	<onleft>9900</onleft>
	<onright>70</onright>
	<include>Animation_Fade</include>
	<visible allowhiddenfocus="true">Control.IsVisible(70) + Control.HasFocus(80)</visible>
	</control>
	</include>
</includes>