<?xml version="1.0" encoding="UTF-8"?>
<includes><!-- Aeon MQ 6 -->
	<!--##################################################################################   VISTA MULTIPLEX - ID 61   #############################################################################-->
	<include name="MultiplexLabel_Fanart">
	<left>0</left>
	<height>20</height>
	<width>345</width>
	<font>Font_18A</font>
	<aligny>top</aligny>
	<align>left</align>
	<textcolor>$VAR[value_headercolor]</textcolor>
	<textoffsetx>0</textoffsetx>
	<textoffsety>0</textoffsety>
	<scroll>true</scroll>
	</include>
	<include name="MultiplexLabel_Extrathumbs">
	<left>300</left>
	<width>310</width>
	<height>13</height>
	<font>Font_18A</font>
	<textcolor>$VAR[value_headercolor]</textcolor>
	</include>
	<include name="MultiplexValue_Extrathumbs">
	<left>300</left>
	<width>310</width>
	<height>13</height>
	<align>left</align>
	<font>Font_18A</font>
	<textcolor>FFFFFAF0</textcolor>
	<scroll>true</scroll>
	<scrollout>false</scrollout>
	</include>
	<include name="MultiplexFixedList">
	<control type="fixedlist" id="61">
	<include>Multiplex_Content</include>
	</control>
	</include>
	<include name="MultiplexWrapList">
	<control type="wraplist" id="61">
	<include>Multiplex_Content</include>
	</control>
	</include>
	<include name="Multiplex_Content">
	<viewtype label="31803">list</viewtype>
	<left>0</left>
	<top>360</top>
	<width>1280</width>
	<height>360</height>
	<onup condition="StringCompare(skin.string(multiplexvideopanel),manual) + !StringCompare(ListItem.Label,..)">9961</onup>
	<onup condition="![StringCompare(skin.string(multiplexvideopanel),manual) + !StringCompare(ListItem.Label,..)]">9900</onup>
	<ondown>80</ondown>
	<orientation>horizontal</orientation>
	<focusposition>4</focusposition>
	<scrolltime>400</scrolltime>
	<preloaditems>2</preloaditems>
	<pagecontrol>80</pagecontrol>
	<animation effect="slide" start="0,0" end="0,-10" time="300" tween="sine" easing="out" condition="Control.HasFocus(80)">Conditional</animation>
	<animation effect="fade" start="100" end="20" time="200" condition="Window.IsVisible(6621)">Conditional</animation>
	<visible>![Container.Content(episodes) | Container.Content(years)]</visible>
	<itemlayout condition="Skin.HasSetting(nomultiplexvideocase) + [Container.Content(movies) | Container.Content(musicvideos) | Container.Content(sets)] | Container.Content(tvshows) | Container.Content(seasons) | Container.Content(genres)  | Container.Content(countries)  | Container.Content(studios) | Window.IsActive(1)" width="138.5" height="380">
	<control type="image"><!-- poster reflexo sem estojo -->
	<left>0</left>
	<top>249</top>
	<width>138</width>
	<height>205</height>
	<aspectratio align="center" aligny="top">stretch</aspectratio>
	<texture flipy="true" diffuse="thumb_reflect.png" background="true">$VAR[value_poster]</texture>
	<bordertexture flipy="true" diffuse="thumb_reflect.png" border="-2">black.png</bordertexture>
	</control>
	<control type="image"><!-- poster sem estojo -->
	<left>0</left>
	<top>40</top>
	<width>138</width>
	<height>205</height>
	<aspectratio align="center" aligny="bottom">stretch</aspectratio>
	<texture fallback="DefaultVideoPoster.png" background="true">$VAR[value_poster]</texture>
	<bordertexture border="-2">black.png</bordertexture>
	</control>
	<control type="image">
	<left>108</left>
	<top>37</top>
	<width>30</width>
	<height>30</height>
	<texture>$VAR[value_watchedstyle]</texture>
	<colordiffuse>$VAR[value_watchedcolor]</colordiffuse>
	<visible>!Skin.HasSetting(nooverlays) + StringCompare(ListItem.Overlay,OverlayWatched.png)</visible>
	</control>
	</itemlayout>
	<itemlayout condition="!Skin.HasSetting(nomultiplexvideocase) + [Container.Content(movies) | Container.Content(musicvideos) | Container.Content(sets)]" width="138.5" height="380">
	<control type="image"><!-- poster reflexo com estojo -->
	<left>1</left>
	<top>273</top>
	<width>131</width>
	<height>198</height>
	<aspectratio align="center" aligny="top">stretch</aspectratio>
	<texture flipy="true" diffuse="thumb_reflect.png" background="true">$VAR[value_poster]</texture>
	</control>
	<control type="image"><!-- poster com estojo -->
	<left>1</left>
	<top>58</top>
	<width>131</width>
	<height>200</height>
	<aspectratio align="center" aligny="bottom">stretch</aspectratio>
	<texture fallback="DefaultVideoPoster.png" background="true">$VAR[value_poster]</texture>
	</control>
	<control type="image"><!-- Estojo reflexo -->
	<left>-11</left>
	<top>252</top>
	<width>162</width>
	<height>253</height>	
	<fadetime>FanartCrossFadeTime</fadetime>
	<texture flipy="true" diffuse="thumb_box_reflect.png">$VAR[value_videocase0]</texture>
	<aspectratio align="center" aligny="top">stretch</aspectratio>
	<include>Animation_CaseGlass</include>
	</control>
	<control type="image"><!-- Estojo -->
	<left>-11</left>
	<top>26</top>
	<width>162</width>
	<height>253</height>	
	<fadetime>FanartCrossFadeTime</fadetime>
	<texture>$VAR[value_videocase0]</texture>
	<aspectratio align="center" aligny="bottom">stretch</aspectratio>
	<include>Animation_CaseGlass</include>
	</control>
	<control type="image">
	<left>102</left>
	<top>58</top>
	<width>30</width>
	<height>30</height>
	<texture>$VAR[value_watchedstyle]</texture>
	<colordiffuse>$VAR[value_watchedcolor]</colordiffuse>
	<visible>!Skin.HasSetting(nooverlays) + StringCompare(ListItem.Overlay,OverlayWatched.png)</visible>
	</control>
	<control type="image"><!-- Codec -->
	<left>51</left>
	<top>29</top>
	<width>41</width>
	<height>41</height>
	<fadetime>FanartCrossFadeTime</fadetime>
	<align>center</align>
	<aligny>center</aligny>
	<aspectratio scalediffuse="true">keep</aspectratio>
	<texture>$VAR[value_videocodec0]</texture>
	</control>
	</itemlayout>
	<focusedlayout condition="Skin.HasSetting(nomultiplexvideocase) + [Container.Content(movies) | Container.Content(musicvideos) | Container.Content(sets)] | Container.Content(tvshows) | Container.Content(seasons) | Container.Content(genres)  | Container.Content(countries)  | Container.Content(studios) | Window.IsActive(1)" width="175" height="380">
	<control type="image"><!-- borda destaque -->
	<left>-20</left>
	<top>6</top>
	<width>223</width>
	<height>286</height>
	<aspectratio align="center" aligny="bottom">stretch</aspectratio>
	<texture>thumb_frame.png</texture>
	<colordiffuse>$VAR[value_headercolor]</colordiffuse>
	<animation effect="zoom" start="100" end="110" center="135,255" time="400" easing="out" reversible="false" tween="cubic">Focus</animation>
	</control>
	<control type="image"><!-- poster reflexo sem estojo -->
	<left>5</left>
	<top>280</top>
	<width>175</width>
	<height>254</height>
	<aspectratio align="center" aligny="top">stretch</aspectratio>
	<texture flipy="true" diffuse="thumb_reflect.png" background="true">$VAR[value_poster]</texture>
	<bordertexture flipy="true" diffuse="thumb_reflect.png" border="-2">black.png</bordertexture>
	<animation effect="zoom" start="100" end="110" center="135,255" time="400" easing="out" reversible="false" tween="cubic">Focus</animation>
	</control>
	<control type="image"><!-- poster  sem estojo -->
	<left>5</left>
	<top>22</top>
	<width>175</width>
	<height>254</height>
	<aspectratio align="center" aligny="bottom">stretch</aspectratio>
	<texture fallback="DefaultVideoPoster.png" background="true">$VAR[value_poster]</texture>
	<bordertexture border="-2">black.png</bordertexture>
	<animation effect="zoom" start="100" end="110" center="135,255" time="400" easing="out" reversible="false" tween="cubic">Focus</animation>
	</control>
	<control type="image">
	<left>143</left>
	<top>18</top>
	<width>40</width>
	<height>40</height>
	<texture>$VAR[value_watchedstyle]</texture>
	<colordiffuse>$VAR[value_watchedcolor]</colordiffuse>	
	<animation effect="zoom" start="100" end="110" center="135,255" time="400" easing="out" reversible="false" tween="cubic">Focus</animation>
	<visible>!Skin.HasSetting(nooverlays) + StringCompare(ListItem.Overlay,OverlayWatched.png)</visible>
	</control>
	</focusedlayout>
	<focusedlayout condition="!Skin.HasSetting(nomultiplexvideocase) + [Container.Content(movies) | Container.Content(musicvideos) | Container.Content(sets)]" width="175" height="380">
	<control type="image"><!-- poster reflexo com estojo -->
	<left>10</left>
	<top>288</top>
	<width>158</width>
	<height>233</height>
	<aspectratio align="center" aligny="top">stretch</aspectratio>
	<texture flipy="true" diffuse="thumb_reflect.png" background="true">$VAR[value_poster]</texture>
	<animation effect="zoom" start="100" end="110" center="135,255" time="400" easing="out" reversible="false" tween="cubic">Focus</animation>
	</control>
	<control type="image"><!-- poster  com estojo -->
	<left>10</left>
	<top>41</top>
	<width>158</width>
	<height>232</height>
	<aspectratio align="center" aligny="bottom">stretch</aspectratio>
	<texture fallback="DefaultVideoPoster.png" background="true">$VAR[value_poster]</texture>
	<animation effect="zoom" start="100" end="110" center="135,255" time="400" easing="out" reversible="false" tween="cubic">Focus</animation>
	</control>
	<control type="image"><!-- Estojo reflexo -->
	<left>-4</left>
	<top>264</top>
	<width>196</width>
	<height>292</height>	
	<fadetime>FanartCrossFadeTime</fadetime>
	<texture flipy="true" diffuse="thumb_box_reflect.png">$VAR[value_videocase0]</texture>
	<aspectratio align="center" aligny="top">stretch</aspectratio>
	<animation effect="zoom" start="100" end="110" center="135,255" time="400" easing="out" reversible="false" tween="cubic">Focus</animation>
	<include>Animation_CaseGlass</include>
	</control>
	<control type="image"><!-- Estojo -->
	<left>-4</left>
	<top>4</top>
	<width>196</width>
	<height>292</height>	
	<fadetime>FanartCrossFadeTime</fadetime>
	<texture>$VAR[value_videocase0]</texture>
	<aspectratio align="center" aligny="bottom">stretch</aspectratio>
	<animation effect="zoom" start="100" end="110" center="135,255" time="400" easing="out" reversible="false" tween="cubic">Focus</animation>
	<include>Animation_CaseGlass</include>
	</control>
	<control type="image">
	<left>134</left>
	<top>41</top>
	<width>35</width>
	<height>35</height>
	<texture>$VAR[value_watchedstyle]</texture>
	<colordiffuse>$VAR[value_watchedcolor]</colordiffuse>	
	<animation effect="zoom" start="100" end="110" center="135,255" time="400" easing="out" reversible="false" tween="cubic">Focus</animation>
	<visible>!Skin.HasSetting(nooverlays) + StringCompare(ListItem.Overlay,OverlayWatched.png)</visible>	
	</control>
	<control type="image"><!-- Codec -->
	<left>71</left>
	<top>9</top>
	<width>43</width>
	<height>43</height>
	<fadetime>FanartCrossFadeTime</fadetime>
	<align>center</align>
	<aligny>center</aligny>
	<aspectratio scalediffuse="true">keep</aspectratio>
	<texture>$VAR[value_videocodec0]</texture>
	<animation effect="zoom" start="100" end="110" center="135,255" time="400" easing="out" reversible="false" tween="cubic">Focus</animation>
	</control>
	</focusedlayout>
	</include>
	<include name="ViewMultiplex">
	<control type="group"><!-- default group -->
	<animation effect="fade" time="400">VisibleChange</animation>
	<control type="button" id="9961">
	<include>InvisibleButton</include>
	<onleft>61</onleft>
	<onright>61</onright>
	<onup>9900</onup>
	<ondown>61</ondown>
	</control>
	<visible>Control.IsVisible(61)</visible>
	<control type="group"><!-- painel de info fanart layout -->
	<animation effect="slide" start="0,-600" end="0,0" time="500" tween="sine" easing="out">Visible</animation>
	<animation effect="slide" start="0,0" end="0,-600" time="500" tween="sine" easing="out">Hidden</animation>
	<visible>[Control.HasFocus(9961) | StringCompare(skin.string(multiplexvideopanel),alwayson) | StringCompare(skin.string(multiplexvideopanel),auto) + Control.IsVisible(9921) | Window.IsVisible(6621)] + SubString(skin.string(multiplexlayout),fanart) + ![StringCompare(ListItem.Label,..) | Container.Content(years) | Container.Content(genres) | Container.Content(actors)]</visible>
	<control type="image">
	<left>0</left>
	<top>56</top>
	<width>1280</width>
	<height>30</height>
	<texture>shadow_h.png</texture>
	<colordiffuse>C3FFFFFF</colordiffuse>
	</control>
	<control type="image">
	<left>0</left>
	<top>85</top>
	<width>1280</width>
	<height>530</height>
	<texture flipy="true" diffuse="shadow_mask.png">darkgrey.png</texture>
	<colordiffuse>$VAR[value_texturecolor]</colordiffuse>
	<animation effect="fade" end="85" condition="true">Conditional</animation>
	</control>
	<control type="grouplist">
	<left>30</left>
	<top>104</top>
	<orientation>vertical</orientation>
	<itemgap>10</itemgap>
	<control type="label">
	<include>MultiplexLabel_Fanart</include>
	<label>$VAR[value_ground11_label]: [COLOR=FFFFFAF0]$VAR[value_ground11_value][/COLOR]</label>
	</control>
	<control type="label">
	<include>MultiplexLabel_Fanart</include>
	<label>$VAR[value_ground12_label]: [COLOR=FFFFFAF0]$VAR[value_ground12_value][/COLOR]</label>
	</control>
	<control type="label">
	<include>MultiplexLabel_Fanart</include>
	<label>$VAR[value_ground13_label]: [COLOR=FFFFFAF0]$VAR[value_ground13_value][/COLOR]</label>
	</control>
	<control type="label">
	<include>MultiplexLabel_Fanart</include>
	<label>$VAR[value_ground14_label]: [COLOR=FFFFFAF0]$VAR[value_ground14_value][/COLOR]</label>
	</control>
	<control type="label">
	<include>MultiplexLabel_Fanart</include>
	<label>$VAR[value_ground15_label]: [COLOR=FFFFFAF0]$VAR[value_ground15_value][/COLOR]</label>
	</control>
	<control type="label">
	<include>MultiplexLabel_Fanart</include>
	<label>$VAR[value_ground16_label]: [COLOR=FFFFFAF0]$VAR[value_ground16_value][/COLOR]</label>
	</control>
	<control type="label">
	<include>MultiplexLabel_Fanart</include>
	<label>$VAR[value_ground17_label]: [COLOR=FFFFFAF0]$VAR[value_ground17_value][/COLOR]</label>
	</control>
	</control>
	<control type="image">
	<left>400</left>
	<top>85</top>
	<width>2</width>
	<height>273</height>
	<texture>separator_v.png</texture>
	</control>
	<control type="image">
	<left>805</left>
	<top>85</top>
	<width>2</width>
	<height>273</height>
	<texture>separator_v.png</texture>
	</control>
	<control type="textbox">
	<left>423</left>
	<top>104</top>
	<width>360</width>
	<height>242</height>
	<font>Font_18A</font>
	<label>$VAR[value_plot]</label>
	<autoscroll delay="15000" time="2000" repeat="15000">!Skin.HasSetting(noallowscroll)</autoscroll>
	</control>
	<control type="image">
	<left>0</left>
	<top>358</top>
	<width>1280</width>
	<height>2</height>
	<texture>separator.png</texture>
	</control>
	<control type="image">
	<left>790</left>
	<top>106</top>
	<width>500</width>
	<height>235</height>
	<aspectratio>keep</aspectratio>
	<texture background="true">$INFO[ListItem.Art(fanart)]</texture>
	<bordertexture border="-2">black.png</bordertexture>
	<fadetime>FanartCrossFadeTime</fadetime>
	</control>
	</control>
	<control type="group"><!-- painel de info extrathumbs layout -->
	<animation effect="slide" start="0,-600" end="0,0" time="500" tween="sine" easing="out">Visible</animation>
	<animation effect="slide" start="0,0" end="0,-600" time="500" tween="sine" easing="out">Hidden</animation>
	<visible>[Control.HasFocus(9961) | StringCompare(skin.string(multiplexvideopanel),alwayson) | StringCompare(skin.string(multiplexvideopanel),auto) + Control.IsVisible(9921)] + SubString(skin.string(multiplexlayout),extrathumbs) + ![StringCompare(ListItem.Label,..) | Container.Content(years) | Container.Content(genres) | Container.Content(actors)]</visible>
	<control type="image">
	<left>0</left>
	<top>56</top>
	<width>1280</width>
	<height>30</height>
	<texture>shadow_h.png</texture>
	<colordiffuse>C3FFFFFF</colordiffuse>
	</control>
	<control type="image">
	<left>0</left>
	<top>85</top>
	<width>1280</width>
	<height>530</height>
	<texture flipy="true" diffuse="shadow_mask.png">darkgrey.png</texture>
	<colordiffuse>$VAR[value_texturecolor]</colordiffuse>
	<animation effect="fade" end="85" condition="true">Conditional</animation>
	</control>
	<control type="image"><!-- Thumb 1 fundo -->
	<left>15</left>
	<top>85</top>
	<width>241</width>
	<height>140</height>
	<aspectratio align="left" aligny="bottom">stretch</aspectratio>
	<texture>fanartframe.png</texture>
	<colordiffuse>$VAR[value_texturecolor]</colordiffuse>
	</control>
	<control type="image"><!-- Thumb 1 -->
	<left>20</left>
	<top>90</top>
	<width>231</width>
	<height>130</height>
	<aspectratio align="left" aligny="bottom">stretch</aspectratio>
	<fadetime>FanartCrossFadeTime</fadetime>
	<texture fallback="DefaultExtraThumbs.png" background="true">$INFO[ListItem.Path,,extrathumbs/thumb1.jpg]</texture>
	<bordersize>5</bordersize>
	</control>
	<control type="image"><!-- Thumb 2 fundo -->
	<left>15</left>
	<top>220</top>
	<width>241</width>
	<height>140</height>
	<aspectratio align="left" aligny="bottom">stretch</aspectratio>
	<texture>fanartframe.png</texture>
	<colordiffuse>$VAR[value_texturecolor]</colordiffuse>
	</control>
	<control type="image"><!-- Thumb 2 -->
	<left>20</left>
	<top>225</top>
	<width>231</width>
	<height>130</height>
	<aspectratio align="left" aligny="bottom">stretch</aspectratio>
	<fadetime>FanartCrossFadeTime</fadetime>
	<texture fallback="DefaultExtraThumbs.png" background="true">$INFO[ListItem.Path,,extrathumbs/thumb2.jpg]</texture>
	<bordersize>5</bordersize>
	</control>
	<control type="image"><!-- Thumb 3 fundo -->
	<left>1024</left>
	<top>85</top>
	<width>241</width>
	<height>140</height>
	<aspectratio align="left" aligny="bottom">stretch</aspectratio>
	<texture>fanartframe.png</texture>
	<colordiffuse>$VAR[value_texturecolor]</colordiffuse>
	</control>
	<control type="image"><!-- Thumb 3 -->
	<left>1029</left>
	<top>90</top>
	<width>231</width>
	<height>130</height>
	<aspectratio align="right" aligny="bottom">stretch</aspectratio>
	<fadetime>FanartCrossFadeTime</fadetime>
	<texture fallback="DefaultExtraThumbs.png" background="true">$INFO[ListItem.Path,,extrathumbs/thumb3.jpg]</texture>
	<bordersize>5</bordersize>
	</control>
	<control type="image"><!-- Thumb 4 fundo -->
	<left>1024</left>
	<top>220</top>
	<width>241</width>
	<height>140</height>
	<aspectratio align="left" aligny="bottom">stretch</aspectratio>
	<texture>fanartframe.png</texture>
	<colordiffuse>$VAR[value_texturecolor]</colordiffuse>
	</control>
	<control type="image"><!-- Thumb 4 -->
	<left>1029</left>
	<top>225</top>
	<width>231</width>
	<height>130</height>
	<aspectratio align="right" aligny="bottom">stretch</aspectratio>
	<fadetime>FanartCrossFadeTime</fadetime>
	<texture fallback="DefaultExtraThumbs.png" background="true">$INFO[ListItem.Path,,extrathumbs/thumb4.jpg]</texture>
	<bordersize>5</bordersize>
	</control>
	<control type="label">
	<include>MultiplexLabel_Extrathumbs</include>
	<top>104</top>
	<label>$VAR[value_ground1_label]</label>
	</control>
	<control type="fadelabel">
	<include>MultiplexValue_Extrathumbs</include>
	<top>124</top>
	<label>$VAR[value_ground1_value]</label>
	</control>
	<control type="label">
	<include>MultiplexLabel_Extrathumbs</include>
	<top>154</top>
	<label>$VAR[value_ground2_label]</label>
	</control>
	<control type="fadelabel">
	<include>MultiplexValue_Extrathumbs</include>
	<top>174</top>
	<label>$VAR[value_ground2_value]</label>
	</control>
	<control type="label">
	<include>MultiplexLabel_Extrathumbs</include>
	<top>204</top>
	<label>$VAR[value_ground3_label]</label>
	</control>
	<control type="fadelabel">
	<include>MultiplexValue_Extrathumbs</include>
	<top>224</top>
	<label>$VAR[value_ground3_value]</label>
	</control>
	<control type="label">
	<include>MultiplexLabel_Extrathumbs</include>
	<top>254</top>
	<label>$VAR[value_ground4_label]</label>
	</control>
	<control type="fadelabel">
	<include>MultiplexValue_Extrathumbs</include>
	<top>274</top>
	<label>$VAR[value_ground4_value]</label>
	</control>
	<control type="label">
	<include>MultiplexLabel_Extrathumbs</include>
	<top>304</top>
	<label>$VAR[value_ground5_label]</label>
	</control>
	<control type="fadelabel">
	<include>MultiplexValue_Extrathumbs</include>
	<top>324</top>
	<label>$VAR[value_ground5_value]</label>
	</control>
	<control type="image">
	<left>275</left>
	<top>85</top>
	<width>2</width>
	<height>273</height>
	<texture>separator_v.png</texture>
	</control>
	<control type="image">
	<left>640</left>
	<top>85</top>
	<width>2</width>
	<height>273</height>
	<texture>separator_v.png</texture>
	</control>
	<control type="image">
	<left>1005</left>
	<top>85</top>
	<width>2</width>
	<height>273</height>
	<texture>separator_v.png</texture>
	</control>
	<control type="textbox">
	<left>665</left>
	<top>104</top>
	<width>310</width>
	<height>242</height>
	<font>Font_18A</font>
	<label>$VAR[value_plot]</label>
	<autoscroll delay="15000" time="2000" repeat="15000">!Skin.HasSetting(noallowscroll)</autoscroll>
	</control>
	<control type="image">
	<left>0</left>
	<top>358</top>
	<width>1280</width>
	<height>2</height>
	<texture>separator.png</texture>
	</control>
	</control>
	<include condition="Skin.HasSetting(multiplexfixedlist)">MultiplexFixedList</include>
	<include condition="!Skin.HasSetting(multiplexfixedlist)">MultiplexWrapList</include>
	<control type="scrollbar" id="80">
	<include>ScrollBar_Horizontal</include>
	<left>190</left>
	<top>613</top>
	<width>900</width>
	<onup>61</onup>
	<ondown>9920</ondown>
	<include>Animation_Fade</include>
	<visible allowhiddenfocus="true">Control.IsVisible(61) + Control.HasFocus(80)</visible>
	</control>
	</control>
	</include>
</includes>