<?xml version="1.0" encoding="UTF-8"?>
<includes><!-- Aeon MQ 6 -->
	<!--##################################################################################   VISTA PANEL - ID 62   ##################################################################################-->
	<include name="Panel_Dimmer">
	<left>0</left>
	<top>0</top>
	<texture>darkgrey.png</texture>
	<colordiffuse>$VAR[value_texturecolor]</colordiffuse>
	<animation effect="fade" start="100" end="45" condition="true">Conditional</animation>
	<include>Animation_Fade</include>
	<visible>[SubString(skin.string(panel_seconds),1) + System.IdleTime(1) | SubString(skin.string(panel_seconds),2) + System.IdleTime(2) | SubString(skin.string(panel_seconds),3) + System.IdleTime(3) | SubString(skin.string(panel_seconds),4) + System.IdleTime(4) | SubString(skin.string(panel_seconds),5) + System.IdleTime(5)] + Control.HasFocus(62)</visible>
	</include>
	<include name="ViewPanel">
	<control type="group"><!-- default group -->
	<animation effect="fade" time="400">VisibleChange</animation>
	<include>ViewBack</include><!-- Fundo -->
	<visible>Control.IsVisible(62)</visible>
	<control type="group">
	<animation effect="slide" time="500" start="-800,0" end="0,0" tween="cubic" easing="out">WindowOpen</animation>
	<animation effect="slide" time="500" start="-800,0" end="0,0" tween="cubic" easing="out">Visible</animation>
	<animation effect="fade" time="200" start="100" end="0">Hidden</animation>

	<!-- Movies/TVShows Poster/Programs -->
	<control type="panel" id="62">
	<viewtype label="31818">icon</viewtype>
	<left>505</left>
	<top>110</top>
	<width>720</width>
	<height>510</height>
	<scrolltime>200</scrolltime>
	<orientation>vertical</orientation>
	<onup>9900</onup>
	<ondown>9920</ondown>
	<onleft>9900</onleft>
	<onright>80</onright>
	<pagecontrol>80</pagecontrol>
	<preloaditems>2</preloaditems>
	<visible>!Container.Content(years)</visible>
	<itemlayout condition="Window.IsActive(25) + Skin.HasSetting(nopanelvideocase) + Container.Content(movies) + !Skin.HasSetting(noviewpanelposter) | Skin.HasSetting(nopanelvideocase) + [Container.Content(musicvideos) | Container.Content(sets)] | Container.Content(tvshows) + !Skin.HasSetting(noviewpanelposter)  | Container.Content(seasons)  | Container.Content(countries)  | Container.Content(studios)  | Container.Content(genres)" width="120" height="170"><!-- POSTER SEM ESTOJO -->
	<control type="image">
	<left>8</left>
	<top>6</top>
	<width>100</width>
	<height>141</height>
	<texture fallback="DefaultVideoPoster.png" diffuse="thumb_poster_diffuse.png" background="true">$VAR[value_poster]</texture>
	<aspectratio>keep</aspectratio>
	<visible>![Window.IsActive(500) | Window.IsActive(501) | Window.IsActive(502)]</visible>
	</control>
	<control type="image">
	<left>8</left>
	<top>6</top>
	<width>100</width>
	<height>141</height>
	<texture fallback="DefaultAudioCover.png" diffuse="thumb_poster_diffuse.png" background="true">$VAR[value_poster]</texture>
	<aspectratio>keep</aspectratio>
	<visible>Window.IsActive(500) | Window.IsActive(501) | Window.IsActive(502)</visible>
	</control>
	<control type="image">
	<left>81</left>
	<top>5</top>
	<width>25</width>
	<height>25</height>
	<texture>$VAR[value_watchedstyle]</texture>
	<colordiffuse>$VAR[value_watchedcolor]</colordiffuse>	
	<visible>!Skin.HasSetting(nooverlays) + StringCompare(ListItem.Overlay,OverlayWatched.png)</visible>
	</control>
	<control type="image">
	<include>Panel_Dimmer</include>
	<width>120</width>
	<height>170</height>
	</control>
	</itemlayout>
	<itemlayout condition="Container.Content(episodes)" width="240" height="180"><!-- EPISODIOS -->
	<control type="image">
	<left>8</left>
	<top>6</top>
	<width>220</width>
	<height>130</height>
	<fadetime>FanartCrossFadeTime</fadetime>
	<aspectratio align="center" aligny="bottom">keep</aspectratio>
	<texture fallback="special://skin/backgrounds/default.jpg" background="true">$VAR[value_poster]</texture>
	<bordertexture border="-2">black.png</bordertexture>
	</control>
	<control type="image">
	<left>206</left>
	<top>113</top>
	<width>25</width>
	<height>25</height>
	<texture>$VAR[value_watchedstyle]</texture>
	<colordiffuse>$VAR[value_watchedcolor]</colordiffuse>
	<aspectratio align="center" aligny="bottom">keep</aspectratio>
	<visible>![Skin.HasSetting(nooverlays) | SubString(skin.string(stylewatched),2) | SubString(skin.string(stylewatched),3)] + StringCompare(ListItem.Overlay,OverlayWatched.png)</visible>
	</control>
	<control type="image">
	<left>206</left>
	<top>113</top>
	<width>25</width>
	<height>25</height>
	<texture flipy="true">$VAR[value_watchedstyle]</texture>
	<colordiffuse>$VAR[value_watchedcolor]</colordiffuse>
	<aspectratio align="center" aligny="bottom">keep</aspectratio>
	<visible>[!Skin.HasSetting(nooverlays) + StringCompare(ListItem.Overlay,OverlayWatched.png)] + [SubString(skin.string(stylewatched),2) | SubString(skin.string(stylewatched),3)]</visible>
	</control>
	<control type="image">
	<include>Panel_Dimmer</include>
	<width>240</width>
	<height>180</height>
	</control>
	</itemlayout>
	<itemlayout condition="Window.IsActive(25) + Container.Content(movies) + !Skin.HasSetting(noviewpanelposter) + !Skin.HasSetting(nopanelvideocase)  | !Skin.HasSetting(nopanelvideocase) + [Container.Content(musicvideos) | Container.Content(sets)]" width="120" height="172"><!-- ESTOJO -->
	<control type="image"><!-- Poster com estojo -->
	<left>9</left>
	<top>18</top>
	<width>99</width>
	<height>141</height>
	<texture fallback="DefaultVideoPoster.png" background="true">$VAR[value_poster]</texture>
	<colordiffuse>FF909090</colordiffuse>
	<aspectratio>stretch</aspectratio>
	</control>
	<control type="image"><!-- Estojo -->
	<left>0</left>
	<top>-5</top>
	<width>123</width>
	<height>178</height>	
	<texture>$VAR[value_videocase0]</texture>
	<aspectratio align="center" aligny="bottom">stretch</aspectratio>
	<include>Animation_CaseGlass</include>
	</control>
	<control type="image"><!-- Codec -->
	<left>47</left>
	<top>-4</top>
	<width>30</width>
	<height>30</height>
	<align>center</align>
	<aligny>center</aligny>
	<aspectratio align="center" aligny="center">stretch</aspectratio>
	<texture>$VAR[value_videocodec0]</texture>
	</control>
	<control type="image">
	<left>84</left>
	<top>17</top>
	<width>25</width>
	<height>25</height>
	<texture>$VAR[value_watchedstyle]</texture>
	<colordiffuse>$VAR[value_watchedcolor]</colordiffuse>	
	<visible>!Skin.HasSetting(nooverlays) + StringCompare(ListItem.Overlay,OverlayWatched.png)</visible>
	</control>
	<control type="image">
	<include>Panel_Dimmer</include>
	<width>120</width>
	<height>172</height>
	</control>
	</itemlayout>
	<itemlayout condition="Window.IsActive(25) + [Container.Content(movies) | Container.Content(tvshows)] + Skin.HasSetting(noviewpanelposter)" width="120" height="120"><!-- ARTE -->
	<control type="image"><!-- clearlogo e clearart -->
	<left>8</left>
	<top>6</top>
	<width>100</width>
	<height>141</height>
	<texture fallback="aeon_logo_small.png" background="true">$VAR[value_logoandclearart]</texture>
	<colordiffuse>FF909090</colordiffuse>
	<aspectratio>keep</aspectratio>
	</control>
	<control type="image">
	<left>81</left>
	<top>25</top>
	<width>25</width>
	<height>25</height>
	<texture>$VAR[value_watchedstyle]</texture>
	<colordiffuse>$VAR[value_watchedcolor]</colordiffuse>	
	<visible>!Skin.HasSetting(nooverlays) + StringCompare(ListItem.Overlay,OverlayWatched.png)</visible>
	</control>
	</itemlayout>
	<itemlayout condition="!Window.IsActive(25)" width="120" height="120">
	<control type="image">
	<left>6</left>
	<top>6</top>
	<width>105</width>
	<height>105</height>
	<texture fallback="DefaultAudioCover.png" diffuse="thumb_poster_diffuse.png" background="true">$VAR[value_poster]</texture>
	<colordiffuse>FF909090</colordiffuse>
	<aspectratio>keep</aspectratio>
	</control>
	<control type="image">
	<left>81</left>
	<top>5</top>
	<width>25</width>
	<height>25</height>
	<texture>$VAR[value_watchedstyle]</texture>
	<colordiffuse>$VAR[value_watchedcolor]</colordiffuse>	
	<visible>!Skin.HasSetting(nooverlays) + StringCompare(ListItem.Overlay,OverlayWatched.png)</visible>
	</control>
	<control type="image">
	<include>Panel_Dimmer</include>
	<width>120</width>
	<height>120</height>
	</control>
	</itemlayout>
	<focusedlayout condition="Window.IsActive(25) + Skin.HasSetting(nopanelvideocase) + Container.Content(movies) + !Skin.HasSetting(noviewpanelposter) | Skin.HasSetting(nopanelvideocase) + [Container.Content(musicvideos) | Container.Content(sets)] | Container.Content(tvshows) + !Skin.HasSetting(noviewpanelposter)  | Container.Content(seasons)  | Container.Content(countries)  | Container.Content(studios)  | Container.Content(genres)" width="120" height="170"><!-- POSTER SEM ESTOJO -->
	<control type="image">
	<left>8</left>
	<top>6</top>
	<width>100</width>
	<height>141</height>
	<texture fallback="DefaultVideoPoster.png" diffuse="thumb_poster_diffuse.png" background="true">$VAR[value_poster]</texture>
	<animation type="Focus" reversible="false">
	<effect type="zoom" center="auto" start="80" end="100" time="400" tween="back" easing="out" />
	<effect type="fade" start="80" end="100" time="400" />
	</animation>
	<aspectratio>keep</aspectratio>
	<visible>![Window.IsActive(500) | Window.IsActive(501) | Window.IsActive(502)]</visible>
	</control>
	<control type="image">
	<left>8</left>
	<top>6</top>
	<width>100</width>
	<height>141</height>
	<texture fallback="DefaultAudioCover.png" diffuse="thumb_poster_diffuse.png" background="true">$VAR[value_poster]</texture>
	<animation type="Focus" reversible="false">
	<effect type="zoom" center="auto" start="80" end="100" time="400" tween="back" easing="out" />
	<effect type="fade" start="80" end="100" time="400" />
	</animation>
	<aspectratio>keep</aspectratio>
	<visible>Window.IsActive(500) | Window.IsActive(501) | Window.IsActive(502)</visible>
	</control>
	<control type="image">
	<left>81</left>
	<top>5</top>
	<width>25</width>
	<height>25</height>
	<texture>$VAR[value_watchedstyle]</texture>
	<colordiffuse>$VAR[value_watchedcolor]</colordiffuse>
	<animation type="Focus" reversible="false">
	<effect type="zoom" center="60,60" start="80" end="100" time="400" tween="back" easing="out" />
	<effect type="fade" start="80" end="100" time="400" />
	</animation>
	<visible>!Skin.HasSetting(nooverlays) + StringCompare(ListItem.Overlay,OverlayWatched.png)</visible>
	</control>
	</focusedlayout>
	<focusedlayout condition="Container.Content(episodes)" width="240" height="180"><!-- EPISODIOS -->
	<control type="image">
	<left>8</left>
	<top>6</top>
	<width>220</width>
	<height>130</height>
	<fadetime>FanartCrossFadeTime</fadetime>
	<aspectratio align="center" aligny="bottom">keep</aspectratio>
	<texture fallback="special://skin/backgrounds/default.jpg" background="true">$VAR[value_poster]</texture>
	<bordertexture border="-2">grey.png</bordertexture>
	<animation type="Focus" reversible="false">
	<effect type="zoom" center="auto" start="80" end="100" time="400" tween="back" easing="out" />
	<effect type="fade" start="80" end="100" time="400" />
	</animation>
	</control>
	<control type="image">
	<left>207</left>
	<top>114</top>
	<width>25</width>
	<height>25</height>
	<texture>$VAR[value_watchedstyle]</texture>
	<colordiffuse>$VAR[value_watchedcolor]</colordiffuse>
	<aspectratio align="center" aligny="bottom">keep</aspectratio>
	<animation type="Focus" reversible="false">
	<effect type="zoom" center="60,60" start="80" end="100" time="400" tween="back" easing="out" />
	<effect type="fade" start="80" end="100" time="400" />
	</animation>
	<visible>![Skin.HasSetting(nooverlays) | SubString(skin.string(stylewatched),2) | SubString(skin.string(stylewatched),3)] + StringCompare(ListItem.Overlay,OverlayWatched.png)</visible>
	</control>
	<control type="image">
	<left>207</left>
	<top>114</top>
	<width>25</width>
	<height>25</height>
	<texture flipy="true">$VAR[value_watchedstyle]</texture>
	<colordiffuse>$VAR[value_watchedcolor]</colordiffuse>
	<aspectratio align="center" aligny="bottom">keep</aspectratio>
	<animation type="Focus" reversible="false">
	<effect type="zoom" center="60,60" start="80" end="100" time="400" tween="back" easing="out" />
	<effect type="fade" start="80" end="100" time="400" />
	</animation>
	<visible>[!Skin.HasSetting(nooverlays) + StringCompare(ListItem.Overlay,OverlayWatched.png)] + [SubString(skin.string(stylewatched),2) | SubString(skin.string(stylewatched),3)]</visible>
	</control>
	</focusedlayout>
	<focusedlayout condition="Window.IsActive(25) + Container.Content(movies) + !Skin.HasSetting(noviewpanelposter) + !Skin.HasSetting(nopanelvideocase)  | !Skin.HasSetting(nopanelvideocase) + [Container.Content(musicvideos) | Container.Content(sets)]" width="120" height="172"><!-- ESTOJO -->
	<control type="image">
	<left>9</left>
	<top>18</top>
	<width>99</width>
	<height>141</height>
	<texture fallback="DefaultVideoPoster.png" background="true">$VAR[value_poster]</texture>
	<animation type="Focus" reversible="false">
	<effect type="zoom" center="auto" start="80" end="100" time="400" tween="back" easing="out" />
	<effect type="fade" start="80" end="100" time="400" />
	</animation>
	<aspectratio>stretch</aspectratio>
	</control>
	<control type="image"><!-- Estojo -->
	<left>0</left>
	<top>-5</top>
	<width>123</width>
	<height>178</height>	
	<texture>$VAR[value_videocase0]</texture>
	<aspectratio align="center" aligny="bottom">stretch</aspectratio>
	<animation type="Focus" reversible="false">
	<effect type="zoom" center="auto" start="80" end="100" time="400" tween="back" easing="out" />
	<effect type="fade" start="80" end="100" time="400" />	
	</animation>
	<include>Animation_CaseGlass</include>
	</control>
	<control type="image"><!-- Codec -->
	<left>47</left>
	<top>-4</top>
	<width>30</width>
	<height>30</height>
	<aspectratio align="center" aligny="center">stretch</aspectratio>
	<texture>$VAR[value_videocodec0]</texture>
	<animation type="Focus" reversible="false">
	<effect type="zoom" center="60,60" start="80" end="100" time="400" tween="back" easing="out" />
	<effect type="fade" start="80" end="100" time="400" />
	</animation>
	</control>
	<control type="image">
	<left>84</left>
	<top>17</top>
	<width>25</width>
	<height>25</height>
	<texture>$VAR[value_watchedstyle]</texture>
	<colordiffuse>$VAR[value_watchedcolor]</colordiffuse>
	<animation type="Focus" reversible="false">
	<effect type="zoom" center="60,60" start="80" end="100" time="400" tween="back" easing="out" />
	<effect type="fade" start="80" end="100" time="400" />
	</animation>
	<visible>!Skin.HasSetting(nooverlays) + StringCompare(ListItem.Overlay,OverlayWatched.png)</visible>
	</control>
	</focusedlayout>
	<focusedlayout condition="Window.IsActive(25) + [Container.Content(movies) | Container.Content(tvshows)] + Skin.HasSetting(noviewpanelposter)" width="120" height="120">
	<control type="image"><!-- clearlogo e clearart -->
	<left>8</left>
	<top>6</top>
	<width>100</width>
	<height>141</height>
	<texture fallback="aeon_logo_small.png" background="true">$VAR[value_logoandclearart]</texture>
	<aspectratio>keep</aspectratio>
	<animation type="Focus" reversible="false">
	<effect type="zoom" center="auto" start="80" end="100" time="400" tween="back" easing="out" />
	<effect type="fade" start="80" end="100" time="400" />
	</animation>
	</control>
	<control type="image">
	<left>81</left>
	<top>25</top>
	<width>25</width>
	<height>25</height>
	<texture>$VAR[value_watchedstyle]</texture>
	<colordiffuse>$VAR[value_watchedcolor]</colordiffuse>
	<animation type="Focus" reversible="false">
	<effect type="zoom" center="60,60" start="80" end="100" time="400" tween="back" easing="out" />
	<effect type="fade" start="80" end="100" time="400" />
	</animation>
	<visible>!Skin.HasSetting(nooverlays) + StringCompare(ListItem.Overlay,OverlayWatched.png)</visible>
	</control>
	</focusedlayout>
	<focusedlayout condition="!Window.IsActive(25)" width="120" height="120">
	<control type="image">
	<left>6</left>
	<top>6</top>
	<width>105</width>
	<height>105</height>
	<texture fallback="DefaultVideoPoster.png" diffuse="thumb_poster_diffuse.png" background="true">$VAR[value_poster]</texture>
	<animation type="Focus" reversible="false">
	<effect type="zoom" center="auto" start="80" end="100" time="400" tween="back" easing="out" />
	<effect type="fade" start="80" end="100" time="400" />
	</animation>
	<aspectratio>keep</aspectratio>
	</control>
	<control type="image">
	<left>81</left>
	<top>5</top>
	<width>25</width>
	<height>25</height>
	<texture>$VAR[value_watchedstyle]</texture>
	<colordiffuse>$VAR[value_watchedcolor]</colordiffuse>
	<animation type="Focus" reversible="false">
	<effect type="zoom" center="60,60" start="80" end="100" time="400" tween="back" easing="out" />
	<effect type="fade" start="80" end="100" time="400" />
	</animation>
	<visible>!Skin.HasSetting(nooverlays) + StringCompare(ListItem.Overlay,OverlayWatched.png)</visible>
	</control>
	</focusedlayout>
	</control>
	</control>

	<!-- Info Panel -->
	<control type="group">
	<animation effect="slide" time="700" start="-800,0" end="0,0" tween="cubic" easing="out">WindowOpen</animation>
	<animation effect="slide" time="700" start="0,0" end="-800,0" tween="cubic" easing="out">WindowClose</animation>
	<animation effect="slide" time="700" start="-800,0" end="0,0" tween="cubic" easing="out">Visible</animation>
	<animation effect="fade" time="200" start="100" end="0">Hidden</animation>
	<visible>Control.IsVisible(62) + !Container.Content(genres)</visible>
	<left>60</left>
	<top>80</top>
	<control type="image">
	<left>-5</left>
	<top>27</top>
	<width>417</width>
	<height>240</height>
	<texture>fanartframe.png</texture>
	</control>
	<control type="image">
	<left>10</left>
	<top>42</top>
	<width>387</width>
	<height>210</height>
	<texture fallback="DefaultExtraThumbs.png" background="true">$INFO[ListItem.Art(fanart)]</texture>
	<aspectratio>stretch</aspectratio>
	<fadetime>FanartCrossFadeTime</fadetime>
	</control>
	<control type="label">
	<left>10</left>
	<top>262</top>
	<width>387</width>
	<height>15</height>
	<textcolor>FFFFFAF0</textcolor>
	<label>$VAR[value_glasslistinfofocus]</label>
	<font>Font_18A</font>
	<scroll>true</scroll>
	<visible>!StringCompare(ListItem.Label,..)</visible>
	</control>
	<control type="image">
	<left>10</left>
	<top>289</top>
	<width>387</width>
	<height>2</height>
	<align>left</align>
	<texture flipx="true">divider.png</texture>
	</control>
	<control type="textbox">
	<left>10</left>
	<top>298</top>
	<width>387</width>
	<height>263</height>
	<label>$VAR[value_plot]</label>
	<font>Font_18A</font>
	<autoscroll delay="8000" time="2000" repeat="8000">!Skin.HasSetting(noallowscroll)</autoscroll>
	</control>
	</control>
	<!-- Scroll Bar -->
	<control type="scrollbar" id="80">
	<include>ScrollBar_Vertical</include>
	<left>1230</left>
	<top>111</top>
	<height>471</height>
	<onleft>62</onleft>
	<onright>62</onright>
	<include>Animation_Fade</include>
	<visible allowhiddenfocus="true">Control.IsVisible(62) + Control.HasFocus(80)</visible>
	</control>
	</control>
	</include>
</includes>