<?xml version="1.0" encoding="UTF-8"?>
<includes><!-- Aeon MQ 6 -->
	<!--##################################################################################   VISTA ARTE TOTAL - 71   ##################################################################################-->
	<include name="ViewTotalArt">
	<control type="group"><!-- default group -->
	<animation effect="fade" time="400">VisibleChange</animation>
	<visible>Control.IsVisible(71)</visible>
	<control type="wraplist" id="71">
	<viewtype label="31816">list</viewtype>
	<left>0</left>
	<top>-32</top>
	<width>1280</width>
	<height>670</height>
	<onleft>80</onleft>
	<onright>noop</onright>
	<pagecontrol>80</pagecontrol>
	<focusposition>4</focusposition>
	<orientation>vertical</orientation>
	<scrolltime>450</scrolltime>
	<preloaditems>2</preloaditems>
	<visible>Container.Content(movies)</visible>
	<itemlayout width="640" height="27">
	<control type="label">
	<left>240</left>
	<top>0</top>
	<width>800</width>
	<height>40</height>
	<font>Font_23</font>
	<align>center</align>
	<aligny>center</aligny>
	<textcolor>99FFFAF0</textcolor>
	<selectedcolor>$VAR[value_headercolor]</selectedcolor>
	<label>$INFO[ListItem.Label]</label>
	</control>
	</itemlayout>
	<focusedlayout condition="StringCompare(ListItem.Label,..)" width="1280" height="310">
	<control type="image">
	<left>0</left>
	<top>15</top>
	<width>1280</width>
	<height>465</height>
	<texture>darkgrey.png</texture>
	<colordiffuse>$VAR[value_texturecolor]</colordiffuse>
	<animation effect="fade" start="100" end="25" condition="true">Conditional</animation>
	<include>Animation_Fade</include>
	</control>
	<control type="image">
	<left>0</left>
	<top>-15</top>
	<width>1285</width>
	<height>30</height>
	<texture>shadow_h.png</texture>
	<colordiffuse>C3FFFFFF</colordiffuse>
	</control>
	<control type="image">
	<left>0</left>
	<top>303</top>
	<width>1285</width>
	<height>30</height>
	<texture flipy="true">shadow_h.png</texture>
	<colordiffuse>C3FFFFFF</colordiffuse>
	</control>
	<control type="image"><!-- poster -->
	<left>447</left>
	<top>25</top>
	<width>181</width>
	<height>267</height>
	<aspectratio align="center" aligny="bottom">stretch</aspectratio>
	<texture fallback="DefaultVideoPoster.png" background="true">$VAR[value_poster]</texture>
	<bordertexture border="-2" colordiffuse="$VAR[value_texturecolor]">darkgrey.png</bordertexture>
	<animation effect="fade" time="200">Focus</animation>
	</control>
	</focusedlayout>
	<focusedlayout condition="!StringCompare(ListItem.Label,..)" width="1280" height="480">
	<control type="image">
	<left>0</left>
	<top>15</top>
	<width>1280</width>
	<height>465</height>
	<texture>darkgrey.png</texture>
	<colordiffuse>$VAR[value_texturecolor]</colordiffuse>
	<animation effect="fade" start="100" end="65" condition="true">Conditional</animation>
	<include>Animation_Fade</include>
	</control>
	<control type="image">
	<left>0</left>
	<top>-15</top>
	<width>1285</width>
	<height>30</height>
	<texture>shadow_h.png</texture>
	<colordiffuse>C3FFFFFF</colordiffuse>
	</control>
	<control type="image">
	<left>0</left>
	<top>480</top>
	<width>1285</width>
	<height>30</height>
	<texture flipy="true">shadow_h.png</texture>
	<colordiffuse>C3FFFFFF</colordiffuse>
	</control>
	<control type="group">
	<top>25</top>	
	<animation effect="slide" start="0,0" end="30,0" time="200" easing="inout" tween="cubic" condition="Control.HasFocus(80)">Conditional</animation>
	<control type="label"><!-- ano -->
	<left>337</left>
	<top>-8</top>
	<width>100</width>
	<height>40</height>
	<align>right</align>
	<aligny>top</aligny>
	<font>Font_40</font>
	<label>$INFO[ListItem.Year]</label>
	<textcolor>FFFFFAF0</textcolor>	
	</control>
	<control type="label"><!-- nota -->
	<left>80</left>
	<top>-8</top>
	<width>100</width>
	<height>40</height>
	<align>right</align>
	<aligny>top</aligny>
	<font>Font_40</font>
	<label>$INFO[ListItem.Rating]</label>
	<textcolor>FFFFFAF0</textcolor>	
	</control>
	<control type="image"><!-- estrelas -->
	<left>190</left>
	<top>-3</top>
	<width>160</width>
	<height>40</height>
	<info>ListItem.StarRating</info>
	<colordiffuse>$VAR[value_headercolor]</colordiffuse>
	<aspectratio align="center" aligny="top">keep</aspectratio>
	<visible>!StringCompare(ListItem.Label,..)</visible>
	</control>	
	<control type="label"><!-- duracao -->
	<left>278</left>
	<top>32</top>
	<width>160</width>
	<height>25</height>
	<align>right</align>
	<aligny>top</aligny>
	<font>Font_21</font>
	<label>$VAR[value_totalartdetails]</label>
	<textcolor>90FFFFFF</textcolor>
	<scroll>true</scroll>
	<scrollout>false</scrollout>
	<visible>!StringCompare(ListItem.Label,..)</visible>
	</control>
	<control type="image"><!-- thumb 1 -->
	<left>16</left>
	<top>62</top>
	<width>252</width>
	<height>142</height>
	<aspectratio align="center" aligny="bottom">stretch</aspectratio>
	<texture background="true">$INFO[ListItem.Path,,extrathumbs/thumb1.jpg]</texture>
	<bordertexture border="-2" colordiffuse="$VAR[value_texturecolor]">darkgrey.png</bordertexture>
	<animation effect="fade" time="200">Focus</animation>
	</control>
	<control type="image"><!-- thumb 2 -->
	<left>16</left>
	<top>214</top>
	<width>252</width>
	<height>142</height>
	<aspectratio align="center" aligny="bottom">stretch</aspectratio>
	<texture background="true">$INFO[ListItem.Path,,extrathumbs/thumb2.jpg]</texture>
	<bordertexture border="-2" colordiffuse="$VAR[value_texturecolor]">darkgrey.png</bordertexture>
	<animation effect="fade" time="200">Focus</animation>
	</control>	
	<control type="image"><!-- landscape -->
	<left>278</left>
	<top>62</top>
	<width>160</width>
	<height>90</height>
	<aspectratio align="center" aligny="top">stretch</aspectratio>
	<texture background="true">$INFO[ListItem.Art(landscape)]</texture>
	<bordertexture border="-2" colordiffuse="$VAR[value_texturecolor]">darkgrey.png</bordertexture>
	<animation effect="fade" time="200">Focus</animation>
	</control>
	<control type="image"><!-- logo back -->
	<left>278</left>
	<top>162</top>
	<width>160</width>
	<height>82</height>
	<texture>darkgrey.png</texture>
	<colordiffuse>$VAR[value_texturecolor]</colordiffuse>
	<bordertexture border="-2" colordiffuse="$VAR[value_texturecolor]">darkgrey.png</bordertexture>
	<visible>!IsEmpty(ListItem.Art(clearlogo))</visible>	
	</control>
	<control type="image"><!-- logo -->
	<left>278</left>
	<top>162</top>
	<width>160</width>
	<height>82</height>
	<aspectratio align="center" aligny="center">keep</aspectratio>
	<texture background="true">$INFO[ListItem.Art(clearlogo)]</texture>
	<animation effect="fade" time="200">Focus</animation>
	</control>
	<control type="image"><!-- clearart back -->
	<left>278</left>
	<top>255</top>
	<width>160</width>
	<height>101</height>
	<texture>darkgrey.png</texture>
	<colordiffuse>$VAR[value_texturecolor]</colordiffuse>
	<bordertexture border="-2" colordiffuse="$VAR[value_texturecolor]">darkgrey.png</bordertexture>
	<visible>!IsEmpty(ListItem.Art(clearart))</visible>
	</control>
	<control type="image"><!-- clearart -->
	<left>278</left>
	<top>255</top>
	<width>160</width>
	<height>101</height>
	<aspectratio align="center" aligny="bottom">keep</aspectratio>
	<texture background="true">$INFO[ListItem.Art(clearart)]</texture>
	<animation effect="fade" time="200">Focus</animation>
	</control>
	<control type="group"><!-- cdart -->
	<animation type="WindowOpen">
	<effect type="slide" start="0,0" end="0,100" time="500" delay="300" tween="cubic" easing="out"/>
	<effect type="fade" start="0" end="100" time="500" delay="300"/>
	</animation>
	<animation type="Visible">
	<effect type="slide" start="0,0" end="0,100" time="500" delay="300" tween="cubic" easing="out"/>
	<effect type="fade" start="0" end="100" time="500" delay="300"/>
	</animation>
	<animation effect="fade" start="100" end="0" time="200">WindowClose</animation>
	<animation effect="fade" start="100" end="0" time="50">Hidden</animation>
	<visible>!IsEmpty(ListItem.Art(discart)) + !Skin.HasSetting(noposterdiscart) + Control.IsVisible(9923)</visible>
	<control type="image">
	<left>449</left>
	<top>80</top>
	<width>177</width>
	<height>177</height>
	<texture diffuse="cdart_diffuse.png" background="true">$INFO[ListItem.Art(discart)]</texture>
	<fadetime>FanartCrossFadeTime</fadetime>
	<aspectratio align="center" aligny="center">keep</aspectratio>
	<animation effect="rotate" start="0" end="-360" center="auto" time="40000" delay="5000" loop="true" reversible="false" condition="!Player.HasVideo">Conditional</animation>
	<include>Animation_ViewsCDart</include>
	</control>
	</control>
	<control type="image"><!-- poster -->
	<left>447</left>
	<top>0</top>
	<width>181</width>
	<height>267</height>
	<aspectratio align="center" aligny="bottom">stretch</aspectratio>
	<texture fallback="DefaultVideoPoster.png" background="true">$VAR[value_poster]</texture>
	<bordertexture border="-2" colordiffuse="$VAR[value_texturecolor]">darkgrey.png</bordertexture>
	<animation effect="fade" time="200">Focus</animation>
	</control>
	<control type="image">
	<left>586</left>
	<top>2</top>
	<width>37</width>
	<height>37</height>
	<texture>$VAR[value_watchedstyle]</texture>
	<colordiffuse>$VAR[value_watchedcolor]</colordiffuse>
	<visible>!Skin.HasSetting(nooverlays) + StringCompare(ListItem.Overlay,OverlayWatched.png)</visible>
	</control>
	<control type="label"><!-- titulo -->
	<left>637</left>
	<top>-8</top>
	<width>626</width>
	<height>40</height>	
	<align>left</align>
	<aligny>top</aligny>
	<font>Font_40</font>
	<label>$VAR[value_videotitle]</label>
	<textcolor>FFFFFAF0</textcolor>
	<scroll>true</scroll>
	<scrollout>false</scrollout>
	</control>
	<control type="label"><!-- tag -->
	<left>637</left>
	<top>32</top>
	<width>626</width>
	<height>25</height>
	<align>left</align>
	<aligny>top</aligny>
	<font>Font_21</font>
	<label>$INFO[ListItem.Tagline]</label>
	<textcolor>90FFFFFF</textcolor>
	<scroll>true</scroll>
	<scrollout>false</scrollout>
	<visible>!Skin.HasSetting(nomoviestagline)</visible>
	</control>
	<control type="image"><!-- fanart -->
	<left>637</left>
	<top>62</top>
	<width>365</width>
	<height>205</height>
	<aspectratio align="center" aligny="top">stretch</aspectratio>
	<texture background="true">$INFO[ListItem.Art(fanart)]</texture>
	<bordertexture border="-2" colordiffuse="$VAR[value_texturecolor]">darkgrey.png</bordertexture>
	<animation effect="fade" time="200">Focus</animation>
	</control>
	<control type="image"><!-- banner -->
	<left>637</left>
	<top>277</top>
	<width>365</width>
	<height>78</height>
	<aspectratio align="center" aligny="top">stretch</aspectratio>
	<texture background="true">$INFO[ListItem.Art(banner)]</texture>
	<bordertexture border="-2" colordiffuse="$VAR[value_texturecolor]">darkgrey.png</bordertexture>
	<animation effect="fade" time="200">Focus</animation>
	</control>
	<control type="image"><!-- thumb 3 -->
	<left>1012</left>
	<top>62</top>
	<width>252</width>
	<height>142</height>
	<aspectratio align="center" aligny="bottom">stretch</aspectratio>
	<texture background="true">$INFO[ListItem.Path,,extrathumbs/thumb3.jpg]</texture>
	<bordertexture border="-2" colordiffuse="$VAR[value_texturecolor]">darkgrey.png</bordertexture>
	<animation effect="fade" time="200">Focus</animation>
	</control>
	<control type="image"><!-- thumb 4 -->
	<left>1012</left>
	<top>214</top>
	<width>252</width>
	<height>142</height>
	<aspectratio align="center" aligny="bottom">stretch</aspectratio>
	<texture background="true">$INFO[ListItem.Path,,extrathumbs/thumb4.jpg]</texture>
	<bordertexture border="-2" colordiffuse="$VAR[value_texturecolor]">darkgrey.png</bordertexture>
	<animation effect="fade" time="200">Focus</animation>
	</control>
	<control type="label"><!-- genero/diretor -->
	<left>20</left>
	<top>370</top>
	<width>1240</width>
	<height>25</height>
	<align>center</align>
	<aligny>top</aligny>
	<font>Font_21</font>
	<label>[B][COLOR=$VAR[value_headercolor]]$LOCALIZE[515]: [/COLOR] $INFO[ListItem.Genre] - [COLOR=$VAR[value_headercolor]]$LOCALIZE[20339]: [/COLOR] $INFO[ListItem.Director][/B]</label>
	<textcolor>FFFFFAF0</textcolor>
	<scroll>true</scroll>
	<scrollout>false</scrollout>
	<visible>![Skin.HasSetting(nomoviestagline) | StringCompare(ListItem.Label,..)]</visible>
	</control>
	<control type="textbox"><!-- plot -->
	<left>20</left>
	<top>395</top>
	<width>1240</width>
	<height>45</height>
	<align>center</align>
	<aligny>top</aligny>
	<font>Font_18A</font>
	<label>$VAR[value_plot]</label>
	<autoscroll delay="15000" time="2000" repeat="15000">!Skin.HasSetting(noallowscroll)</autoscroll>
	<include>Animation_Fade</include>
	</control>
	</control>
	</focusedlayout>
	</control>
	<control type="scrollbar" id="80">
	<include>ScrollBar_Vertical</include>
	<left>5</left>
	<top>68</top>
	<height>580</height>
	<onleft>9900</onleft>
	<onright>71</onright>
	<include>Animation_Fade</include>
	<visible allowhiddenfocus="true">Control.IsVisible(71) + Control.HasFocus(80)</visible>
	</control>
	</control>
	</include>
</includes>