<?xml version="1.0" encoding="UTF-8"?>
<includes><!-- Aeon MQ 6 -->
	<!--##################################################################################   VISTA WIDE - 59   ##################################################################################-->
	<include name="listcolor">
	<textcolor>FFFFFAF0</textcolor>
	<selectedcolor>$VAR[value_headercolor]</selectedcolor>
	</include>
	<include name="listcolorfocus">
	<textcolor>E4101010</textcolor>
	<selectedcolor>$VAR[value_headercolorfocus]</selectedcolor>
	</include>
	<include name="subcolor">
	<textcolor>80FFFAF0</textcolor>
	<selectedcolor>$VAR[value_headercolor]</selectedcolor>
	</include>
	<include name="subcolorfocus">
	<textcolor>FF151515</textcolor>
	<selectedcolor>$VAR[value_headercolorfocus]</selectedcolor>
	</include>
	<include name="detailcolor">
	<textcolor>FFFFFAF0</textcolor>
	<selectedcolor>$VAR[value_headercolor]</selectedcolor>
	</include>
	<include name="detailcolorfocus">
	<textcolor>FF151515</textcolor>
	<selectedcolor>$VAR[value_headercolorfocus]</selectedcolor>
	</include>
	<include name="WideLabel">
	<left>660</left>
	<height>44</height>
	<width>600</width>
	<font>Font_18A</font>
	<aligny>top</aligny>
	<align>left</align>
	<textcolor>$VAR[value_headercolor]</textcolor>
	<textoffsetx>30</textoffsetx>
	<textoffsety>2</textoffsety>
	</include>
	<include name="WideValue">
	<left>660</left>
	<height>13</height>
	<width>600</width>
	<font>Font_18A</font>
	<aligny>top</aligny>
	<align>left</align>
	<textoffsetx>30</textoffsetx>
	<textoffsety>21</textoffsety>
	<scroll>true</scroll>
	</include>
	<include name="WideDisc">
	<width>150</width>
	<height>150</height>
	<fadetime>FanartCrossFadeTime</fadetime>
	<aspectratio align="center" aligny="center">keep</aspectratio>
	<animation effect="rotate" start="0" end="-360" center="auto" time="40000" delay="5000" loop="true" reversible="false" condition="!Player.HasVideo">Conditional</animation>
	<include>Animation_ViewsCDart</include>
	</include>
	<include name="ViewWide">
	<control type="group"><!-- default group -->
	<animation effect="fade" time="400">VisibleChange</animation>
	<visible>Control.IsVisible(59)</visible>
	<control type="group">
	<animation effect="slide" time="500" start="-800,0" end="0,0" tween="cubic" easing="out">WindowOpen</animation>
	<animation effect="slide" time="500" start="-800,0" end="0,0" tween="cubic" easing="out">Visible</animation>
	<animation effect="fade" time="200" start="100" end="0">Hidden</animation>
	<control type="image">
	<left>0</left>
	<top>36</top>
	<width>640</width>
	<height>30</height>
	<texture>shadow_h.png</texture>
	<colordiffuse>C3FFFFFF</colordiffuse>
	</control>
	<control type="image">
	<left>0</left>
	<top>65</top>
	<width>640</width>
	<height>585</height>
	<texture flipy="true" diffuse="shadow_mask.png">darkgrey.png</texture>
	<colordiffuse>$VAR[value_texturecolor]</colordiffuse>
	</control>
	<control type="image">
	<left>510</left>
	<top>65</top>
	<width>90</width>
	<height>584</height>
	<texture>grey.png</texture>
	<animation effect="fade" end="20" condition="true">conditional</animation>
	<visible>[Container.Content(movies) | Container.Content(musicvideos) | Container.Content(sets) | Container.Content(tvshows) | Container.Content(episodes) | Container.Content(songs) | Container.Content(albums) | Container.Content(years)]</visible>
	</control>
	<control type="button" id="562">
	<include>InvisibleButton</include>
	<onright>9920</onright>
	<onleft>59</onleft>
	<onup>59</onup>
	<ondown>59</ondown>
	</control>
	<control type="list" id="59">
	<viewtype label="31813">list</viewtype>
	<left>0</left>
	<top>65</top>
	<width>640</width>
	<height>584</height>
	<pagecontrol>80</pagecontrol>
	<onleft>80</onleft>
	<onright>562</onright>
	<orientation>vertical</orientation>
	<scrolltime>450</scrolltime>
	<preloaditems>2</preloaditems>
	<itemlayout height="40">
	<control type="image">
	<left>0</left>
	<top>0</top>
	<width>739</width>
	<height>1</height>
	<texture>line.png</texture>
	</control>
	<control type="label">
	<left>45</left>
	<top>1</top>
	<width>440</width>
	<height>40</height>
	<font>Font_22</font>
	<aligny>center</aligny>
	<include>listcolor</include>
	<label>$INFO[ListItem.Label]</label>
	</control>
	<control type="label">
	<left>513</left>
	<top>-8</top>
	<width>85</width>
	<height>40</height>
	<font>Font_18A</font>
	<align>center</align>
	<aligny>center</aligny>
	<include>detailcolor</include>
	<label>$INFO[ListItem.Rating]</label>
	<animation effect="slide" start="0,0" end="0,8" time="0" condition="Container.Content(albums) | Container.Content(years)">Conditional</animation>
	</control>
	<control type="image">
	<left>523</left>
	<top>25</top>
	<width>65</width>
	<height>13</height>
	<info>ListItem.StarRating</info>
	<colordiffuse>$VAR[value_headercolor]</colordiffuse>
	<visible>![Container.Content(artists) | Container.Content(years) | Container.Content(genres) | Container.Content(seasons) | StringCompare(ListItem.Label,..)]</visible>
	</control>
	<control type="image">
	<left>601</left>
	<top>2</top>
	<width>37</width>
	<height>37</height>
	<texture>$VAR[value_watchedstyle]</texture>
	<colordiffuse>$VAR[value_watchedcolor]</colordiffuse>
	<visible>!Skin.HasSetting(nooverlays) + StringCompare(ListItem.Overlay,OverlayWatched.png)</visible>
	</control>
	</itemlayout>
	<focusedlayout condition="IsEmpty(Control.GetLabel(5901)) | [Window.IsActive(25) + Skin.HasSetting(slimwidevideo) | [Window.IsActive(500) | Window.IsActive(501) | Window.IsActive(502)] + Skin.HasSetting(slimwidemusic)]" height="40">
	<control type="image">
	<left>0</left>
	<top>0</top>
	<width>640</width>
	<height>40</height>
	<texture>settings_button_focus.png</texture>
	<animation effect="fade" start="100" end="30" time="0" condition="!Control.Hasfocus(59)">conditional</animation>
	</control>
	<control type="label">
	<left>45</left>
	<top>1</top>
	<width>440</width>
	<height>40</height>
	<font>Font_24A</font>
	<aligny>center</aligny>
	<include>listcolorfocus</include>
	<label>$INFO[ListItem.Label]</label>
	</control>
	<control type="label">
	<left>513</left>
	<top>-8</top>
	<width>85</width>
	<height>40</height>
	<font>Font_18A</font>
	<align>center</align>
	<aligny>center</aligny>
	<include>detailcolorfocus</include>
	<label>$INFO[ListItem.Rating]</label>
	<animation effect="slide" start="0,0" end="0,8" time="0" condition="Container.Content(albums) | Container.Content(years)">Conditional</animation>
	</control>
	<control type="image">
	<left>523</left>
	<top>23</top>
	<width>65</width>
	<height>13</height>
	<info>ListItem.StarRating</info>
	<colordiffuse>$VAR[value_headercolorfocus]</colordiffuse>
	<visible>![Container.Content(artists) | Container.Content(years) | Container.Content(genres) | Container.Content(seasons) | StringCompare(ListItem.Label,..)]</visible>
	</control>
	<control type="image">
	<left>601</left>
	<top>2</top>
	<width>37</width>
	<height>37</height>
	<texture>$VAR[value_watchedstyle]</texture>
	<colordiffuse>$VAR[value_watchedcolor]</colordiffuse>
	<visible>!Skin.HasSetting(nooverlays) + StringCompare(ListItem.Overlay,OverlayWatched.png)</visible>
	</control>
	</focusedlayout>
	<focusedlayout condition="!IsEmpty(Control.GetLabel(5901)) + [Window.IsActive(25) + !Skin.HasSetting(slimwidevideo) | [Window.IsActive(500) | Window.IsActive(501) | Window.IsActive(502)] + !Skin.HasSetting(slimwidemusic)]" height="63">
	<control type="image">
	<left>0</left>
	<top>0</top>
	<width>640</width>
	<height>63</height>
	<texture>settings_button_focus.png</texture>
	<animation effect="fade" start="100" end="30" time="0" condition="!Control.Hasfocus(59)">conditional</animation>
	</control>
	<control type="label">
	<left>45</left>
	<top>2</top>
	<width>440</width>
	<height>41</height>
	<font>Font_24A</font>
	<aligny>center</aligny>
	<include>listcolorfocus</include>
	<label>$INFO[ListItem.Label]</label>
	</control>
	<control type="label">
	<left>45</left>
	<top>37</top>
	<width>440</width>
	<height>16</height>
	<font>Font_18A</font>
	<align>left</align>
	<aligny>center</aligny>
	<include>subcolorfocus</include>
	<label>$VAR[value_listinfofocus]</label>
	<visible>!StringCompare(ListItem.Label,..)</visible>
	</control>
	<control type="label">
	<left>513</left>
	<top>0</top>
	<width>85</width>
	<height>41</height>
	<font>Font_18A</font>
	<align>center</align>
	<aligny>center</aligny>
	<include>detailcolorfocus</include>
	<label>$INFO[ListItem.Rating]</label>
	</control>
	<control type="image">
	<left>523</left>
	<top>37</top>
	<width>65</width>
	<height>13</height>
	<info>ListItem.StarRating</info>
	<colordiffuse>$VAR[value_headercolorfocus]</colordiffuse>
	<visible>![Container.Content(artists) | Container.Content(years) | Container.Content(genres) | Container.Content(seasons) | StringCompare(ListItem.Label,..)]</visible>
	</control>
	<control type="image">
	<left>601</left>
	<top>13</top>
	<width>37</width>
	<height>37</height>
	<texture>$VAR[value_watchedstyle]</texture>
	<colordiffuse>$VAR[value_watchedcolor]</colordiffuse>
	<visible>!Skin.HasSetting(nooverlays) + StringCompare(ListItem.Overlay,OverlayWatched.png)</visible>
	</control>
	</focusedlayout>
	</control>
	<control type="label" id="5901"><!-- Tag -->
	<include>InvisibleButton</include>
	<label>$VAR[value_listinfofocus]</label>
	</control>
	</control>
	<control type="group"><!-- Grupo da direita -->
	<left>640</left>
	<top>0</top>
	<animation effect="slide" time="1000" start="600,0" end="0,0" tween="cubic" easing="out">WindowOpen</animation>
	<animation effect="slide" time="1000" start="600,0" end="0,0" tween="cubic" easing="out">Visible</animation>
	<animation effect="fade" time="400" start="100" end="0">Hidden</animation>
	<visible>Control.IsVisible(59)</visible>
	<control type="image">
	<left>-29</left>
	<top>-70</top>
	<width>30</width>
	<height>720</height>
	<texture flipx="true">shadow.png</texture>
	<colordiffuse>C3FFFFFF</colordiffuse>
	</control>
	<control type="image">
	<left>0</left>
	<top>-70</top>
	<width>640</width>
	<height>720</height>
	<texture flipy="true" diffuse="shadow_mask.png">darkgrey.png</texture>
	<colordiffuse>$VAR[value_texturecolor]</colordiffuse>
	<animation effect="fade" end="85" condition="true">Conditional</animation>
	</control>
	<control type="image">
	<left>0</left>
	<top>396</top>
	<width>640</width>
	<height>254</height>
	<texture flipy="true" diffuse="shadow_mask.png">darkgrey.png</texture>
	<colordiffuse>$VAR[value_texturecolor]</colordiffuse>
	<animation effect="fade" end="85" condition="true">Conditional</animation>
	<include>Animation_Fade</include>
	<visible>![Control.HasFocus(562) | Skin.HasSetting(widebanner)]</visible>
	</control>
	<control type="image">
	<left>0</left>
	<top>140</top>
	<width>640</width>
	<height>510</height>
	<texture>black.png</texture>
	<colordiffuse>75FFFFFF</colordiffuse>
	<include>Animation_Fade</include>
	<visible>!Control.HasFocus(562) + Skin.HasSetting(widebanner)</visible>
	</control>
	<control type="image">
	<left>0</left>
	<top>-70</top>
	<width>640</width>
	<height>720</height>
	<texture>black.png</texture>
	<colordiffuse>75FFFFFF</colordiffuse>
	<include>Animation_Fade</include>
	<visible>Control.HasFocus(562)</visible>
	</control>
	
	<control type="group"><!-- Grupo das artes -->
	<animation effect="slide" start="0,0" end="700,0" time="400" easing="inout" tween="cubic" condition="Control.HasFocus(562) | Control.HasFocus(9920) | Window.IsVisible(6621)">Conditional</animation>
	<control type="group"><!-- CDART VIDEO -->
	<animation type="WindowOpen">
	<effect type="slide" start="-100,0" end="0,0" time="500" delay="500" tween="cubic" easing="out"/>
	<effect type="fade" start="0" end="100" time="500" delay="500"/>
	</animation>
	<animation type="Visible">
	<effect type="slide" start="-100,0" end="0,0" time="500" delay="500" tween="cubic" easing="out"/>
	<effect type="fade" start="0" end="100" time="500" delay="500"/>
	</animation>
	<animation effect="fade" start="100" end="0" time="200">WindowClose</animation>
	<animation type="Hidden">
	<effect type="slide" start="0,0" end="-100,0" time="300" tween="cubic" easing="out"/>
	<effect type="fade" start="100" end="0" time="200"/>
	</animation>
	<visible>![IsEmpty(ListItem.Art(discart)) | SubString(skin.string(widemovies.art),banner) | Skin.HasSetting(nowidediscart) | SubString(ListItem.Path,videodb://movies/sets,left)] + Window.IsActive(25) + Control.IsVisible(9923)</visible>
	<control type="image">
	<left>270</left>
	<top>50</top>
	<width>250</width>
	<height>250</height>
	<texture diffuse="cdart_diffuse.png" background="true">$INFO[ListItem.Art(discart)]</texture>
	<fadetime>FanartCrossFadeTime</fadetime>
	<aspectratio align="center" aligny="center">keep</aspectratio>
	<animation effect="rotate" start="0" end="-360" center="auto" time="40000" delay="5000" loop="true" reversible="false" condition="!Player.HasVideo">Conditional</animation>
	<include>Animation_ViewsCDart</include>
	</control>
	</control>
	
	<control type="grouplist"><!-- CDART SETS da esquerda -->
	<left>128</left>
	<top>30</top>
	<orientation>vertical</orientation>
	<itemgap>-98</itemgap>
	<animation type="WindowOpen">
	<effect type="slide" start="100,0" end="0,0" time="500" delay="500" tween="cubic" easing="out"/>
	<effect type="fade" start="0" end="100" time="500" delay="500"/>
	</animation>
	<animation type="Visible">
	<effect type="slide" start="100,0" end="0,0" time="500" delay="500" tween="cubic" easing="out"/>
	<effect type="fade" start="0" end="100" time="500" delay="500"/>
	</animation>
	<animation effect="fade" start="100" end="0" time="200">WindowClose</animation>
	<animation type="Hidden">
	<effect type="slide" start="0,0" end="100,0" time="300" tween="cubic" easing="out"/>
	<effect type="fade" start="100" end="0" time="200"/>
	</animation>
	<animation effect="slide" start="0,0" end="-9,0" time="400" easing="inout" tween="cubic" condition="Skin.HasSetting(nowidevideocase)">Conditional</animation>
	<visible>![IsEmpty(Window(0).Property(Set.Movie.6.Art(discart))) | SubString(skin.string(widemovies.art),banner) | Skin.HasSetting(nowidediscart)] + Window.IsActive(25) + SubString(ListItem.Path,videodb://movies/sets,left) + Control.IsVisible(9923)</visible>
	<control type="image">
	<include>WideDisc</include>
	<texture diffuse="cdart_diffuse.png" background="true">$INFO[Window(0).Property(Set.Movie.6.Art(discart))]</texture>
	<visible>!IsEmpty(Window(0).Property(Set.Movie.6.Art(discart)))</visible>
	</control>
	<control type="image">
	<include>WideDisc</include>
	<texture diffuse="cdart_diffuse.png" background="true">$INFO[Window(0).Property(Set.Movie.7.Art(discart))]</texture>
	<visible>!IsEmpty(Window(0).Property(Set.Movie.7.Art(discart)))</visible>
	</control>
	<control type="image">
	<include>WideDisc</include>
	<texture diffuse="cdart_diffuse.png" background="true">$INFO[Window(0).Property(Set.Movie.8.Art(discart))]</texture>
	<visible>!IsEmpty(Window(0).Property(Set.Movie.8.Art(discart)))</visible>
	</control>
	<control type="image">
	<include>WideDisc</include>
	<texture diffuse="cdart_diffuse.png" background="true">$INFO[Window(0).Property(Set.Movie.9.Art(discart))]</texture>
	<visible>!IsEmpty(Window(0).Property(Set.Movie.9.Art(discart)))</visible>
	</control>
	<control type="image">
	<include>WideDisc</include>
	<texture diffuse="cdart_diffuse.png" background="true">$INFO[Window(0).Property(Set.Movie.10.Art(discart))]</texture>
	<visible>!IsEmpty(Window(0).Property(Set.Movie.10.Art(discart)))</visible>
	</control>
	</control>
	
	<control type="grouplist"><!-- CDART SETS da direita -->
	<left>355</left>
	<top>30</top>
	<orientation>vertical</orientation>
	<itemgap>-98</itemgap>
	<animation type="WindowOpen">
	<effect type="slide" start="-100,0" end="0,0" time="500" delay="500" tween="cubic" easing="out"/>
	<effect type="fade" start="0" end="100" time="500" delay="500"/>
	</animation>
	<animation type="Visible">
	<effect type="slide" start="-100,0" end="0,0" time="500" delay="500" tween="cubic" easing="out"/>
	<effect type="fade" start="0" end="100" time="500" delay="500"/>
	</animation>
	<animation effect="fade" start="100" end="0" time="200">WindowClose</animation>
	<animation type="Hidden">
	<effect type="slide" start="0,0" end="-100,0" time="300" tween="cubic" easing="out"/>
	<effect type="fade" start="100" end="0" time="200"/>
	</animation>
	<animation effect="slide" start="0,0" end="15,0" time="400" easing="inout" tween="cubic" condition="Skin.HasSetting(nowidevideocase)">Conditional</animation>
	<visible>![IsEmpty(Window(0).Property(Set.Movie.1.Art(discart))) | SubString(skin.string(widemovies.art),banner) | Skin.HasSetting(nowidediscart)] + Window.IsActive(25) + SubString(ListItem.Path,videodb://movies/sets,left) + Control.IsVisible(9923)</visible>
	<control type="image">
	<include>WideDisc</include>
	<texture diffuse="cdart_diffuse.png" background="true">$INFO[Window(0).Property(Set.Movie.1.Art(discart))]</texture>
	<visible>!IsEmpty(Window(0).Property(Set.Movie.1.Art(discart)))</visible>
	</control>
	<control type="image">
	<include>WideDisc</include>
	<texture diffuse="cdart_diffuse.png" background="true">$INFO[Window(0).Property(Set.Movie.2.Art(discart))]</texture>
	<visible>!IsEmpty(Window(0).Property(Set.Movie.2.Art(discart)))</visible>
	</control>
	<control type="image">
	<include>WideDisc</include>
	<texture diffuse="cdart_diffuse.png" background="true">$INFO[Window(0).Property(Set.Movie.3.Art(discart))]</texture>
	<visible>!IsEmpty(Window(0).Property(Set.Movie.3.Art(discart)))</visible>
	</control>
	<control type="image">
	<include>WideDisc</include>
	<texture diffuse="cdart_diffuse.png" background="true">$INFO[Window(0).Property(Set.Movie.4.Art(discart))]</texture>
	<visible>!IsEmpty(Window(0).Property(Set.Movie.4.Art(discart)))</visible>
	</control>
	<control type="image">
	<include>WideDisc</include>
	<texture diffuse="cdart_diffuse.png" background="true">$INFO[Window(0).Property(Set.Movie.5.Art(discart))]</texture>
	<visible>!IsEmpty(Window(0).Property(Set.Movie.5.Art(discart)))</visible>
	</control>
	</control>

	<control type="group"><!-- BANNER -->
	<include>Animation_Fade</include>
	<visible>Container.Content(movies) + SubString(skin.string(widemovies.art),banner) | Container.Content(tvshows) + SubString(skin.string(widetvshows.art),banner)</visible>
	<control type="image"><!-- banner reflexo -->
	<left>20</left>
	<top>401</top>
	<width>600</width>
	<height>367</height>
	<fadetime>FanartCrossFadeTime</fadetime>
	<aspectratio align="center" aligny="top">keep</aspectratio>
	<texture flipy="true" diffuse="thumb_reflect.png" background="true">$VAR[value_banner]</texture>
	<bordertexture flipy="true" diffuse="thumb_reflect.png" border="-2">black.png</bordertexture>
	</control>
	<control type="image"><!-- banner -->
	<left>20</left>
	<top>30</top>
	<width>600</width>
	<height>367</height>
	<fadetime>FanartCrossFadeTime</fadetime>
	<aspectratio align="center" aligny="bottom">keep</aspectratio>
	<texture background="true">$VAR[value_banner]</texture>
	<bordertexture border="-2">black.png</bordertexture>
	</control>
	</control>

	<control type="group"><!-- EPISODIOS -->
	<include>Animation_Fade</include>
	<visible>![Container.Content(movies) | Container.Content(musicvideos) | Container.Content(sets) | Container.Content(tvshows) | Container.Content(seasons) | Container.Content(genres) | Window.IsActive(500) | Window.IsActive(501) | Window.IsActive(502)]</visible>
	<control type="image"><!-- episodios reflexo -->
	<left>20</left>
	<top>401</top>
	<width>600</width>
	<height>367</height>
	<fadetime>FanartCrossFadeTime</fadetime>
	<aspectratio align="center" aligny="top">keep</aspectratio>
	<texture flipy="true" fallback="special://skin/backgrounds/default.jpg" diffuse="thumb_reflect.png" background="true">$VAR[value_poster]</texture>
	<bordertexture flipy="true" diffuse="thumb_reflect.png" border="-2">black.png</bordertexture>
	</control>
	<control type="image"><!-- episodios -->
	<left>20</left>
	<top>30</top>
	<width>600</width>
	<height>367</height>
	<fadetime>FanartCrossFadeTime</fadetime>
	<aspectratio align="center" aligny="bottom">keep</aspectratio>
	<texture fallback="special://skin/backgrounds/default.jpg" background="true">$VAR[value_poster]</texture>
	<bordertexture border="-2">black.png</bordertexture>
	</control>
	</control>

	<control type="group"><!-- VIDEO SEM ESTOJO -->
	<include>Animation_Fade</include>
	<animation effect="slide" start="0,0" end="-45,0" time="500" delay="50" tween="cubic" easing="in" condition="!Skin.HasSetting(nowidediscart) + !IsEmpty(ListItem.Art(discart)) + Control.IsVisible(9923)">Conditional</animation>
	<visible>Skin.HasSetting(nowidevideocase) + [Container.Content(movies) + SubString(skin.string(widemovies.art),poster) | Container.Content(musicvideos)  | Container.Content(sets)] | Container.Content(tvshows) + SubString(skin.string(widetvshows.art),poster) | Container.Content(seasons) | Container.Content(genres)</visible>
	<control type="image"><!-- Filmes/Fotos/Arquivos reflexo -->
	<left>20</left>
	<top>401</top>
	<width>600</width>
	<height>367</height>
	<fadetime>FanartCrossFadeTime</fadetime>
	<aspectratio align="center" aligny="top">keep</aspectratio>
	<texture flipy="true" fallback="DefaultVideoPoster.png" diffuse="thumb_reflect.png" background="true">$VAR[value_poster]</texture>
	<bordertexture flipy="true" diffuse="thumb_reflect.png" border="-2">black.png</bordertexture>
	</control>
	<control type="image"><!-- Filmes/Fotos/Arquivos -->
	<left>20</left>
	<top>30</top>
	<width>600</width>
	<height>367</height>
	<fadetime>FanartCrossFadeTime</fadetime>
	<aspectratio align="center" aligny="bottom">keep</aspectratio>
	<texture fallback="DefaultVideoPoster.png" background="true">$VAR[value_poster]</texture>
	<bordertexture border="-2">black.png</bordertexture>
	</control>
	</control>

	<control type="group"><!-- FILMES ESTOJO -->
	<include>Animation_Fade</include>
	<animation effect="slide" start="0,0" end="-33,0" time="500" delay="50" tween="cubic" easing="in" condition="!Skin.HasSetting(nowidediscart) + !IsEmpty(ListItem.Art(discart)) + Control.IsVisible(9923)">Conditional</animation>
	<visible>!Skin.HasSetting(nowidevideocase) + Container.Content(movies) + SubString(skin.string(widemovies.art),poster) | !Skin.HasSetting(nowidevideocase) + [Container.Content(musicvideos) | Container.Content(sets)]</visible>
	<control type="image"><!-- Poster reflexo -->
	<left>205</left>
	<top>416</top>
	<width>225</width>
	<height>330</height>
	<fadetime>FanartCrossFadeTime</fadetime>
	<texture flipy="true" fallback="DefaultVideoPoster.png" diffuse="thumb_reflect.png" background="true">$VAR[value_poster]</texture>
	<aspectratio>stretch</aspectratio>
	</control>
	<control type="image"><!-- Estojo reflexo -->
	<left>185</left>
	<top>381</top>
	<width>279</width>
	<height>417</height>
	<fadetime>FanartCrossFadeTime</fadetime>
	<texture flipy="true" diffuse="thumb_box_reflect.png">$VAR[value_videocase0]</texture>
	<aspectratio>stretch</aspectratio>
	<include>Animation_CaseGlass</include>
	</control>
	<control type="image"><!-- Poster -->
	<left>205</left>
	<top>60</top>
	<width>225</width>
	<height>330</height>
	<fadetime>FanartCrossFadeTime</fadetime>
	<texture fallback="DefaultVideoPoster.png" background="true">$VAR[value_poster]</texture>
	</control>
	<control type="image"><!-- Estojo -->
	<left>185</left>
	<top>7</top>
	<width>279</width>
	<height>417</height>
	<fadetime>FanartCrossFadeTime</fadetime>
	<texture>$VAR[value_videocase0]</texture>
	<include>Animation_CaseGlass</include>
	</control>
	<control type="image"><!-- Codec -->
	<left>287</left>
	<top>11</top>
	<width>68</width>
	<height>68</height>
	<fadetime>FanartCrossFadeTime</fadetime>
	<align>center</align>
	<aligny>center</aligny>
	<aspectratio scalediffuse="true">keep</aspectratio>
	<texture>$VAR[value_videocodec0]</texture>
	</control>
	</control>

	<control type="group"><!-- MUSICA -->
	<include>Animation_Fade</include>
	<visible>[Window.IsActive(500) | Window.IsActive(501) | Window.IsActive(502)] + [Skin.HasSetting(nowideaudiocase) | Container.Content(genres)]</visible>
	<control type="image"><!-- Musica reflexo -->
	<left>20</left>
	<top>400</top>
	<width>600</width>
	<height>367</height>
	<fadetime>FanartCrossFadeTime</fadetime>
	<aspectratio align="center" aligny="top">keep</aspectratio>
	<texture flipy="true" diffuse="thumb_reflect.png" background="true">$VAR[value_poster]</texture>
	<bordertexture flipy="true" diffuse="thumb_reflect.png" border="-2">black.png</bordertexture>
	</control>
	<control type="image"><!-- Musica -->
	<left>20</left>
	<top>30</top>
	<width>600</width>
	<height>367</height>
	<fadetime>FanartCrossFadeTime</fadetime>
	<aspectratio align="center" aligny="bottom">keep</aspectratio>
	<texture fallback="DefaultAudioCover.png" background="true">$VAR[value_poster]</texture>
	<bordertexture border="-2">black.png</bordertexture>
	</control>
	</control>

	<control type="group"><!-- MUSICA ESTOJO -->
	<include>Animation_Fade</include>
	<visible>[Window.IsActive(500) | Window.IsActive(501) | Window.IsActive(502)] + ![Skin.HasSetting(nowideaudiocase) | Container.Content(genres)]</visible>
	<control type="image"><!-- Musica reflexo-->
	<left>170</left>
	<top>404</top>
	<width>340</width>
	<height>340</height>
	<fadetime>FanartCrossFadeTime</fadetime>
	<aspectratio scalediffuse="false">stretch</aspectratio>
	<texture flipy="true" diffuse="thumb_box_diffuse_reflect.png" background="true">$VAR[value_poster]</texture>
	</control>
	<control type="image"><!-- Estojo reflexo -->
	<left>114</left>
	<top>389</top>
	<width>411</width>
	<height>362</height>
	<texture flipy="true" diffuse="thumb_box_reflect.png">thumb_box_cd.png</texture>
	</control>
	<control type="image"><!-- Musica -->
	<left>170</left>
	<top>57</top>
	<width>340</width>
	<height>340</height>
	<fadetime>FanartCrossFadeTime</fadetime>
	<aspectratio scalediffuse="false">stretch</aspectratio>
	<texture diffuse="thumb_box_diffuse.png" fallback="DefaultAudioCover.png" background="true">$VAR[value_poster]</texture>
	</control>
	<control type="image"><!-- Estojo -->
	<left>114</left>
	<top>50</top>
	<width>411</width>
	<height>362</height>
	<texture>thumb_box_cd.png</texture>
	<colordiffuse>DEFFFFFF</colordiffuse>
	</control>
	</control>
	</control>

	<control type="textbox"><!-- Video e audio para quando tem logo -->
	<left>20</left>
	<top>410</top>
	<width>600</width>
	<height>156</height>
	<font>Font_18A</font>
	<label>$VAR[value_plot]</label>
	<autoscroll delay="15000" time="2000" repeat="15000">!Skin.HasSetting(noallowscroll)</autoscroll>
	<include>Animation_Fade</include>
	<visible>![Control.HasFocus(562) | IsEmpty(Control.GetLabel(1018)) + IsEmpty(Window(2003).Property(AudioLanguage.1)) + IsEmpty(Window(2003).Property(SubtitleLanguage.1))] + Window.IsActive(25) | ![Control.HasFocus(562) | IsEmpty(Control.GetLabel(1017))] + [Window.IsActive(500) | Window.IsActive(501) | Window.IsActive(502)]</visible>
	</control>
	<control type="textbox"><!-- Video e audio para quando nao tem logo -->
	<left>20</left>
	<top>410</top>
	<width>600</width>
	<height>237</height>
	<font>Font_18A</font>
	<label>$VAR[value_plot]</label>
	<autoscroll delay="15000" time="2000" repeat="15000">!Skin.HasSetting(noallowscroll)</autoscroll>
	<include>Animation_Fade</include>
	<visible>[!Control.HasFocus(562) + [IsEmpty(Control.GetLabel(1018)) + IsEmpty(Window(2003).Property(AudioLanguage.1)) + IsEmpty(Window(2003).Property(SubtitleLanguage.1))]] + Window.IsActive(25) | [!Control.HasFocus(562) + IsEmpty(Control.GetLabel(1017))] + [Window.IsActive(500) | Window.IsActive(501) | Window.IsActive(502)]</visible>
	</control>
	<control type="textbox"><!-- Video e audio para quando tem logo + foco no painel -->
	<left>20</left>
	<top>293</top>
	<width>600</width>
	<height>270</height>
	<font>Font_18A</font>
	<label>$VAR[value_plot]</label>
	<autoscroll delay="15000" time="2000" repeat="15000">!Skin.HasSetting(noallowscroll)</autoscroll>
	<include>Animation_Fade</include>
	<visible>[Control.HasFocus(562) + ![IsEmpty(Control.GetLabel(1018)) + IsEmpty(Window(2003).Property(AudioLanguage.1)) + IsEmpty(Window(2003).Property(SubtitleLanguage.1))]] + Window.IsActive(25) | [Control.HasFocus(562) + !IsEmpty(Control.GetLabel(1017))] + [Window.IsActive(500) | Window.IsActive(501) | Window.IsActive(502)]</visible>
	</control>
	<control type="textbox"><!-- Video e audio para quando nao tem logo + foco no painel -->
	<left>20</left>
	<top>293</top>
	<width>600</width>
	<height>348</height>
	<font>Font_18A</font>
	<label>$VAR[value_plot]</label>
	<autoscroll delay="15000" time="2000" repeat="15000">!Skin.HasSetting(noallowscroll)</autoscroll>
	<include>Animation_Fade</include>
	<visible>[Control.HasFocus(562) + [IsEmpty(Control.GetLabel(1018)) + IsEmpty(Window(2003).Property(AudioLanguage.1)) + IsEmpty(Window(2003).Property(SubtitleLanguage.1))]] + Window.IsActive(25) | [Control.HasFocus(562) + IsEmpty(Control.GetLabel(1017))] + [Window.IsActive(500) | Window.IsActive(501) | Window.IsActive(502)]</visible>
	</control>
	<control type="textbox"><!-- Addons -->
	<left>20</left>
	<top>410</top>
	<width>600</width>
	<height>235</height>
	<font>Font_18A</font>
	<label>$VAR[value_plot]</label>
	<autoscroll delay="15000" time="2000" repeat="15000">!Skin.HasSetting(noallowscroll)</autoscroll>
	<include>Animation_Fade</include>
	<visible>![Control.HasFocus(562) | Window.IsActive(25) | Window.IsActive(500) | Window.IsActive(501) | Window.IsActive(502)]</visible>
	</control>
	<control type="textbox"><!-- Addons + foco no painel -->
	<left>20</left>
	<top>293</top>
	<width>600</width>
	<height>353</height>
	<font>Font_18A</font>
	<label>$VAR[value_plot]</label>
	<autoscroll delay="15000" time="2000" repeat="15000">!Skin.HasSetting(noallowscroll)</autoscroll>
	<include>Animation_Fade</include>
	<visible>Control.HasFocus(562) + ![Window.IsActive(25) | Window.IsActive(500) | Window.IsActive(501) | Window.IsActive(502)]</visible>
	</control>
	<control type="image">
	<left>10</left>
	<top>573</top>	
	<width>620</width>
	<height>1</height>
	<texture>line.png</texture>
	<visible>![IsEmpty(Control.GetLabel(1018)) + IsEmpty(Window(2003).Property(AudioLanguage.1)) + IsEmpty(Window(2003).Property(SubtitleLanguage.1))] + Window.IsActive(25) | !IsEmpty(Control.GetLabel(1017)) + [Window.IsActive(500) | Window.IsActive(501) | Window.IsActive(502)]</visible>
	</control>
	<control type="image" id="1017"><!-- Logo Musicas -->
	<left>420</left>
	<top>578</top>
	<width>200</width>
	<height>72</height>
	<aspectratio align="right" aligny="bottom">keep</aspectratio>
	<texture background="true">$INFO[Skin.String(CustomMusicLogoPath)]$INFO[ListItem.Artist,,/logo.png]</texture>
	<fadetime>250</fadetime>	
	</control>
	<control type="image" id="1018"><!-- clearlogo e clearart -->
	<left>420</left>
	<top>578</top>
	<width>200</width>
	<height>72</height>
	<aspectratio align="right" aligny="bottom">keep</aspectratio>
	<texture background="true">$VAR[value_logoandclearart]</texture>
	<fadetime>250</fadetime>
	<visible>!Skin.HasSetting(noartwidevideo)</visible>
	</control>
	<control type="group"><!-- Linguagem de audio e legendas -->
	<left>20</left>
	<top>585</top>
    <include>AudioandSub</include>
	<visible>!Skin.HasSetting(nolanguageflags)</visible>
	</control>
	</control>
	<control type="group">
	<top>10</top>
	<animation effect="slide" start="700,0" end="0,0" time="400" easing="inout" tween="cubic">Visible</animation>
	<animation effect="slide" start="0,0" end="700,0" time="400" easing="inout" tween="cubic">Hidden</animation>
	<visible>Control.HasFocus(562)</visible>
	<control type="image">
	<left>650</left>
	<top>280</top>
	<height>1</height>
	<width>620</width>
	<texture>line.png</texture>
	</control>
	<control type="label">
	<include>WideLabel</include>
	<top>0</top>
	<label>$VAR[value_ground11_label]</label>
	</control>
	<control type="label">
	<include>WideValue</include>
	<top>0</top>
	<label>$VAR[value_ground11_value]</label>
	</control>
	<control type="label">
	<include>WideLabel</include>
	<top>44</top>
	<label>$VAR[value_ground12_label]</label>
	</control>
	<control type="label">
	<include>WideValue</include>
	<top>44</top>
	<label>$VAR[value_ground12_value]</label>
	</control>
	<control type="label">
	<include>WideLabel</include>
	<top>88</top>
	<label>$VAR[value_ground13_label]</label>
	</control>
	<control type="label">
	<include>WideValue</include>
	<top>88</top>
	<label>$VAR[value_ground13_value]</label>
	</control>
	<control type="label">
	<include>WideLabel</include>
	<top>132</top>
	<label>$VAR[value_ground15_label]</label>
	</control>
	<control type="label">
	<include>WideValue</include>
	<top>132</top>
	<label>$VAR[value_ground15_value]</label>
	</control>
	<control type="label">
	<include>WideLabel</include>
	<top>176</top>
	<label>$VAR[value_ground16_label]</label>
	<visible>![Container.Content(tvshows) | Container.Content(seasons) | Container.Content(episodes)]</visible>
	</control>
	<control type="label">
	<include>WideValue</include>
	<top>176</top>
	<label>$VAR[value_ground16_value]</label>
	<visible>![Container.Content(tvshows) | Container.Content(seasons) | Container.Content(episodes)]</visible>
	</control>
	<control type="label">
	<include>WideLabel</include>
	<top>220</top>
	<label>$VAR[value_ground14_label]</label>
	<visible>!Container.Content(albums)</visible>
	</control>
	<control type="label">
	<include>WideValue</include>
	<top>220</top>
	<label>$VAR[value_ground14_value]</label>
	<visible>!Container.Content(albums)</visible>
	</control>
	</control>
	<control type="scrollbar" id="80">
	<include>ScrollBar_Vertical</include>
	<left>5</left>
	<top>68</top>
	<height>580</height>
	<onleft>9900</onleft>
	<onright>59</onright>
	<include>Animation_Fade</include>
	<visible allowhiddenfocus="true">Control.IsVisible(59) + Control.HasFocus(80)</visible>
	</control>
	</control>
	</include>
</includes>