<?xml version="1.0" encoding="UTF-8"?>
<includes><!-- Aeon MQ 6 -->
	<!--##################################################################################   VISTA WALL - ID 56   ##################################################################################-->
	<include name="Wall_Dimmer">
	<animation effect="fade" start="100" end="50" time="300" condition="[SubString(skin.string(panel_seconds),1) + System.IdleTime(1) | SubString(skin.string(panel_seconds),2) + System.IdleTime(2) | SubString(skin.string(panel_seconds),3) + System.IdleTime(3) | SubString(skin.string(panel_seconds),4) + System.IdleTime(4) | SubString(skin.string(panel_seconds),5) + System.IdleTime(5)] + SubString(skin.string(wallvideopanel),auto) + Control.HasFocus(56) + SubString(skin.string(wallglass),50)">conditional</animation>	
	<animation effect="fade" start="100" end="45" time="300" condition="[SubString(skin.string(panel_seconds),1) + System.IdleTime(1) | SubString(skin.string(panel_seconds),2) + System.IdleTime(2) | SubString(skin.string(panel_seconds),3) + System.IdleTime(3) | SubString(skin.string(panel_seconds),4) + System.IdleTime(4) | SubString(skin.string(panel_seconds),5) + System.IdleTime(5)] + SubString(skin.string(wallvideopanel),auto) + Control.HasFocus(56) + SubString(skin.string(wallglass),45)">conditional</animation>	
	<animation effect="fade" start="100" end="40" time="300" condition="[SubString(skin.string(panel_seconds),1) + System.IdleTime(1) | SubString(skin.string(panel_seconds),2) + System.IdleTime(2) | SubString(skin.string(panel_seconds),3) + System.IdleTime(3) | SubString(skin.string(panel_seconds),4) + System.IdleTime(4) | SubString(skin.string(panel_seconds),5) + System.IdleTime(5)] + SubString(skin.string(wallvideopanel),auto) + Control.HasFocus(56) + SubString(skin.string(wallglass),40)">conditional</animation>	
	<animation effect="fade" start="100" end="35" time="300" condition="[SubString(skin.string(panel_seconds),1) + System.IdleTime(1) | SubString(skin.string(panel_seconds),2) + System.IdleTime(2) | SubString(skin.string(panel_seconds),3) + System.IdleTime(3) | SubString(skin.string(panel_seconds),4) + System.IdleTime(4) | SubString(skin.string(panel_seconds),5) + System.IdleTime(5)] + SubString(skin.string(wallvideopanel),auto) + Control.HasFocus(56) + SubString(skin.string(wallglass),35)">conditional</animation>	
	<animation effect="fade" start="100" end="30" time="300" condition="[SubString(skin.string(panel_seconds),1) + System.IdleTime(1) | SubString(skin.string(panel_seconds),2) + System.IdleTime(2) | SubString(skin.string(panel_seconds),3) + System.IdleTime(3) | SubString(skin.string(panel_seconds),4) + System.IdleTime(4) | SubString(skin.string(panel_seconds),5) + System.IdleTime(5)] + SubString(skin.string(wallvideopanel),auto) + Control.HasFocus(56) + SubString(skin.string(wallglass),30)">conditional</animation>	
	<animation effect="fade" start="100" end="25" time="300" condition="[SubString(skin.string(panel_seconds),1) + System.IdleTime(1) | SubString(skin.string(panel_seconds),2) + System.IdleTime(2) | SubString(skin.string(panel_seconds),3) + System.IdleTime(3) | SubString(skin.string(panel_seconds),4) + System.IdleTime(4) | SubString(skin.string(panel_seconds),5) + System.IdleTime(5)] + SubString(skin.string(wallvideopanel),auto) + Control.HasFocus(56) + SubString(skin.string(wallglass),25)">conditional</animation>	
	<animation effect="fade" start="100" end="20" time="300" condition="[SubString(skin.string(panel_seconds),1) + System.IdleTime(1) | SubString(skin.string(panel_seconds),2) + System.IdleTime(2) | SubString(skin.string(panel_seconds),3) + System.IdleTime(3) | SubString(skin.string(panel_seconds),4) + System.IdleTime(4) | SubString(skin.string(panel_seconds),5) + System.IdleTime(5)] + SubString(skin.string(wallvideopanel),auto) + Control.HasFocus(56) + SubString(skin.string(wallglass),20)">conditional</animation>	
	<animation effect="fade" start="100" end="15" time="300" condition="[SubString(skin.string(panel_seconds),1) + System.IdleTime(1) | SubString(skin.string(panel_seconds),2) + System.IdleTime(2) | SubString(skin.string(panel_seconds),3) + System.IdleTime(3) | SubString(skin.string(panel_seconds),4) + System.IdleTime(4) | SubString(skin.string(panel_seconds),5) + System.IdleTime(5)] + SubString(skin.string(wallvideopanel),auto) + Control.HasFocus(56) + SubString(skin.string(wallglass),15)">conditional</animation>	
	<animation effect="fade" start="100" end="10" time="300" condition="[SubString(skin.string(panel_seconds),1) + System.IdleTime(1) | SubString(skin.string(panel_seconds),2) + System.IdleTime(2) | SubString(skin.string(panel_seconds),3) + System.IdleTime(3) | SubString(skin.string(panel_seconds),4) + System.IdleTime(4) | SubString(skin.string(panel_seconds),5) + System.IdleTime(5)] + SubString(skin.string(wallvideopanel),auto) + Control.HasFocus(56) + SubString(skin.string(wallglass),10)">conditional</animation>	
	<animation effect="fade" start="100" end="5" time="300" condition="[SubString(skin.string(panel_seconds),1) + System.IdleTime(1) | SubString(skin.string(panel_seconds),2) + System.IdleTime(2) | SubString(skin.string(panel_seconds),3) + System.IdleTime(3) | SubString(skin.string(panel_seconds),4) + System.IdleTime(4) | SubString(skin.string(panel_seconds),5) + System.IdleTime(5)] + SubString(skin.string(wallvideopanel),auto) + Control.HasFocus(56) + SubString(skin.string(wallglass),05)">conditional</animation>	
	<animation effect="fade" start="100" end="0" time="300" condition="[SubString(skin.string(panel_seconds),1) + System.IdleTime(1) | SubString(skin.string(panel_seconds),2) + System.IdleTime(2) | SubString(skin.string(panel_seconds),3) + System.IdleTime(3) | SubString(skin.string(panel_seconds),4) + System.IdleTime(4) | SubString(skin.string(panel_seconds),5) + System.IdleTime(5)] + SubString(skin.string(wallvideopanel),auto) + Control.HasFocus(56) + SubString(skin.string(wallglass),00)">conditional</animation>	
	<animation effect="fade" start="100" end="50" time="0" condition="SubString(skin.string(wallglass),50) + Window.IsVisible(6636)">conditional</animation>	
	<animation effect="fade" start="100" end="45" time="0" condition="SubString(skin.string(wallglass),45) + Window.IsVisible(6636)">conditional</animation>	
	<animation effect="fade" start="100" end="40" time="0" condition="SubString(skin.string(wallglass),40) + Window.IsVisible(6636)">conditional</animation>	
	<animation effect="fade" start="100" end="35" time="0" condition="SubString(skin.string(wallglass),35) + Window.IsVisible(6636)">conditional</animation>	
	<animation effect="fade" start="100" end="30" time="0" condition="SubString(skin.string(wallglass),30) + Window.IsVisible(6636)">conditional</animation>	
	<animation effect="fade" start="100" end="25" time="0" condition="SubString(skin.string(wallglass),25) + Window.IsVisible(6636)">conditional</animation>	
	<animation effect="fade" start="100" end="20" time="0" condition="SubString(skin.string(wallglass),20) + Window.IsVisible(6636)">conditional</animation>	
	<animation effect="fade" start="100" end="15" time="0" condition="SubString(skin.string(wallglass),15) + Window.IsVisible(6636)">conditional</animation>	
	<animation effect="fade" start="100" end="10" time="0" condition="SubString(skin.string(wallglass),10) + Window.IsVisible(6636)">conditional</animation>	
	<animation effect="fade" start="100" end="05" time="0" condition="SubString(skin.string(wallglass),05) + Window.IsVisible(6636)">conditional</animation>	
	<animation effect="fade" start="100" end="0" time="0" condition="SubString(skin.string(wallglass),00) + Window.IsVisible(6636)">conditional</animation>	
	</include>
	<include name="Wall_Plot">	
	<visible>[SubString(skin.string(panel_seconds),1) + System.IdleTime(1) | SubString(skin.string(panel_seconds),2) + System.IdleTime(2) | SubString(skin.string(panel_seconds),3) + System.IdleTime(3) | SubString(skin.string(panel_seconds),4) + System.IdleTime(4) | SubString(skin.string(panel_seconds),5) + System.IdleTime(5)] + SubString(skin.string(wallvideopanel),auto) + Control.HasFocus(56)</visible>
	</include>
	<include name="Wall_ThumbDimmer">
	<left>0</left>
	<top>0</top>
	<texture>darkgrey.png</texture>
	<colordiffuse>$VAR[value_texturecolor]</colordiffuse>
	<animation effect="fade" start="100" end="45" condition="true">Conditional</animation>
	<include>Animation_Fade</include>
	<visible>[SubString(skin.string(panel_seconds),1) + System.IdleTime(1) | SubString(skin.string(panel_seconds),2) + System.IdleTime(2) | SubString(skin.string(panel_seconds),3) + System.IdleTime(3) | SubString(skin.string(panel_seconds),4) + System.IdleTime(4) | SubString(skin.string(panel_seconds),5) + System.IdleTime(5)] + Control.HasFocus(56)</visible>
	</include>
	<include name="ViewWallVideo">
	<control type="group">
	<animation effect="fade" time="400">VisibleChange</animation>
	<include>ViewBack</include><!-- Fundo -->
	<visible>Control.IsVisible(56)</visible>
	<control type="panel" id="56">
	<viewtype label="31805">Panel</viewtype>
	<left>0</left>
	<top>91</top>
	<width>1375</width>
	<height>553</height>
	<onleft>9900</onleft>
	<onup>9900</onup>
	<ondown>9920</ondown>
	<orientation>vertical</orientation>
	<pagecontrol>-</pagecontrol>
	<animation effect="slide" start="0,0" end="-62,0" time="500" delay="500" tween="cubic" easing="out" condition="Container(56).Column(12) + Skin.HasSetting(nowallvideocase) + SubString(skin.string(wallvideogrid),default) + Window.IsActive(25) + ![IsEmpty(ListItem.Art(discart)) | Skin.HasSetting(nowalldiscart) | SubString(ListItem.Path,videodb://movies/sets,left)]">Conditional</animation>
	<animation effect="slide" start="0,0" end="-80,0" time="500" delay="500" tween="cubic" easing="out" condition="Container(56).Column(10) + !Skin.HasSetting(nowallvideocase) + SubString(skin.string(wallvideogrid),default) + Window.IsActive(25) + ![IsEmpty(ListItem.Art(discart)) | Skin.HasSetting(nowalldiscart) | SubString(ListItem.Path,videodb://movies/sets,left)]">Conditional</animation>
	<animation effect="slide" start="0,0" end="-85,0" time="500" delay="500" tween="cubic" easing="out" condition="Container(56).Column(9) + SubString(skin.string(wallvideogrid),mid) + Window.IsActive(25) + ![IsEmpty(ListItem.Art(discart)) | Skin.HasSetting(nowalldiscart) | SubString(ListItem.Path,videodb://movies/sets,left)]">Conditional</animation>
	<animation effect="slide" start="0,0" end="-110,0" time="500" delay="500" tween="cubic" easing="out" condition="Container(56).Column(5) + SubString(skin.string(wallvideogrid),big) + Window.IsActive(25) + ![IsEmpty(ListItem.Art(discart)) | Skin.HasSetting(nowalldiscart) | SubString(ListItem.Path,videodb://movies/sets,left)]">Conditional</animation>
	<visible>![Container.Content(episodes) | Container.Content(sets) | Container.Content(years)]</visible>
	<itemlayout condition="[[Container.Content(movies) | Container.Content(musicvideos)] + Skin.HasSetting(nowallvideocase) | Container.Content(tvshows) | Container.Content(seasons) | Container.Content(genres) | Container.Content(countries) | Container.Content(studios) | Window.IsActive(videofiles)] + SubString(skin.string(wallvideogrid),default)" width="98.5" height="138"><!-- POSTER SEM ESTOJO - tamanho normal -->
	<control type="group">
	<include>Wall_Dimmer</include>
	<control type="image">
	<left>2</left>
	<top>2</top>
	<width>94</width>
	<height>134</height>
	<texture fallback="DefaultVideoPoster.png" background="true">$VAR[value_poster]</texture>
	<bordertexture border="-2">black.png</bordertexture>
	<aspectratio align="center">stretch</aspectratio>
	</control>
	<control type="image">
	<left>73</left>
	<top>1</top>
	<width>25</width>
	<height>25</height>
	<texture>$VAR[value_watchedstyle]</texture>
	<colordiffuse>$VAR[value_watchedcolor]</colordiffuse>
	<visible>!Skin.HasSetting(nooverlays) + StringCompare(ListItem.Overlay,OverlayWatched.png)</visible>
	</control>
	</control>
	</itemlayout>
	<itemlayout condition="[[Container.Content(movies) | Container.Content(musicvideos)] + Skin.HasSetting(nowallvideocase) | Container.Content(tvshows) | Container.Content(seasons) | Container.Content(genres) | Container.Content(countries) | Container.Content(studios) | Window.IsActive(videofiles)] + SubString(skin.string(wallvideogrid),mid)" width="128" height="184"><!-- POSTER SEM ESTOJO - tamanho medio -->
	<control type="group">
	<include>Wall_Dimmer</include>
	<control type="image">
	<left>2</left>
	<top>2</top>
	<width>124</width>
	<height>175</height>
	<texture fallback="DefaultVideoPoster.png" background="true">$VAR[value_poster]</texture>
	<bordertexture border="-2">black.png</bordertexture>
	<aspectratio align="center">stretch</aspectratio>
	</control>
	<control type="image">
	<left>104</left>
	<top>-1</top>
	<width>25</width>
	<height>25</height>
	<texture>$VAR[value_watchedstyle]</texture>
	<colordiffuse>$VAR[value_watchedcolor]</colordiffuse>
	<visible>!Skin.HasSetting(nooverlays) + StringCompare(ListItem.Overlay,OverlayWatched.png)</visible>
	</control>
	</control>
	</itemlayout>
	<itemlayout condition="[[Container.Content(movies) | Container.Content(musicvideos)] + Skin.HasSetting(nowallvideocase) | Container.Content(tvshows) | Container.Content(seasons) | Container.Content(genres) | Container.Content(countries) | Container.Content(studios) | Window.IsActive(videofiles)] + SubString(skin.string(wallvideogrid),big)" width="210" height="276"><!-- POSTER SEM ESTOJO - tamanho grande -->
	<control type="group">
	<include>Wall_Dimmer</include>
	<control type="image">
	<left>18</left>
	<top>2</top>
	<width>193</width>
	<height>272</height>
	<texture fallback="DefaultVideoPoster.png" background="true">$VAR[value_poster]</texture>
	<bordertexture border="-2">black.png</bordertexture>
	<aspectratio align="center">stretch</aspectratio>
	</control>
	<control type="image">
	<left>180</left>
	<top>-1</top>
	<width>35</width>
	<height>35</height>
	<texture>$VAR[value_watchedstyle]</texture>
	<colordiffuse>$VAR[value_watchedcolor]</colordiffuse>
	<visible>!Skin.HasSetting(nooverlays) + StringCompare(ListItem.Overlay,OverlayWatched.png)</visible>
	</control>
	</control>
	</itemlayout>
	<itemlayout condition="[Container.Content(movies) | Container.Content(musicvideos)] + !Skin.HasSetting(nowallvideocase) + SubString(skin.string(wallvideogrid),default)" width="116" height="184"><!-- POSTER ESTOJO - tamanho normal -->
	<control type="group">
	<include>Wall_Dimmer</include>
	<control type="image">
	<left>4</left>
	<top>21</top>
	<width>110</width>
	<height>156</height>
	<texture fallback="DefaultVideoPoster.png" background="true">$VAR[value_poster]</texture>
	<aspectratio align="center">stretch</aspectratio>
	</control>
	<control type="image"><!-- Estojo -->
	<left>-6</left>
	<top>-5</top>
	<width>135</width>
	<height>197</height>	
	<texture>$VAR[value_videocase0]</texture>
	<aspectratio align="center" aligny="bottom">stretch</aspectratio>
	<include>Animation_CaseGlass</include>
	</control>
	<control type="image"><!-- Codec -->
	<left>43</left>
	<top>-4</top>
	<width>34</width>
	<height>34</height>
	<align>center</align>
	<aligny>center</aligny>
	<aspectratio>keep</aspectratio>
	<texture>$VAR[value_videocodec0]</texture>
	</control>
	<control type="image">
	<left>89</left>
	<top>20</top>
	<width>25</width>
	<height>25</height>
	<texture>$VAR[value_watchedstyle]</texture>
	<colordiffuse>$VAR[value_watchedcolor]</colordiffuse>
	<visible>!Skin.HasSetting(nooverlays) + StringCompare(ListItem.Overlay,OverlayWatched.png)</visible>
	</control>
	</control>
	</itemlayout>
	<itemlayout condition="[Container.Content(movies) | Container.Content(musicvideos)] + !Skin.HasSetting(nowallvideocase) + SubString(skin.string(wallvideogrid),mid)" width="127.2" height="185"><!-- POSTER ESTOJO - tamanho medio -->
	<control type="group">
	<include>Wall_Dimmer</include>
	<control type="image">
	<left>4.5</left>
	<top>17</top>
	<width>124</width>
	<height>162</height>
	<texture fallback="DefaultVideoPoster.png" background="true">$VAR[value_poster]</texture>
	<aspectratio align="center" aligny="top">stretch</aspectratio>
	</control>
	<control type="image"><!-- Estojo -->
	<left>-6</left>
	<top>-10</top>
	<width>150</width>
	<height>205</height>	
	<texture>$VAR[value_videocase0]</texture>
	<aspectratio align="center" aligny="bottom">stretch</aspectratio>
	<include>Animation_CaseGlass</include>
	</control>
	<control type="image"><!-- Codec -->
	<left>50</left>
	<top>-8</top>
	<width>34</width>
	<height>34</height>
	<align>center</align>
	<aligny>center</aligny>
	<aspectratio>keep</aspectratio>
	<texture>$VAR[value_videocodec0]</texture>
	</control>
	<control type="image">
	<left>101</left>
	<top>17</top>
	<width>25</width>
	<height>25</height>
	<texture>$VAR[value_watchedstyle]</texture>
	<colordiffuse>$VAR[value_watchedcolor]</colordiffuse>
	<visible>!Skin.HasSetting(nooverlays) + StringCompare(ListItem.Overlay,OverlayWatched.png)</visible>
	</control>
	</control>
	</itemlayout>
	<itemlayout condition="[Container.Content(movies) | Container.Content(musicvideos)] + !Skin.HasSetting(nowallvideocase) + SubString(skin.string(wallvideogrid),big)" width="210" height="278"><!-- POSTER ESTOJO - tamanho grande -->
	<control type="group">
	<include>Wall_Dimmer</include>
	<control type="image">
	<left>24</left>
	<top>25</top>
	<width>175</width>
	<height>244</height>
	<texture fallback="DefaultVideoPoster.png" background="true">$VAR[value_poster]</texture>
	<aspectratio align="center">stretch</aspectratio>
	</control>
	<control type="image"><!-- Estojo -->
	<left>8</left>
	<top>-15</top>
	<width>215</width>
	<height>308</height>	
	<texture>$VAR[value_videocase0]</texture>
	<aspectratio align="center" aligny="bottom">stretch</aspectratio>
	<include>Animation_CaseGlass</include>
	</control>
	<control type="image"><!-- Codec -->
	<left>88</left>
	<top>-12</top>
	<width>50</width>
	<height>50</height>
	<align>center</align>
	<aligny>center</aligny>
	<aspectratio>keep</aspectratio>
	<texture>$VAR[value_videocodec0]</texture>
	</control>
	<control type="image">
	<left>163</left>
	<top>24</top>
	<width>35</width>
	<height>35</height>
	<texture>$VAR[value_watchedstyle]</texture>
	<colordiffuse>$VAR[value_watchedcolor]</colordiffuse>
	<visible>!Skin.HasSetting(nooverlays) + StringCompare(ListItem.Overlay,OverlayWatched.png)</visible>
	</control>
	</control>
	</itemlayout>
	<focusedlayout condition="[[Container.Content(movies) | Container.Content(musicvideos)] + Skin.HasSetting(nowallvideocase) | Container.Content(tvshows) | Container.Content(seasons) | Container.Content(genres) | Container.Content(countries) | Container.Content(studios) | Window.IsActive(videofiles)] + SubString(skin.string(wallvideogrid),default)" width="98.5" height="138"><!-- POSTER SEM ESTOJO - tamanho normal -->
	<control type="group"><!-- CDART VIDEO -->
	<animation type="WindowOpen">
	<effect type="slide" start="-42,0" end="0,0" time="500" delay="500" tween="cubic" easing="out"/>
	<effect type="fade" start="0" end="100" time="500" delay="500"/>
	</animation>
	<animation type="Focus">
	<effect type="slide" start="-42,0" end="0,0" time="500" delay="500" tween="cubic" easing="out"/>
	<effect type="fade" start="0" end="100" time="500" delay="500"/>
	</animation>
	<animation effect="fade" start="100" end="0" time="200">WindowClose</animation>
	<animation type="Unfocus">
	<effect type="slide" start="0,0" end="-42,0" time="300" tween="cubic" easing="out"/>
	<effect type="fade" start="100" end="0" time="200"/>
	</animation>
	<visible>![IsEmpty(ListItem.Art(discart)) | Skin.HasSetting(nowalldiscart) | SubString(ListItem.Path,videodb://movies/sets,left)] + Window.IsActive(25)</visible>
	<control type="image">
	<left>42</left>
	<top>10</top>
	<width>110</width>
	<height>110</height>
	<texture diffuse="cdart_diffuse.png" background="true">$INFO[ListItem.Art(discart)]</texture>
	<fadetime>FanartCrossFadeTime</fadetime>
	<aspectratio align="center" aligny="center">keep</aspectratio>
	<animation effect="rotate" start="0" end="-360" center="auto" time="40000" delay="5000" loop="true" reversible="false" condition="!Player.HasVideo">Conditional</animation>
	<include>Animation_ViewsCDart</include>
	</control>
	</control>
	<control type="image">
	<left>2</left>
	<top>2</top>
	<width>94</width>
	<height>134</height>
	<texture fallback="DefaultVideoPoster.png" background="true">$VAR[value_poster]</texture>
	<bordertexture border="-2">grey.png</bordertexture>
	<aspectratio align="center">stretch</aspectratio>
	<animation type="Focus" reversible="false">
	<effect type="zoom" center="auto" start="80" end="100" time="400" tween="back" easing="out" />
	<effect type="fade" start="80" end="100" time="400" />
	</animation>
	</control>
	<control type="image">
	<left>73</left>
	<top>1</top>
	<width>25</width>
	<height>25</height>
	<texture>$VAR[value_watchedstyle]</texture>
	<colordiffuse>$VAR[value_watchedcolor]</colordiffuse>
	<animation type="Focus" reversible="false">
	<effect type="zoom" center="60,60" start="80" end="100" time="400" tween="back" easing="out" />
	<effect type="fade" start="80" end="100" time="400" />
	</animation>
	<visible>!Skin.HasSetting(nooverlays) + StringCompare(ListItem.Overlay,OverlayWatched.png)</visible>
	</control>
	</focusedlayout>
	<focusedlayout condition="[[Container.Content(movies) | Container.Content(musicvideos)] + Skin.HasSetting(nowallvideocase) | Container.Content(tvshows) | Container.Content(seasons) | Container.Content(genres) | Container.Content(countries) | Container.Content(studios) | Window.IsActive(videofiles)] + SubString(skin.string(wallvideogrid),mid)" width="128" height="184"><!-- POSTER SEM ESTOJO - tamanho medio -->
	<control type="group"><!-- CDART VIDEO -->
	<animation type="WindowOpen">
	<effect type="slide" start="-54,0" end="0,0" time="500" delay="500" tween="cubic" easing="out"/>
	<effect type="fade" start="0" end="100" time="500" delay="500"/>
	</animation>
	<animation type="Focus">
	<effect type="slide" start="-54,0" end="0,0" time="500" delay="500" tween="cubic" easing="out"/>
	<effect type="fade" start="0" end="100" time="500" delay="500"/>
	</animation>
	<animation effect="fade" start="100" end="0" time="200">WindowClose</animation>
	<animation type="Unfocus">
	<effect type="slide" start="0,0" end="-54,0" time="300" tween="cubic" easing="out"/>
	<effect type="fade" start="100" end="0" time="200"/>
	</animation>
	<visible>![IsEmpty(ListItem.Art(discart)) | Skin.HasSetting(nowalldiscart) | SubString(ListItem.Path,videodb://movies/sets,left)] + Window.IsActive(25)</visible>
	<control type="image">
	<left>54</left>
	<top>10</top>
	<width>145</width>
	<height>145</height>
	<texture diffuse="cdart_diffuse.png" background="true">$INFO[ListItem.Art(discart)]</texture>
	<fadetime>FanartCrossFadeTime</fadetime>
	<aspectratio align="center" aligny="center">keep</aspectratio>
	<animation effect="rotate" start="0" end="-360" center="auto" time="40000" delay="5000" loop="true" reversible="false" condition="!Player.HasVideo">Conditional</animation>
	<include>Animation_ViewsCDart</include>
	</control>
	</control>
	<control type="image">
	<left>2</left>
	<top>2</top>
	<width>124</width>
	<height>175</height>
	<texture fallback="DefaultVideoPoster.png" background="true">$VAR[value_poster]</texture>
	<bordertexture border="-2">grey.png</bordertexture>
	<aspectratio align="center">stretch</aspectratio>
	<animation type="Focus" reversible="false">
	<effect type="zoom" center="auto" start="80" end="100" time="400" tween="back" easing="out" />
	<effect type="fade" start="80" end="100" time="400" />
	</animation>
	</control>
	<control type="image">
	<left>105</left>
	<top>-2</top>
	<width>25</width>
	<height>25</height>
	<texture>$VAR[value_watchedstyle]</texture>
	<colordiffuse>$VAR[value_watchedcolor]</colordiffuse>
	<animation type="Focus" reversible="false">
	<effect type="zoom" center="60,60" start="80" end="100" time="400" tween="back" easing="out" />
	<effect type="fade" start="80" end="100" time="400" />
	</animation>
	<visible>!Skin.HasSetting(nooverlays) + StringCompare(ListItem.Overlay,OverlayWatched.png)</visible>
	</control>
	</focusedlayout>
	<focusedlayout condition="[[Container.Content(movies) | Container.Content(musicvideos)] + Skin.HasSetting(nowallvideocase) | Container.Content(tvshows) | Container.Content(seasons) | Container.Content(genres) | Container.Content(countries) | Container.Content(studios) | Window.IsActive(videofiles)] + SubString(skin.string(wallvideogrid),big)" width="210" height="276"><!-- POSTER SEM ESTOJO - tamanho grande -->
	<control type="group"><!-- CDART VIDEO -->
	<animation type="WindowOpen">
	<effect type="slide" start="-93,0" end="0,0" time="500" delay="500" tween="cubic" easing="out"/>
	<effect type="fade" start="0" end="100" time="500" delay="500"/>
	</animation>
	<animation type="Focus">
	<effect type="slide" start="-93,0" end="0,0" time="500" delay="500" tween="cubic" easing="out"/>
	<effect type="fade" start="0" end="100" time="500" delay="500"/>
	</animation>
	<animation effect="fade" start="100" end="0" time="200">WindowClose</animation>
	<animation type="Unfocus">
	<effect type="slide" start="0,0" end="-93,0" time="300" tween="cubic" easing="out"/>
	<effect type="fade" start="100" end="0" time="200"/>
	</animation>
	<visible>![IsEmpty(ListItem.Art(discart)) | Skin.HasSetting(nowalldiscart) | SubString(ListItem.Path,videodb://movies/sets,left)] + Window.IsActive(25)</visible>
	<control type="image">
	<left>93</left>
	<top>20</top>
	<width>230</width>
	<height>230</height>
	<texture diffuse="cdart_diffuse.png" background="true">$INFO[ListItem.Art(discart)]</texture>
	<fadetime>FanartCrossFadeTime</fadetime>
	<aspectratio align="center" aligny="center">keep</aspectratio>
	<animation effect="rotate" start="0" end="-360" center="auto" time="40000" delay="5000" loop="true" reversible="false" condition="!Player.HasVideo">Conditional</animation>
	<include>Animation_ViewsCDart</include>
	</control>
	</control>
	<control type="image">
	<left>18</left>
	<top>2</top>
	<width>193</width>
	<height>272</height>
	<texture fallback="DefaultVideoPoster.png" background="true">$VAR[value_poster]</texture>
	<bordertexture border="-2">grey.png</bordertexture>
	<aspectratio align="center">stretch</aspectratio>
	<animation type="Focus" reversible="false">
	<effect type="zoom" center="auto" start="80" end="100" time="400" tween="back" easing="out" />
	<effect type="fade" start="80" end="100" time="400" />
	</animation>
	</control>
	<control type="image">
	<left>180</left>
	<top>-1</top>
	<width>35</width>
	<height>35</height>
	<texture>$VAR[value_watchedstyle]</texture>
	<colordiffuse>$VAR[value_watchedcolor]</colordiffuse>
	<animation type="Focus" reversible="false">
	<effect type="zoom" center="60,60" start="80" end="100" time="400" tween="back" easing="out" />
	<effect type="fade" start="80" end="100" time="400" />
	</animation>
	<visible>!Skin.HasSetting(nooverlays) + StringCompare(ListItem.Overlay,OverlayWatched.png)</visible>
	</control>
	</focusedlayout>
	<focusedlayout condition="[Container.Content(movies) | Container.Content(musicvideos)] + !Skin.HasSetting(nowallvideocase) + SubString(skin.string(wallvideogrid),default)" width="116" height="184"><!-- POSTER ESTOJO - tamanho normal -->
	<control type="group"><!-- CDART VIDEO -->
	<animation type="WindowOpen">
	<effect type="slide" start="-37,0" end="0,0" time="500" delay="500" tween="cubic" easing="out"/>
	<effect type="fade" start="0" end="100" time="500" delay="500"/>
	</animation>
	<animation type="Focus">
	<effect type="slide" start="-37,0" end="0,0" time="500" delay="500" tween="cubic" easing="out"/>
	<effect type="fade" start="0" end="100" time="500" delay="500"/>
	</animation>
	<animation effect="fade" start="100" end="0" time="200">WindowClose</animation>
	<animation type="Unfocus">
	<effect type="slide" start="0,0" end="-37,0" time="300" tween="cubic" easing="out"/>
	<effect type="fade" start="100" end="0" time="200"/>
	</animation>
	<visible>![IsEmpty(ListItem.Art(discart)) | Skin.HasSetting(nowalldiscart) | SubString(ListItem.Path,videodb://movies/sets,left)] + Window.IsActive(25)</visible>
	<control type="image">
	<left>37</left>
	<top>12</top>
	<width>150</width>
	<height>150</height>
	<texture diffuse="cdart_diffuse.png" background="true">$INFO[ListItem.Art(discart)]</texture>
	<fadetime>FanartCrossFadeTime</fadetime>
	<aspectratio align="center" aligny="center">keep</aspectratio>
	<animation effect="rotate" start="0" end="-360" center="auto" time="40000" delay="5000" loop="true" reversible="false" condition="!Player.HasVideo">Conditional</animation>
	<include>Animation_ViewsCDart</include>
	</control>
	</control>
	<control type="image">
	<left>4</left>
	<top>21</top>
	<width>110</width>
	<height>156</height>
	<texture fallback="DefaultVideoPoster.png" background="true">$VAR[value_poster]</texture>
	<aspectratio align="center">stretch</aspectratio>
	<animation type="Focus" reversible="false">
	<effect type="zoom" center="auto" start="80" end="100" time="400" tween="back" easing="out" />
	<effect type="fade" start="80" end="100" time="400" />
	</animation>
	</control>
	<control type="image"><!-- Estojo -->
	<left>-6</left>
	<top>-5</top>
	<width>135</width>
	<height>197</height>	
	<texture>$VAR[value_videocase0]</texture>
	<aspectratio align="center" aligny="bottom">stretch</aspectratio>
	<animation type="Focus" reversible="false">
	<effect type="zoom" center="auto" start="80" end="100" time="400" tween="back" easing="out" />
	<effect type="fade" start="80" end="100" time="400" />	
	</animation>
	<include>Animation_CaseGlass</include>
	</control>
	<control type="image"><!-- Codec -->
	<left>43</left>
	<top>-4</top>
	<width>34</width>
	<height>34</height>
	<align>center</align>
	<aligny>center</aligny>
	<aspectratio>keep</aspectratio>
	<texture>$VAR[value_videocodec0]</texture>
	<animation type="Focus" reversible="false">
	<effect type="zoom" center="60,90" start="80" end="100" time="400" tween="back" easing="out" />
	<effect type="fade" start="80" end="100" time="400" />
	</animation>
	</control>
	<control type="image">
	<left>89</left>
	<top>20</top>
	<width>25</width>
	<height>25</height>
	<texture>$VAR[value_watchedstyle]</texture>
	<colordiffuse>$VAR[value_watchedcolor]</colordiffuse>
	<animation type="Focus" reversible="false">
	<effect type="zoom" center="70,70" start="80" end="100" time="400" tween="back" easing="out" />
	<effect type="fade" start="80" end="100" time="400" />
	</animation>
	<visible>!Skin.HasSetting(nooverlays) + StringCompare(ListItem.Overlay,OverlayWatched.png)</visible>
	</control>
	</focusedlayout>
	<focusedlayout condition="[Container.Content(movies) | Container.Content(musicvideos)] + !Skin.HasSetting(nowallvideocase) + SubString(skin.string(wallvideogrid),mid)" width="127.2" height="185"><!-- POSTER ESTOJO - tamanho medio -->
	<control type="group"><!-- CDART VIDEO -->
	<animation type="WindowOpen">
	<effect type="slide" start="-45,0" end="0,0" time="500" delay="500" tween="cubic" easing="out"/>
	<effect type="fade" start="0" end="100" time="500" delay="500"/>
	</animation>
	<animation type="Focus">
	<effect type="slide" start="-45,0" end="0,0" time="500" delay="500" tween="cubic" easing="out"/>
	<effect type="fade" start="0" end="100" time="500" delay="500"/>
	</animation>
	<animation effect="fade" start="100" end="0" time="200">WindowClose</animation>
	<animation type="Unfocus">
	<effect type="slide" start="0,0" end="-45,0" time="300" tween="cubic" easing="out"/>
	<effect type="fade" start="100" end="0" time="200"/>
	</animation>
	<visible>![IsEmpty(ListItem.Art(discart)) | Skin.HasSetting(nowalldiscart) | SubString(ListItem.Path,videodb://movies/sets,left)] + Window.IsActive(25)</visible>
	<control type="image">
	<left>45</left>
	<top>8</top>
	<width>160</width>
	<height>160</height>
	<texture diffuse="cdart_diffuse.png" background="true">$INFO[ListItem.Art(discart)]</texture>
	<fadetime>FanartCrossFadeTime</fadetime>
	<aspectratio align="center" aligny="center">keep</aspectratio>
	<animation effect="rotate" start="0" end="-360" center="auto" time="40000" delay="5000" loop="true" reversible="false" condition="!Player.HasVideo">Conditional</animation>
	<include>Animation_ViewsCDart</include>
	</control>
	</control>
	<control type="image">
	<left>4.5</left>
	<top>17</top>
	<width>124</width>
	<height>162</height>
	<texture fallback="DefaultVideoPoster.png" background="true">$VAR[value_poster]</texture>
	<aspectratio align="center" aligny="top">stretch</aspectratio>
	<animation type="Focus" reversible="false">
	<effect type="zoom" center="auto" start="80" end="100" time="400" tween="back" easing="out" />
	<effect type="fade" start="80" end="100" time="400" />
	</animation>
	</control>
	<control type="image"><!-- Estojo -->
	<left>-6</left>
	<top>-10</top>
	<width>150</width>
	<height>205</height>	
	<texture>$VAR[value_videocase0]</texture>
	<aspectratio align="center" aligny="bottom">stretch</aspectratio>
	<animation type="Focus" reversible="false">
	<effect type="zoom" center="auto" start="80" end="100" time="400" tween="back" easing="out" />
	<effect type="fade" start="80" end="100" time="400" />	
	</animation>
	<include>Animation_CaseGlass</include>
	</control>
	<control type="image"><!-- Codec -->
	<left>50</left>
	<top>-8</top>
	<width>34</width>
	<height>34</height>
	<align>center</align>
	<aligny>center</aligny>
	<aspectratio>keep</aspectratio>
	<texture>$VAR[value_videocodec0]</texture>
	<animation type="Focus" reversible="false">
	<effect type="zoom" center="60,90" start="80" end="100" time="400" tween="back" easing="out" />
	<effect type="fade" start="80" end="100" time="400" />
	</animation>
	</control>
	<control type="image">
	<left>101</left>
	<top>17</top>
	<width>25</width>
	<height>25</height>
	<texture>$VAR[value_watchedstyle]</texture>
	<colordiffuse>$VAR[value_watchedcolor]</colordiffuse>
	<animation type="Focus" reversible="false">
	<effect type="zoom" center="70,70" start="80" end="100" time="400" tween="back" easing="out" />
	<effect type="fade" start="80" end="100" time="400" />
	</animation>
	<visible>!Skin.HasSetting(nooverlays) + StringCompare(ListItem.Overlay,OverlayWatched.png)</visible>
	</control>
	</focusedlayout>
	<focusedlayout condition="[Container.Content(movies) | Container.Content(musicvideos)] + !Skin.HasSetting(nowallvideocase) + SubString(skin.string(wallvideogrid),big)" width="210" height="276"><!-- POSTER ESTOJO - tamanho grande -->
	<control type="group"><!-- CDART VIDEO -->
	<animation type="WindowOpen">
	<effect type="slide" start="-76,0" end="0,0" time="500" delay="500" tween="cubic" easing="out"/>
	<effect type="fade" start="0" end="100" time="500" delay="500"/>
	</animation>
	<animation type="Focus">
	<effect type="slide" start="-76,0" end="0,0" time="500" delay="500" tween="cubic" easing="out"/>
	<effect type="fade" start="0" end="100" time="500" delay="500"/>
	</animation>
	<animation effect="fade" start="100" end="0" time="200">WindowClose</animation>
	<animation type="Unfocus">
	<effect type="slide" start="0,0" end="-76,0" time="300" tween="cubic" easing="out"/>
	<effect type="fade" start="100" end="0" time="200"/>
	</animation>
	<visible>![IsEmpty(ListItem.Art(discart)) | Skin.HasSetting(nowalldiscart) | SubString(ListItem.Path,videodb://movies/sets,left)] + Window.IsActive(25)</visible>
	<control type="image">
	<left>76</left>
	<top>13</top>
	<width>240</width>
	<height>240</height>
	<texture diffuse="cdart_diffuse.png" background="true">$INFO[ListItem.Art(discart)]</texture>
	<fadetime>FanartCrossFadeTime</fadetime>
	<aspectratio align="center" aligny="center">keep</aspectratio>
	<animation effect="rotate" start="0" end="-360" center="auto" time="40000" delay="5000" loop="true" reversible="false" condition="!Player.HasVideo">Conditional</animation>
	<include>Animation_ViewsCDart</include>
	</control>
	</control>
	<control type="image">
	<left>24</left>
	<top>25</top>
	<width>175</width>
	<height>244</height>
	<texture fallback="DefaultVideoPoster.png" background="true">$VAR[value_poster]</texture>
	<aspectratio align="center">stretch</aspectratio>
	<animation type="Focus" reversible="false">
	<effect type="zoom" center="auto" start="80" end="100" time="400" tween="back" easing="out" />
	<effect type="fade" start="80" end="100" time="400" />
	</animation>
	</control>
	<control type="image"><!-- Estojo -->
	<left>8</left>
	<top>-15</top>
	<width>215</width>
	<height>308</height>	
	<texture>$VAR[value_videocase0]</texture>
	<aspectratio align="center" aligny="bottom">stretch</aspectratio>
	<animation type="Focus" reversible="false">
	<effect type="zoom" center="auto" start="80" end="100" time="400" tween="back" easing="out" />
	<effect type="fade" start="80" end="100" time="400" />	
	</animation>
	<include>Animation_CaseGlass</include>
	</control>
	<control type="image"><!-- Codec -->
	<left>88</left>
	<top>-12</top>
	<width>50</width>
	<height>50</height>
	<align>center</align>
	<aligny>center</aligny>
	<aspectratio>keep</aspectratio>
	<texture>$VAR[value_videocodec0]</texture>
	<animation type="Focus" reversible="false">
	<effect type="zoom" center="60,110" start="80" end="100" time="400" tween="back" easing="out" />
	<effect type="fade" start="80" end="100" time="400" />
	</animation>
	</control>
	<control type="image">
	<left>163</left>
	<top>24</top>
	<width>35</width>
	<height>35</height>
	<texture>$VAR[value_watchedstyle]</texture>
	<colordiffuse>$VAR[value_watchedcolor]</colordiffuse>
	<animation type="Focus" reversible="false">
	<effect type="zoom" center="70,70" start="80" end="100" time="400" tween="back" easing="out" />
	<effect type="fade" start="80" end="100" time="400" />
	</animation>
	<visible>!Skin.HasSetting(nooverlays) + StringCompare(ListItem.Overlay,OverlayWatched.png)</visible>
	</control>
	</focusedlayout>
	</control>	
	<control type="group"><!-- plot tamanho normal sem estojo -->	
	<animation effect="slide" start="0,0" end="-65,0" time="500" delay="500" tween="cubic" easing="out" condition="Container(56).Column(12) + Window.IsActive(25) + ![IsEmpty(ListItem.Art(discart)) | Skin.HasSetting(nowalldiscart) | SubString(ListItem.Path,videodb://movies/sets,left)]">Conditional</animation>
	<animation effect="slide" start="0,0" end="53,0" time="500" delay="500" tween="cubic" easing="out" condition="[Container(56).Column(0) | Container(56).Column(1) | Container(56).Column(2) | Container(56).Column(3) | Container(56).Column(4) | Container(56).Column(5) | Container(56).Column(6)] + Window.IsActive(25) + ![IsEmpty(ListItem.Art(discart)) | Skin.HasSetting(nowalldiscart) | SubString(ListItem.Path,videodb://movies/sets,left)]">Conditional</animation>
	<animation effect="slide" start="0,0" end="110,0" time="0" condition="Container(56).Column(0)">Conditional</animation>
	<animation effect="slide" start="0,0" end="208,0" time="0" condition="Container(56).Column(1)">Conditional</animation>
	<animation effect="slide" start="0,0" end="307,0" time="0" condition="Container(56).Column(2)">Conditional</animation>
	<animation effect="slide" start="0,0" end="405,0" time="0" condition="Container(56).Column(3)">Conditional</animation>
	<animation effect="slide" start="0,0" end="504,0" time="0" condition="Container(56).Column(4)">Conditional</animation>
	<animation effect="slide" start="0,0" end="602,0" time="0" condition="Container(56).Column(5)">Conditional</animation>
	<animation effect="slide" start="0,0" end="701,0" time="0" condition="Container(56).Column(6)">Conditional</animation>
	<animation effect="slide" start="0,0" end="180,0" time="0" condition="Container(56).Column(7)">Conditional</animation>
	<animation effect="slide" start="0,0" end="278,0" time="0" condition="Container(56).Column(8)">Conditional</animation>
	<animation effect="slide" start="0,0" end="376,0" time="0" condition="Container(56).Column(9)">Conditional</animation>
	<animation effect="slide" start="0,0" end="475,0" time="0" condition="Container(56).Column(10)">Conditional</animation>
	<animation effect="slide" start="0,0" end="574,0" time="0" condition="Container(56).Column(11)">Conditional</animation>
	<animation effect="slide" start="0,0" end="672,0" time="0" condition="Container(56).Column(12)">Conditional</animation>	
	<animation effect="slide" start="0,0" end="0,85" time="0" condition="Container(56).Row(0)">Conditional</animation>
	<animation effect="slide" start="0,0" end="0,223" time="0" condition="Container(56).Row(1)">Conditional</animation>
	<animation effect="slide" start="0,0" end="0,361" time="0" condition="Container(56).Row(2)">Conditional</animation>
	<animation effect="slide" start="0,0" end="0,499" time="0" condition="Container(56).Row(3)">Conditional</animation>
	<include>Wall_Plot</include>
	<visible>[SubString(skin.string(wallvideogrid),default) + Skin.HasSetting(nowallvideocase) + !StringCompare(ListItem.Label,..)] + [Container.Content(movies) | Container.Content(musicvideos)] | SubString(skin.string(wallvideogrid),default) + !StringCompare(ListItem.Label,..) + ![Container.Content(movies) | Container.Content(musicvideos)]</visible>
	<control type="image">
	<left>0</left>
	<top>5</top>
	<width>500</width>
	<height>25</height>
	<texture>gradient_focus.png</texture>
	<colordiffuse>$VAR[value_headercolor]</colordiffuse>
	</control>
	<control type="label">
	<left>0</left>
	<top>0</top>
	<width>500</width>
	<height>15</height>
	<textcolor>FFFFFAF0</textcolor>
	<label>$VAR[value_glasslistinfofocus]</label>
	<font>Font_18A</font>
	<scroll>true</scroll>
	<visible>!StringCompare(ListItem.Label,..)</visible>
	</control>
	<control type="image">
	<left>0</left>
	<top>25</top>
	<width>500</width>
	<height>2</height>
	<align>left</align>
	<texture flipx="true">divider.png</texture>
	</control>
	<control type="textbox">
	<left>0</left>
	<top>30</top>
	<width>500</width>
	<height>113</height>
	<label>$VAR[value_plot]</label>
	<font>Font_18A</font>
	<autoscroll delay="10000" time="4000" repeat="8000">!Skin.HasSetting(noallowscroll)</autoscroll>
	</control>
	</control>
	<control type="group"><!-- plot tamanho normal com estojo -->	
	<animation effect="slide" start="0,0" end="-80,0" time="500" delay="500" tween="cubic" easing="out" condition="Container(56).Column(10) + Window.IsActive(25) + ![IsEmpty(ListItem.Art(discart)) | Skin.HasSetting(nowalldiscart) | SubString(ListItem.Path,videodb://movies/sets,left)]">Conditional</animation>
	<animation effect="slide" start="0,0" end="65,0" time="500" delay="500" tween="cubic" easing="out" condition="[Container(56).Column(0) | Container(56).Column(1) | Container(56).Column(2) | Container(56).Column(3) | Container(56).Column(4) | Container(56).Column(5)] + Window.IsActive(25) + ![IsEmpty(ListItem.Art(discart)) | Skin.HasSetting(nowalldiscart) | SubString(ListItem.Path,videodb://movies/sets,left)]">Conditional</animation>
	<animation effect="slide" start="0,0" end="130,0" time="0" condition="Container(56).Column(0)">Conditional</animation>
	<animation effect="slide" start="0,0" end="246,0" time="0" condition="Container(56).Column(1)">Conditional</animation>
	<animation effect="slide" start="0,0" end="362,0" time="0" condition="Container(56).Column(2)">Conditional</animation>
	<animation effect="slide" start="0,0" end="478,0" time="0" condition="Container(56).Column(3)">Conditional</animation>
	<animation effect="slide" start="0,0" end="594,0" time="0" condition="Container(56).Column(4)">Conditional</animation>
	<animation effect="slide" start="0,0" end="710,0" time="0" condition="Container(56).Column(5)">Conditional</animation>
	<animation effect="slide" start="0,0" end="235,0" time="0" condition="Container(56).Column(6)">Conditional</animation>
	<animation effect="slide" start="0,0" end="351,0" time="0" condition="Container(56).Column(7)">Conditional</animation>
	<animation effect="slide" start="0,0" end="467,0" time="0" condition="Container(56).Column(8)">Conditional</animation>
	<animation effect="slide" start="0,0" end="583,0" time="0" condition="Container(56).Column(9)">Conditional</animation>
	<animation effect="slide" start="0,0" end="699,0" time="0" condition="Container(56).Column(10)">Conditional</animation>	
	<animation effect="slide" start="0,0" end="0,90" time="0" condition="Container(56).Row(0)">Conditional</animation>
	<animation effect="slide" start="0,0" end="0,274" time="0" condition="Container(56).Row(1)">Conditional</animation>
	<animation effect="slide" start="0,0" end="0,458" time="0" condition="Container(56).Row(2)">Conditional</animation>
	<include>Wall_Plot</include>
	<visible>SubString(skin.string(wallvideogrid),default) + ![Skin.HasSetting(nowallvideocase) | StringCompare(ListItem.Label,..)] + [Container.Content(movies) | Container.Content(musicvideos)]</visible>
	<control type="image">
	<left>0</left>
	<top>5</top>
	<width>450</width>
	<height>25</height>
	<texture>gradient_focus.png</texture>
	<colordiffuse>$VAR[value_headercolor]</colordiffuse>
	</control>
	<control type="label">
	<left>0</left>
	<top>0</top>
	<width>450</width>
	<height>15</height>
	<textcolor>FFFFFAF0</textcolor>
	<label>$VAR[value_glasslistinfofocus]</label>
	<font>Font_18A</font>
	<scroll>true</scroll>
	<visible>!StringCompare(ListItem.Label,..)</visible>
	</control>
	<control type="image">
	<left>0</left>
	<top>25</top>
	<width>450</width>
	<height>2</height>
	<align>left</align>
	<texture flipx="true">divider.png</texture>
	</control>
	<control type="textbox">
	<left>0</left>
	<top>30</top>
	<width>450</width>
	<height>156</height>
	<label>$VAR[value_plot]</label>
	<font>Font_18A</font>
	<autoscroll delay="10000" time="4000" repeat="8000">!Skin.HasSetting(noallowscroll)</autoscroll>
	</control>
	</control>
	<control type="group"><!-- plot tamanho medio -->
	<animation effect="slide" start="0,0" end="-85,0" time="500" delay="500" tween="cubic" easing="out" condition="Container(56).Column(9) + Window.IsActive(25) + ![IsEmpty(ListItem.Art(discart)) | Skin.HasSetting(nowalldiscart) | SubString(ListItem.Path,videodb://movies/sets,left)]">Conditional</animation>	
	<animation effect="slide" start="0,0" end="75,0" time="500" delay="500" tween="cubic" easing="out" condition="[Container(56).Column(0) | Container(56).Column(1) | Container(56).Column(2) | Container(56).Column(3) | Container(56).Column(4)] + Window.IsActive(25) + ![IsEmpty(ListItem.Art(discart)) | Skin.HasSetting(nowalldiscart) | SubString(ListItem.Path,videodb://movies/sets,left)]">Conditional</animation>
	<animation effect="slide" start="0,0" end="140,0" time="0" condition="Container(56).Column(0)">Conditional</animation>
	<animation effect="slide" start="0,0" end="268,0" time="0" condition="Container(56).Column(1)">Conditional</animation>
	<animation effect="slide" start="0,0" end="396,0" time="0" condition="Container(56).Column(2)">Conditional</animation>
	<animation effect="slide" start="0,0" end="524,0" time="0" condition="Container(56).Column(3)">Conditional</animation>
	<animation effect="slide" start="0,0" end="652,0" time="0" condition="Container(56).Column(4)">Conditional</animation>
	<animation effect="slide" start="0,0" end="125,0" time="0" condition="Container(56).Column(5)">Conditional</animation>
	<animation effect="slide" start="0,0" end="253,0" time="0" condition="Container(56).Column(6)">Conditional</animation>
	<animation effect="slide" start="0,0" end="381,0" time="0" condition="Container(56).Column(7)">Conditional</animation>
	<animation effect="slide" start="0,0" end="509,0" time="0" condition="Container(56).Column(8)">Conditional</animation>
	<animation effect="slide" start="0,0" end="637,0" time="0" condition="Container(56).Column(9)">Conditional</animation>
	<animation effect="slide" start="0,0" end="0,87" time="0" condition="Container(56).Row(0)">Conditional</animation>
	<animation effect="slide" start="0,0" end="0,271" time="0" condition="Container(56).Row(1)">Conditional</animation>
	<animation effect="slide" start="0,0" end="0,455" time="0" condition="Container(56).Row(2)">Conditional</animation>
	<include>Wall_Plot</include>
	<visible>SubString(skin.string(wallvideogrid),mid) + !StringCompare(ListItem.Label,..)</visible>
	<control type="image">
	<left>0</left>
	<top>5</top>
	<width>500</width>
	<height>25</height>
	<texture>gradient_focus.png</texture>
	<colordiffuse>$VAR[value_headercolor]</colordiffuse>
	</control>
	<control type="label">
	<left>0</left>
	<top>0</top>
	<width>500</width>
	<height>15</height>
	<textcolor>FFFFFAF0</textcolor>
	<label>$VAR[value_glasslistinfofocus]</label>
	<font>Font_18A</font>
	<scroll>true</scroll>
	<visible>!StringCompare(ListItem.Label,..)</visible>
	</control>
	<control type="image">
	<left>0</left>
	<top>25</top>
	<width>500</width>
	<height>2</height>
	<align>left</align>
	<texture flipx="true">divider.png</texture>
	</control>	
	<control type="textbox">
	<left>0</left>
	<top>30</top>
	<width>500</width>
	<height>156</height>
	<label>$VAR[value_plot]</label>
	<font>Font_18A</font>
	<autoscroll delay="8000" time="4000" repeat="8000">!Skin.HasSetting(noallowscroll)</autoscroll>
	</control>
	</control>
	<control type="group"><!-- plot tamanho grande -->
	<animation effect="slide" start="0,0" end="-110,0" time="500" delay="500" tween="cubic" easing="out" condition="Container(56).Column(5) + Window.IsActive(25) + ![IsEmpty(ListItem.Art(discart)) | Skin.HasSetting(nowalldiscart) | SubString(ListItem.Path,videodb://movies/sets,left)]">Conditional</animation>	
	<animation effect="slide" start="0,0" end="110,0" time="500" delay="500" tween="cubic" easing="out" condition="[Container(56).Column(0) | Container(56).Column(1) | Container(56).Column(2)] + Window.IsActive(25) + ![IsEmpty(ListItem.Art(discart)) | Skin.HasSetting(nowalldiscart) | SubString(ListItem.Path,videodb://movies/sets,left)]">Conditional</animation>
	<animation effect="slide" start="0,0" end="225,0" time="0" condition="Container(56).Column(0)">Conditional</animation>
	<animation effect="slide" start="0,0" end="435,0" time="0" condition="Container(56).Column(1)">Conditional</animation>
	<animation effect="slide" start="0,0" end="645,0" time="0" condition="Container(56).Column(2)">Conditional</animation>
	<animation effect="slide" start="0,0" end="170,0" time="0" condition="Container(56).Column(3)">Conditional</animation>
	<animation effect="slide" start="0,0" end="380,0" time="0" condition="Container(56).Column(4)">Conditional</animation>
	<animation effect="slide" start="0,0" end="590,0" time="0" condition="Container(56).Column(5)">Conditional</animation>
	<animation effect="slide" start="0,0" end="0,85" time="0" condition="Container(56).Row(0)">Conditional</animation>
	<animation effect="slide" start="0,0" end="0,361" time="0" condition="Container(56).Row(1)">Conditional</animation>
	<include>Wall_Plot</include>
	<visible>SubString(skin.string(wallvideogrid),big) + !StringCompare(ListItem.Label,..)</visible>
	<control type="image">
	<left>0</left>
	<top>5</top>
	<width>460</width>
	<height>25</height>
	<texture>gradient_focus.png</texture>
	<colordiffuse>$VAR[value_headercolor]</colordiffuse>
	</control>
	<control type="label">
	<left>0</left>
	<top>0</top>
	<width>460</width>
	<height>15</height>
	<textcolor>FFFFFAF0</textcolor>
	<label>$VAR[value_glasslistinfofocus]</label>
	<font>Font_18A</font>
	<scroll>true</scroll>
	<visible>!StringCompare(ListItem.Label,..)</visible>
	</control>
	<control type="image">
	<left>0</left>
	<top>25</top>
	<width>460</width>
	<height>2</height>
	<align>left</align>
	<texture flipx="true">divider.png</texture>
	</control>
	<control type="textbox">
	<left>0</left>
	<top>30</top>
	<width>460</width>
	<height>242</height>
	<label>$VAR[value_plot]</label>
	<font>Font_18A</font>
	<autoscroll delay="8000" time="4000" repeat="8000">!Skin.HasSetting(noallowscroll)</autoscroll>
	</control>
	</control>
	</control>
	</include>
	<include name="ViewWallAudio">
	<control type="group">
	<include>ViewBack</include><!-- Fundo -->
	<visible>Control.IsVisible(56)</visible>
	<control type="panel" id="56">
	<viewtype label="31805">Panel</viewtype>
	<left>0</left>
	<top>100</top>
	<width>1285</width>
	<height>534</height>
	<onleft>9900</onleft>
	<onup>9900</onup>
	<ondown>9920</ondown>
	<orientation>vertical</orientation>
	<pagecontrol>-</pagecontrol>
	<visible>Window.IsActive(500) | Window.IsActive(501) | Window.IsActive(502)</visible>
	<itemlayout condition="SubString(skin.string(wallmusicgrid),default)" width="106.5" height="106.5"><!-- tamanho normal -->
	<control type="image">
	<left>2</left>
	<top>2</top>
	<width>103</width>
	<height>103</height>
	<texture fallback="DefaultAudioCover.png" background="true">$VAR[value_poster]</texture>
	<bordertexture border="-2">black.png</bordertexture>
	<aspectratio align="center">stretch</aspectratio>
	</control>
	</itemlayout>
	<itemlayout condition="SubString(skin.string(wallmusicgrid),mid)" width="182" height="184"><!-- tamanho medio -->
	<control type="image">
	<left>5</left>
	<top>2</top>
	<width>175</width>
	<height>175</height>
	<texture fallback="DefaultAudioCover.png" background="true">$VAR[value_poster]</texture>
	<bordertexture border="-2">black.png</bordertexture>
	<aspectratio align="center">stretch</aspectratio>
	</control>
	</itemlayout>
	<itemlayout condition="SubString(skin.string(wallmusicgrid),big)" width="321" height="276"><!-- tamanho grande -->
	<control type="image">
	<left>22</left>
	<top>2</top>
	<width>272</width>
	<height>272</height>
	<texture fallback="DefaultAudioCover.png" background="true">$VAR[value_poster]</texture>
	<bordertexture border="-2">black.png</bordertexture>
	<aspectratio align="center">stretch</aspectratio>
	</control>
	</itemlayout>
	<focusedlayout condition="SubString(skin.string(wallmusicgrid),default)" width="106.5" height="106.5"><!-- tamanho normal -->
	<control type="image">
	<left>2</left>
	<top>2</top>
	<width>103</width>
	<height>103</height>
	<texture fallback="DefaultAudioCover.png" background="true">$VAR[value_poster]</texture>
	<bordertexture border="-2">grey.png</bordertexture>
	<aspectratio align="center">stretch</aspectratio>
	<animation type="Focus" reversible="false">
	<effect type="zoom" center="auto" start="80" end="100" time="400" tween="back" easing="out" />
	<effect type="fade" start="80" end="100" time="400" />
	</animation>
	</control>
	</focusedlayout>
	<focusedlayout condition="SubString(skin.string(wallmusicgrid),mid)" width="182" height="184"><!-- tamanho medio -->
	<control type="image">
	<left>5</left>
	<top>2</top>
	<width>175</width>
	<height>175</height>
	<texture fallback="DefaultAudioCover.png" background="true">$VAR[value_poster]</texture>
	<bordertexture border="-2">grey.png</bordertexture>
	<aspectratio align="center">stretch</aspectratio>
	<animation type="Focus" reversible="false">
	<effect type="zoom" center="auto" start="80" end="100" time="400" tween="back" easing="out" />
	<effect type="fade" start="80" end="100" time="400" />
	</animation>
	</control>
	</focusedlayout>
	<focusedlayout condition="SubString(skin.string(wallmusicgrid),big)" width="321" height="276"><!-- tamanho grande -->
	<control type="image">
	<left>22</left>
	<top>2</top>
	<width>272</width>
	<height>272</height>
	<texture fallback="DefaultAudioCover.png" background="true">$VAR[value_poster]</texture>
	<bordertexture border="-2">grey.png</bordertexture>
	<aspectratio align="center">stretch</aspectratio>
	<animation type="Focus" reversible="false">
	<effect type="zoom" center="auto" start="80" end="100" time="400" tween="back" easing="out" />
	<effect type="fade" start="80" end="100" time="400" />
	</animation>
	</control>
	</focusedlayout>
	</control>
	</control>
	</include>
	<include name="ViewWallPrograms">
	<control type="group">
	<include>ViewBack</include><!-- Fundo -->
	<visible>Control.IsVisible(56)</visible>
	<control type="panel" id="56">
	<viewtype label="31805">Panel</viewtype>
	<left>0</left>
	<top>100</top>
	<width>1285</width>
	<height>534</height>
	<onleft>9900</onleft>
	<onup>9900</onup>
	<ondown>9920</ondown>
	<orientation>vertical</orientation>
	<pagecontrol>-</pagecontrol>
	<visible>Window.IsActive(1)</visible>
	<itemlayout condition="SubString(skin.string(wallprogramsgrid),default)" width="106.5" height="106.5"><!-- tamanho normal -->
	<control type="image">
	<left>2</left>
	<top>2</top>
	<width>103</width>
	<height>103</height>
	<texture fallback="DefaultAddon.png" background="true">$VAR[value_poster]</texture>
	<bordertexture border="-2">black.png</bordertexture>
	<aspectratio align="center">keep</aspectratio>
	</control>
	<control type="image">
	<include>Wall_ThumbDimmer</include>
	<width>106.5</width>
	<height>106.5</height>
	</control>
	</itemlayout>
	<itemlayout condition="SubString(skin.string(wallprogramsgrid),mid)" width="182" height="184"><!-- tamanho medio -->
	<control type="image">
	<left>5</left>
	<top>2</top>
	<width>175</width>
	<height>175</height>
	<texture fallback="DefaultAddon.png" background="true">$VAR[value_poster]</texture>
	<bordertexture border="-2">black.png</bordertexture>
	<aspectratio align="center">keep</aspectratio>
	</control>
	<control type="image">
	<include>Wall_ThumbDimmer</include>
	<width>182</width>
	<height>184</height>
	</control>
	</itemlayout>
	<itemlayout condition="SubString(skin.string(wallprogramsgrid),big)" width="321" height="276"><!-- tamanho grande -->
	<control type="image">
	<left>22</left>
	<top>2</top>
	<width>272</width>
	<height>272</height>
	<texture fallback="DefaultAddon.png" background="true">$VAR[value_poster]</texture>
	<bordertexture border="-2">black.png</bordertexture>
	<aspectratio align="center">keep</aspectratio>
	</control>
	<control type="image">
	<include>Wall_ThumbDimmer</include>
	<width>321</width>
	<height>276</height>
	</control>
	</itemlayout>
	<focusedlayout condition="SubString(skin.string(wallprogramsgrid),default)" width="106.5" height="106.5"><!-- tamanho normal -->
	<control type="image">
	<left>2</left>
	<top>2</top>
	<width>103</width>
	<height>103</height>
	<texture fallback="DefaultAddon.png" background="true">$VAR[value_poster]</texture>
	<bordertexture border="-2">grey.png</bordertexture>
	<aspectratio align="center">keep</aspectratio>
	<animation type="Focus" reversible="false">
	<effect type="zoom" center="auto" start="80" end="100" time="400" tween="back" easing="out" />
	<effect type="fade" start="80" end="100" time="400" />
	</animation>
	</control>
	</focusedlayout>
	<focusedlayout condition="SubString(skin.string(wallprogramsgrid),mid)" width="182" height="184"><!-- tamanho medio -->
	<control type="image">
	<left>5</left>
	<top>2</top>
	<width>175</width>
	<height>175</height>
	<texture fallback="DefaultAddon.png" background="true">$VAR[value_poster]</texture>
	<bordertexture border="-2">grey.png</bordertexture>
	<aspectratio align="center">keep</aspectratio>
	<animation type="Focus" reversible="false">
	<effect type="zoom" center="auto" start="80" end="100" time="400" tween="back" easing="out" />
	<effect type="fade" start="80" end="100" time="400" />
	</animation>
	</control>
	</focusedlayout>
	<focusedlayout condition="SubString(skin.string(wallprogramsgrid),big)" width="321" height="276"><!-- tamanho grande -->
	<control type="image">
	<left>22</left>
	<top>2</top>
	<width>272</width>
	<height>272</height>
	<texture fallback="DefaultAddon.png" background="true">$VAR[value_poster]</texture>
	<bordertexture border="-2">grey.png</bordertexture>
	<aspectratio align="center">keep</aspectratio>
	<animation type="Focus" reversible="false">
	<effect type="zoom" center="auto" start="80" end="100" time="400" tween="back" easing="out" />
	<effect type="fade" start="80" end="100" time="400" />
	</animation>
	</control>
	</focusedlayout>
	</control>
	</control>
	</include>
	<include name="ViewWallPics">
	<control type="group">
	<include>ViewBack</include><!-- Fundo -->
	<visible>Control.IsVisible(56)</visible>
	<control type="panel" id="56">
	<viewtype label="31805">Panel</viewtype>
	<left>0</left>
	<top>100</top>
	<width>1285</width>
	<height>534</height>
	<onleft>9900</onleft>
	<onup>9900</onup>
	<ondown>9920</ondown>
	<orientation>vertical</orientation>
	<pagecontrol>-</pagecontrol>
	<visible>Window.IsActive(2)</visible>
	<itemlayout condition="SubString(skin.string(wallpicsgrid),default)" width="106.5" height="106.5"><!-- tamanho normal -->
	<control type="image">
	<left>2</left>
	<top>2</top>
	<width>103</width>
	<height>103</height>
	<texture fallback="DefaultAddon.png" background="true">$VAR[value_poster]</texture>
	<bordertexture border="-2">black.png</bordertexture>
	<aspectratio align="center">keep</aspectratio>
	</control>
	<control type="image">
	<include>Wall_ThumbDimmer</include>
	<width>106.5</width>
	<height>106.5</height>
	</control>
	</itemlayout>
	<itemlayout condition="SubString(skin.string(wallpicsgrid),mid)" width="182" height="184"><!-- tamanho medio -->
	<control type="image">
	<left>5</left>
	<top>2</top>
	<width>175</width>
	<height>175</height>
	<texture fallback="DefaultAddon.png" background="true">$VAR[value_poster]</texture>
	<bordertexture border="-2">black.png</bordertexture>
	<aspectratio align="center">keep</aspectratio>
	</control>
	<control type="image">
	<include>Wall_ThumbDimmer</include>
	<width>182</width>
	<height>184</height>
	</control>
	</itemlayout>
	<itemlayout condition="SubString(skin.string(wallpicsgrid),big)" width="321" height="276"><!-- tamanho grande -->
	<control type="image">
	<left>22</left>
	<top>2</top>
	<width>272</width>
	<height>272</height>
	<texture fallback="DefaultAddon.png" background="true">$VAR[value_poster]</texture>
	<bordertexture border="-2">black.png</bordertexture>
	<aspectratio align="center">keep</aspectratio>
	</control>
	<control type="image">
	<include>Wall_ThumbDimmer</include>
	<width>321</width>
	<height>276</height>
	</control>
	</itemlayout>
	<focusedlayout condition="SubString(skin.string(wallpicsgrid),default)" width="106.5" height="106.5"><!-- tamanho normal -->
	<control type="image">
	<left>2</left>
	<top>2</top>
	<width>103</width>
	<height>103</height>
	<texture fallback="DefaultAddon.png" background="true">$VAR[value_poster]</texture>
	<bordertexture border="-2">grey.png</bordertexture>
	<aspectratio align="center">keep</aspectratio>
	<animation type="Focus" reversible="false">
	<effect type="zoom" center="auto" start="80" end="100" time="400" tween="back" easing="out" />
	<effect type="fade" start="80" end="100" time="400" />
	</animation>
	</control>
	</focusedlayout>
	<focusedlayout condition="SubString(skin.string(wallpicsgrid),mid)" width="182" height="184"><!-- tamanho medio -->
	<control type="image">
	<left>5</left>
	<top>2</top>
	<width>175</width>
	<height>175</height>
	<texture fallback="DefaultAddon.png" background="true">$VAR[value_poster]</texture>
	<bordertexture border="-2">grey.png</bordertexture>
	<aspectratio align="center">keep</aspectratio>
	<animation type="Focus" reversible="false">
	<effect type="zoom" center="auto" start="80" end="100" time="400" tween="back" easing="out" />
	<effect type="fade" start="80" end="100" time="400" />
	</animation>
	</control>
	</focusedlayout>
	<focusedlayout condition="SubString(skin.string(wallpicsgrid),big)" width="321" height="276"><!-- tamanho grande -->
	<control type="image">
	<left>22</left>
	<top>2</top>
	<width>272</width>
	<height>272</height>
	<texture fallback="DefaultAddon.png" background="true">$VAR[value_poster]</texture>
	<bordertexture border="-2">grey.png</bordertexture>
	<aspectratio align="center">keep</aspectratio>
	<animation type="Focus" reversible="false">
	<effect type="zoom" center="auto" start="80" end="100" time="400" tween="back" easing="out" />
	<effect type="fade" start="80" end="100" time="400" />
	</animation>
	</control>
	</focusedlayout>
	</control>
	</control>
	</include>
</includes>