<?xml version="1.0" encoding="UTF-8"?>
<includes><!-- Aeon MQ 6 -->
	<!--##################################################################################   VISTA SHELF - ID 63   ##################################################################################-->
	<include name="ViewShelf">
	<control type="group"><!-- default group -->
	<animation effect="fade" time="400">VisibleChange</animation>
	<visible>Control.IsVisible(63)</visible>
	<control type="group">
	<animation effect="slide" time="1000" start="-800,0" end="0,0" tween="cubic" easing="out">WindowOpen</animation>
	<animation effect="slide" time="700" start="0,0" end="-800,0" tween="cubic" easing="out">WindowClose</animation>
	<animation effect="slide" time="1000" start="0,600" end="0,0" tween="cubic" easing="out">Visible</animation>
	<animation effect="fade" time="200" start="100" end="0">Hidden</animation>
	<control type="fixedlist" id="63">
	<viewtype label="31809">list</viewtype>
	<left>-30</left>
	<top>210</top>
	<height>615</height>
	<width>1900</width>
	<onleft>63</onleft>
	<onright>63</onright>
	<onup>9900</onup>
	<ondown>80</ondown>
	<orientation>horizontal</orientation>
	<focusposition>3</focusposition>
	<scrolltime>400</scrolltime>
	<preloaditems>2</preloaditems>
	<pagecontrol>80</pagecontrol>
	<camera x="1340" y="380" />
	<animation effect="rotatey" center="50" start="8" end="8" time="0" condition="true">Conditional</animation>
	<animation effect="slide" start="0,0" end="0,-8" time="300" tween="sine" easing="out" condition="Control.HasFocus(80)">Conditional</animation>
	<visible>![Container.Content(episodes) | Container.Content(years)]</visible>
	<itemlayout width="176" height="245" condition="Window.IsActive(25) | Window.IsActive(28) | Window.IsActive(1)">
	<control type="group">
	<left>150</left>
	<top>0</top>
	<control type="image"><!-- Estojo reflexo -->
	<left>-2</left>
	<top>363</top>
	<width>28</width>
	<height>304</height>
	<texture>shelf_case_reflect.png</texture>
	</control>
	<control type="image"><!-- Estojo -->
	<left>-2</left>
	<top>133</top>
	<width>28</width>
	<height>236.5</height>
	<texture>shelf_case.png</texture>
	<aspectratio>stretch</aspectratio>
	</control>
	<control type="image"><!-- Borda reflexo -->
	<left>-150</left>
	<top>367</top>
	<width>163</width>
	<height>241</height>
	<texture flipy="true" diffuse="thumb_shelf_reflect.png">thumb_shelf_border.png</texture>
	<fadetime>200</fadetime>
	<aspectratio>stretch</aspectratio>
	<colordiffuse>30FFFFFF</colordiffuse>
	</control>
	<control type="image"><!-- Poster reflexo -->
	<left>-150</left>
	<top>368</top>
	<width>162</width>
	<height>241</height>
	<texture flipy="true" diffuse="thumb_shelf_reflect.png" fallback="DefaultVideoPoster.png" background="true">$VAR[value_poster]</texture>
	<fadetime>200</fadetime>
	<aspectratio>stretch</aspectratio>
	</control>
	<control type="image"><!-- Borda -->
	<left>-149</left>
	<top>131</top>
	<width>162</width>
	<height>241</height>
	<texture>thumb_shelf_diffuse.png</texture>
	<fadetime>200</fadetime>
	<aspectratio>stretch</aspectratio>
	</control>
	<control type="image"><!-- Poster -->
	<left>-149</left>
	<top>131</top>
	<width>162</width>
	<height>241</height>
	<texture diffuse="thumb_shelf_diffuse.png" fallback="DefaultVideoPoster.png" background="true">$VAR[value_poster]</texture>
	<fadetime>200</fadetime>
	<aspectratio>stretch</aspectratio>
	</control>
	<control type="image">
	<left>-28</left>
	<top>133</top>
	<width>40</width>
	<height>40</height>
	<texture>$VAR[value_watchedstyle]</texture>
	<colordiffuse>$VAR[value_watchedcolor]</colordiffuse>
	<visible>!Skin.HasSetting(nooverlays) + StringCompare(ListItem.Overlay,OverlayWatched.png)</visible>
	</control>
	</control>
	</itemlayout>
	<focusedlayout width="220" height="515" condition="Window.IsActive(25) | Window.IsActive(28) | Window.IsActive(1)">
	<control type="group">
	<left>140</left>
	<top>0</top>
	<control type="image"><!-- Estojo reflexo -->
	<left>44</left>
	<top>379</top>
	<width>36</width>
	<height>330</height>
	<texture>shelf_case_reflect.png</texture>
	<aspectratio>stretch</aspectratio>
	<animation type="Focus" reversible="false">
	<effect type="zoom" center="60,238" start="80" end="100" time="600" tween="cubic" easing="out" />
	</animation>
	</control>
	<control type="image"><!-- Estojo -->
	<left>44</left>
	<top>92</top>
	<width>36</width>
	<height>294</height>
	<texture>shelf_case.png</texture>
	<aspectratio>stretch</aspectratio>
	<animation type="Focus" reversible="false">
	<effect type="zoom" center="60,238" start="80" end="100" time="600" tween="cubic" easing="out" />
	</animation>
	</control>
	<control type="image"><!-- Borda reflexo -->
	<left>-148</left>
	<top>383</top>
	<width>213</width>
	<height>300</height>
	<texture flipy="true" diffuse="thumb_shelf_reflect.png">thumb_shelf_border.png</texture>
	<fadetime>200</fadetime>
	<aspectratio>stretch</aspectratio>
	<colordiffuse>30FFFFFF</colordiffuse>
	<animation type="Focus" reversible="false">
	<effect type="zoom" center="60,238" start="80" end="100" time="600" tween="cubic" easing="out" />
	</animation>
	</control>
	<control type="image"><!-- Poster reflexo  -->
	<left>-148</left>
	<top>384</top>
	<width>211</width>
	<height>300</height>
	<texture flipy="true" diffuse="thumb_shelf_reflect.png" fallback="DefaultVideoPoster.png" background="true">$VAR[value_poster]</texture>
	<fadetime>200</fadetime>
	<aspectratio>stretch</aspectratio>
	<animation type="Focus" reversible="false">
	<effect type="zoom" center="60,238" start="80" end="100" time="600" tween="cubic" easing="out" />
	</animation>
	</control>
	<control type="image"><!-- Borda -->
	<left>-148</left>
	<top>89</top>
	<width>211</width>
	<height>300</height>
	<texture>thumb_shelf_diffuse.png</texture>
	<fadetime>200</fadetime>
	<aspectratio scalediffuse="false">stretch</aspectratio>
	<animation type="Focus" reversible="false">
	<effect type="zoom" center="60,238" start="80" end="100" time="600" tween="cubic" easing="out" />
	</animation>
	</control>
	<control type="image"><!-- Poster  -->
	<left>-148</left>
	<top>89</top>
	<width>211</width>
	<height>300</height>
	<texture diffuse="thumb_shelf_diffuse.png" fallback="DefaultVideoPoster.png" background="true">$VAR[value_poster]</texture>
	<fadetime>200</fadetime>
	<aspectratio scalediffuse="false">stretch</aspectratio>
	<animation type="Focus" reversible="false">
	<effect type="zoom" center="60,238" start="80" end="100" time="600" tween="cubic" easing="out" />
	</animation>
	</control>
	<control type="image">
	<left>12</left>
	<top>91</top>
	<width>50</width>
	<height>50</height>
	<texture>$VAR[value_watchedstyle]</texture>
	<colordiffuse>$VAR[value_watchedcolor]</colordiffuse>
	<animation type="Focus" reversible="false">
	<effect type="zoom" center="60,238" start="80" end="100" time="600" tween="cubic" easing="out" />
	</animation>
	<visible>!Skin.HasSetting(nooverlays) + StringCompare(ListItem.Overlay,OverlayWatched.png)</visible>
	</control>
	</control>
	</focusedlayout>
	<itemlayout width="176" height="245" condition="Window.IsActive(500) | Window.IsActive(501) | Window.IsActive(502)">
	<control type="group">
	<left>150</left>
	<top>60</top>
	<control type="image">
	<left>-2</left>
	<top>133</top>
	<width>26</width>
	<height>160</height>
	<texture>shelf_case.png</texture>
	<aspectratio scalediffuse="false">stretch</aspectratio>
	</control>
	<control type="image">
	<left>-149</left>
	<top>131</top>
	<width>162</width>
	<height>162</height>
	<texture background="true">$VAR[value_poster]</texture>
	<fadetime>200</fadetime>
	<aspectratio scalediffuse="false">stretch</aspectratio>
	</control>
	<control type="image">
	<left>-150</left>
	<top>290</top>
	<width>162</width>
	<height>162</height>
	<texture flipy="true" background="true">$VAR[value_poster]</texture>
	<fadetime>200</fadetime>
	<colordiffuse>89FFFFFF</colordiffuse>
	<aspectratio scalediffuse="false">stretch</aspectratio>
	<visible>!Container.Content(Genres)</visible>
	</control>
	</control>
	</itemlayout>
	<focusedlayout width="220" height="515" condition="Window.IsActive(500) | Window.IsActive(501) | Window.IsActive(502)">
	<control type="group">
	<left>140</left>
	<top>60</top>
	<control type="image">
	<left>44</left>
	<top>93</top>
	<width>36</width>
	<height>206</height>
	<texture>shelf_case.png</texture>
	<aspectratio scalediffuse="false">stretch</aspectratio>
	<animation type="Focus" reversible="false">
	<effect type="zoom" center="60,238" start="80" end="100" time="600" tween="cubic" easing="out" />
	<effect type="fade" start="0" end="100" time="600" />
	</animation>
	</control>
	<control type="image">
	<left>-148</left>
	<top>90</top>
	<width>211</width>
	<height>211</height>
	<texture background="true">$VAR[value_poster]</texture>
	<fadetime>200</fadetime>
	<aspectratio scalediffuse="false">stretch</aspectratio>
	<animation type="Focus" reversible="false">
	<effect type="zoom" center="60,238" start="80" end="100" time="600" tween="cubic" easing="out" />
	</animation>
	</control>
	<control type="image">
	<left>-148</left>
	<top>298</top>
	<width>211</width>
	<height>211</height>
	<texture flipy="true" background="true">$VAR[value_poster]</texture>
	<fadetime>200</fadetime>
	<aspectratio scalediffuse="false">stretch</aspectratio>
	<animation type="Focus" reversible="false">
	<effect type="zoom" center="60,238" start="80" end="100" time="600" tween="cubic" easing="out" />
	<effect type="fade" start="0" end="70" time="600" />
	</animation>
	</control>
	</control>
	</focusedlayout>
	</control>
	</control>
	<control type="scrollbar" id="80">
	<include>ScrollBar_Horizontal</include>
	<left>305</left>
	<top>613</top>
	<width>670</width>
	<onup>63</onup>
	<ondown>9920</ondown>
	<include>Animation_Fade</include>
	<visible allowhiddenfocus="true">Control.IsVisible(63) + Control.HasFocus(80)</visible>
	</control>
	</control>
	</include>
</includes>