<?xml version="1.0" encoding="UTF-8"?>
<includes><!-- Aeon MQ 6 -->
	<!--###############################################################################   VISTA BANNER INFO - ID 53   ###############################################################################-->
	<include name="BannerInfoLabel">
	<left>0</left>
	<height>20</height>
	<width>285</width>
	<font>Font_18A</font>
	<aligny>top</aligny>
	<align>left</align>
	<textcolor>$VAR[value_headercolor]</textcolor>
	<textoffsetx>0</textoffsetx>
	<textoffsety>0</textoffsety>
	<scroll>true</scroll>
	</include>
	<include name="ViewBannerInfo">
	<control type="group">
	<animation effect="fade" time="400">VisibleChange</animation>
	<include>ViewBack</include><!-- Fundo -->
	<visible>Control.IsVisible(53)</visible>
	<control type="image">
	<left>399</left>
	<top>85</top>
	<width>2</width>
	<height>205</height>
	<texture>separator_v.png</texture>
	</control>
	<control type="image">
	<left>0</left>
	<top>290</top>
	<width>1280</width>
	<height>2</height>
	<texture>separator.png</texture>
	</control>
	<control type="textbox">
	<left>418</left>
	<top>102</top>
	<width>425</width>
	<height>177</height>
	<font>Font_18A</font>
	<label>$VAR[value_plot]</label>
	<autoscroll delay="8000" time="2000" repeat="8000">!Skin.HasSetting(noallowscroll)</autoscroll>
	<include>Animation_Fade</include>
	</control>
	<control type="image">
	<left>860</left>
	<top>85</top>
	<width>2</width>
	<height>205</height>
	<texture>separator_v.png</texture>
	</control>
	<control type="image">
	<left>780</left>
	<top>106</top>
	<width>500</width>
	<height>170</height>
	<aspectratio>keep</aspectratio>
	<texture background="true">$INFO[ListItem.Art(fanart)]</texture>
	<bordertexture border="-2">black.png</bordertexture>
	<fadetime>FanartCrossFadeTime</fadetime>
	</control>
	
	<control type="grouplist">
	<left>100</left>
	<top>104</top>
	<orientation>vertical</orientation>
	<itemgap>5</itemgap>
	<control type="label">
	<include>BannerInfoLabel</include>
	<label>$VAR[value_ground11_label]: [COLOR=FFFFFAF0]$VAR[value_ground11_value][/COLOR]</label>
	</control>
	<control type="label">
	<include>BannerInfoLabel</include>
	<label>$VAR[value_ground12_label]: [COLOR=FFFFFAF0]$VAR[value_ground12_value][/COLOR]</label>
	</control>
	<control type="label">
	<include>BannerInfoLabel</include>
	<label>$VAR[value_ground13_label]: [COLOR=FFFFFAF0]$VAR[value_ground13_value][/COLOR]</label>
	</control>
	<control type="label">
	<include>BannerInfoLabel</include>
	<label>$VAR[value_ground14_label]: [COLOR=FFFFFAF0]$VAR[value_ground14_value][/COLOR]</label>
	</control>
	<control type="label">
	<include>BannerInfoLabel</include>
	<label>$VAR[value_ground15_label]: [COLOR=FFFFFAF0]$VAR[value_ground15_value][/COLOR]</label>
	</control>
	<control type="label">
	<include>BannerInfoLabel</include>
	<label>$VAR[value_ground16_label]: [COLOR=FFFFFAF0]$VAR[value_ground16_value][/COLOR]</label>
	</control>
	<control type="label">
	<include>BannerInfoLabel</include>
	<label>$VAR[value_ground17_label]: [COLOR=FFFFFAF0]$VAR[value_ground17_value][/COLOR]</label>
	</control>
	</control>
	
	<control type="panel" id="53"><!-- Banner Info -->
	<viewtype label="31812">Wide Icon</viewtype>
	<left>95</left>
	<top>298</top>
	<width>1110</width>
	<height>350</height>
	<onup>53</onup>
	<ondown>53</ondown>
	<onleft>9900</onleft>
	<onright>80</onright>
	<pagecontrol>80</pagecontrol>
	<scrolltime>450</scrolltime>
	<preloaditems>2</preloaditems>
	<animation effect="fade" start="100" end="20" time="200" condition="Window.IsVisible(6621)">Conditional</animation>
	<visible>Container.Content(movies) | Container.Content(tvshows) | Container.Content(seasons)</visible>
	<itemlayout height="89" width="367">
	<control type="image"><!-- Background -->
	<width>357</width>
	<height>79</height>
	<texture>banner_glass.png</texture>
	<colordiffuse>FF505050</colordiffuse>
	<aspectratio>stretch</aspectratio>
	<include>Animation_Fade</include>
	</control>
	<control type="image"><!-- Cover -->
	<width>357</width>
	<height>79</height>
	<bordersize>5</bordersize>
	<texture background="true">$VAR[value_banner]</texture>
	<aspectratio>keep</aspectratio>
	</control>
	<control type="image">
	<left>328</left>
	<top>3</top>
	<width>27</width>
	<height>27</height>
	<texture>$VAR[value_watchedstyle]</texture>
	<colordiffuse>$VAR[value_watchedcolor]</colordiffuse>	
	<visible>!Skin.HasSetting(nooverlays) + StringCompare(ListItem.Overlay,OverlayWatched.png)</visible>
	</control>
	<control type="image"><!-- Dimmer -->
	<width>357</width>
	<height>79</height>
	<bordersize>5</bordersize>
	<texture>black.png</texture>
	<aspectratio>stretch</aspectratio>
	<colordiffuse>70FFFFFF</colordiffuse>
	<visible>!IsEmpty(ListItem.Thumb)</visible>
	</control>
	</itemlayout>
	<focusedlayout height="89" width="367">
	<control type="image"><!-- Background -->
	<width>357</width>
	<height>79</height>
	<texture>banner_glass.png</texture>
	<aspectratio>stretch</aspectratio>
	<animation effect="zoom" center="auto" start="90" end="110" time="600" tween="back" easing="out" reversible="false" condition="Skin.HasSetting(bannerinfozoom)">Focus</animation>
	</control>
	<control type="image"><!-- Background Double -->
	<width>357</width>
	<height>79</height>
	<texture background="true">banner_glass.png</texture>
	<aspectratio>stretch</aspectratio>
	<animation effect="zoom" center="auto" start="90" end="110" time="600" tween="back" easing="out" reversible="false" condition="Skin.HasSetting(bannerinfozoom)">Focus</animation>
	</control>
	<control type="image"><!-- Cover -->
	<width>357</width>
	<height>79</height>
	<bordersize>5</bordersize>
	<texture background="true">$VAR[value_banner]</texture>
	<aspectratio>keep</aspectratio>
	<animation effect="zoom" center="auto" start="90" end="110" time="600" tween="back" easing="out" reversible="false" condition="Skin.HasSetting(bannerinfozoom)">Focus</animation>
	</control>
	<control type="image">
	<left>328</left>
	<top>3</top>
	<width>27</width>
	<height>27</height>
	<texture>$VAR[value_watchedstyle]</texture>
	<colordiffuse>$VAR[value_watchedcolor]</colordiffuse>	
	<animation effect="zoom" center="178,40" start="90" end="110" time="600" tween="back" easing="out" reversible="false" condition="Skin.HasSetting(bannerinfozoom)">Focus</animation>
	<visible>!Skin.HasSetting(nooverlays) + StringCompare(ListItem.Overlay,OverlayWatched.png)</visible>
	</control>
	</focusedlayout>
	</control>
	<control type="scrollbar" id="80"><!--Banner Info-->
	<include>ScrollBar_Vertical</include>
	<left>1200</left>
	<top>295</top>
	<height>350</height>
	<onleft>53</onleft>
	<onright>9920</onright>
	<include>Animation_Fade</include>
	<visible allowhiddenfocus="true">Control.IsVisible(53) + Control.HasFocus(80)</visible>
	</control>
	</control>
	</include>
</includes>