<?xml version="1.0" encoding="UTF-8"?>
<includes><!-- Aeon MQ 6 -->
	<!--##################################################################################   VISTA LANDSCAPEX - ID 64   #############################################################################-->
	<include name="LandScapeXLabel">
	<left>0</left>
	<height>20</height>
	<width>300</width>
	<font>Font_18A</font>
	<aligny>top</aligny>
	<align>left</align>
	<textcolor>$VAR[value_headercolor]</textcolor>
	<textoffsetx>0</textoffsetx>
	<textoffsety>0</textoffsety>
	<scroll>true</scroll>
	</include>
	<include name="ViewLandScapeX">
	<control type="group"><!-- default group -->
	<animation effect="fade" time="400">VisibleChange</animation>
	<visible>Control.IsVisible(64)</visible>
	<control type="group"><!-- painel de info fanart layout -->
	<animation effect="slide" start="0,-600" end="0,0" time="500" tween="sine" easing="out">Visible</animation>
	<animation effect="slide" start="0,0" end="0,-600" time="500" tween="sine" easing="out">Hidden</animation>
	<visible>SubString(skin.string(landscapexlayout),fanart) + !StringCompare(ListItem.Label,..)</visible>
	<control type="image">
	<left>0</left>
	<top>56</top>
	<width>1280</width>
	<height>30</height>
	<texture>shadow_h.png</texture>
	<colordiffuse>C3FFFFFF</colordiffuse>
	</control>
	<control type="image">
	<left>0</left>
	<top>85</top>
	<width>1280</width>
	<height>300</height>
	<texture>darkgrey.png</texture>
	<colordiffuse>$VAR[value_texturecolor]</colordiffuse>
	<animation effect="fade" end="85" condition="true">Conditional</animation>
	</control>
	
	<control type="grouplist">
	<left>60</left>
	<top>104</top>
	<orientation>vertical</orientation>
	<itemgap>10</itemgap>
	<control type="label">
	<include>LandScapeXLabel</include>
	<label>$VAR[value_ground11_label]: [COLOR=FFFFFAF0]$VAR[value_ground11_value][/COLOR]</label>
	</control>
	<control type="label">
	<include>LandScapeXLabel</include>
	<label>$VAR[value_ground12_label]: [COLOR=FFFFFAF0]$VAR[value_ground12_value][/COLOR]</label>
	</control>
	<control type="label">
	<include>LandScapeXLabel</include>
	<label>$VAR[value_ground13_label]: [COLOR=FFFFFAF0]$VAR[value_ground13_value][/COLOR]</label>
	</control>
	<control type="label">
	<include>LandScapeXLabel</include>
	<label>$VAR[value_ground14_label] [COLOR=FFFFFAF0]$VAR[value_ground14_value][/COLOR]</label>
	</control>
	<control type="label">
	<include>LandScapeXLabel</include>
	<label>$VAR[value_ground15_label]: [COLOR=FFFFFAF0]$VAR[value_ground15_value][/COLOR]</label>
	</control>
	<control type="label">
	<include>LandScapeXLabel</include>
	<label>$VAR[value_ground16_label]: [COLOR=FFFFFAF0]$VAR[value_ground16_value][/COLOR]</label>
	</control>
	<control type="label">
	<include>LandScapeXLabel</include>
	<label>$VAR[value_ground17_label]: [COLOR=FFFFFAF0]$VAR[value_ground17_value][/COLOR]</label>
	</control>
	</control>

	<control type="image">
	<left>385</left>
	<top>85</top>
	<width>2</width>
	<height>273</height>
	<texture>separator_v.png</texture>
	</control>
	<control type="image">
	<left>790</left>
	<top>85</top>
	<width>2</width>
	<height>273</height>
	<texture>separator_v.png</texture>
	</control>
	<control type="textbox">
	<left>410</left>
	<top>104</top>
	<width>360</width>
	<height>235</height>
	<font>Font_18A</font>
	<label>$VAR[value_plot]</label>
	<autoscroll delay="15000" time="2000" repeat="15000">!Skin.HasSetting(noallowscroll)</autoscroll>
	</control>
	<control type="image">
	<left>0</left>
	<top>358</top>
	<width>1280</width>
	<height>2</height>
	<texture>separator.png</texture>
	</control>
	<control type="image">
	<left>812</left>
	<top>106</top>
	<width>400</width>
	<height>235</height>
	<aspectratio>keep</aspectratio>
	<texture background="true">$INFO[ListItem.Art(fanart)]</texture>
	<bordertexture border="-2">black.png</bordertexture>
	<fadetime>FanartCrossFadeTime</fadetime>
	</control>
	</control>
	<control type="image">
	<left>0</left>
	<top>354</top>
	<width>1280</width>
	<height>30</height>
	<texture>shadow_h.png</texture>
	<colordiffuse>C3FFFFFF</colordiffuse>
	<include>Animation_Fade</include>
	</control>
	<control type="image">
	<left>0</left>
	<top>650</top>
	<width>1280</width>
	<height>30</height>
	<texture flipy="true">shadow_h.png</texture>
	<colordiffuse>C3FFFFFF</colordiffuse>
	</control>
	<control type="image">
	<left>0</left>
	<top>383</top>
	<width>1280</width>
	<height>267</height>
	<texture>darkgrey.png</texture>
	<colordiffuse>$VAR[value_texturecolor]</colordiffuse>
	<animation effect="fade" end="85" condition="true">Conditional</animation>
	</control>
	<control type="panel" id="64">
	<viewtype label="31804">icon</viewtype>
	<left>95</left>
	<top>388</top>
	<width>1110</width>
	<height>267</height>
	<onup>9900</onup>
	<onleft>9900</onleft>
	<onright>80</onright>
	<scrolltime>400</scrolltime>
	<preloaditems>2</preloaditems>
	<pagecontrol>80</pagecontrol>
	<visible>Container.Content(tvshows) | Container.Content(episodes)</visible>
	<itemlayout height="134" width="202">
	<control type="image">
	<left>45</left>
	<top>4</top>
	<width>192</width>
	<height>116</height>
	<texture>landscapex_back.png</texture>
	<colordiffuse>30FFFAF0</colordiffuse>
	<aspectratio>stretch</aspectratio>
	<include>Animation_Fade</include>
	</control>
	<control type="image">
	<left>43</left>
	<top>1</top>
	<width>196</width>
	<height>122</height>
	<bordersize>8</bordersize>
	<texture fallback="DefaultExtraThumbs.png" background="true">$VAR[value_landscape]</texture>
	<aspectratio>stretch</aspectratio>
	<visible>!StringCompare(ListItem.Label,..)</visible>
	</control>
	<control type="image">
	<left>43</left>
	<top>1</top>
	<width>196</width>
	<height>122</height>
	<bordersize>8</bordersize>
	<texture fallback="DefaultExtraThumbs.png" background="true">$VAR[value_landscape]</texture>
	<aspectratio>keep</aspectratio>
	<visible>StringCompare(ListItem.Label,..)</visible>
	</control>
	<control type="image">
	<left>202</left>
    <top>10</top>
    <width>30</width>
    <height>30</height>
	<texture>$VAR[value_watchedstyle]</texture>
	<colordiffuse>$VAR[value_watchedcolor]</colordiffuse>
	<aspectratio align="center" aligny="bottom">keep</aspectratio>
	<visible>![Skin.HasSetting(nooverlays) | SubString(skin.string(stylewatched),2) | SubString(skin.string(stylewatched),3)] + StringCompare(ListItem.Overlay,OverlayWatched.png)</visible>
	</control>
	<control type="image">
	<left>202</left>
    <top>86</top>
    <width>30</width>
    <height>30</height>
	<texture flipy="true">$VAR[value_watchedstyle]</texture>
	<colordiffuse>$VAR[value_watchedcolor]</colordiffuse>
	<aspectratio align="center" aligny="bottom">keep</aspectratio>
	<visible>[!Skin.HasSetting(nooverlays) + StringCompare(ListItem.Overlay,OverlayWatched.png)] + [SubString(skin.string(stylewatched),2) | SubString(skin.string(stylewatched),3)]</visible>
	</control>
	</itemlayout>
	<focusedlayout height="134" width="202">
	<control type="image">
	<left>45</left>
	<top>4</top>
	<width>192</width>
	<height>116</height>
	<texture>landscapex_back.png</texture>
	<aspectratio>stretch</aspectratio>
	<animation type="Focus" reversible="false">
	<effect type="zoom" center="auto" start="80" end="100" time="400" tween="back" easing="out" />
	<effect type="fade" start="80" end="100" time="400" />
	</animation>
	</control>
	<control type="image">
	<left>45</left>
	<top>4</top>
	<width>192</width>
	<height>116</height>
	<texture>landscapex_back.png</texture>
	<aspectratio>stretch</aspectratio>
	<animation type="Focus" reversible="false">
	<effect type="zoom" center="auto" start="80" end="100" time="400" tween="back" easing="out" />
	<effect type="fade" start="80" end="100" time="400" />
	</animation>
	</control>
	<control type="image">
	<left>43</left>
	<top>1</top>
	<width>196</width>
	<height>122</height>
	<bordersize>8</bordersize>
	<texture fallback="DefaultExtraThumbs.png" background="true">$VAR[value_landscape]</texture>
	<aspectratio>stretch</aspectratio>
	<animation type="Focus" reversible="false">
	<effect type="zoom" center="auto" start="80" end="100" time="400" tween="back" easing="out" />
	<effect type="fade" start="80" end="100" time="400" />
	</animation>
	<visible>!StringCompare(ListItem.Label,..)</visible>
	</control>
	<control type="image">
	<left>43</left>
	<top>1</top>
	<width>196</width>
	<height>122</height>
	<bordersize>8</bordersize>
	<texture fallback="DefaultExtraThumbs.png" background="true">$VAR[value_landscape]</texture>
	<aspectratio>keep</aspectratio>
	<animation type="Focus" reversible="false">
	<effect type="zoom" center="auto" start="80" end="100" time="400" tween="back" easing="out" />
	<effect type="fade" start="80" end="100" time="400" />
	</animation>
	<visible>StringCompare(ListItem.Label,..)</visible>
	</control>
	<control type="image">
	<left>202</left>
    <top>10</top>
    <width>30</width>
    <height>30</height>
	<texture>$VAR[value_watchedstyle]</texture>
	<colordiffuse>$VAR[value_watchedcolor]</colordiffuse>
	<aspectratio align="center" aligny="bottom">keep</aspectratio>
	<animation type="Focus" reversible="false">
	<effect type="zoom" center="150,60" start="80" end="100" time="400" tween="back" easing="out" />
	</animation>
	<visible>![Skin.HasSetting(nooverlays) | SubString(skin.string(stylewatched),2) | SubString(skin.string(stylewatched),3)] + StringCompare(ListItem.Overlay,OverlayWatched.png)</visible>
	</control>
	<control type="image">
	<left>202</left>
    <top>86</top>
    <width>30</width>
    <height>30</height>
	<texture flipy="true">$VAR[value_watchedstyle]</texture>
	<colordiffuse>$VAR[value_watchedcolor]</colordiffuse>
	<aspectratio align="center" aligny="bottom">keep</aspectratio>
	<animation type="Focus" reversible="false">
	<effect type="zoom" center="150,60" start="80" end="100" time="400" tween="back" easing="out" />
	</animation>
	<visible>[!Skin.HasSetting(nooverlays) + StringCompare(ListItem.Overlay,OverlayWatched.png)] + [SubString(skin.string(stylewatched),2) | SubString(skin.string(stylewatched),3)]</visible>
	</control>
	</focusedlayout>
	</control>
	<control type="scrollbar" id="80">
	<include>ScrollBar_Vertical</include>
	<left>1180</left>
	<top>388</top>
	<height>261</height>
	<onleft>64</onleft>
	<onright>9920</onright>
	<include>Animation_Fade</include>
	<visible allowhiddenfocus="true">Control.IsVisible(64) + Control.HasFocus(80)</visible>
	</control>
	</control>
	</include>
</includes>