<?xml version="1.0" encoding="UTF-8"?>
<includes><!-- Aeon MQ 6 -->
	<!--##################################################################################   VISTA RIGHT LIST - ID 51   ##################################################################################-->
	<include name="RightListLabel">
	<left>0</left>
	<height>20</height>
	<width>380</width>
	<font>Font_18A</font>
	<aligny>top</aligny>
	<align>left</align>
	<textcolor>$VAR[value_headercolor]</textcolor>
	<textoffsetx>0</textoffsetx>
	<scroll>true</scroll>	
	</include>
	<include name="RightListDisc">
	<width>130</width>
	<height>130</height>
	<fadetime>FanartCrossFadeTime</fadetime>
	<aspectratio align="center" aligny="center">keep</aspectratio>
	<animation effect="rotate" start="0" end="-360" center="auto" time="40000" delay="5000" loop="true" reversible="false" condition="!Player.HasVideo">Conditional</animation>
	<include>Animation_ViewsCDart</include>
	</include>
	<include name="ViewRightList">
	<control type="group"><!-- default group -->
	<animation effect="fade" time="400">VisibleChange</animation>
	<visible>Control.IsVisible(51)</visible>
	<control type="button" id="9915">
	<include>InvisibleButton</include>
	<onup>51</onup>
	<ondown>51</ondown>
	<onleft>51</onleft>
	<onright>9920</onright>
	</control>
	<control type="group">
	<animation effect="slide" time="500" start="0,400" end="0,0" tween="cubic" easing="out">WindowOpen</animation>
	<animation effect="slide" time="500" start="0,400" end="0,0" tween="cubic" easing="out">Visible</animation>
	<animation effect="fade" time="200" start="100" end="0">Hidden</animation>
	<control type="image">
	<left>0</left>
	<top>340</top>
	<width>1280</width>
	<height>210</height>
	<texture>gradient_small.png</texture>
	<colordiffuse>E9FFFFFF</colordiffuse>
	<include>Animation_Fade</include>
	</control>
	<control type="image"><!-- Logo -->
	<left>360</left>
	<top>440</top>
	<width>300</width>
	<height>110</height>
	<texture background="true">$INFO[Skin.String(CustomMusicLogoPath)]$INFO[ListItem.Artist,,/logo.png]</texture>
	<aspectratio align="right" aligny="bottom">keep</aspectratio>
	<fadetime>FanartCrossFadeTime</fadetime>
	<visible>Window.IsActive(500) | Window.IsActive(501) | Window.IsActive(502)</visible>
	</control>
	<control type="image"><!-- clearlogo e clearart -->
	<left>360</left>
	<top>440</top>
	<width>300</width>
	<height>110</height>
	<texture background="true">$VAR[value_logoandclearart]</texture>
	<aspectratio align="right" aligny="bottom">keep</aspectratio>
	<fadetime>FanartCrossFadeTime</fadetime>
	<visible>Window.IsActive(25) + !Skin.HasSetting(noartrightlistvideo)</visible>
	</control>
	<control type="image">
	<left>0</left>
	<top>521</top>
	<width>1285</width>
	<height>30</height>
	<texture>shadow_h.png</texture>
	<colordiffuse>C3FFFFFF</colordiffuse>
	<include>Animation_Fade</include>
	</control>
	<control type="image">
	<left>0</left>
	<top>550</top>
	<width>1280</width>
	<height>100</height>
	<texture flipy="true" diffuse="shadow_mask.png">darkgrey.png</texture>
	<colordiffuse>$VAR[value_texturecolor]</colordiffuse>
	<animation effect="fade" end="85" condition="true">Conditional</animation>
	</control>
	<control type="image">
	<left>271</left>
	<top>550</top>
	<width>30</width>
	<height>100</height>
	<texture flipx="true" diffuse="details_back.png">shadow.png</texture>
	<colordiffuse>C3FFFFFF</colordiffuse>
	</control>

	<control type="image">
	<left>300</left>
	<top>550</top>
	<width>400</width>
	<height>25</height>
	<texture flipx="true" diffuse="shadow_mask_v.png">darkgrey.png</texture>
	<colordiffuse>$VAR[value_texturecolorfocus]</colordiffuse>
	</control>
	
	<control type="image"><!-- Estrelas -->
	<left>320</left>
	<top>549</top>
	<width>105</width>
	<height>25</height>
	<info>ListItem.StarRating</info>
	<aspectratio align="left" aligny="center">keep</aspectratio>
	<colordiffuse>$VAR[value_headercolor]</colordiffuse>
	</control>
	<control type="label"><!-- Nota -->
	<left>430</left>
	<top>549</top>
	<width>50</width>
	<height>25</height>
	<font>Font_21</font>
	<label>$INFO[ListItem.Rating]</label>
	<textcolor>FFFFFAF0</textcolor>	
	</control>
	<control type="grouplist"><!-- Painel de info -->
	<left>320</left>
	<top>580</top>
	<orientation>vertical</orientation>
	<itemgap>0</itemgap>
	<visible>!StringCompare(ListItem.Label,..)</visible>
	<control type="label">
	<include>RightListLabel</include>
	<label>$VAR[value_ground11_label]: [COLOR=FFFFFAF0]$VAR[value_ground11_value][/COLOR]</label>
	</control>
	<control type="label">
	<include>RightListLabel</include>
	<label>$VAR[value_ground12_label]: [COLOR=FFFFFAF0]$VAR[value_ground12_value][/COLOR]</label>
	</control>
	<control type="label">
	<include>RightListLabel</include>
	<label>$VAR[value_ground13_label]: [COLOR=FFFFFAF0]$VAR[value_ground13_value][/COLOR]</label>
	<visible>!Container.Content(songs)</visible>
	</control>
	</control>
	
	<control type="image">
	<left>600</left>
	<top>-70</top>
	<width>680</width>
	<height>620</height>
	<texture diffuse="shadow_mask_v.png">darkgrey.png</texture>
	<colordiffuse>$VAR[value_texturecolor]</colordiffuse>
	<animation effect="fade" end="75" condition="true">Conditional</animation>
	</control>	
	<control type="image">
	<left>720</left>
	<top>555</top>
	<width>1</width>
	<height>90</height>
	<texture>line_v.png</texture>
	</control>
	<control type="textbox">
	<left>920</left>
	<top>20</top>
	<width>340</width>
	<height>496</height>
	<font>Font_18A</font>
	<label>$VAR[value_plot]</label>
	<autoscroll delay="30000" time="3000" repeat="30000">!Skin.HasSetting(noallowscroll)</autoscroll>
	<animation effect="slide" time="600" start="400,0" end="0,0" tween="cubic" easing="inout">Visible</animation>
	<animation effect="slide" time="400" start="0,0" end="400,0" tween="cubic" easing="inout">Hidden</animation>
	<visible>Control.HasFocus(9915)</visible>
	</control>
	<control type="fixedlist" id="51">
	<viewtype label="31822">list</viewtype>
	<left>600</left>
	<top>20</top>
	<width>680</width>
	<height>500</height>
	<pagecontrol>80</pagecontrol>
	<onleft>9900</onleft>
	<onright>80</onright>
	<focusposition>1</focusposition>
	<orientation>vertical</orientation>
	<scrolltime>450</scrolltime>
	<preloaditems>2</preloaditems>
	<animation effect="slide" start="0,0" end="600,0" time="600" easing="inout" tween="cubic" condition="Control.HasFocus(9915)">Conditional</animation>
	<animation effect="slide" start="0,0" end="-30,0" time="200" easing="inout" tween="cubic" condition="Control.HasFocus(80)">Conditional</animation>
	<animation effect="fade" start="100" end="20" time="200" condition="Window.IsVisible(6621)">Conditional</animation>
	<itemlayout condition="Window.IsActive(25) | Window.IsActive(500) | Window.IsActive(501) | Window.IsActive(502)" height="30">
	<control type="image">
	<left>0</left>
	<top>0</top>
	<width>680</width>
	<height>1</height>
	<texture diffuse="shadow_mask_v.png">line.png</texture>
	</control>
	<control type="label">
	<left>105</left>
	<top>1</top>
	<width>540</width>
	<height>30</height>
	<font>Font_20</font>
	<align>right</align>
	<aligny>center</aligny>
	<include>listcolor</include>
	<label>$INFO[ListItem.Label]</label>
	</control>
	<control type="image">
	<left>650</left>
	<top>1</top>
	<width>30</width>
	<height>30</height>
	<texture>$VAR[value_watchedstyle]</texture>
	<colordiffuse>$VAR[value_watchedcolor]</colordiffuse>
	<visible>!Skin.HasSetting(nooverlays) + StringCompare(ListItem.Overlay,OverlayWatched.png)</visible>
	</control>
	</itemlayout>
	<focusedlayout condition="IsEmpty(Control.GetLabel(5102)) | [Window.IsActive(25) + Skin.HasSetting(slimrightlistvideo) | [Window.IsActive(500) | Window.IsActive(501) | Window.IsActive(502)] + Skin.HasSetting(slimrightlistmusic)]" height="30">
	<control type="image">
	<left>50</left>
	<top>0</top>
	<width>630</width>
	<height>30</height>
	<texture diffuse="shadow_mask_v.png">settings_button_focus.png</texture>
	</control>
	<control type="label">
	<left>105</left>
	<top>2</top>
	<width>540</width>
	<height>30</height>
	<font>Font_22</font>
	<align>right</align>
	<aligny>center</aligny>
	<include>listcolorfocus</include>
	<label>$INFO[ListItem.Label]</label>
	</control>
	<control type="image">
	<left>650</left>
	<top>10</top>
	<width>30</width>
	<height>30</height>
	<texture>$VAR[value_watchedstyle]</texture>
	<colordiffuse>$VAR[value_watchedcolor]</colordiffuse>
	<visible>!Skin.HasSetting(nooverlays) + StringCompare(ListItem.Overlay,OverlayWatched.png)</visible>
	</control>
	</focusedlayout>
	<focusedlayout condition="!IsEmpty(Control.GetLabel(5102)) + [Window.IsActive(25) + !Skin.HasSetting(slimrightlistvideo) | [Window.IsActive(500) | Window.IsActive(501) | Window.IsActive(502)] + !Skin.HasSetting(slimrightlistmusic)]" height="50">
	<control type="image">
	<left>50</left>
	<top>0</top>
	<width>630</width>
	<height>50</height>
	<texture diffuse="shadow_mask_v.png">settings_button_focus.png</texture>
	</control>
	<control type="label">
	<left>105</left>
	<top>2</top>
	<width>540</width>
	<height>30</height>
	<font>Font_22</font>
	<align>right</align>
	<aligny>center</aligny>
	<include>listcolorfocus</include>
	<label>$INFO[ListItem.Label]</label>
	</control>
	<control type="label">
	<left>105</left>
	<top>27</top>
	<width>540</width>
	<height>16</height>
	<font>Font_18A</font>
	<align>right</align>
	<aligny>center</aligny>
	<include>subcolorfocus</include>
	<label>$VAR[value_listinfofocus]</label>
	<visible>!StringCompare(ListItem.Label,..)</visible>
	</control>
	<control type="image">
	<left>650</left>
	<top>10</top>
	<width>30</width>
	<height>30</height>
	<texture>$VAR[value_watchedstyle]</texture>
	<colordiffuse>$VAR[value_watchedcolor]</colordiffuse>
	<visible>!Skin.HasSetting(nooverlays) + StringCompare(ListItem.Overlay,OverlayWatched.png)</visible>
	</control>
	</focusedlayout>
	</control>
	<control type="textbox">
	<left>740</left>
	<top>555</top>
	<width>520</width>
	<height>89</height>
	<font>Font_18A</font>
	<label>$VAR[value_plot]</label>
	<autoscroll delay="8000" time="2000" repeat="8000">!Skin.HasSetting(noallowscroll)</autoscroll>
	<include>Animation_Fade</include>
	<animation effect="slide" start="0,0" end="9,0" time="200" condition="Control.HasFocus(80)">Conditional</animation>
	<visible>!Control.HasFocus(9915)</visible>
	</control>
	<control type="label" id="5101"><!-- Plot -->
	<include>InvisibleButton</include>
	<label>$VAR[value_plot]</label>
	</control>
	<control type="label" id="5102"><!-- Tag -->
	<include>InvisibleButton</include>
	<label>$VAR[value_listinfofocus]</label>
	</control>
	<control type="image" id="5103"><!-- Logo -->
	<include>InvisibleButton</include>
	<texture background="true">$INFO[Skin.String(CustomMusicLogoPath)]$INFO[ListItem.Artist,,/logo.png]</texture>
	<visible>Window.IsActive(500) | Window.IsActive(501) | Window.IsActive(502)</visible>
	</control>
	<control type="image" id="5104"><!-- clearlogo e clearart -->
	<include>InvisibleButton</include>
	<texture background="true">$VAR[value_logoandclearart]</texture>
	<visible>Window.IsActive(25) + !Skin.HasSetting(noartrightlistvideo)</visible>
	</control>
	</control>

	<control type="group"><!-- Default Group - Miniaturas -->
	<left>30</left>
	<top>200</top>
	<visible>Control.IsVisible(51)</visible>
	<animation effect="slide" time="1000" start="-400,0" end="0,0" tween="cubic" easing="out">WindowOpen</animation>
	<animation effect="slide" time="1000" start="-400,0" end="0,0" tween="cubic" easing="out">Visible</animation>
	<animation effect="fade" time="400" start="100" end="0">Hidden</animation>

	<control type="group"><!-- CDART VIDEO -->
	<animation type="WindowOpen">
	<effect type="slide" start="-100,0" end="0,0" time="500" delay="500" tween="cubic" easing="out"/>
	<effect type="fade" start="0" end="100" time="500" delay="500"/>
	</animation>
	<animation type="Visible">
	<effect type="slide" start="-100,0" end="0,0" time="500" delay="500" tween="cubic" easing="out"/>
	<effect type="fade" start="0" end="100" time="500" delay="500"/>
	</animation>
	<animation effect="fade" start="100" end="0" time="200">WindowClose</animation>
	<animation type="Hidden">
	<effect type="slide" start="0,0" end="-100,0" time="300" tween="cubic" easing="out"/>
	<effect type="fade" start="100" end="0" time="200"/>
	</animation>
	<animation effect="slide" time="200" start="0,0" end="0,-20" tween="cubic" easing="out" condition="!Skin.HasSetting(norightlistvideocase)">Conditional</animation>
	<visible>![IsEmpty(ListItem.Art(discart)) | Skin.HasSetting(norightlistdiscart) | SubString(ListItem.Path,videodb://movies/sets,left)] + Window.IsActive(25) + Control.IsVisible(9923)</visible>
	<control type="image">
	<left>112</left>
	<top>70</top>
	<width>250</width>
	<height>250</height>
	<texture diffuse="cdart_diffuse.png" background="true">$INFO[ListItem.Art(discart)]</texture>
	<fadetime>FanartCrossFadeTime</fadetime>
	<aspectratio align="center" aligny="center">keep</aspectratio>
	<animation effect="rotate" start="0" end="-360" center="auto" time="40000" delay="5000" loop="true" reversible="false" condition="!Player.HasVideo">Conditional</animation>
	<include>Animation_ViewsCDart</include>
	</control>
	</control>
	
	<control type="grouplist"><!-- CDART SETS -->
	<left>260</left>
	<top>210</top>
	<orientation>horizontal</orientation>
	<itemgap>-97</itemgap>
	<animation type="WindowOpen">
	<effect type="slide" start="-100,0" end="0,0" time="500" delay="500" tween="cubic" easing="out"/>
	<effect type="fade" start="0" end="100" time="500" delay="500"/>
	</animation>
	<animation type="Visible">
	<effect type="slide" start="-100,0" end="0,0" time="500" delay="500" tween="cubic" easing="out"/>
	<effect type="fade" start="0" end="100" time="500" delay="500"/>
	</animation>
	<animation effect="fade" start="100" end="0" time="200">WindowClose</animation>
	<animation type="Hidden">
	<effect type="slide" start="0,0" end="-100,0" time="300" tween="cubic" easing="out"/>
	<effect type="fade" start="100" end="0" time="200"/>
	</animation>
	<animation effect="slide" end="0,-135" time="500" tween="sine" easing="out" condition="![IsEmpty(Control.GetLabel(5103)) | IsEmpty(Control.GetLabel(5104))] + SubString(ListItem.Path,videodb://movies/sets,left)">Conditional</animation>
	<visible>![IsEmpty(Window(0).Property(Set.Movie.1.Art(discart))) | Skin.HasSetting(norightlistdiscart)] + Window.IsActive(25) + SubString(ListItem.Path,videodb://movies/sets,left) + Control.IsVisible(9923)</visible>
	<control type="image">
	<include>RightListDisc</include>
	<texture diffuse="cdart_diffuse.png" background="true">$INFO[Window(0).Property(Set.Movie.1.Art(discart))]</texture>
	<visible>!IsEmpty(Window(0).Property(Set.Movie.1.Art(discart)))</visible>
	</control>
	<control type="image">
	<include>RightListDisc</include>
	<texture diffuse="cdart_diffuse.png" background="true">$INFO[Window(0).Property(Set.Movie.2.Art(discart))]</texture>
	<visible>!IsEmpty(Window(0).Property(Set.Movie.2.Art(discart)))</visible>
	</control>
	<control type="image">
	<include>RightListDisc</include>
	<texture diffuse="cdart_diffuse.png" background="true">$INFO[Window(0).Property(Set.Movie.3.Art(discart))]</texture>
	<visible>!IsEmpty(Window(0).Property(Set.Movie.3.Art(discart)))</visible>
	</control>
	<control type="image">
	<include>RightListDisc</include>
	<texture diffuse="cdart_diffuse.png" background="true">$INFO[Window(0).Property(Set.Movie.4.Art(discart))]</texture>
	<visible>!IsEmpty(Window(0).Property(Set.Movie.4.Art(discart)))</visible>
	</control>
	<control type="image">
	<include>RightListDisc</include>
	<texture diffuse="cdart_diffuse.png" background="true">$INFO[Window(0).Property(Set.Movie.5.Art(discart))]</texture>
	<visible>!IsEmpty(Window(0).Property(Set.Movie.5.Art(discart)))</visible>
	</control>
	<control type="image">
	<include>RightListDisc</include>
	<texture diffuse="cdart_diffuse.png" background="true">$INFO[Window(0).Property(Set.Movie.6.Art(discart))]</texture>
	<visible>!IsEmpty(Window(0).Property(Set.Movie.6.Art(discart)))</visible>
	</control>
	<control type="image">
	<include>RightListDisc</include>
	<texture diffuse="cdart_diffuse.png" background="true">$INFO[Window(0).Property(Set.Movie.7.Art(discart))]</texture>
	<visible>!IsEmpty(Window(0).Property(Set.Movie.7.Art(discart)))</visible>
	</control>
	<control type="image">
	<include>RightListDisc</include>
	<texture diffuse="cdart_diffuse.png" background="true">$INFO[Window(0).Property(Set.Movie.8.Art(discart))]</texture>
	<visible>!IsEmpty(Window(0).Property(Set.Movie.8.Art(discart)))</visible>
	</control>
	<control type="image">
	<include>RightListDisc</include>
	<texture diffuse="cdart_diffuse.png" background="true">$INFO[Window(0).Property(Set.Movie.9.Art(discart))]</texture>
	<visible>!IsEmpty(Window(0).Property(Set.Movie.9.Art(discart)))</visible>
	</control>
	<control type="image">
	<include>RightListDisc</include>
	<texture diffuse="cdart_diffuse.png" background="true">$INFO[Window(0).Property(Set.Movie.10.Art(discart))]</texture>
	<visible>!IsEmpty(Window(0).Property(Set.Movie.10.Art(discart)))</visible>
	</control>
	</control>

	<control type="group"><!-- VIDEO SEM ESTOJO -->
	<include>Animation_Fade</include>
	<visible>![!Skin.HasSetting(norightlistvideocase) + [Container.Content(movies) | Container.Content(musicvideos) | Container.Content(sets)] | Window.IsActive(500) | Window.IsActive(501) | Window.IsActive(502)]</visible>
	<control type="image"><!-- Filmes/Fotos/Arquivos reflexo -->
	<left>-5</left>
	<top>419</top>
	<width>245</width>
	<height>350</height>
	<fadetime>FanartCrossFadeTime</fadetime>
	<aspectratio align="center" aligny="top">keep</aspectratio>
	<texture flipy="true" diffuse="thumb_reflect.png" background="true">$VAR[value_poster]</texture>
	<bordertexture flipy="true" diffuse="thumb_reflect.png" border="-2">black.png</bordertexture>
	</control>
	<control type="image"><!-- Filmes/Fotos/Arquivos -->
	<left>-5</left>
	<top>65</top>
	<width>245</width>
	<height>350</height>
	<fadetime>FanartCrossFadeTime</fadetime>
	<aspectratio align="center" aligny="bottom">keep</aspectratio>
	<texture fallback="DefaultVideoPoster.png" background="true">$VAR[value_poster]</texture>
	<bordertexture border="-2">black.png</bordertexture>
	</control>
	</control>

	<control type="group"><!-- FILMES ESTOJO -->
	<include>Animation_Fade</include>
	<visible>!Skin.HasSetting(norightlistvideocase) + [Container.Content(movies) | Container.Content(musicvideos) | Container.Content(sets)]</visible>
	<control type="image"><!-- Poster reflexo -->
	<left>-5</left>
	<top>436</top>
	<width>245</width>
	<height>350</height>
	<fadetime>FanartCrossFadeTime</fadetime>
	<texture flipy="true" diffuse="thumb_reflect.png" background="true">$VAR[value_poster]</texture>
	<aspectratio>stretch</aspectratio>
	</control>
	<control type="image"><!-- Estojo reflexo -->
	<left>-26</left>
	<top>400</top>
	<width>304</width>
	<height>435</height>
	<fadetime>FanartCrossFadeTime</fadetime>
	<texture flipy="true" diffuse="thumb_box_reflect.png">$VAR[value_videocase0]</texture>
	<aspectratio>stretch</aspectratio>
	<include>Animation_CaseGlass</include>
	</control>
	<control type="image"><!-- Poster -->
	<left>-4.5</left>
	<top>65</top>
	<width>245</width>
	<height>348</height>
	<fadetime>FanartCrossFadeTime</fadetime>
	<texture fallback="DefaultVideoPoster.png" background="true">$VAR[value_poster]</texture>
	<aspectratio align="center" aligny="top">stretch</aspectratio>
	</control>
	<control type="image"><!-- Estojo -->
	<left>-26</left>
	<top>8</top>
	<width>304</width>
	<height>440</height>
	<fadetime>FanartCrossFadeTime</fadetime>
	<texture>$VAR[value_videocase0]</texture>
	<include>Animation_CaseGlass</include>
	</control>
	<control type="image"><!-- Codec -->
	<left>88</left>
	<top>12</top>
	<width>70</width>
	<height>70</height>
	<fadetime>FanartCrossFadeTime</fadetime>
	<align>center</align>
	<aligny>center</aligny>
	<aspectratio>keep</aspectratio>
	<texture>$VAR[value_videocodec0]</texture>
	</control>
	</control>

	<control type="group"><!-- MUSICA -->
	<include>Animation_Fade</include>
	<visible>[Window.IsActive(500) | Window.IsActive(501) | Window.IsActive(502)] + [Skin.HasSetting(norightlistaudiocase) | Container.Content(genres)]</visible>
	<control type="image"><!-- Musica reflexo -->
	<left>-5</left>
	<top>420</top>
	<width>245</width>
	<height>350</height>
	<fadetime>FanartCrossFadeTime</fadetime>
	<aspectratio align="center" aligny="top">keep</aspectratio>
	<texture flipy="true" diffuse="thumb_reflect.png" background="true">$VAR[value_poster]</texture>
	<bordertexture flipy="true" diffuse="thumb_reflect.png" border="-2">black.png</bordertexture>
	</control>
	<control type="image"><!-- Musica -->
	<left>-5</left>
	<top>65</top>
	<width>245</width>
	<height>350</height>
	<fadetime>FanartCrossFadeTime</fadetime>
	<aspectratio align="center" aligny="bottom">keep</aspectratio>
	<texture fallback="DefaultAudioCover.png" background="true">$VAR[value_poster]</texture>
	<bordertexture border="-2">black.png</bordertexture>
	</control>
	</control>

	<control type="group"><!-- MUSICA ESTOJO -->
	<include>Animation_Fade</include>
	<visible>[Window.IsActive(500) | Window.IsActive(501) | Window.IsActive(502)] + ![Skin.HasSetting(norightlistaudiocase) | Container.Content(genres)]</visible>
	<control type="image"><!-- Musica/Estojo reflexo-->
	<left>18</left>
	<top>420</top>
	<width>230</width>
	<height>230</height>
	<fadetime>FanartCrossFadeTime</fadetime>
	<aspectratio scalediffuse="false">stretch</aspectratio>
	<texture flipy="true" diffuse="thumb_box_diffuse_reflect.png" background="true">$VAR[value_poster]</texture>
	</control>
	<control type="image"><!-- Estojo reflexo -->
	<left>-20</left>
	<top>418</top>
	<width>278</width>
	<height>243</height>
	<texture flipy="true" diffuse="thumb_box_reflect.png">thumb_box_cd.png</texture>
	</control>
	<control type="image"><!-- Musica -->
	<left>18</left>
	<top>194</top>
	<width>230</width>
	<height>230</height>
	<fadetime>FanartCrossFadeTime</fadetime>
	<aspectratio scalediffuse="false">stretch</aspectratio>
	<texture diffuse="thumb_box_diffuse.png" fallback="DefaultAudioCover.png" background="true">$VAR[value_poster]</texture>
	</control>
	<control type="image"><!-- Estojo -->
	<left>-20</left>
	<top>190</top>
	<width>278</width>
	<height>243</height>
	<texture>thumb_box_cd.png</texture>
	<colordiffuse>DEFFFFFF</colordiffuse>
	</control>
	</control>
	</control>
	<control type="scrollbar" id="80">
	<include>ScrollBar_Vertical</include>
	<left>1250</left>
	<top>20</top>
	<height>500</height>
	<onleft>51</onleft>
	<onright condition="!IsEmpty(Control.GetLabel(5101))">9915</onright>
	<onright condition="IsEmpty(Control.GetLabel(5101))">9920</onright>
	<include>Animation_Fade</include>
	<visible allowhiddenfocus="true">Control.IsVisible(51) + Control.HasFocus(80)</visible>
	</control>
	</control>
	</include>
</includes>