<?xml version="1.0" encoding="UTF-8"?>
<window><!-- Aeon MQ 6 -->
	<defaultcontrol>5</defaultcontrol>
	<coordinates>
	<system>1</system>
	<left>0</left>
	<top>0</top>
	</coordinates>
	<controls>
	<control type="group">
	<include>Animation_DialogPopup</include>
	<control type="image">
	<left>110</left>
	<top>0</top>
	<width>30</width>
	<height>720</height>
	<texture flipx="true">shadow.png</texture>
	<colordiffuse>C3FFFFFF</colordiffuse>
	</control>
	<control type="image">
	<left>1140</left>
	<top>0</top>
	<width>30</width>
	<height>720</height>
	<texture>shadow.png</texture>
	<colordiffuse>C3FFFFFF</colordiffuse>
	</control>
	<control type="image">
	<left>140</left>
	<top>0</top>
	<width>1000</width>
	<height>720</height>
	<texture>black.png</texture>
	<colordiffuse>C3FFFFFF</colordiffuse>
	</control>
	<control type="image">
	<left>140</left>
	<top>0</top>
	<width>1000</width>
	<height>80</height>
	<texture>black.png</texture>
	<colordiffuse>90FFFFFF</colordiffuse>
	</control>
	<control type="label" id="2"><!-- Header Label -->
	<left>215</left>
	<top>23</top>
	<width>852</width>
	<height>30</height>
	<label>-</label>
	<font>Font_32</font>
	<textcolor>FFFFFAF0</textcolor>
	<align>center</align>
	<aligny>center</aligny>
	<include>Animation_Fade</include>
	</control>
	<control type="label" id="4"><!-- No Presets Label -->
	<left>215</left>
	<top>180</top>
	<width>852</width>
	<height>30</height>
	<label>13390</label>
	<font>Font_23</font>
	<textcolor>FFFFFAF0</textcolor>
	<align>center</align>
	<aligny>center</aligny>
	<include>Animation_Fade</include>
	</control>
	<control type="scrollbar" id="80">
	<include>ScrollBar_Vertical</include>
	<left>150</left>
	<top>100</top>
	<height>600</height>
	<onleft>Dialog.Close(122)</onleft>
	<onright>2</onright>
	<ondown>80</ondown>
	<onup>80</onup>
	</control>
	<control type="list" id="5">
	<left>140</left>
	<top>100</top>
	<width>1000</width>
	<height>545</height>
	<itemgap>0</itemgap>
	<onleft>80</onleft>
	<onright>Dialog.Close(122)</onright>
	<onup>2</onup>
	<ondown>2</ondown>
	<pagecontrol>80</pagecontrol>
	<scrolltime>450</scrolltime>
	<itemlayout height="30">
	<control type="label">
	<left>50</left>
	<top>0</top>
	<width>900</width>
	<height>30</height>
	<aligny>center</aligny>
	<font>Font_18</font>
	<textcolor>FFFFFAF0</textcolor>
	<selectedcolor>$VAR[value_headercolor]</selectedcolor>
	<info>ListItem.Label</info>
	</control>
	</itemlayout>
	<focusedlayout height="30">
	<control type="image">
	<left>0</left>
	<top>0</top>
	<width>1000</width>
	<height>30</height>
	<texture>settings_button_focus.png</texture>
	<animation effect="fade" start="100" end="50" time="0" condition="!Control.Hasfocus(2)">conditional</animation>
	</control>
	<control type="label">
	<left>50</left>
	<top>0</top>
	<width>900</width>
	<height>30</height>
	<aligny>center</aligny>
	<font>Font_18</font>
	<textcolor>FF101010</textcolor>
	<selectedcolor>$VAR[value_headercolor]</selectedcolor>
	<info>ListItem.Label</info>
	<animation effect="fade" start="100" end="50" time="0" condition="!Control.Hasfocus(2)">conditional</animation>
	</control>
	</focusedlayout>
	</control>
	<control type="label">
	<left>1100</left>
	<top>660</top>
	<width>721</width>
	<height>40</height>
	<align>right</align>
	<aligny>center</aligny>
	<font>Font_18A</font>
	<textcolor>FFFFFAF0</textcolor>
	<label>([COLOR=$VAR[value_headercolor]]$INFO[Container(2).NumItems][/COLOR]) $LOCALIZE[31210] - $LOCALIZE[31757] ([COLOR=$VAR[value_headercolor]]$INFO[Container(2).CurrentPage]/$INFO[Container(2).NumPages][/COLOR])</label>
	</control>
	</control>
	</controls>
</window>