﻿<?xml version="1.0" encoding="UTF-8" standalone="yes"?>
<addon id="resource.images.skinicons.gamestyle.he" name="Skin Icons - Game Style Design (Hebrew)" version="1.0.0" provider-name="Orna Post, Benny Buchnik">
	<extension point="kodi.resource.images" compile="false" type="skinicons" />
	<requires>
		<import addon="kodi.resource" version="1.0.0"/>
	</requires>
	<extension point="xbmc.addon.metadata">
		<summary lang="en">Skin Icons Pack - Game Style</summary>
		<description lang="en">Skin Icons Pack - Game Style</description>
		<summary lang="he">חבילת אייקונים - גיימרס</summary>
		<description lang="he">חבילת אייקונים - גיימרס</description>
		<platform>all</platform>
	</extension>
</addon>
