<?xml version="1.0" encoding="UTF-8" standalone="yes"?>
<addon id="plugin.video.mdhdbox" name="HD Box" version="2.0.0" provider-name="Mucky Duck">
  <requires>
    <import addon="xbmc.python" version="2.1.0"/>
	<import addon="script.module.metahandler" version="2.5.1"/>
	<import addon="script.module.muckys.common"/>
	<import addon="repository.mdrepo" />
  </requires>
  <extension point="xbmc.python.pluginsource" library="default.py">
        <provides>video</provides>
  </extension>
  <extension point="xbmc.addon.metadata">
    <summary lang="en">This Addon Will Not Work Unless You Have http://muckys.mediaportal4kodi.ml In File Manager.</summary>
    <description lang="en">This Addon Will Not Work Unless You Have http://muckys.mediaportal4kodi.ml In File Manager.Stream Content From The xmovies8.org WebSite</description>
	<disclaimer lang="en">The author does not host or distribute any of the content displayed by this addon or have any affiliation with the website owners</disclaimer>
    <platform>all</platform>
  </extension>
</addon>
